,AAPL,JPM,XOM,SPY,EURUSD=X,GC=F,BTC-USD
2005-01-04,-0.007191394607023194,0.007046911085224775,-0.009253241816314777,0.009193798984968714,-0.0008226243787836794,0.01167151868541708,0.006812821369503286
2005-01-05,-0.012404743692904743,0.001431688526796582,0.002989054685647612,0.009664964436155015,-0.0030087743322403876,0.002070547300846945,0.014615673230896742
2005-01-06,-0.004775265436164066,-0.007225852604199738,-0.017746851661972776,0.0019116943016024386,0.01128389965673713,0.00456788562301111,-0.0018435899242623018
2005-01-07,0.0020908071082387995,-0.0015260987036267843,0.026321283633840384,0.003317947772568957,-0.005672165080354489,-0.006858569934706742,0.011338935753226089
2005-01-10,0.009478206738344276,0.003825500458726001,-0.019005142800671667,0.003968084906451976,-0.0011479810657367272,-0.0012166887678803293,-0.003715448376952158
2005-01-11,0.005201555905894217,0.0026727499206362247,-0.005494725666957387,0.003118855596674252,0.00413520935163891,-0.019247498487398953,0.0016510386682258317
2005-01-12,-0.0054852317283558,0.002179792175008222,0.023456141720861263,-0.015205478885097773,0.004127518708148069,0.00015570606838446782,-0.00029406423632319655
2005-01-13,-0.005580139409841187,-0.0006452112020677997,-0.011960153472804403,-0.004373011970015356,-0.0043324937866876774,0.005623328367467227,-0.0004529915973341059
2005-01-14,0.003050262616056024,-0.002782141040806453,-0.02611649573876751,-0.0059961554013171735,-0.0027800544792793403,0.002123437891325078,-0.00645370135761418
2005-01-17,-0.003317424150317477,0.00162097970422259,-0.0013162931316700389,-0.00393357452253799,-0.003934227832757216,0.002858234005136752,-0.0026041227214098637
2005-01-18,0.011751751192783844,0.0017049710764701284,-0.006465265257982342,-0.007660920190582756,0.004762112184204547,0.004907509717303254,0.007653507049457063
2005-01-19,0.006269722711603109,-0.005290378714894586,-0.015290919647417854,0.002260470764781454,0.005585668971341358,-0.017357989571714805,0.01096559416006755
2005-01-20,-0.0009170070143404618,0.005951594920165222,-0.005893595458256499,-0.000995610894021192,0.0031696839972665514,-0.018635065017278404,0.004432207371139347
2005-01-21,0.007031220278513166,-0.010531014292411083,0.007037295356090147,-0.003534772853425028,-0.00020129362739664303,0.013334733987523455,0.0038643429383090296
2005-01-24,-0.0060067535912358815,0.004617462367250726,-0.01043815595658604,0.002982347258680748,-0.006027281419449192,0.013845026649855496,-0.005837722194661189
2005-01-25,-0.00582921370895763,-0.005709145915470438,0.0012485258981714592,0.006862932549410943,-0.0034301743915098578,-0.009449413082303524,-0.00464828415254985
2005-01-26,0.005595441092932498,-0.004839595372203496,-0.01538496226829262,-0.001988922692013389,-0.004724508462880269,0.0174576584471698,0.006743313772571629
2005-01-27,-0.003007612124119561,-0.008825240876119892,-0.007555771183965466,0.002915950443218949,0.0028978754171937425,0.0050401910029220535,0.003068827951782588
2005-01-28,-0.0020565560442839326,-0.005367221760771053,-0.010868925132745925,-0.005548773172157582,0.0018933594366812852,0.0036899546770598327,0.005758914325157887
2005-01-31,0.005968915298103313,-0.006876094983086432,0.008104335514849039,0.0030362554154157854,0.004917930408483498,0.035712594634774365,0.0016221764315301492
2005-02-01,-0.010515101169066865,0.003663521320322375,0.0031778776258022394,-0.0047299495377241315,-0.00075336575795154,-0.01344360420024418,-0.013566519079489608
2005-02-02,0.006900060556242485,-0.009720091877405844,0.02074268627268178,-0.008976899993220036,0.002762235439155946,-0.0020264951265778265,0.0024555920746705097
2005-02-03,0.004064967352534656,-0.0013599733787952042,0.005069909655173061,-0.0055240755341926665,0.00040182668991408076,0.010572391039758766,0.011826342714357539
2005-02-04,0.0004277257915311059,-0.006353193001612706,0.005713283768992443,-0.009046195703589905,0.000972697393843019,-0.01229381347846997,-0.005723851702090848
2005-02-07,-0.0033484520850466516,0.004021490119929271,0.005911483653417021,-0.003345886530782407,-0.005731368862071521,0.0004187204722637879,0.004123755000040317
2005-02-08,-0.00520480889096836,-0.0011586825628820616,0.00622548270002817,0.019091010594577133,-0.004988297900120459,-0.02241656051377555,-0.005703092495388749
2005-02-09,0.008494135832108986,0.008779799996604495,0.004203324280102765,-0.017270473700660812,-0.0011533300233992538,0.0146125988419001,0.010157887043430158
2005-02-10,-0.0007483184537953845,-0.004499910322766375,0.006659973164589818,-0.017035632612208806,0.001536734304748383,-0.012275972416068415,-0.004797757993636779
2005-02-11,-0.003176719757131129,0.008803213004762597,0.0026830319915457177,-0.013270778241342797,0.0031810960585970803,0.003361691310375888,-0.0035119779376984236
2005-02-14,0.0012078212195473957,0.006730882366967125,0.004495446214731302,-0.01252596189524274,-0.0007686718036828732,-0.026604726780267773,-0.003910524742092685
2005-02-15,-0.0056332421665254056,-0.0006191769971771749,0.012957593108991267,-0.0033628812014311373,-0.0017602633196256272,0.0036379553805332998,0.016193894742523907
2005-02-16,-0.0008565950654936651,-0.006752820323840614,-0.016431593285473025,0.004615062462895536,-0.004104709883676227,-0.010424860179863816,-0.014461095362831284
2005-02-17,-0.007299539605978242,-0.0022390371596924504,-0.006669476017900178,-0.005564984193738541,-0.0004503703109149512,-0.004389604896052205,-0.00807773287484005
2005-02-18,-0.009953684065876347,-0.008044382956914167,0.005569394137668733,0.028092706841047085,-0.002601939037484618,0.003335996658951662,0.010411240125974539
2005-02-21,0.0008794501632245357,-0.011462024932879697,0.00566110095995671,0.0011257326268534174,0.0028783003118437794,0.0017650638998220908,0.008130184811317802
2005-02-22,0.004874935862826282,-0.009405310402242607,-0.0162076881322424,0.006249920717291128,0.007970253500112708,0.0038748805346689166,0.007737459543679181
2005-02-23,0.0033037039807704617,-0.0007553860416491533,0.001140919496405519,-0.0031523013981572118,-0.002685377754127121,6.002811629113722e-06,-0.004415269132079102
2005-02-24,0.003475191958110576,-0.00906371362676779,0.013753660666775677,-0.006765012592261966,9.59539801729186e-05,-0.0009542362229081242,0.017330354968602347
2005-02-25,-0.007062197267710986,-0.0005724132290474232,-0.0019569347069845395,0.0030191977881015887,-0.010431943134443046,-0.01346276358514222,0.00033752470739853175
2005-02-28,-0.006558606898412486,-0.005799019628513469,0.0006432814055942387,-0.0261911295790398,-0.004295016609978244,0.006673418078557746,-0.01150198542999986
2005-03-01,-0.007188976170818209,-0.0008570070347796811,0.007004218773092332,-0.013332339612376454,-0.0054670905679615085,0.002933052750815752,0.007503775719274397
2005-03-02,0.001666055300457931,-0.0036710673290258323,-0.010309698101460436,-0.009762362033082034,-0.0010947437108894782,0.010312612792621861,-0.013020146387928451
2005-03-03,0.004126020980221377,-0.013053825887223675,-0.0012337350653074065,0.00668192459369096,-0.005864870206991642,-0.004375907386347062,-0.02480494003884457
2005-03-04,-0.008636168013550678,0.0029388176311604263,0.005983245421529119,-0.013687383040320295,0.00864955564731583,-0.013290262875872512,0.024664141578939307
2005-03-07,0.002345912289864013,0.010902165329328573,0.00010574334037905119,-0.017447284838942503,-0.00027211083941476154,0.005947737550512145,0.002685363215429809
2005-03-08,0.0021196881964790073,-0.014938201888465969,-0.004409478322887938,0.0034715822040309982,0.0043813650928664636,0.0010589153927611972,0.010100982520442255
2005-03-09,-0.0004381285509209377,0.00596142609451359,0.0009757041180692338,-0.015323157272608665,0.0008398543396940257,-0.010435938419695088,-0.012260628131781618
2005-03-10,-0.0011267583771319269,0.005618262039701202,-0.0023921951568172803,0.005280016679010131,-0.00587355523019986,-0.006637353180915182,-0.005417383125906583
2005-03-11,-0.0021985478591943926,-0.004806597178401368,0.0030275377573481276,0.010412166418301758,0.0028667813201793376,0.005464946386670167,0.01308517504501156
2005-03-14,0.00173003668668135,0.0011424736269384467,-0.007057634947127368,-0.017469130965309054,0.0030135195366991444,-0.0001472486803856836,-0.03039879669729482
2005-03-15,-0.009434941485620666,-0.011317433168881294,-0.017363551818817827,0.0073649932834198555,0.0010753164138002488,0.009314364249410921,-0.0028479755981631848
2005-03-16,-0.00264266961400412,-0.0009673784307660129,0.01314152153589441,-0.0022730416132033704,0.002732523919912539,0.00623594941854568,-0.013995166210782495
2005-03-17,2.065730141434645e-05,-0.0007092149261280021,-0.006661010929366135,-0.014546288620322484,-0.002883411136721653,0.01891743610220227,-0.010916903178614492
2005-03-18,0.006629813132731094,0.0019921253750226587,-0.00639761486377021,0.001880852960890159,-0.0031269714445097485,-0.00012339877663337503,-0.01315756649083872
2005-03-21,0.00044999870935310535,-0.003759244253179872,-0.013273273781488897,-0.007675642909077785,0.007866405697376998,-0.0006990055554742563,-0.0033887383043662627
2005-03-22,0.0033159378281438215,-0.012926869349671622,-0.00883071060272925,-0.01419352595509342,-0.012298527357315502,0.008099043694899697,0.001061688663687109
2005-03-23,0.009587687347464029,0.004228566735004098,-0.043606589207222025,-0.008947002376635708,0.0026782162425069696,-0.0026581754185572965,-0.005753059592336839
2005-03-24,-0.0011145660402024997,0.001474683143376359,0.024106020493501586,-0.0004142959029157167,0.0046973336061659435,-0.002467506259325358,-0.005137585504679817
2005-03-25,-0.0008216296007123535,0.007078656010833256,-0.02333983679021043,0.006478668727180051,0.0019114942276851742,-0.014387436259904757,0.02223371359679859
2005-03-28,-0.0013200747287073558,0.0037893130221373695,0.0020290751270221788,-0.008088315316634011,-0.010169839908805938,0.005589953451078627,0.010616581438806104
2005-03-29,-0.0013926991216193475,-0.008075628900706434,-0.008160720636899575,-0.0002625530235454534,-0.009840839378245678,0.0020097774585323457,0.01587845487953218
2005-03-30,-0.0005965114789888477,0.002842526529211506,0.020799330861777238,0.006773478963575419,0.003190252728423191,0.00949221911245442,0.0031926755315883496
2005-03-31,-0.002717606661393597,0.0025747075282786564,-0.005351770634628183,-0.000272089946464305,0.00197032032326844,0.004948894493347435,-0.011831507456687162
2005-04-01,-0.00325616525731741,0.0021956191356081556,0.01933693577381578,0.01038872001500467,-0.017962405842819648,0.00057696604041451,0.0034700458738407135
2005-04-04,0.0029050017950503805,-0.0076210196591804434,0.014909976760868172,0.003337075160369529,-0.008322982698873072,-0.004714046148699878,-0.0003124906437098171
2005-04-05,0.014403711937334581,0.00179985817768898,-0.009342932874701278,-0.010895563823947046,-0.008736758240566146,-0.007631204281443339,-0.011995042157204544
2005-04-06,-0.007255276283662484,0.0010621718980764435,0.02026998419531788,-0.0011407233451680703,-0.0037690778846074468,-0.001152210970703319,-0.0005025201397987376
2005-04-07,0.0006856579871801326,0.0004705004659688572,0.007250273426564257,0.00717880263737121,0.0021424110758826833,-0.0012535457201030308,0.008370056227426514
2005-04-08,0.003386792475014267,-0.00870035822052891,0.002033503492859672,-0.0024688937461050087,0.005208665674429822,-0.0028644302885778277,0.00010849935526667648
2005-04-11,0.00022288914520546943,-0.0008008449694099327,0.000422803798794908,-0.00574813240257902,-0.0017193498874440508,0.002894890244393321,0.002976170345977605
2005-04-12,0.01540461012546509,-0.00234765738133365,-0.00668587496598409,-0.01206103594141014,-0.004391473171036515,-0.005744338606743395,-0.012003310347548505
2005-04-13,-0.002721098541982715,-0.0009164142605317826,-0.01898871376979827,-0.007727827301222246,-0.004192647890860844,0.002886912321573141,0.002190777408233496
2005-04-14,0.005903419433083763,0.0033224740267616616,-0.00952624192170154,-0.0031103460874620853,-0.006972053644832753,-0.010255732540231911,0.004284468902741622
2005-04-15,-0.0031093809043669903,-0.0009830530479293573,0.0024122625955822633,0.00996684533851584,0.00013565309730538444,0.0022577264932746237,-0.0016951325702700825
2005-04-18,-0.005362634096688906,0.004917245915194762,-0.011303826260260027,-0.011487479085061973,-0.0025656577236121726,0.002137912473056582,-0.002894300004705933
2005-04-19,-0.00913666269146942,-0.002206976751463,0.001566158794374671,0.004270162340310072,-0.03263841514889153,-0.015805702795222334,-0.0013700202789613427
2005-04-20,-0.0036070030388959495,-0.0062312224672514075,0.0004629246770485426,0.008114332731404014,0.009240557291405898,0.0013489249116673074,-0.002206913056011305
2005-04-21,0.005593381153539981,0.010197874245233333,0.005318809352171809,0.004649644016658357,-0.0029665081857474522,-0.004948850008596471,0.00034437710970356024
2005-04-22,0.0014459701223153284,0.009729529857604193,-0.007784225419829553,-0.0009851967829775658,-0.009924521494445794,-0.0019226519031754442,-0.012861873781439237
2005-04-25,-0.0021753751449286696,-0.008326414236730653,-4.369310766796853e-05,0.005948310515595599,0.005581795869225001,-0.005884898699465078,0.0029225359304484713
2005-04-26,0.00011617010076461714,-0.015264947768501161,0.002479857602501908,-0.0025081061778653066,-0.018804082560034605,0.0056808303961301924,-0.0023928496084063477
2005-04-27,0.0034160029606971286,-0.019431163694671988,-0.0013060886735586472,-0.011639114354873758,0.0032842304166499294,-0.006909696797416423,-0.009728748634775497
2005-04-28,0.0012654396531708793,0.0043999911272943415,0.0016936498535116706,-0.00043832417753003324,-0.006975381411116509,-0.00257263181347956,0.0081163181406822
2005-04-29,-0.003480057090985851,0.013411708155548778,-0.0005816705747081006,0.004305248102445711,0.00016886364678199897,0.009038405506596556,-0.030704412791098364
2005-05-02,-0.0013510194417136426,-0.007642522366650962,-0.008165832718380393,0.011688965696843742,-0.012428908317496665,-0.00997892321256522,-0.0010066536112532838
2005-05-03,-0.00268008318020829,0.0033239977082554673,-0.011430543330435586,0.006362412115527694,-0.0013224743356003033,-0.006136359111883049,-0.0025039959524422485
2005-05-04,-0.00177132649515691,0.004094258413207549,-0.00046480258417602065,-0.005453870809951443,0.01389345384289181,0.0012097727380471568,-0.015641983519873143
2005-05-05,-0.005093871395428281,0.018161987503853096,0.007149841686394372,0.006575034109547766,0.009995420451099588,-0.0035073333339204,-0.010095524649653315
2005-05-06,0.00016602436831640474,-0.0068294467048878905,0.002428039927581228,-0.0054297398247724815,-0.004201056819932045,0.0009579909790787958,0.012522155095568241
2005-05-09,-0.0038389034231061606,0.009152532742211518,-0.007240039690017038,-0.004140020020036717,0.0029040913796487345,-0.012604393202048403,-0.001215809692162364
2005-05-10,-0.0015494546254002943,-0.002878044842058892,0.012102669060525744,-0.013987390882281353,0.018123371870538155,0.0052062727172810675,-0.008093097701180113
2005-05-11,-0.01250874108501771,-0.0048305682641177254,-0.0028571997816591956,0.0028529751015396987,-0.0005269965195822173,0.012511698157688919,0.013575825863109755
2005-05-12,-0.006307215371581505,-0.0009498893131894785,-0.0004220098238222199,-0.0016856843751300006,-0.006716744971073275,0.008679446348184993,-0.0011969614444185196
2005-05-13,-0.009893520043448146,-0.01299621322320994,-0.01030775185805582,0.005243265815049097,0.0023224302300734793,0.0017602690695862062,-0.010203092875824958
2005-05-16,0.006171519966088848,0.004566606387299921,-0.004459837876255253,-0.009038236089066797,0.00034938597758827646,0.006795592197081826,0.001736735235802993
2005-05-17,-0.001273074957891802,-0.0016085238225329338,-0.0012786013384636398,-0.00040662587686671485,0.0026001980577578907,-0.002862346351483818,-0.004569816811427334
2005-05-18,0.0036624411060933626,0.0029293692756108564,-0.004646033912447179,-0.0017328350711284168,-0.007678924671503194,-0.00407563385786968,-0.004065038974940405
2005-05-19,0.0032663896515679456,0.004897454888128664,0.008418745581185012,-0.004496646586752652,-0.0017141935836989628,0.0102448051754092,0.027458497148598028
2005-05-20,-0.002954661387857298,0.007208839636113999,-0.0005173508284137937,0.012463160851790852,-0.004236002824792517,-0.002263235969532091,-0.0044651736036147634
2005-05-23,-0.0012667835441098052,-0.008561801799538233,0.00030983462681541217,-0.0042363055254650535,-0.014448224554253222,-0.0031575721905089758,0.01082420655004582
2005-05-24,-0.003948541628306147,0.003042982369147678,-0.010429157491181376,-0.011653320914006329,0.0013555694779583789,0.01120940053517381,0.013154468655112057
2005-05-25,-0.004030852635331475,-0.00016107350387432306,-0.0013660305428738247,-0.0051847592866378234,-0.01372671053985377,0.0013349673246604455,0.0018014309531401754
2005-05-26,0.0032822096489618603,0.004944607528226787,0.008048090731449607,-0.008201848082875631,-0.002984955313268181,0.00372121358010087,0.007006263000987906
2005-05-27,-0.004621080140849843,0.006542693373299733,-0.005660843423656094,0.014290075255803215,0.021223210016580903,-0.004724547824034511,0.01537921770712814
2005-05-30,-0.00022819414520460694,0.0035329760068050393,-0.0008724053825382824,-0.0005708979219588114,-0.005629165352315732,-0.003250807266651421,0.0023868070047106758
2005-05-31,0.0006115175599939279,-0.003152107179320701,-0.002620060536530791,0.0034471974177297904,0.0059654836675343634,-0.0002824270861409644,0.00779251431798756
2005-06-01,-0.005625069894671444,0.011074479517541936,0.0008531382764596783,0.008055515874503764,0.00021575272196015983,-0.004620464592130939,0.010491546187531571
2005-06-02,0.002141966137622117,-0.005178158846729424,-0.0024629904601399643,0.003890034018430917,0.01234780315443283,-0.00423413177850944,0.00411582384573167
2005-06-03,-0.003445285076035779,-0.004099665229490254,0.0013621779456691313,0.0006696659653967201,0.0024812757398703983,-0.0010122201548918687,0.003524127171852928
2005-06-06,-0.004265975181730179,0.00015769895760706844,0.006515564070940278,0.0003360274947504311,-0.011099122193686885,-0.0059866988690248655,0.000798960404395669
2005-06-07,0.001662559001411935,0.0010274193228293346,-0.0038979054344254584,-0.0055872384134547275,-8.633159568540505e-06,0.0011373619879000841,0.0051777113650013536
2005-06-08,-0.0006176551881758781,0.01474998501588945,-0.00405942932930077,0.015922870340453834,-0.00615469186726966,0.001427242343855562,-0.009713730622808992
2005-06-09,0.004860724655547919,0.0015704646566875352,-0.0012871210479695647,-0.0009747063396608731,-0.00036085845041988176,-0.004776108513231914,0.0110932829032909
2005-06-10,-0.002054174317127151,0.004842482561625322,-0.0049346571893814474,0.005995091354384232,0.0006244653807538804,-0.007552682744237632,-0.01693660783461242
2005-06-13,1.8360163063573864e-05,-0.004289731100541132,-0.003397464659243217,-0.0020744733118595146,-0.003747137755516998,0.0017670311540394841,-0.02527052222797629
2005-06-14,0.003151219646887241,0.00014958159835316297,-0.0025229273830466754,-0.006345207235010937,0.0016649886488905496,-0.015459692296642163,-0.00719648036750541
2005-06-15,0.0071184686270573,-0.003959831703521197,-0.003577599970811665,-0.010567523977177204,0.0006822603569408589,0.001348306172915516,0.0031515807092736287
2005-06-16,-0.004664301768913853,-0.00136944210575256,0.0016552609838490517,-0.008884985467905629,-0.0009078045510585466,0.009645902943245414,0.025399075708770983
2005-06-17,-0.003457234988785647,-0.000707803306386143,-0.0027985655200356346,0.0008638650679086562,0.005017681252421264,0.0023664007730658174,-0.0018609027048191494
2005-06-20,0.0021353608854493625,-0.0075580076448557906,0.008042381686062985,-0.009488267328593153,-0.0026078893136345827,-0.006908410124291989,0.010037751528718145
2005-06-21,0.008894121499206044,0.003427447159356055,0.001966234396310524,0.00041319252165549197,0.0007053345570167471,0.007636601092232482,-0.0018649266643909867
2005-06-22,0.003951178285308061,-0.0019350288428752278,-0.002581524312708917,-0.02891859956484493,-0.007523238523174463,-0.010384311131028565,-0.00450066271288125
2005-06-23,0.007825587623097168,0.006038299260673352,0.0028883720288196647,-0.014664387511301821,-0.006456325276389075,-0.00220019033420458,0.008317031310422699
2005-06-24,-0.0037313072500725257,-0.006271045538229153,0.0036956925356693426,0.02007030607631849,0.000270430658046549,0.006535439411427546,-0.0045876689126718604
2005-06-27,-0.0028526521031970757,-0.004787353511573238,-0.0018536104487924905,-0.0016154931561595568,0.0019371596426429225,0.007783508945718401,0.0006093824637608879
2005-06-28,-0.004026674767219537,0.0013314138415559374,-0.003232680051102222,-0.006384269862031082,-0.004875427256291903,0.007888389619504822,-0.020415211762323943
2005-06-29,-0.0021417785682285,0.00875046876156997,-0.003426247915251259,0.008251475591364896,-0.004448344067893236,-0.013019366356799922,0.015873448627069842
2005-06-30,0.0026794570672086407,0.0001227901690441821,0.0027525153859570962,-0.024153703732865864,0.008194340668517019,0.0001935634343261883,0.0001954322327843443
2005-07-01,-0.004289397053837791,0.0013352810091022483,-0.00022864792645276767,-0.003025683416691219,-0.008864869960425535,-0.0027980485761070328,-0.0009055050186522013
2005-07-04,-0.0011675669227315204,-0.0009645494846860031,-0.009368484649685154,0.002848649083956407,0.0002553854720118172,-0.006912863340632504,0.00710181267267623
2005-07-05,0.015001085672045254,-0.008915286818367257,0.001165820164242534,-0.008600541259152678,0.0022695448698584887,-0.005351756989150532,0.009155830824047542
2005-07-06,-0.004141114482053848,0.018508513894031048,-0.008520289931702384,-0.012604462734950356,0.002029607356115906,0.012192932810510235,-0.0035159800238622903
2005-07-07,0.0010745280369485724,0.01674478658770988,-0.008038920065281755,-0.024226203022353256,0.003236346060124764,-0.007255266768139783,-0.006135128261750041
2005-07-08,-0.001271096547956344,0.004117910213651783,0.010468866927860296,-0.013759764337184113,0.00216757794553409,0.007192132007262705,-0.020193287749466795
2005-07-11,0.0031782823570232713,-0.004674544180579292,0.010716938387523836,-0.00108788031598533,-0.002971867711951826,0.016370476038191382,0.010198117349213033
2005-07-12,-0.0048172545134424465,-0.005891018384101375,-0.0005438874953523652,0.00805127348002347,-0.011877301027798378,0.0046923177546336955,0.004508243185431229
2005-07-13,-0.0006216700389005601,-0.006083052082941055,-0.008953797594793778,-0.003938356914754448,0.0019519014657109293,0.005313487808972924,0.0064172307277718214
2005-07-14,-0.005346928267296246,0.004944868851829652,0.006035435327633283,0.038432905197446104,0.0013063227245843404,-0.003820736003465382,-0.004302235243639577
2005-07-15,-0.0025902365919874535,0.0022806483626497433,-0.010975449300989459,0.00023918306088690513,0.0005746913038367877,0.019679387309229995,0.016384012396602317
2005-07-18,0.004198669524904637,-0.003832536251693783,0.0016895551450880498,-0.012918310036256087,0.0023327048038499333,0.002300763140874101,0.006547750000062503
2005-07-19,0.008501025700690473,0.0028795361140732363,0.003100280863724102,-0.01469895648292939,-0.011453573361325842,0.008871126865887754,0.0008923855650859502
2005-07-20,-9.604792029445503e-05,-0.0029481852708262333,-0.0006180859558541523,-0.018174413210802595,0.003649958679466701,0.001220621361397988,-0.009194539892625623
2005-07-21,0.004369709892322398,-0.0025842414823679808,-0.0017477548683615428,0.00706848115006155,-0.005921434802722607,0.005404250368374355,-0.007467591836306182
2005-07-22,0.003945055640826916,-0.0026882221469843627,0.0030952026874882265,-0.0029244042584872882,-0.006269879901176399,-0.00037843229991626576,-0.005717060334578754
2005-07-25,0.0006903342796366149,-0.00046109104673606153,-0.010237889503708136,0.018825902118967522,0.001418766103869367,-0.0004598517039849759,0.005253424893581465
2005-07-26,0.0014860990342732252,-0.002015518844238744,0.023021421612153193,0.03418042061015483,0.014203638994884726,0.001797811109782844,0.005639270926403414
2005-07-27,-0.0002350311638147358,-0.0047269133163424,0.022890460884307986,0.0044412607146408645,-0.0004004743811067463,0.0005129341341784576,0.00810711335306714
2005-07-28,-0.002653208404351029,-0.0012015611093419863,0.014556945225620226,0.006117846185006293,0.007411997184780438,-0.012553202168986831,0.008320801017713824
2005-07-29,0.0054527858840751195,-0.0011285485794428566,0.00308523053767469,0.010012039340265849,0.0023116867855641453,0.0005499074565520627,-0.004181458935252587
2005-08-01,-0.003221273627146548,-0.004021251166310624,0.0011547856251291114,-0.0004048801443464707,-0.005445820309804814,0.00042541807685921815,-0.0004070090738039651
2005-08-02,0.002138886099835651,0.008234040557564978,-0.004498340164656415,-0.0020960901607124673,0.025091032792680244,0.01318320724723768,-0.00016597668758671288
2005-08-03,-0.001175735513776,-0.012437058226734814,-0.017767510861999018,-0.001567501349127234,0.028903496599658907,-0.0037132337695826266,-0.003322475253226886
2005-08-04,-0.003660507257082489,0.005603489774207797,0.005678319191480075,-0.00818526475665587,0.005197564870412462,-0.010217615362398316,0.011321460791898648
2005-08-05,0.0007657608420137691,0.00011347128019083376,-0.010662302176462414,-0.002674550590778871,0.009674768288150103,0.00789412385877413,-0.012766546011293964
2005-08-08,-0.0006823222290854297,0.003229353196997138,-0.010149321655124994,0.016466878792510038,-0.004272649441044347,0.002459031246299802,0.01153251247299443
2005-08-09,-0.00176531457019105,-0.008473658013960111,0.0004046020858377083,0.013002804574490814,0.0024295257056480553,-0.006751179109478677,0.007042365360414979
2005-08-10,-0.0059226065619731845,0.003961676697862394,-0.015017168897276013,-0.001377148024991974,0.004407344824006186,-0.0027525966817165317,0.0001697131847153989
2005-08-11,0.006342781225071322,0.004033513497643108,-0.005915047726233471,0.00806451213634769,0.005486426217602059,0.01083710122025473,-0.007922863638074535
2005-08-12,0.0008741998908475147,-0.0041914598096520666,0.01692505014553984,-0.008298629071153411,-0.0062071862008803635,-0.011066543551644176,-0.011719106614047592
2005-08-15,0.009944217594200515,0.0017479583840565,-0.005835941112958485,0.0016366017446546163,-0.0003024889248281161,-0.0013531501753974184,-0.004316253019982169
2005-08-16,0.0050888391741353714,0.00516574410732759,-0.009439933735144708,0.01828909120632519,-0.002285181032578879,0.004675118310340791,0.006432152775688359
2005-08-17,0.005683023407247221,0.0032317008117140906,-0.015142314695115351,-0.01891448433038595,0.01962239159799048,-0.000713614246567639,0.013330968783310526
2005-08-18,-0.0022690118686999098,-0.0044132944726051155,-0.004788526485630705,0.006178522444034827,0.0044095036312165065,0.004727960105935221,-0.0031516801033043824
2005-08-19,0.00022422273220894568,-0.0054855126486517206,0.006876414695032292,0.013036454434859906,-0.0003379891404992928,0.0048344471995154376,0.017036388341061564
2005-08-22,-0.0032431069432589405,0.0075474646457678474,0.004856119594933259,-0.006488681367241717,0.00564417857578115,-0.005922274930716382,-0.00807628595328412
2005-08-23,-0.00230848648765118,0.007888834103384122,0.008974738414734174,0.028003488775961875,0.0023176619217595935,0.0006343931555995256,-0.0068843215653214464
2005-08-24,-0.00251025310021909,-0.0021602168055387385,-0.038365309229962154,0.002795925252815502,0.006401245794506968,0.0017029256710685173,0.009398049221044095
2005-08-25,-0.0077370329143384925,0.0021742542408638983,0.004098205109112669,0.035452488345656806,-0.005201506329006843,-0.028159438289257,0.0024594592298071453
2005-08-26,-0.004320376441715998,0.0029055728346556314,-0.011449111872916968,-0.0008834188288418161,-0.0022629074121809823,-0.0011345948758903943,-0.0038238245539661017
2005-08-29,0.0044231487991776754,0.0009962613293587278,-0.018089234943655587,0.0018628616446063609,-0.0013314898095604683,-0.004106416883605115,0.001159188900166045
2005-08-30,0.0016944096627211558,-0.006103478397164996,-0.017494397721102332,0.008805412999590702,-0.0019785438343759426,-0.003168422453261327,0.009773862071157506
2005-08-31,0.002922219601336924,0.0027306136822824664,0.012561979572253417,0.0035089974084606696,-0.0004475863969083369,0.006054897572888825,0.013934311671262035
2005-09-01,0.007047813639759287,-0.002366233171588119,0.014694617323247923,0.008009716164061854,0.004096326688889048,-0.0047304093365419155,0.005372113195368084
2005-09-02,-0.006427714509147418,-0.010015054113691432,0.034266419633620045,0.026332266932272707,0.009849211573973478,-0.0006112804377274693,-0.001239396340657148
2005-09-05,-0.008788045831113134,0.0011541884705515578,-0.009731904024569417,-0.004864498727809749,0.014144154918159204,-0.009576280343081268,0.012256204084942681
2005-09-06,0.006509284430219205,-0.009319030460963974,0.0022056540590612364,0.011872971381628716,0.007694053817170975,-0.0013821606077640042,-0.0033986109763377414
2005-09-07,-0.006162087279727158,0.020037782641603306,-0.004516761359940994,0.007441136082015804,0.007230384792324948,0.004491873957756578,-0.005220241485745562
2005-09-08,0.004682628728218781,0.004687855761342313,0.013579111786026509,-0.0036376203415783453,0.0014067621264758654,-0.0022596760947876148,0.0180293732669082
2005-09-09,-0.0021068422546903737,-0.0006273385795099665,-0.024976082638021355,-0.012245018478902166,0.0013918566623463916,-0.010383722684395058,0.014124054802945263
2005-09-12,-0.005748027970937258,0.002981119979237566,-0.027789985177555786,-0.009654184832355098,-0.013547073577115064,0.007254352336662739,0.001283003523421454
2005-09-13,-0.008380068111399911,0.0023998158593537605,0.013842114609177572,0.003947815401978968,-1.8726845129800577e-05,-0.010433777456843782,-0.011280990942426029
2005-09-14,0.006009117119559129,-0.0003170287355896899,0.0018291343501176027,-0.007406807709112578,0.004980707808567971,0.00818363122954486,-0.006170150314280206
2005-09-15,-0.0016690676521022717,-0.0012995447466837972,-0.0009044998468716509,0.005838801531330111,-0.00039898237683548804,0.002422879975322987,0.000822933806160771
2005-09-16,-0.0004910632638957537,-0.00899281715294896,0.011264519237258365,-0.0022056794732919784,0.0024576557866769827,0.00608118704157341,0.0016336198732202743
2005-09-19,0.0023054730806375146,-0.008509543249023747,0.004475041521929079,-0.012295835017781961,-0.004443024377575545,0.009844845290119175,-0.0054818281127860325
2005-09-20,0.004084945970086842,-0.0023721224564158083,0.014321616789556213,0.0006315355060806361,0.003619585938615488,-0.007423940316176297,0.0021831675679725867
2005-09-21,-0.005809922135563559,7.094804629825445e-05,0.0030550365368800323,0.0044042423403193994,-0.010931292362896037,0.006795322770856532,-0.015956552524560418
2005-09-22,-0.0008035184935878928,-0.007350926714720846,-0.037844732856775885,-0.0011362653222661144,-0.0007158531512104408,0.0038296008374327406,0.004046228092639501
2005-09-23,-0.002115503478043195,0.0041975293338635,0.022360758722389653,0.010624225928315112,-0.00044997123315861315,0.005849479263399082,3.25692519932441e-05
2005-09-26,-0.00038206323659633663,-0.007276768835463774,0.016615539158034535,-0.0055943074919086065,0.0017010519919440459,-0.013090088634259001,-0.011133120915013173
2005-09-27,-0.004535554470635472,0.0019497084436012385,-0.019915395371483152,-5.807681242229338e-05,-0.005967781129298221,0.003124219434090879,0.006216398591029811
2005-09-28,-0.00380375559698442,0.0020595765271007893,0.022887885764255524,-0.0013532465279615245,0.0026243893328156786,-0.010130181033987955,0.012663073791868495
2005-09-29,-0.0023070378063518877,-0.013616404246210568,-0.028553492105718347,0.0071687276889349635,-0.0037810745733707816,-0.00018978011449175198,-0.015471664785431834
2005-09-30,0.0032948353787947446,0.0020783908138907177,-0.0036847247606886235,0.005000055720840317,0.002860305702675802,-0.0024737569517601418,0.022756330013606975
2005-10-03,-0.011261452871292633,0.010189463306619304,-0.0013079019394615398,-0.00555400643148207,-0.0019260825164711477,0.0012845069608902122,0.00558116919961991
2005-10-04,-0.009209264435465664,0.00902751346586681,-0.0015181479205513024,0.004018955747548926,-0.0004970630255911046,0.007269352059682746,0.003729573651125684
2005-10-05,0.012195547694080539,-0.004125213203021574,-0.010190763655018004,-0.000778679964062254,0.006112903865618624,0.008046235989676865,0.013651054307357979
2005-10-06,0.0012844109893020875,-0.007325685272837517,-0.031582344168768414,0.0028097250174425274,-0.006211883077621207,-0.0035648797221403653,0.007579595054523549
2005-10-07,-0.0033080608974653553,0.0006219782839326869,-0.0030905619062701986,0.008508108653195854,0.007944419589683222,0.003867567540791642,0.002610134651743845
2005-10-10,0.0017033905298404406,-0.0019405134129248114,0.007630914708909469,0.011934248312392898,-0.00010646407704423245,0.0005148161341754058,0.0008632895732343727
2005-10-11,-0.003518746206663151,-0.0004936384831903731,-0.00717377343118033,0.003927837472141336,0.01164629408626547,-0.00868312191257201,0.007004561343302753
2005-10-12,-0.017964295498390334,-0.0025688006379987137,-0.00179099486600258,-0.0007931065575216268,0.0015548678852965894,0.005881195766046447,-0.005948659802736127
2005-10-13,0.007103960758408798,0.007683724574947717,0.0007325644764808259,-0.002639181526713928,-0.0014288063452765434,0.0004386871343004774,0.007733825941088801
2005-10-14,0.0049041663940486155,0.012667751464681319,-0.010389673662922719,0.0022658594606347737,-0.009113705319704193,0.011852690116933481,0.006477753275639598
2005-10-17,-0.010317353208430198,0.0028955046687020028,-0.008326350142858867,-0.002676052865734968,0.0137227683757208,-0.003051345570116588,-0.010196523476459203
2005-10-18,-0.0015211747986186093,-0.007133133993889355,-0.009052625686005717,0.0025171480250544575,0.004048078413587755,0.0030531678192637175,-0.006471762361164751
2005-10-19,0.0004132756237699294,0.0051694958485758785,0.0019625544758906936,0.0002502250151764661,-0.0005443031362340065,0.005481541793598057,-0.006024271977177588
2005-10-20,0.002734049405550929,-0.010826185678819692,0.00894701423026787,-0.007911668567350818,0.002080912515951086,0.003447048989538286,-0.0026255796991537413
2005-10-21,0.0009032108182242994,0.0016105187344576156,0.007360549273602029,-0.004058572659302648,0.007782556293673085,0.0044851680353269205,-0.000719628248084703
2005-10-24,-0.002492151595999851,-0.013225845465862156,0.003619855215800113,0.007889076163402186,0.005278296505876369,-0.0013197720926304585,-0.005998347179604166
2005-10-25,-0.00338629167223288,-0.004797578549175708,0.0049848252157573035,0.021477941275286825,0.005501532084918914,0.004652079492327635,0.009047362480652387
2005-10-26,0.001085161290551289,0.012667855530897179,0.009884962372670853,-0.0022672869933443728,0.001959782155374571,0.011407683564792569,-0.0021934916038953913
2005-10-27,0.008799409196610684,-0.024747256922469568,-0.0007498690646501997,0.00038094431459247417,0.0051721712935169015,-0.009993730970625007,0.005959201469028872
2005-10-28,0.006364670720120766,0.010588947003065508,0.0013427621412335875,-0.00117115085328482,0.004397240965147391,-0.014501034522434751,0.018792276274740453
2005-10-31,-0.0012364523884266965,-0.01171106095970132,0.005170859373619993,0.001811637112535171,-0.005741098526077597,-0.01384112940315604,0.006453669922248731
2005-11-01,-0.0026167035494965947,-0.004018402507806017,0.022638055927977435,0.00036912890891825786,0.0009325980062565885,0.007459269879802057,-0.01059415057809695
2005-11-02,0.0024393155841097814,-0.0034141981349620253,-0.03574736090907118,-0.0067515162521509095,-0.005290596565355001,0.0028446986839095927,-0.007954035312920387
2005-11-03,-0.0024515343948978787,-0.011338902223907524,0.023290639278117756,-0.0022189402437307955,-0.005271915354406,0.005976442425096032,0.011015461807237416
2005-11-04,0.007712799888295816,0.02260816991086395,0.008200443899308806,0.0009286552918927076,0.007537081787029807,0.012636549971048886,0.0062066850287633
2005-11-07,-0.00043229033600319033,-0.002784203365731427,-0.024492770759728437,-0.003408969178282892,0.0008226540208653195,0.0003013982872461368,-0.007110611147060077
2005-11-08,-0.007701931380868345,-0.00619605759847362,0.01660928247957034,0.008150720123126152,-0.002748305526493332,0.0005443294508927541,-0.020657579144519697
2005-11-09,0.0016890821137350751,-0.00010094509874481842,-0.005502964360943922,0.0023432666329776856,-0.0019113326420710137,-0.004446323817258056,-0.022654583223280473
2005-11-10,0.0027458343511561263,-0.013165842894292751,-0.005159989549815425,-0.002955556231423567,0.0076798393439948326,0.007470633421097453,-0.00195902225672389
2005-11-11,0.006225279983802034,0.002769476714654183,0.005944004822922957,-0.00793966958447358,0.003429504054935115,-0.011675241936381406,0.019013072141415784
2005-11-14,-0.0017987772207729944,-0.0007802108480953088,0.006980876877784246,-0.00037554731157744137,0.0011844544894330455,-0.0035431706329661274,-0.010155502311279853
2005-11-15,0.0022201517969025935,-0.0002522972848638505,-0.013985432716335601,0.007603245751888804,0.004985567839001341,0.008342710691002748,0.011411356163724138
2005-11-16,-0.011678161619496374,0.01096789690402291,0.007176491238806476,0.004485403745666887,0.00257727195834,0.004718269141768765,0.0026561286369250012
2005-11-17,0.008013369897079247,-0.007102471606611284,0.012509315885592816,-0.005945126731814986,0.003208677503938197,0.0035311282100938136,0.009083608792759783
2005-11-18,0.006135443815741942,-0.01312410378744731,-0.009137971169097012,0.00789728580577707,0.004417736738813165,-0.005104281315779867,0.02704344359276256
2005-11-21,0.006205377998566226,0.00410317270922094,-0.005985279445912686,0.0008456911648187605,0.006144007928991554,0.006958882029770172,0.008866811069394168
2005-11-22,-0.0013190792075760765,-0.004433557374010581,-0.021924262149183363,-0.002342294235686041,-0.012674087241846184,-0.008282384631390265,-0.0020811512500378145
2005-11-23,0.0012000204776169007,-0.0036587659184706763,-0.014106622314781997,-0.0012018366793232487,0.0013774481532084248,-0.009702585158226692,0.009907755564813537
2005-11-24,0.001838606002114556,0.010228052050018255,-0.02484523544286786,0.003559689180940696,0.004185488155586624,-0.010471629247857323,0.005307631156914511
2005-11-25,0.008303830045715473,0.0020698423933813194,-0.03164438462026269,0.0013963814005640803,-0.006050766421172839,-0.005650752163798902,-0.014172505934502571
2005-11-28,-0.008428167624281956,-0.0034744309198986943,0.0010527189331221878,0.006742612690848303,0.008372480651967672,0.011695579257706982,-0.00849226927582424
2005-11-29,0.002549485933296429,0.007052331798945507,-0.03890736065681013,0.0049418695936179645,-0.0007382143163390819,-0.011773784294033958,-0.011171127800718527
2005-11-30,0.0018076275246336603,-0.0002915592131244409,0.0014483068477134564,0.0049320398891286865,0.005492769733114816,-0.009481485243878018,-0.008524803371614008
2005-12-01,0.006770161663834783,-0.009365353747904608,-0.008625064840371732,-6.514096593424133e-05,-0.0010157338531264827,0.03208567089020685,0.007998820632071284
2005-12-02,0.0029876936588227516,-0.015273814250153176,-0.022420048827805933,-0.005478311480914043,-0.00921821229861036,-0.0023801762122772027,0.0045899361694417395
2005-12-05,-0.00033891609350159257,0.0053364215449375665,0.009888122730795411,-0.004356371134680837,-0.013127272746348137,0.009819488626623902,0.0043181444589447384
2005-12-06,0.0005868834737130759,0.0025639841736557964,-0.0134939861718612,0.004850029741709662,-0.00433448231564258,0.002263429281891791,0.007716364916416426
2005-12-07,-0.007735160890449842,0.005712819451759726,-0.00556290766895886,-0.0004477616453817765,-0.0015729547185116834,-0.019391429100426027,0.01939122320013196
2005-12-08,-0.008993378353051319,-0.0021262648405543884,-0.0335421142607519,0.0002318395342220449,-0.017435422575227122,-0.020976822253542617,-0.010376247401963632
2005-12-09,0.005469615579039085,-0.0002595157622460165,-0.0076858131923493575,-6.645727950165114e-05,-0.00625827972382437,-0.00030373538047281197,-0.002837414444365561
2005-12-12,-0.004039566797441607,0.005253879749841588,-0.013630099645030116,0.0003034349093855078,0.005008592831117617,0.0026304185233475114,0.006206446506172182
2005-12-13,0.004639205282371564,-0.0006403265958292765,-0.010629100455732293,0.00011227870954484054,0.011985184728442516,0.006345798526014685,-0.01701214558241391
2005-12-14,0.0021732579719744814,0.0033736329018517496,-0.009545510107463129,-0.00012597904404723422,0.006250964962332904,-0.010752091890918102,-0.017751926157171905
2005-12-15,0.00653637214735516,0.005098714014897244,0.018747335688196573,0.0003866543546477107,-0.006883441068866942,-0.0012389154832471972,0.05512524806195157
2005-12-16,0.01141329097120726,0.006071293575101494,0.012366596092088728,0.005564348660039151,0.004877420343917624,-0.012986392253734972,-0.019000144644674945
2005-12-19,-0.002646212798541019,0.0009842409275675839,0.0017293126855656008,0.0026704617351888758,-0.0023647509346327567,0.0013159329482378029,-0.009325602923595935
2005-12-20,-0.0011453568224472303,0.004634135960778038,0.049107515155978554,0.003297570242185799,-0.0049827372211473046,-0.0061359251917495064,-0.012975553173358613
2005-12-21,0.00031166566973797616,-0.0008010121434409068,0.01647562557846014,-0.0011285112351950295,0.003285584497044474,0.004898949235617011,-0.0013814911585621884
2005-12-22,0.0023864966096240527,-0.0020089757666524556,0.02116954469221171,-0.0005937906473897401,0.004228866246181774,-0.0037154302934742835,0.025687139793228085
2005-12-23,-0.008383753176956698,-0.0004624597903689999,0.03754319059411387,0.0013847335645103974,-0.006996956882269272,-0.060126828715459345,0.0007319013088293815
2005-12-26,-0.005026190567788078,-0.001674620616231706,0.027165911420989407,-0.0004349540753150761,0.003588770663619798,0.00911523135779367,-0.008990750489400297
2005-12-27,-0.0027746810675566614,0.005426360757842238,0.006013207951085085,0.0014424773383688344,0.006881539564776607,0.007992593939821628,-0.0007716255909198555
2005-12-28,-0.012149334862533273,-0.003931006834275173,0.006952417140695334,0.0010745265813883649,-0.00010676906083860855,0.010852756667276402,-0.008440638943482308
2005-12-29,-0.0008612041014393129,0.007864863476207542,-0.0039719370371188835,-0.002962744441204775,-0.0038696331513756754,0.013677818105263084,-0.008200183954935316
2005-12-30,-0.003781019206663799,-0.003507132627701717,0.006173147335892317,-0.0009908154132257027,0.002850644732173153,0.011664431765970184,0.006819261162371143
2006-01-02,0.003230922467801044,0.009798891064099867,-0.028670017563162304,-0.010168329621985025,-0.01128241726659336,-0.015794092473184317,-0.015356731149156037
2006-01-03,0.0012916986219746675,0.009595696955312243,0.03189107611831413,0.002402458061749613,-0.0004240847711845042,0.023513378318534135,-0.011029766906002533
2006-01-04,-0.0032453274116992863,-0.000601002202777988,0.01357711745176012,0.004882592625164284,-0.0037687196506599086,-0.01468999235102512,0.028132279547339288
2006-01-05,0.0008995146864840882,-0.0025464184241253958,-0.02034151872124216,-0.0036535330018114508,-0.010439423482211906,-0.006644275634266175,-0.014596374434806703
2006-01-06,0.00013679072651833014,0.008805629898656575,0.01553126615832933,0.009976072605892007,0.0013453501482869376,-0.0033902280478911935,-0.00856741973133269
2006-01-09,-0.0028217334389103003,0.0006035814757901628,0.027938576522179914,1.6245710684206015e-05,-0.008682098170781099,0.009314595486163427,-0.0017675532102793797
2006-01-10,-0.002693181916289859,0.003144127233421916,0.005952743730126921,0.006443107795432114,-0.009303682902562163,0.00099316582750738,0.009400835569424613
2006-01-11,0.0007524719995303121,0.0011822664132267405,0.0005446311227350723,0.005484213665760692,0.007304827483192698,0.009534959199753864,0.008198766463997349
2006-01-12,0.002928372965049826,0.0014036979465218075,0.004782781720529714,0.009402985985656335,-0.0025517378543780896,0.015334082274895518,-0.0046081926231487
2006-01-13,-0.0025545590146833254,-0.0019265302693521223,-0.0007446358970328246,-0.006616210278729677,-0.0006807565841535097,-0.005372356691331968,-0.0003990359152714327
2006-01-16,0.008193160282581257,0.0008418572135724984,-0.00021183304354459068,-0.0018098458565968738,-0.0075704858667605245,-0.004455729172597069,0.0036340720184329994
2006-01-17,-0.0045644558079489875,-0.0014501716417410064,0.0005442675470649822,0.007135250036274136,0.0024043315975978497,-0.01586391091283094,0.00664178768071365
2006-01-18,-0.0003037026037543326,-0.004695044848583384,-0.0015976020787080946,0.0015386506657916051,-0.002584830633121179,-0.004564976028801069,0.015199470725049903
2006-01-19,0.004340109625448304,0.004023332147354924,-0.000952785479700679,0.007935036979279053,0.026510688484646338,-0.004958048622332096,0.015697603571561112
2006-01-20,0.0009494690473496862,-0.00010582171550590515,-0.0011411497166919512,0.004560678611614527,0.009493508299465698,0.009273390184346529,-0.007139297970725921
2006-01-23,0.00026916717979829486,0.0006062652403562514,0.0010379992457273163,0.004010137409787633,-0.007298785723616511,-0.01121671033867861,0.004124606306658017
2006-01-24,-1.7446742195767327e-05,-0.0016737012945559748,0.008632768190564822,0.004641654949501256,0.01100528525605791,-0.006345164748069837,-0.0016259895111856884
2006-01-25,0.00038953552611697897,0.007358070588249967,0.00033857342582434014,0.0009131978774972054,-0.006277303646261718,0.0024099904090196167,0.012934747803388616
2006-01-26,-0.00017226339815143232,-0.0021321524565421387,0.014302567612191808,0.0010285852401743475,0.0158763726984059,-0.0024509833234579027,-0.011416723369666842
2006-01-27,0.0031105085844079115,-0.0059984062765714675,-0.006041488983282874,0.004877413081744331,0.02041092600671582,0.001219645371003648,0.0032073139084403497
2006-01-30,0.009819519973431716,-0.011214426269063332,0.029926708186035773,-0.004800674739144787,-0.003779778706987473,0.0018617780494920638,0.011534493687963679
2006-01-31,-0.0002421423252386844,-0.00719886652060796,0.01757621139749235,-0.002558342168533127,0.008980357879527986,-0.0020092232681915667,0.002313033434398276
2006-02-01,0.0012608167802063942,-0.0022072911731419085,0.008074174612746211,0.00518312975895362,0.0014780925792967996,-0.006971406578716464,0.0025986979697121292
2006-02-02,0.00042142940249338434,-0.0027524850461377553,0.0037228501642391854,0.005024811946474939,0.004941145318888181,-0.012644233153504346,0.0011937823045213456
2006-02-03,-0.006414794246396095,-0.007555845464527658,0.0018483964607529822,-0.0017404762205267255,0.00017000980641762922,-0.0014404006506946638,-0.003932903140295748
2006-02-06,0.000658426576167599,-0.01445289777356876,0.0039311544819657165,-0.0016533534201066873,-0.013199802663006422,-0.004291724556642447,-0.0034800744015708604
2006-02-07,0.004418529855882203,-0.005486195559701067,-0.00478137934129913,0.003431653549990896,-4.986923989411542e-05,0.004937884703709419,-0.015554364412860587
2006-02-08,-0.0020594584286142527,0.005127447406433455,-0.011531030166365076,-0.007964943714081353,0.04125296196449843,-0.005906434645720765,0.004205565642861284
2006-02-09,-0.001407950417432324,0.007385945344917402,-0.008206651363396593,0.0067642516179757615,-0.0023839191909472406,0.009855777836986853,-0.01913681223614105
2006-02-10,-0.0017041156952074111,-0.0007703653212401274,0.009578357422229828,0.0024975357927391785,-0.02104175784543215,0.02541195488471273,0.02029566000682601
2006-02-13,0.003682767118021239,0.0022667841726215243,-0.0031426323027713148,-0.002112913715236262,0.017390359348505503,0.012722786061330704,-0.0020161070906166883
2006-02-14,0.002782069072961447,0.00018921122088601597,-0.007888130812355131,-0.0012591591317389266,0.0011315979638383655,0.006837714735492232,0.017161227797619742
2006-02-15,0.0028470642329398122,0.008733718008393381,0.02250439354585259,-0.0020659799995677046,-0.003661524335275795,-0.00012255195449658408,0.009461442546005144
2006-02-16,-0.00044067166852368526,-0.007475137896163213,0.00822282261018259,-0.01156420398705564,-0.0006088616641228732,-0.0016958762318431979,0.0037931056601800683
2006-02-17,-0.001969000093424622,-0.0024051309226207846,0.001961793885264733,-0.006571694969452778,0.0058571239767709,0.010124197635758567,-0.01075065397595311
2006-02-20,-0.007433725892019101,-0.00581988228431744,0.00415524614967024,-0.006344806907543682,-0.015648808845961495,0.012432286399815634,-0.011215316034860461
2006-02-21,0.007500287766350689,-0.0019777371792421066,0.01281341980653655,-0.0011443075859941744,-0.014415037091836789,-0.015080554844458536,0.0011781877005835302
2006-02-22,0.00024511407682138633,0.0017790592114001061,-0.015372422367641449,-0.025109934314327675,-0.000162074520890349,0.001446832523074142,-0.002915519445859432
2006-02-23,0.005066227655466073,0.0017787455582977116,-0.00037455419447862914,0.02396079324932822,0.021226842824519893,0.0017180542051891175,0.001689084104925467
2006-02-24,-0.004933034917472791,-0.0003466350917422882,-0.02653204562703593,0.00350268716627592,0.0027666486459870456,0.013802533518643587,0.019165787082451737
2006-02-27,-0.0007974152939915058,-0.004009552910370712,-0.005206164448006666,-0.0004869568900538419,0.00871095369224133,0.006549272983658621,0.011128528908218032
2006-02-28,-0.008036375104819846,-0.00428161938335687,-0.005439651024706132,-0.00452291799705148,-0.0034678635610347285,-0.003202142728575619,0.002374862769609248
2006-03-01,-0.002760824335730569,-0.0011336636576482358,-0.003685767208964718,-0.005899754912280643,-0.010421107446825654,0.0019507427915551835,-0.00286290302877309
2006-03-02,0.002303400618579463,0.00722847936033314,0.00402006826628658,0.003241047402652479,0.011225084817958484,-0.003586603546018707,0.015148899086182459
2006-03-03,-0.003993221336666587,0.005876881705495054,-0.027986289821576853,0.004658929905964008,-0.01588527623033891,-0.002268305873489125,0.008294209322554966
2006-03-06,0.0016438047491789938,-0.00906529184863281,0.0015680533171391923,0.04260066374537439,0.0031513129131815077,0.005348290986856542,0.011558048245253286
2006-03-07,-0.005360078284351076,-0.016159563290309577,-0.03701085173144411,-0.012648933932368413,0.015801893602473464,0.014893975518997668,0.001866277747159858
2006-03-08,-0.004362837667851956,0.010502232062889593,-0.006428586825324929,-0.00977079908332529,0.0041970355303125335,-0.0006741726969953549,-0.010904085830762883
2006-03-09,0.0020905096628372213,-0.007060581285265292,-0.025275280896867255,-0.030463774002863642,0.003461093104857783,0.007717328354924961,0.00978125050022698
2006-03-10,-0.005016896380964342,-0.004089777899450085,-0.012167359842646962,0.009153125061906955,-0.006085977506657471,0.0009484976986043988,0.007599565250886955
2006-03-13,-0.0013111142309184158,-0.002855801570168004,0.03686286883273117,-0.00286028328228311,0.003094344527207597,-0.011247666797952928,-0.0005549236632935869
2006-03-14,-0.004184917147748456,0.0032109434251088604,-0.0057903027112295264,-0.006340652633506034,-0.004429172187954669,0.00756732601622462,-0.010141146662200501
2006-03-15,0.0104157384377013,-0.002605299015430054,0.005898320553628294,-0.0023062144058140005,-0.018208109663904924,-0.0034000435933885676,-0.0036667539818858977
2006-03-16,0.0011261969698957092,-0.000524845040502051,0.0010245676457839431,0.0060596912906404204,-0.0002761983789182185,-0.004449951302866831,-0.003316277109528927
2006-03-17,-0.001230311602994546,0.0035844262367589843,-0.005267050303332024,0.0010394128924941096,0.0060708502550025755,0.0030558401734309248,0.004666496420886017
2006-03-20,-0.0011972355568437378,0.01022390151066315,0.003954031683072354,-0.012136419611182246,0.0027958919759232346,0.01057524188367953,0.002516020604371472
2006-03-21,-0.004344589222459026,-0.0047587763776908085,0.0030137851151187506,-0.020784177929741875,0.008332966403061793,0.007728146727290861,-0.008296265540779946
2006-03-22,0.007102630180375048,0.009111394730250964,0.006173084589449711,-0.0010819923872374367,-0.00789373896154636,0.0012846993851827156,0.008578075934570741
2006-03-23,0.004266163838425839,0.0012831601567250255,-0.003847227583111783,-0.004301032574530473,0.015403432058468149,0.0003898596718514045,0.01402431142152672
2006-03-24,0.0016677559901552273,0.0077798875346654995,0.002068657608298076,-0.011639779304917273,-0.007544615069231262,0.008910142922486443,0.011767185133078365
2006-03-27,-0.006381445811866802,0.007590627071534616,0.0036121592207428127,-0.008727160194576063,0.008825586653149954,-0.002731567587365434,0.0010458303495096998
2006-03-28,-0.007808157358272832,-0.00288170398770305,0.00010567754828190176,0.008412954035114746,-0.021366846670106854,-0.018624250298098558,-0.0092537890515851
2006-03-29,-9.913304961187102e-05,-0.0063187322990136815,0.013527219152540236,-0.000935328725613063,0.013653529407897748,0.007609817692896017,0.0006584239455421303
2006-03-30,0.0005939496312548226,-0.00321318682502554,0.02024925378861562,-0.01685104667163267,-0.0010925091173170076,0.020447307770380705,0.0020162943981028463
2006-03-31,0.005766790164611437,0.005108078220528635,0.003979955939086411,-0.019308697165438912,0.009896339386174544,-0.006090630949158216,0.01541326074771465
2006-04-03,-0.00017936646237261096,-0.005533253987232717,0.0031971058962970713,0.012291365458039204,-0.005081100124529725,-0.0013157618531893605,0.003749329815280018
2006-04-04,0.0018645445063425782,0.006889746078616842,0.00031044344735869537,0.005366259397806944,-0.010520068364663748,0.0028974941845794546,-0.002990483106027576
2006-04-05,-0.0010789532574965487,-0.006599298714307078,-0.0018370944073150559,-0.01915046461997247,-0.006657358048018518,-0.022687055729762488,-0.010870256866320916
2006-04-06,-0.0017968312476552323,-0.00223792397831,0.01490033926250067,-0.015228225236056945,0.007198776142159348,-0.00548867867509806,-0.002477665341734441
2006-04-07,0.010088790039579115,-0.017219923426684255,0.005066613960536061,-0.0035165584139936934,-0.0007523219102037615,-0.001635533551777258,0.004790379412250775
2006-04-10,-0.003104390038252717,0.01140778319089089,0.009426701496230412,-0.028691696543202836,0.010019038918087197,-0.00768244441577703,-0.006403709049201322
2006-04-11,0.001625606046759228,0.007414797954099896,-0.03036546507572701,0.008756948429916747,0.005861569024185284,-6.805292576746462e-05,-0.003438004448466461
2006-04-12,-0.006785406966611454,0.003223512421107643,-0.03743704288041195,-0.006721817413910615,0.004212841565908309,0.0060330477716535585,0.007522650076003515
2006-04-13,0.0013862317844192604,0.004436555791597512,0.04244147520385159,-0.005027273290021799,0.00422104309824456,-0.0006029672239575545,0.00036332826695242946
2006-04-14,-0.0001042011824301319,-0.007648211287126163,0.0027717807461086876,-0.016889864263346144,-0.008904047690468778,0.0068723197369938045,0.007181150662610361
2006-04-17,-0.003899252027740618,0.0020293376170955855,-0.01707330034638592,-0.0026400606257634793,0.013758591845966997,0.004249380535141593,0.014573538716897224
2006-04-18,0.004769319748862557,-0.007836593099515492,0.03702976155561816,-2.7454670301555626e-05,0.023590930160510868,-0.0037452096717761835,0.005108597493721178
2006-04-19,0.009467410207526498,-0.005466353734441978,0.0334117096164484,0.011580983562031275,-0.015376891524189468,-0.019858082400682094,0.010559512288339592
2006-04-20,-0.005459761434311249,0.006427564949831319,0.021740396186262848,-0.005985232513875659,0.0002645596424804093,-0.019834247936639494,-0.009730191943965
2006-04-21,0.010305026090188463,-0.01228904127783001,-0.015519006808365734,0.003452330757591321,-0.009891867807198227,-0.005570480457507263,0.0050424822138487825
2006-04-24,0.00987705496252464,-0.0017428889377085251,-0.00534004986791461,0.00409503832774771,0.0011367897442076803,0.015381893913660955,0.007355262762904498
2006-04-25,-0.001863386038230005,-0.011801162906785201,0.026961356054214642,0.017410724412233243,0.006201537188078769,-0.010917651350788484,0.01405963491451962
2006-04-26,0.004295239356083363,0.003190614683679165,0.03856096246809401,-0.008007924512660273,-0.006673693379383297,0.022676729637708972,-0.0002283780224790862
2006-04-27,0.0015537306171964855,-0.004251938823493701,-0.022200183175897392,-0.009905502264722992,-0.0010637991110717235,-0.04039703726893236,-0.016064249993372616
2006-04-28,0.007174998890850843,-4.676492927092187e-06,-0.02903727430125084,0.01815586381449212,-0.0027915316890174953,-0.0070475781811305625,0.015468820337116745
2006-05-01,0.004657957368168569,0.005449048233427573,0.057470477029189,-0.003677275826930778,0.0006804661666402446,-0.0008099638280763395,0.007064244086660849
2006-05-02,0.0053641201622172075,-0.005233548817821088,0.01714388374373764,-0.013942878332894698,-0.0005935835111517382,-0.007763331332578026,0.00044306366146059495
2006-05-03,0.0019081352316642553,0.019131939140968248,-0.006489907438066959,0.005359282787769654,0.00231253432269969,-0.009279553113246077,-0.013946069424289258
2006-05-04,-0.0008188440339233342,0.0006127812870701775,0.016276891376525868,-0.007594725975092643,0.006175563805275175,-0.009298352780364314,-0.010677911338957397
2006-05-05,0.0078066228308796325,-0.009566560196904416,0.00015320829451160778,0.007837335331735253,-0.014681779616555724,0.011114901069737886,0.008849801465681914
2006-05-08,0.0020042558273596404,-0.010853272186825079,0.015529866267413156,0.007989544692696571,0.005254650748377732,0.0076695339381628695,-0.0038613434971236163
2006-05-09,-0.004531982455264885,-0.0031595535306304717,-0.013054885613264905,0.0005755573047522662,0.01170657901769789,0.003734403585838357,0.001199276262734123
2006-05-10,-0.002471283338751347,-0.006721747002006628,0.01063448114435512,0.005495172931321501,-0.002455561078414191,-0.003675302152268919,-0.007144981808755324
2006-05-11,-0.00149057112582633,0.014138070630566272,-0.011457310797295561,0.008602854242189616,0.00267456406792375,-0.0027922089519050205,0.002396868528029045
2006-05-12,-0.00012095394435714182,0.0012674933660932757,0.004190084335244066,-0.005827936810750707,-0.008076680668035727,0.009863277225354771,-0.0005259169012691059
2006-05-15,0.00335814705288498,7.194901602777538e-05,0.02067486262841735,-0.011777649233013573,-0.006344496128382242,-0.010972651381012796,0.009762332213714496
2006-05-16,0.009459772882808968,0.003637188512403269,-0.009887568042068586,0.004135101606053919,-0.0027000912323007138,-4.3762834807540456e-05,0.0018721197373307245
2006-05-17,-0.00416493017511061,0.0011243474677815996,0.010135969278145775,-0.0033783754672106784,0.0016784628563443907,0.004946462948835106,-0.0016228774699795696
2006-05-18,-0.004216482352224356,0.00691330102102326,0.015592739797314799,0.010034590276510297,-0.0030035280303160644,-0.003296356855863854,-0.003439747178426786
2006-05-19,0.006346524157296117,0.004763327140477725,0.010661572975103766,-0.016857602638380827,-0.0045877587561475985,-7.776931667441161e-05,0.007363216081948682
2006-05-22,0.005859913933640874,-0.010427800033845296,0.005419176120677955,-0.005974874615223176,-0.006314144709752257,-0.0008912103069240891,0.003187192125881957
2006-05-23,0.0014053077959611494,-0.013881513428129925,-0.00941017165934987,0.007577864140807334,0.005853062745001343,0.0017478555796907253,-0.0034663241588273625
2006-05-24,-0.002561246632286067,-0.006527776698248973,-0.007701213584231083,0.008464410497651901,0.002028267515302523,0.00036927252752140874,-0.0007639777139969349
2006-05-25,0.0005851644325156475,0.009043950534579978,-0.0057979147358118155,0.0024464543039421248,0.022704778649287428,0.0049293163827988234,-0.0011602052793104267
2006-05-26,0.004262106757595547,0.03789944457697651,-0.014778198558732717,-0.003736293586684681,-0.00013638256696683638,-0.0015855461397800445,-0.0009052942544035029
2006-05-29,0.006024032411130754,0.022970578135039308,0.017141025733542002,-0.00321177646166143,0.0006677174797439964,0.011184474945599487,0.008989362433583238
2006-05-30,0.0033070196398758073,0.0014803296860215894,0.004077793033511525,0.003940004672791067,-0.0006558658213098014,-0.001321819043513804,-0.007093743119290757
2006-05-31,0.001871101362885581,0.013822950311845543,0.004423232869259053,0.002646689225044386,-0.013178538321389127,-0.008538464589642924,-0.006661099574362349
2006-06-01,0.00204353951191025,0.001766482666788329,0.014270966558745614,-0.00583163450343617,-0.006776659925516296,0.004861258230401635,0.006963303055718111
2006-06-02,0.003193694057254864,0.022893577610555594,-0.002176967045332244,0.004012717987608404,0.000161160540718626,-0.008209219930884953,0.005990914725832558
2006-06-05,-0.0017573737723654665,-0.0029235219802456395,0.0010137830524223534,0.0034158638668867897,0.004268076570713103,-0.003676209393504037,0.01601809536543542
2006-06-06,0.004574136229963091,0.009438605854302893,-0.0014344925666981943,0.004893032424564469,0.003177190972761192,0.003619432908307866,-0.012147243818463684
2006-06-07,-0.0017948894224319222,-0.003608920117436306,0.008246930406402305,0.001062084959490128,0.014897957176913947,0.0022711086207537526,0.016601947029373593
2006-06-08,0.004632550020817326,0.015048349737886007,0.009990983866691247,0.015177976920409038,0.0034281820849965706,-0.010976112716181579,-0.005397958261117696
2006-06-09,-0.00048782012197183533,0.015377876339930286,-0.0069948300670334695,0.008850873700300417,0.0037877479924448136,0.0063109268885846665,-0.010988313305286799
2006-06-12,0.0037318864946911836,0.010230230406398783,-0.010692062880906345,-0.0016187501966200956,-0.006776327989704979,0.0019068913284003817,0.005362876292098212
2006-06-13,-0.0011199665502451479,-0.016621733339506995,0.004507221575640815,-0.005287700943789254,0.0032851983319330323,0.004415078012926721,0.003052261536233766
2006-06-14,-0.0008985585408769475,-0.012603721754001896,0.009706096234041471,-0.004627058125613001,0.03141558762390847,0.005992761734631641,-0.0033662417970000517
2006-06-15,0.004870731454056681,-0.0033545607125527806,0.00999833373365713,0.006612736912559889,0.0033547863789324386,-0.006052920271843124,-0.01490307160319473
2006-06-16,-0.0019028735375420421,0.004274550519608148,-0.006469558082371581,-0.007836841330424196,-0.0016596809817394698,-0.016192276949600307,0.0004720635113396432
2006-06-19,-0.0007509275495944986,-0.008288425554270153,0.01394666483978658,-0.0028519434938507238,0.00039222621436157924,0.001262507130776198,0.0014778237758506353
2006-06-20,-0.002013266933146642,-0.0009124326923979726,0.023524834784585526,0.004869059706881399,-0.000161222108279603,0.00951343326227321,-0.009371842254016658
2006-06-21,-0.006018004583337325,0.005393069348337535,-0.013724959078431648,-0.003111303897898399,-0.005000958907362414,-0.010034767314901464,-0.000332777059798969
2006-06-22,0.0028389540608486697,0.012335309684353988,-0.008859333884277731,0.006682766106957157,0.005096073171428209,0.0013776751523159859,0.008600853475859269
2006-06-23,0.00020632408654998744,-0.00763199192864503,0.011995716010525282,0.008965320843378274,0.029709504350999574,-0.004658936013950808,0.004022024463225288
2006-06-26,-0.002406951488170549,-0.002197048442756219,0.014400791733137911,-0.0020102228250822715,0.0008117104583185229,0.0049284949742104825,-0.0057019892896600245
2006-06-27,0.0024925339193231197,-0.0072769513733055066,-0.0008641364866513012,-0.007568642325970089,-0.004533921421593552,-0.007259301911705723,0.005110480090862332
2006-06-28,-0.0013092281658702038,0.005913312074836536,-0.006331768481914884,0.002155115124955912,-0.0034763519618499403,0.010971566578459255,0.007190133412245134
2006-06-29,-0.0023809760159557445,-0.009991863257972801,-0.004521327250164319,0.001084004650246243,-0.009520292379205554,0.009947493959340513,0.00019834418387088747
2006-06-30,0.0036202029562311614,0.005990170227468223,0.0030419669780492337,-0.0030533963252468953,0.0011245645741350292,-0.004094200335067932,0.010348608752460403
2006-07-03,-0.00279192889684327,-0.0005470650736132601,-0.010014524599066314,0.005448960303839402,0.01608437341265753,-0.0011924036816850084,-0.007689067472822878
2006-07-04,0.005639089533576547,-0.0005714094918749699,-0.0007103445395486136,0.0011906321374619275,-0.01619992184519696,0.0012837500404588816,0.0036856207107110292
2006-07-05,0.0001295280226880407,-0.003844432013139009,-0.0015735712826083976,0.0005735034412150038,0.007329729806566689,-0.007977703766662158,0.0007380449492643041
2006-07-06,-0.0011053282714534778,-0.0055241179463952714,0.008355846608661234,0.012303033274506176,-0.00030843702829929135,-0.0052526693565723434,-0.0008276153559531722
2006-07-07,-0.005609374477970187,-0.000503132539153898,-0.0006312643862322826,0.00039342996764264314,-0.00923544709278448,0.01240351021623347,-0.007068839727664529
2006-07-10,0.00241400721693372,-0.015260746880098769,-0.006554253088979389,0.004518869825166641,0.0053702287184727,-0.00860036658704632,-0.00712711655299543
2006-07-11,0.001958789555491275,0.0010044412376934582,-0.0027097168451649294,0.0014533853026133781,-0.01929904920537421,0.003550103992242075,-0.009730627787812288
2006-07-12,0.001214148887854132,0.009131969449412464,-0.0008677742653224767,0.0020024876878199324,-0.005766799665817576,0.004223802932770568,-0.008465516595454485
2006-07-13,-0.008688148206289187,-0.009242533699088031,-0.007384208172365574,-0.0022454109333064094,-0.005190128619295445,-0.0023809890080207434,-0.005409470859644684
2006-07-14,0.00828980327216998,0.00857111053411156,0.005411330180889379,-0.0002282896795246163,0.003053511765863037,-0.00617198864242494,0.008023226424314472
2006-07-17,-0.003174594552347313,-0.0017820691153342743,0.00012989750423747566,0.0015823901237145604,-0.005014405136836224,-0.006953911108817204,0.008403386787355298
2006-07-18,-0.003921289535769624,0.0008893146581723109,0.004503698983612973,0.0017685598546136742,-0.013588084761904509,-0.00089975718985691,0.002849335629813366
2006-07-19,0.0021497577486069867,0.004703340831252176,0.0014592476822929492,0.0006759405198818437,0.00145232414022084,-0.005079732143220068,0.003935817935062126
2006-07-20,-0.003522771993686974,-0.0028641150294088586,0.003614889707819246,-0.00486656817243159,0.010069266470604427,-0.011963764614226794,0.004599865318344014
2006-07-21,0.0023076893487336985,0.0016839923457627212,-0.0014972420657591808,0.010358269182018905,-0.007073842982761953,-0.004910105009004024,-0.001276149000200531
2006-07-24,-0.002968652778514799,-0.0038409334376057697,0.000508885401900368,-0.006342474749372298,0.006659547312071228,-0.002744805077091104,0.0011948380814877215
2006-07-25,0.0009838069517299883,0.012601612322897528,-0.005602096039638184,-0.004459976450388779,-0.0027692891824885207,0.007813107840452686,-0.002195785309352152
2006-07-26,0.004311658457232397,0.006439244542733109,-0.0013531723845457535,-0.0005814622522314805,0.023477687488877297,-0.002279515135135939,0.008806758033814432
2006-07-27,-7.847870984159797e-06,0.01377554369767786,-0.00140283293195058,0.004389481868932933,0.004970902992693137,0.006246116296726929,0.0032681618283962404
2006-07-28,-0.0018167443732251033,-0.0027472564604504187,-0.006575639884249384,0.004596425299123299,-0.014859676912244888,0.0007938927597549177,0.003326740919128263
2006-07-31,0.001910849026712483,-0.012652951303645816,0.0022635955671770226,0.0003088296108568143,-0.01222817544885759,0.010998747318543724,-0.0025037284903640274
2006-08-01,0.005138494068940838,-0.0028012049006269496,0.008118427828251583,0.0026659731097549073,-0.00833107894645845,-0.0023291404449280254,-0.006035330987995836
2006-08-02,1.4086825101912379e-05,-0.009762527271759028,0.0031434928466537635,0.008385092037218347,0.0016578693208179043,-0.003094063691265638,0.004688732641374833
2006-08-03,-0.0019741957388727804,0.013712588025750639,-0.0004097967302758985,0.004063379087796331,-0.010292200891416131,0.006859017928486639,0.011797739864954533
2006-08-04,0.004033302789702359,-0.011301854147080688,-0.007940934374157268,-0.0009331191325338616,-0.0016701050703327174,-0.00966065466766083,0.0044167045647221575
2006-08-07,0.0045988741047011915,0.0034399460568713355,0.00268704001536335,-0.0014830730223948526,0.008944697104377284,-0.013453930753177832,-0.0019181103256489668
2006-08-08,0.003630884005567708,0.003692849498388176,0.006349404241744189,0.0012167944110208445,-0.016055713295925197,0.01292609143894378,-0.005394035637246898
2006-08-09,-0.0033365997395904826,-0.01645928730988639,-0.0010672517528851227,0.0021458376693423236,-0.013145388373508246,0.016338434976897426,0.004511446083533735
2006-08-10,-0.003828666757969198,-0.0029565019149967653,0.000907062884089766,-0.002784102037012725,0.011899171832485641,0.0014064880439635143,0.004740350650769756
2006-08-11,-0.003368050318437388,0.008259326329151107,-0.0020307001491407847,-0.00017832014727054893,-0.0016845799369126246,-0.006683904696353932,-0.004118167735861781
2006-08-14,-0.005335398407778569,0.005223643849195959,0.0077457434952616176,0.009032876647391592,0.0033948919920225936,0.01375911269753069,-0.002219112812669629
2006-08-15,0.0025396592179945214,0.018569180499186554,0.01793237701806486,0.004654477270520449,0.008641377524922368,-0.011208944299781365,0.0008257634569801554
2006-08-16,-0.0024424327592322223,-0.003618441948379485,-0.0023716801346687364,0.006845868672467495,0.007993481913906968,0.005317804707813923,0.002513192312927828
2006-08-17,8.028310975193472e-07,0.007933327744762407,-0.022173721919300726,-0.008206736686139205,-0.005643448285829855,-0.02063502501733252,-0.000893770539275577
2006-08-18,0.0011081404782533548,-0.006642436757573463,-0.01828631474846006,-0.002014607205770909,-0.005197491349072416,-0.008354545451770645,-0.0033559959825675
2006-08-21,0.002628207747668536,-0.003852800838514792,-0.004789210497867709,-0.0006398784406922189,2.11766245980028e-05,0.0019389958973291483,-0.005829668446916928
2006-08-22,0.007534267049954378,-0.013985279084402523,0.01352521119402445,0.03154250446185005,0.015508365362560157,0.039724565300774575,0.0007557159197990604
2006-08-23,-0.0018787951142025187,0.00946501038653308,-0.014431348445929987,-0.016011002279758383,0.0030365678508062267,-0.00638174156534162,-0.007991363996022379
2006-08-24,0.00013634156809763396,-0.0010495685616902775,0.002610754175578628,-0.005702537735804721,0.010225116824133582,0.007263965338939326,-0.0029390897865669164
2006-08-25,4.202015637842389e-05,-0.0030753204095317907,0.01515370814867017,0.0064913426226542335,0.0050021186232058045,0.005396650626497889,0.0032208499405505346
2006-08-28,-0.004069385604544212,-0.004101738375227963,-8.503552646943661e-06,-0.01663136171469137,0.0018200471310744646,0.002007143078062948,-0.001952238248799553
2006-08-29,-0.001094467906610461,0.006011497017511344,-0.012370743992194816,-0.008915114652642234,-0.003870486916595098,0.0035310901390702186,-0.0006528570415050103
2006-08-30,0.002117492453290715,0.001234950064039142,-0.011297853557356236,-0.010941701561462087,0.006186356502676889,0.0060958749439539205,0.0031854974455099933
2006-08-31,-0.00027805408980618275,-0.0015232723479340544,0.016852226315501685,0.0009928463762918862,0.00999196898577899,-0.0008576235362393518,-0.008061406086258544
2006-09-01,-0.0004814825905566075,0.0004051546824976145,-0.002709504461277498,-0.04089098748780351,0.00967386299790703,0.0007025108943210055,0.0033035930667343525
2006-09-04,0.0006611019992117132,0.006055395992911387,0.0008586906725841396,0.004393868160193805,-0.007153508452089836,-0.0173652116454398,-0.005153646527379207
2006-09-05,0.002133805097136295,0.010839530645949148,-0.03425308191770958,-0.005956581113278651,0.005075146144548685,-0.0009495009207416008,-0.011802662269504537
2006-09-06,0.0014498384696085397,-0.009766387280661686,-0.011680404091325048,-0.0041448478770105416,0.006161825286866911,0.009807495641669316,-0.003270028608204344
2006-09-07,0.0015882147845908369,0.016461545018946897,-0.004261287518010824,0.009552636094864096,0.001998269084681896,-0.006314016715725438,0.0019529522066721325
2006-09-08,-0.0011242982692686524,0.0005144539101351718,0.009135263373051096,-0.009665426171779692,0.0022635844296514346,-0.012584925474616374,0.007040974950078778
2006-09-11,0.004938508510795264,0.007995600591670027,0.0057299509608866196,-0.007954793475081831,-0.013932470290327974,0.0014743753389136742,0.0024967180030302134
2006-09-12,-0.00021428730839091132,0.004197504232066203,0.0004921209404011233,0.0029536965746758577,-0.00042313051132770367,-0.002438939238179403,0.009330298000953054
2006-09-13,0.0110256935363324,-0.011274396736165027,-0.01652990204723271,0.008760554737994855,0.0037191227741539,-0.00724360983974478,-4.727947990260211e-05
2006-09-14,0.004818988317001776,0.007071123447345613,-0.012131190070879152,0.003775296116304894,-0.025239247322517113,-0.00987715978796896,-0.008080625072139526
2006-09-15,0.004582340153723806,0.0017380200254012719,-0.0002736424835515924,-0.016267215734925906,0.0014329975193030822,-0.00872236429141187,0.0026222401202345893
2006-09-18,-0.001772805001748625,-0.00047975339887073123,-0.013313501684674435,-0.02611439883488765,0.01551704743946223,-0.01450341951355836,0.001911275535226254
2006-09-19,-0.006821037290014081,-0.003607238386315651,-0.004641648142616349,-0.008142406430505547,0.0023378872459813376,-0.004984357830093063,-0.0012949494384236842
2006-09-20,0.009754429934923156,0.0008046442690519294,-0.02347406914450803,-0.018412868287937097,0.006409869899262531,-0.004532419241387651,-0.007287822552807844
2006-09-21,-0.006773525345697601,-0.005131546727894533,-0.011510100291802786,-0.017753407307572508,-0.0026170626420603214,-0.00022297778420016923,-0.0030594811622481287
2006-09-22,0.0018412824401218028,-0.0004047846141111358,0.0076548976996636785,0.022080766536323113,-0.004274448123125846,0.007737201665371287,-0.0015958619037218648
2006-09-25,0.0029675820873019563,0.006002869013025564,0.012523347162411484,-0.011657508451066704,0.004213585420867402,-0.008808213447157976,0.000994629982232927
2006-09-26,-0.0009188721178930733,-0.00026594305575934,-0.021600934614280382,0.007322395568367843,0.002551074087485923,0.000755429996730534,-0.0016334667692951702
2006-09-27,0.0021849277932864744,0.0036342450029563773,-0.0009108239564302723,0.0022553373086413057,-0.004483823482334319,0.0017874704616219583,0.0007852411616602448
2006-09-28,-0.0009563668555463322,-0.017734589750883555,0.003660999512923065,-0.001971061079421609,0.004646527535146524,-0.004786916378310314,0.007500838492130106
2006-09-29,0.0014901769970484956,0.006317374632668144,-0.01086451079724604,-0.0018440169983070646,0.0002630182198651288,0.0038230914106341996,-0.003835631822586759
2006-10-02,0.001413424956628483,-0.008411296200278248,0.0008327258325406163,0.0298490480593073,-0.005243676000765753,0.010140407314367848,0.002609292943501195
2006-10-03,-0.0006683234099390037,0.002604180813581641,-0.0061969247402976465,0.00775914353424598,-0.00671198609872637,-0.00405508954181156,0.00686322509007187
2006-10-04,0.0071389832614450754,-0.005140848524408005,7.724854432601853e-06,-0.003628442091367113,-0.004649971403514638,-0.005040006199961488,-0.004935710702964595
2006-10-05,-0.0014320714000967778,0.007803789412019405,0.03266039136326084,0.0042035032008245635,-0.003044930363850875,0.00908196097340833,0.0028627479817615086
2006-10-06,0.0038920427825068736,-0.000494038278585401,-0.003928830323883706,0.0027380063776192,7.516288446997896e-05,-0.0014752787370157859,0.005551572298885918
2006-10-09,0.006189725663293109,-0.0004858634908071633,0.007209959561876644,-0.010561355860944349,-0.010016904521227096,-0.008676714066348621,-0.00777525960139247
2006-10-10,0.004752425409506526,-0.00950701033840402,-0.02001433183156205,-0.01065876277145953,0.0008719111487610772,0.0011074735001113682,0.004965890795087876
2006-10-11,0.004506931710142965,-0.005211763627902257,-0.00322990970323728,0.008837364935963704,0.003923852733869762,0.003908571509528654,0.000643574452632231
2006-10-12,-0.005418853055717217,0.0008538556350155661,-0.03354193681839313,-0.00287572830397388,-0.0007253073716074946,-0.018011062402904503,0.01258744411688457
2006-10-13,0.001868318289028853,-0.011000818115865115,0.01654542370324923,-0.0013339746863145932,-0.004103077661755882,-0.003765421561048868,0.00730281086260924
2006-10-16,0.0024512246468501885,0.008218029775532622,-0.006671853068326924,0.004823299272498409,0.009598764498057409,0.0012635854408708004,0.00632710768316084
2006-10-17,4.063980922815913e-05,0.008509075105211912,0.027479062580963873,0.010576823391030391,-0.008660361938226021,0.000498341785954487,0.004968330495611935
2006-10-18,-4.403556663057811e-05,0.002919178993003764,-0.009343267928465607,-0.008938093930856395,0.001359811759438133,-0.025813045873600327,0.006957977472642327
2006-10-19,-0.004222752184650064,0.008191273912260159,-0.004263914134173418,0.008065186095723969,0.004922820741562361,-0.005293409558021389,-0.0007513893069253371
2006-10-20,0.002266527174791511,0.010029280817221287,-0.004972405268575676,-0.004342774201153355,0.002033991061085687,0.005303186036477443,-0.003966996631111169
2006-10-23,-0.003539748086335983,0.0029443230539251196,0.053820509686132424,0.01799305437176551,0.008163638040911553,-0.005085478460168724,0.0012990866632006351
2006-10-24,-0.0011574501509929787,0.008821212444685065,-0.0039421266972520805,0.0016579052325998319,0.027822774613454684,0.005727023643306452,-0.005421730158267449
2006-10-25,-0.0022866709498759173,0.00258712105620876,-0.009979740063902884,-0.006334275169749873,-0.0023050141018216195,0.012334763077522922,-0.009939937967823453
2006-10-26,-0.005719828127955617,-0.010303430823122505,-0.022903918205605223,0.0007361793232254081,0.008736140858151633,-0.003340088380041623,-0.005330669054617745
2006-10-27,0.01098363214007587,0.0033383690454896323,-0.007214509266153215,-0.0024279189275064486,0.006459004000477878,0.005685547708384079,-0.0016943905991758997
2006-10-30,0.000864578086329807,0.009361537774635746,0.015076250800103032,-0.004689617286221229,0.0240001850975951,0.010991234879227854,0.0018284627546263747
2006-10-31,0.00415036209432172,-0.0059345485464747105,-0.00630256396099769,0.009627715770305318,0.0014854543863612089,-0.011639467471945447,-0.007134405462773336
2006-11-01,-0.005111277644070732,0.0052385044229997756,0.0009444789576855643,0.0068567488569079935,0.003879625214408572,-0.001821068083516101,-0.004566404353594704
2006-11-02,0.0022334504855230585,-0.01880337058505786,0.006736263551791086,-0.012012229624255018,0.0026489400530929595,0.009319200739142238,0.010216324355901219
2006-11-03,-0.008673656173382236,-0.004613072916931077,-0.004945331653495966,0.002563556895420729,-0.0058038894905267655,0.00834044025038952,0.007922480894664267
2006-11-06,0.0054467594966515305,-0.0019887032200892113,-0.006023023271214133,-0.005251040096794639,-0.008115338865439853,0.0017729340250624344,0.005783419536878185
2006-11-07,-0.002256212174755174,0.0030662288076543347,-0.00505022175134068,0.006198000478665495,0.004855078712505787,0.015861962946243563,0.006161939304122027
2006-11-08,0.006187838712937183,-0.009853752701946663,0.026577382727742453,0.002806676235105637,-0.0006482149564063267,-0.005637175278008158,0.00917006567848601
2006-11-09,0.0037524131866344393,-0.002393329380933819,-0.012444372766509615,0.005236235489451218,-0.012788930689701904,-0.0015284654696143772,-0.007395625194576864
2006-11-10,0.0075748138266186725,0.008253624563881316,0.008551283532263131,0.0028640144295266805,0.00026435517786975774,-0.010688690528328746,0.003290284813394105
2006-11-13,-0.0013414696337087917,-0.009768973275245492,-0.009348805877592486,0.003430219262832609,0.022382336143849102,0.0046773098248075445,0.014889528868850215
2006-11-14,0.0007229101676414383,0.0009817954468455462,0.00985075460247316,0.0038450637346976266,-0.0025368666621901764,-0.009681646253548844,-0.0013548449673522435
2006-11-15,-0.0009374339942081693,-0.00282009065061492,-0.003528500094414927,0.008261507881622315,0.00759071733005632,0.0009127593448504999,0.00721998979071896
2006-11-16,-0.0014895453643540139,-0.006008678317069573,0.005095768181048354,-0.0029934044596312713,0.017088160983854007,-0.013845533056247101,0.008179173490159277
2006-11-17,-0.002128136970974015,-0.00017922867822327938,-0.00942570476184817,-0.0035212733713158115,0.0014132951704449294,0.0011952274983250682,0.002472355935522824
2006-11-20,-3.627955103262203e-05,0.010641521133957794,-0.00010278467057568662,0.0046259313204641715,0.00895445221203599,0.01587921697478044,0.004854766329778024
2006-11-21,0.0032666693312986108,-0.0041906026648827815,0.008087462142877488,-0.0005013329778663102,0.007477211461997765,0.0019153161699074445,0.007531828222491628
2006-11-22,-0.001391931067318217,0.0022024902706691014,-0.005436516024045271,-0.004694487808135969,0.00932042386891296,0.011437988451516947,0.004840651823165872
2006-11-23,0.002969423096699227,0.012246622521217772,-0.015786755258554736,-0.0016538949574664288,0.00715674742908432,0.002790100653204885,0.0018647622278571206
2006-11-24,0.008358688735595077,-0.0014712560458836604,-0.006536537681051325,0.0010343182792143942,0.0005951566426105927,0.010277169977392378,-0.0003924400830203644
2006-11-27,0.00014656834457500126,0.013401492185385777,0.009639032427108977,-7.699729128166839e-05,0.0021644591043284804,-0.023269360711093034,0.0013501185846634086
2006-11-28,0.006596583905357102,0.004801275184592157,-0.012045248144057927,0.0007738048574107395,0.008680196723646248,0.0026359542235035107,0.007899388599989543
2006-11-29,-0.0014006805819681022,0.004192322829887091,0.005042883225220507,0.0037023176549420573,-0.008029113685117809,0.008991701096610922,-0.0029749351961659083
2006-11-30,0.001853248223332182,-0.002366358035285239,0.006987336818333914,0.004265075837808277,-0.04437498422495891,-0.0008793365001248932,0.0025334181442726784
2006-12-01,0.0028350153973351715,-0.005608720598417039,0.011246420373297684,0.003466031639412387,-0.023446533540198364,0.014983219564664309,-7.060478457811331e-05
2006-12-04,0.0006388199065031075,-0.006421774225126269,-0.010904341043715056,-0.005440471517778562,-0.006279924685753846,0.009812765453678408,-0.0030208278299104947
2006-12-05,-0.0034838907839399914,0.0007397204520102669,0.005411106237490277,-0.004457163929084021,-0.021339002895191975,-0.010185528342550144,0.0015808841421039704
2006-12-06,-0.002341884600078022,0.0019825679664081178,-0.00033172438487110784,-0.0035075610531664567,0.008312172332768698,0.0002069742496059137,0.004785557937079564
2006-12-07,-2.7624443645541475e-05,-0.003234046658024063,0.01791076197087266,-0.009428883389442196,0.0383237747235912,-0.0002895859241540531,-0.0013429789227491636
2006-12-08,-0.006796052401755264,0.009199862191539334,-0.01210735963511665,0.004415578907782063,-0.0016908930703981152,0.005520620647065865,-0.015219210840735183
2006-12-11,0.010782284834832725,-0.001849699566553994,-0.0017316515378312121,0.00861753396088704,0.011104919883426859,0.006544496791630789,-0.002050850427093823
2006-12-12,0.00622319540832713,0.0054308570664733736,0.01888260816064863,-0.0017575349332376155,0.009459783754583676,-0.007325463444543807,-0.013443173042399587
2006-12-13,-0.0011136980240982215,0.0015809395833807276,0.0053905671870760835,-0.0025445786590107657,-0.025416907856046278,0.004164355452640775,0.003393079868758763
2006-12-14,0.00013017676932672908,0.0025091218480166907,0.012013517349767914,-0.007193378942251008,0.0007407885618782462,-0.011206395817741724,0.000244528548396598
2006-12-15,-0.002236341566468413,-0.0006227152370924991,0.004617493543673214,0.009509819188178162,0.021564083234027576,0.0017048903704816587,0.006174555724312449
2006-12-18,0.0026889000402299107,-0.0038700739521680886,0.007186812248109493,0.0019088872384321663,0.009906283281976399,-0.011640316177683097,0.0047355816290110585
2006-12-19,0.006299010788962921,-0.0015415389747869615,0.0023937959632549673,-0.011518632387941591,-0.012439203898546568,0.012549033935922417,-0.007981480099346147
2006-12-20,0.0037766696032415677,0.003025853180160254,0.008932824222206684,0.0016732389208991148,-0.01568777473805675,-0.001478317705015638,-0.02159743347989543
2006-12-21,0.0026676474419423477,-0.0013942576968713034,0.00039919841497231624,0.0006546533236822582,-0.02343168282879734,0.003443866925558814,0.00958400984233618
2006-12-22,-0.00760412838397776,0.0030307078560838662,0.005685878876489481,0.0013913704325707822,-0.011549484293441324,0.00765444161233205,-0.013519278564481471
2006-12-25,-0.005168102194582901,0.005232806036325125,0.0023809992871584463,-0.007249978827623257,-0.012451979955975565,-0.008429867241883214,-0.011447172652839134
2006-12-26,0.009246505565125894,-0.008436996191397483,0.007829269011802262,0.01091344600930634,-0.025341875916508202,-0.013263737299565643,-0.018534800227835747
2006-12-27,0.004900717975455296,0.0067664173081699985,0.00035767738071348703,0.003974561514212378,0.00965973280976836,0.006456150470770979,0.028161616068940694
2006-12-28,-0.000747357911960038,0.006885863352357992,-0.0022051038226030078,-0.00649618164051894,-0.0234604815062251,-0.01347044611605685,0.02780513167781699
2006-12-29,0.0029291687111853565,-0.0013768897922084148,0.0085538924631311,-0.001454091571992423,0.008474382910156472,0.0007821502615456278,-0.00804587466399553
2007-01-01,0.006576073293086208,-0.005727369888875391,-0.004018263679803639,-0.003263679035397205,-0.01566430785653328,0.013516806723125717,-0.001091761303811633
2007-01-02,0.0010307411307525168,0.000725434245092629,0.003986903888543735,-0.007181592313282257,0.0033953745291500485,0.0006924232115740725,0.015999567596503783
2007-01-03,0.009053828174875883,0.021296306468517594,-0.0007725692632707283,-0.01337409820728201,-0.004780807496373932,0.00561678373312019,0.008852291780582066
2007-01-04,0.001350514283440425,0.011104786784084556,-0.007369452956983675,0.007185852078433368,0.015228134852843949,-0.010785835680836757,0.002622667191119866
2007-01-05,-0.0026814800279818104,0.001610794546531989,-0.0018795423609231237,-0.0046665927779239395,-0.008497843087653322,-0.001241436605761654,-0.03216859037281514
2007-01-08,-0.0023104612711727936,-0.002759965196503382,-0.001256328788645724,0.009116636243422023,-0.0038321246021846664,-0.0015025176813505507,-0.015449854142920036
2007-01-09,0.0038285523954187774,0.003404866595455606,0.0033290701667124164,0.0024162147827446294,0.014793209413730033,-0.008532282075792668,0.003854669483517015
2007-01-10,0.0015820244276339927,0.018251772130804752,0.007658555715740169,2.154822298439647e-06,0.010401676905525382,-0.004001882107556478,0.0052411462731917135
2007-01-11,0.0012615219996927754,0.005654544600049517,-0.005404162678562485,-0.00801036469659529,-0.01492830412624262,-0.0011826398469843118,0.028040919626063133
2007-01-12,-0.0006783481160709421,0.0021282929096625683,-0.0041514329741333894,0.01691547602777373,-0.0009145191314088396,0.004356753126232995,-0.02029553562031774
2007-01-15,-0.005810268264180899,-0.0004254282266513457,0.007858735386928998,0.0004589533106543532,-0.012153013650767215,-0.001500144868570491,-0.007582444103591414
2007-01-16,0.0023696937843560193,-0.003758274751174248,0.015170031700000393,0.0020628699633071963,0.0037746777946710158,-0.03285729865784064,-0.04249252449935266
2007-01-17,0.010980915577443122,-0.009513828970352042,0.0008409316981117922,-0.001977281885744116,0.001891858362039808,-0.01715329224973332,-0.01275448501092489
2007-01-18,-0.004689128274922241,0.007904017231316809,0.00026423290135991833,0.00333569620533145,-0.017315199042584075,0.0473395438606445,-0.02227389868665506
2007-01-19,-0.004425318262343902,-7.829762455725109e-05,0.00219217806465554,-0.007188223857294547,-0.002805683985552121,0.021799504965338546,-0.002494052271071432
2007-01-22,-0.0021436195929221257,-0.008305186807697179,0.009878462050208205,-0.0019026946526645551,-0.004258369830480059,0.047267667642473664,0.002000986588981643
2007-01-23,0.003528911390663668,0.005769806537313317,-0.004168333689817891,-0.0011395503513807884,0.009382213510427473,0.014565420630637206,-0.024474049646176492
2007-01-24,-0.015956056745296515,0.004700938810994777,-0.002338072143897909,-0.003939289551831294,0.027702263931330778,0.035284773635453306,0.0019927368574003583
2007-01-25,0.0015111822661043428,0.005437549547473041,-0.004951122826819216,0.004560807597576991,-0.0007748602239594097,0.035928161334863776,-0.005847507721325552
2007-01-26,-0.0002164044023179336,-0.0016973410045162168,0.0023231210286375524,-0.012567648775102814,0.017689518737478507,-0.016499653200824645,-0.0007925018437086005
2007-01-29,0.002810432379877079,-0.0032166709427122173,0.0033564494052137177,-0.0025703462987464935,-0.01142189680698539,0.0003258879481064555,-0.0071339025544973605
2007-01-30,0.001490036396367304,0.0007392090986656975,-0.004514374624306233,-0.01434110854983138,0.0012370962466537665,-0.025879830119579988,0.011489387734019163
2007-01-31,0.004410776390925678,-0.0009605612935185754,-0.0041791737403186514,0.007714921066566216,0.006146841803612798,0.035448286445304476,0.007330065879257217
2007-02-01,-0.008851127311534649,0.0030663395301175145,-0.004669482386810246,-0.011623893956660874,-0.013625416382545599,0.00980377109900214,-0.032675501689339165
2007-02-02,0.00470967365987831,-0.004999051680252811,-0.0008258082747092733,-0.0042696066216434585,-0.005157181989688773,0.006049936244659562,-0.011753254736204219
2007-02-05,0.0007392849893176626,-0.0012820721793947013,-0.002038767825613456,0.010897475727661693,-0.01124879051188089,0.00836048300136201,0.00014379175001703981
2007-02-06,-0.013694376134341487,-0.0025980313539956733,-0.010487440430110523,-0.0007572649448439467,0.004719697686767539,-0.009086179575620117,-0.0054101309231456675
2007-02-07,0.005395461516298973,0.005298378993744644,-0.0015342403598932516,0.01313553020396082,-0.023058106243655424,-0.00976011449953502,-0.019871465566359887
2007-02-08,-0.00786788151366309,0.015651843453383593,-0.006519852397563216,-0.0056590125967427105,0.004476866520176042,-0.008124233892893181,-0.04291752021457539
2007-02-09,-0.00583820062365608,0.0016447963540295722,-0.00785641407179223,0.00885456903566167,0.016979791163971678,0.002541665577544142,-0.009150668242787204
2007-02-12,-0.010365451965649903,0.008866420864415617,-0.003462757991817671,-0.00860142954292272,-0.0035561899312464475,0.004682182216933908,0.005584351229959622
2007-02-13,-0.0019343735091759615,-0.002779604227235634,-0.018760072651622748,-0.008456112013242974,-0.00846477806558438,0.0029339596452536954,0.023119066009934745
2007-02-14,0.00524571419596232,-0.003097187254375001,0.014508922258286747,-0.005273211499215376,-0.0373016842539294,0.008446428791662672,0.006135651960467388
2007-02-15,-0.008781285280835303,0.006897492874706704,-0.00658613829714847,-0.008795621922131711,0.0037202815603159865,0.005806874898533746,-0.016587442333039045
2007-02-16,-0.00023697159243603238,-0.016808723623349026,-0.0015998825793079525,-0.0014972344089390001,0.01984119799849883,0.008293582295897104,-0.01235384797253495
2007-02-19,-0.0022256356172140326,-0.002517497990858389,0.0015900438696556272,0.0027657243793300693,0.008230005625213529,0.00025242040414589454,-0.02129970866396117
2007-02-20,0.0013108185993724215,0.013078392377868108,0.0002675255987255485,-0.010001457946932704,0.004650381688408651,0.0017492329286632347,-0.009976701719895604
2007-02-21,-0.004934582776561721,-0.005087314160895946,-0.004445679225841401,-0.010476388699502596,0.011772343389989833,-0.0011914248740313687,-0.01636447114440103
2007-02-22,0.0013825216169721503,0.00869825576125904,-0.01363073457472818,-0.007469163593039984,-0.00013775459306222118,-0.006982408385746381,0.018950835919316344
2007-02-23,-0.011630452229088093,0.003482902986839214,-0.0006052032323777744,-0.0035565395292377687,-0.0022361391629015337,0.006163686652858808,-0.01766187940248719
2007-02-26,-0.013512075099047482,-0.004110544540694182,-0.008245131180764637,0.006636098919876974,0.012984835853393911,-0.0028351820198225567,-0.00576394539929835
2007-02-27,-0.0037733518381051294,-0.0013981152709634237,-0.002307148071007021,0.006649418782838868,-0.010105393287644539,0.0049930600409480285,0.004046256387673551
2007-02-28,-0.003138226299973352,-0.0029787020523075205,-0.007143218477737391,0.004569653119977701,0.019215030173409628,0.010573163535696017,-0.00605473486523778
2007-03-01,-0.00597611485880197,-0.01726276399621705,0.0013153359170329042,0.008996022392353599,0.002513512693966905,0.005501930680290747,0.01205424822402979
2007-03-02,0.0023818173532282596,0.007031874935602689,0.010746170034240212,-0.0058622607445375395,-8.364597350849063e-05,-0.008885887210221937,-0.001123643419440114
2007-03-05,0.020116569225212617,-0.005870840758271687,0.004220468611455663,0.0014145387329183082,0.00010066526507475375,0.018571175815491635,0.00037661691711585415
2007-03-06,-0.012558661719297577,0.0008116276431070123,0.0026090691888907887,-0.0020828711621217644,0.009275962272042158,0.00569061538222754,0.005310939431631622
2007-03-07,-0.0013428144437995883,0.0007038754437537827,-0.010058503629423433,0.00688895511120693,-0.004774601590724087,0.0021859453972890774,-0.006399222984957703
2007-03-08,-0.010086849888408791,0.006705735859833623,-0.013346750690988795,-0.0011670587758176375,-0.008729110433895713,-0.0023639631781789375,-0.001052305049526549
2007-03-09,0.0005028728858515995,-0.004456756435807569,-0.008307792452091853,0.0025908397814893413,0.00041225485290845017,0.002123674404131024,-0.011813782794836112
2007-03-12,0.005049226955238194,0.003125869983841129,-0.019007025122803483,-0.006354783913373382,0.016141974423670942,-0.000684177213466802,-0.004780324702250157
2007-03-13,0.002121742436278514,-0.005683380763891838,0.01454155655701046,-0.006236382010324948,0.008259602927798907,0.0047300657040169345,-0.004157430349653038
2007-03-14,-0.0013855733850764134,0.004617209679085297,-0.013988877576068938,-0.0017445999510538512,-0.0008704100477405336,-0.0008376974780084711,0.00012576088433934154
2007-03-15,0.0042384839833360935,-0.016044657370175158,-0.014801605963333977,-0.003717255015540151,-0.0016565037120352026,-0.005907214123896022,0.00915544926499034
2007-03-16,-0.0041302999931964275,0.014139441277689175,0.005859627933800905,-0.003928847072928478,0.0036494215207428246,-0.004881187665626358,-0.0007978015586491121
2007-03-19,-0.001261378602584391,0.003842300444812555,0.002547968339924626,0.004657549009621753,0.011387530065011628,-0.0005309829388258282,-0.0041838728697093375
2007-03-20,-0.004489005582810165,-0.009792038280488923,0.007655314986088432,-0.0026903738859020685,0.005335999236936365,0.00889548718920982,0.005997575487396999
2007-03-21,0.0034608654743778764,-0.002869985591638163,-0.00022124452031934574,-0.006200141062704527,-0.007724846998461214,-0.011107695854397942,-0.01139529285421665
2007-03-22,0.0010325447060396294,-0.0057443165260906886,-0.00750800258322305,-0.0020993641750121734,0.003102519738580393,-0.002197889828282013,0.007009637027646582
2007-03-23,-0.0039012841852591913,0.01954276747325963,-0.007971814930126386,-0.004072635510792307,-0.011885399245697398,-0.0016711792963297917,0.014757118878319058
2007-03-26,0.0023358891190835506,0.005282287553674329,-0.011153021023878041,0.0016577092374774364,-0.004768666979201005,-0.002072113648323732,-0.001641442478809364
2007-03-27,-0.006742375625551198,-0.011531127016764783,0.03471569377000533,-0.0024251861733209624,-0.0020709219656680346,0.010195381691752456,-0.027665733089850084
2007-03-28,0.00037772013743180753,-0.014216858205283971,0.005767228913532145,0.0016832357405612238,-0.007214129254897726,-0.01146622087124533,0.01237694835365304
2007-03-29,0.0019690365462602436,0.005328421291784013,0.018100870667664647,0.00029480771309832416,-0.010375451088200389,-0.002743113376285834,-0.012411366568290597
2007-03-30,0.014735677391304745,0.012711770072711712,-0.003023346979635933,-0.012522488478332136,-0.0014789746607819802,-0.006428222760003767,-0.003933885758216907
2007-04-02,-0.0037239976274108387,0.005025717111200497,0.020438598228613585,-0.005006356496586775,-0.010025467401929411,-0.005556556517769121,0.005652729369523553
2007-04-03,-0.003435134464640801,-0.0015115757693519767,-0.0008897254752495476,0.006277932517261459,0.0008122464081630039,-0.007035955710681405,0.003345417159496671
2007-04-04,-0.0007099725183979313,-0.0014567454970456557,-0.0043734237931419406,-0.0028041359476889648,0.009338885284432991,-0.013265218968373611,-0.003679226784862913
2007-04-05,-0.005653476151746143,-0.02631569458892894,0.0030598192606719975,-0.00811443228243028,0.000566780739379029,-0.008225646221403909,0.0026787331268182833
2007-04-06,-0.004659745207181417,-0.008750785907753085,-0.016619277839695506,-0.0051839619867372014,-0.007797576038432126,0.007650207338833164,0.013358190453392902
2007-04-09,0.0019921406454085177,-0.00412424785093264,-0.0054633728667301575,0.009368506292000723,0.004330042927429014,-0.026962404530053316,0.009401866472877874
2007-04-10,4.7854525916266306e-06,0.011403684490181532,0.013512375924885231,-0.005544102473663727,-0.03331258427960383,0.009132798522711162,-0.00228497511121521
2007-04-11,-0.0007851849394225335,-0.00016453358604634892,-0.024760977461330196,0.012886790674143079,0.02105103854255395,-0.004698110797212618,-0.004875005655244439
2007-04-12,-0.014836626434090233,0.0084570652050502,-0.016443832458932592,0.0009174755285402039,-0.01071759147704391,-0.0007708115284445792,0.007570327331454746
2007-04-13,-0.0003226321609712077,-0.019265494526856716,-0.007723944295111049,-0.0017035050357351133,0.016438287438100063,0.027171327237199276,-0.0008063761798942057
2007-04-16,0.004696808787198937,-0.040705099649062326,0.00010196894673887952,0.002519882653329506,-0.004362126322875297,-0.0009599521891293666,-0.0016079527085447389
2007-04-17,0.0020574448895027435,-0.022321332084030386,0.03821308110746451,0.006251150192140325,-0.0019864464790301756,0.005228117156503997,0.014273930662972582
2007-04-18,-0.007222631996399691,7.866958218473314e-05,-0.009037252923484207,-0.002806326094874333,-0.004071516498711978,0.004010073831727343,0.00011389378769693749
2007-04-19,0.014220487447769135,-0.01564583379976013,0.0028152749422068442,0.0027105910250346636,0.0006523930359420365,0.0014551455425707567,0.009628191586288375
2007-04-20,-0.009506465006877478,-0.0299882823674569,-0.02136532302303529,0.0055485766251513165,0.0009062396933750438,0.00038329176160899615,0.002446010625076839
2007-04-23,-0.008972521914124282,0.012454198229899264,-0.010777307423409396,-0.001461276780250414,0.011332751845573617,0.020985410385479807,0.009083922722446463
2007-04-24,-0.00235466694219606,-0.00810666751070246,-0.009351298785554163,0.010360234498094149,0.0012225025329364184,0.001277916795959155,0.00015768113686392187
2007-04-25,0.001505687217929465,0.015573012222240777,-0.0094343303416357,0.002784181658929969,0.0019056422121527183,-0.002418320607557883,0.005603099091945158
2007-04-26,0.0059251107396295554,0.02071075441574959,-0.005934050744098518,-0.0066097557955355915,-0.006576855867565241,-0.005046691193005014,6.876675223918007e-05
2007-04-27,-0.009897157746304569,-0.005132912189774877,-0.0013819592368449268,0.003358442212219198,-0.007685514305982056,-0.013317547515883207,-0.003202352984558857
2007-04-30,0.003639700129510599,0.012219992282684354,-0.0010106221735979076,-0.004168665918680962,0.0007490077271779131,0.0012548408315469649,-0.007661038590121874
2007-05-01,-0.0024835657249404823,-0.024134534407223417,-0.012601600164333319,-0.001832388438306697,0.001348022972907163,0.01287304232702978,-0.00038933460538103184
2007-05-02,0.0005390775088933654,-0.015087189193190402,-0.013637993365734756,-0.01059034330083546,0.0028172427559569452,-0.009325493839504057,-0.0022254624099859225
2007-05-03,0.008136190274996237,-0.0005349035299796797,0.016323138108323698,-0.005434246545568165,0.0027364046252449877,-0.000883524795671679,-0.0029206306908625976
2007-05-04,-0.001499221739023594,0.006415761453631411,0.009498704419986053,-0.0029505298082009887,0.01425194071340307,0.011488418508518426,0.004078909629488025
2007-05-07,0.003370598464299659,-0.009685602402133666,0.006809222187143909,-0.012283989794035215,-0.010170363860257117,-0.007897769785844737,-0.002780442909353236
2007-05-08,0.001170644715462546,0.02976884409043988,-0.0026790074060061343,0.005767832599752281,0.0038355102944366204,-0.021416365317724843,-0.0003408740705036046
2007-05-09,0.008523472384479343,0.011393482390583437,0.012527084476208606,0.01831946160448981,0.01874307070262567,-0.015688341061510493,0.0013019059408867085
2007-05-10,0.0009951859538156458,-0.01669255886754403,-0.010519461168764838,-0.0068688878735852655,-0.010350415420795333,0.0008901319797659778,-0.007850976543944762
2007-05-11,-0.004065694349262304,0.041470359353610174,0.007595724675835171,0.00011340553815574538,0.005684951814088302,0.005070327349274823,0.0002433252340238107
2007-05-14,-0.003313086549292604,0.010277131827725895,0.004273718926651059,0.002288037759307779,-0.00881903045486774,0.010514552058341753,0.007079592107673203
2007-05-15,-0.004398772523157559,0.03705022363053872,0.003798758871549226,0.008253380195839906,0.01622745361454823,0.005853568033673553,-0.0014917147792372096
2007-05-16,-0.0015217812301928171,-0.008371919416392233,0.0013448088981000742,-0.0017166387855782565,-0.004383618613846169,0.002072781141672353,-0.01052619297322022
2007-05-17,0.0014541445220714263,-0.030839977351449784,0.006730212847021745,-0.002661038533727022,0.0032418159420464243,-0.010205742124087664,-0.0024294072182620024
2007-05-18,-0.0048391566651630686,-0.09111875766584449,-0.006705615957057837,-0.003914370698189543,-0.007359358795833938,0.010804613931350565,-0.005732100369686834
2007-05-21,-0.001901650913735593,0.03140269344365171,-0.003791491137992193,-0.008428862452747864,0.006929181723528923,0.009983479417533211,0.007377805201389009
2007-05-22,0.015547299990446501,0.06407080376968212,-0.0013305291778832676,0.0020852511759468185,-0.0042510427806607895,0.017087098540514597,-0.0061947670115162865
2007-05-23,-0.00443923459162053,-0.06890834642037987,-0.013848115194676285,-0.007505761031595942,0.0044251625070889046,0.011718394590248515,-0.0331946771301821
2007-05-24,-0.006356335959995122,0.050100564984277646,0.0007286638341810775,0.002012625204676801,0.0008794208739368567,0.01215216578455617,-0.004858223369082837
2007-05-25,-0.008968867783218133,-0.036790569312186536,0.018744327271280104,-0.0015124019784325438,-0.003924885037615215,0.007523582845986656,-0.022064240109475698
2007-05-28,0.007598386163812705,0.09274557194266915,-0.012459631054978737,-0.01618428356918337,0.002308997126333636,-0.007789875311343275,-0.011047714668433415
2007-05-29,-0.004009912253087203,0.011858690816623742,-0.00335127691586643,0.002357852792599995,0.005224175865419254,-0.005271348861408576,-0.013214465644311299
2007-05-30,-0.0050476601007964144,-0.006283481126973648,0.002109982977858158,-0.009424538573875414,-0.007425671633866235,-0.005237339754850305,0.010305200540770467
2007-05-31,0.007297673543368914,-0.009039195259203154,-0.011575702930635971,0.012508126066355174,0.0004221407893965762,-0.0026979489783637615,-0.016038402040450688
2007-06-01,0.006126329879965399,0.03068745034509396,0.0007467176425066401,0.015278536533269762,-0.005713910709243199,-0.005682311583978429,0.010756961824306185
2007-06-04,-0.0007039643458046131,-0.03791491055291369,0.0037868166593372746,-0.009957246353381372,-0.010174676967003488,0.0021604526476915985,0.0372644248355468
2007-06-05,0.002182093595053914,-0.00011291562609912362,-0.013468753274755947,0.007892399958166074,-0.002738961156366755,-0.004806559966670666,-0.0193705176573138
2007-06-06,0.0029783646853571498,-0.025604844283534996,0.008430384630028969,-0.021386799275276758,0.00026067667537684565,0.007745286801474905,0.005612476403826693
2007-06-07,0.005073355002529872,0.010597093802290262,0.012384733633338061,0.010068078204161762,-0.0043619130563329256,-0.010577413078558534,0.014863910294522479
2007-06-08,-0.006138709844000463,-0.023679236830210216,0.007971460343970454,-0.002496806687489112,0.01662476476616695,0.005152380745453487,-0.02005899513819116
2007-06-11,0.010721346941204898,-0.06996437729493991,-0.00572175733440703,0.002918543551159908,0.003431154452606216,0.009505143587378329,0.02779373470238698
2007-06-12,-0.008394585191223457,-0.04152092815322564,-0.0030610347274180744,-0.0008372676518257567,0.013010299309158244,-0.009892058320244463,-0.0008069641421304673
2007-06-13,-0.005166132851291811,0.0005668467730100417,0.00264132120138794,-0.00788897447252707,-0.0009979230468620303,-0.00047012166808537933,-0.030483359076333344
2007-06-14,-0.0024185779757414545,0.007695778729663753,0.011361994799152337,-0.008748622755026816,0.007110346256593089,0.003140079443613628,-0.029001363481586228
2007-06-15,0.0011547409669479822,0.00684859419810017,-0.0033332349418594264,-0.0017699470891426078,-0.00026868838568812055,0.02372395262701679,0.06751882804110926
2007-06-18,0.010229294554558416,0.014942072438342906,-0.019626692222036744,-0.007659635196542783,0.011234142426685597,-0.01297455312163986,0.021068717473788513
2007-06-19,0.009567213684442324,0.0006503062849141072,0.007250826558877454,-0.0012986738247970685,-0.009816932209636411,0.014368160918185692,0.02485768452627463
2007-06-20,0.0020833837137334875,-0.010190154331499217,0.006600974257049857,-0.0054426366359967915,-0.0029903815750928773,-0.003492721372002531,-0.032851294438986905
2007-06-21,-0.004249572075908156,0.010533706596168832,-0.007646399797374251,0.017881425847389523,0.001473755542519858,-0.0051435549570007285,0.014078776982476289
2007-06-22,-0.007822148479025397,0.00812337579913796,-0.003008361516146142,-0.007760403984372487,0.0024590222851150097,-0.003547784139178679,-0.02948497618371981
2007-06-25,-0.005410372002217796,-0.02617993983666895,0.00809689597294565,0.007194477815371482,-0.011405115841697868,0.0020705942721005554,0.03692186963867966
2007-06-26,-0.003108669559773067,-0.05019033053737685,2.0253689161504218e-05,0.0039061541090594947,9.140476666226328e-05,0.00040819345203502297,-0.04993622503610055
2007-06-27,0.004638535651967138,-0.027132263366515023,0.0029557034019448434,-0.0036159570260806883,0.011896249257937948,-0.0006126898506941411,0.024386121417638427
2007-06-28,0.008756338192398547,0.006570797751335048,-0.01384351443330895,0.0016381989397213264,0.01026556154343174,0.00673451196863353,-0.03184287701819696
2007-06-29,-0.007950929330631247,0.017046800209564124,0.0033076472357196846,-0.002902264731825561,0.004759728542823368,-0.008907732702134298,0.002702402861327568
2007-07-02,-0.004909630615153494,0.003129062831631769,-0.008844051524753259,-0.0031878674972388335,0.006352700698856015,-0.003577642715435466,-0.00823250081729741
2007-07-03,-0.00297212670537394,-0.007358582359377491,0.0029647518695199737,-0.01164325745974353,0.008130026315749083,-0.003397091086275024,-0.003307752356985118
2007-07-04,-0.003976574911232186,-0.013473554028076222,0.0020380463987052367,0.0010574821493580103,0.00729909508549465,0.015095049012868875,0.01770812689825983
2007-07-05,-0.006759065260649083,-0.005333929623370569,-0.0015718236825082348,-0.012782671419025896,-0.0027923025566227487,-0.008550463755642378,0.01101339429710247
2007-07-06,-0.0019513829032770894,-0.018076531237625107,-0.004220760105737568,-0.0031873067950857316,-0.005000427708227873,0.013565451181889886,0.008535507859222458
2007-07-09,0.007463194232351634,-0.021751357698241807,0.0061823946404943935,0.006847744153655577,0.005285126062502446,-0.015284474130677305,0.030192539981114406
2007-07-10,-0.0013031212098626392,0.027505308381202947,-0.006155196047884236,-0.0018850617218949368,0.005338751207284914,0.003758099989506004,0.00952475395762959
2007-07-11,-0.0008431078047781535,-0.031500330536294634,0.0019058889579657197,0.0016597960727163547,0.0022597406382523465,0.001789717219445259,0.010414131168413776
2007-07-12,-0.009859342975254958,0.011198162139096109,0.0067875605544030085,0.02319016822394994,0.0003511157609236715,-0.021927312491780593,0.08139240141043938
2007-07-13,0.013065349967794397,-0.011163143344429464,-0.004822855358952493,-0.002636290475201941,-0.0014357883638149418,0.008862983848108307,0.018864240094544092
2007-07-16,0.00537763429544549,0.053431716200294396,0.0013364499744055955,-0.0012480711970709584,0.005142445191572502,0.018504432857181397,-0.002299604891813916
2007-07-17,0.006006510559333634,-0.018660126824477662,0.0013508971203187038,0.004873033120615613,0.009779254095092628,0.021138249110924406,-0.001353872719795063
2007-07-18,-0.014261300562303361,0.007541189672313175,-0.0038368998085872874,-0.0014011608457431919,0.011954219011285983,-0.021872650668981086,0.0016237031002948904
2007-07-19,0.003360342985264993,0.019636190015853938,0.008325365115609804,0.004534393974941925,-0.00255588329473614,0.0025774442029397526,0.01399295192677634
2007-07-20,-0.01674658696103304,0.00548949090111863,0.006220152889051413,-0.011371764295155695,-0.0017188463066846922,-0.004874749079500716,0.0010567708445262214
2007-07-23,-0.01112754818279527,0.016629283393830217,-0.005767625799336278,0.008604726583661702,-0.004187569748978728,0.011353117504700722,0.0113920763967154
2007-07-24,-0.0016534038454975647,0.0005529281895430215,0.001734419309340049,0.0026218069840496998,-0.02844581935081249,-0.005899693565347673,-0.01613470090047378
2007-07-25,0.0006240412362447243,-0.005525222496878166,0.00017576332503755967,0.008751629211833116,-0.0028296320839392205,0.006308732656648002,-0.01881043093613134
2007-07-26,-0.006757534290545558,0.003924950503924082,-0.01235502333112136,0.0024557070600882388,0.004342316878961467,0.00046199847335064056,-0.012945632893240413
2007-07-27,-0.0030038689932502353,0.03742719593600257,-0.0018081916409995338,0.0009676744583755083,-0.004664217500888332,0.00949408828486401,-0.0001546462987472461
2007-07-30,0.004066441159135901,-0.01277996430461045,-0.002336825665489448,0.005511659250477554,0.0014882084775552635,0.012192656507923352,-0.0014749258476729249
2007-07-31,0.008301065519526958,0.012406995448789575,0.0007609464671611088,-0.002345568766204937,-0.0035668383615101054,0.006531106421027333,0.0049964914111660765
2007-08-01,0.0038368253883726226,0.007402976826911705,-0.004209044281465843,-0.0050583074213150815,0.013775399497699573,-0.00491894082873044,-0.010307300175584011
2007-08-02,0.0009736600355800421,0.003946793081102133,0.0005015650702110239,0.005759069450026586,-0.004009771368749226,0.008189040045936166,0.034107417957241926
2007-08-03,0.021465024574137393,0.0037851632868832336,-0.00438099478999649,0.005589456293123857,0.003898785963291502,-0.011322692466482162,0.004598768752854705
2007-08-06,0.0009415784677333237,0.007662484931162494,0.01038179595584849,0.0059466690739809,0.004206944578530944,-0.0024243331447602666,-0.016539427231099288
2007-08-07,-0.008259272448268204,-0.005845620434948681,-0.0008873962808140418,-0.00248175405758045,0.005126358824006763,0.0056712070466930446,-0.005777928078804117
2007-08-08,0.005538756352990525,-0.006448266323159808,0.011110824711335277,-0.008921807206349738,0.004363702221991275,-0.0026795255329101625,0.012424710886171378
2007-08-09,0.001255143176340626,0.006391714171526981,-0.00023738864462602224,-0.004854879135756977,-0.0010605176841051841,-0.010588236611929489,0.009510557448715313
2007-08-10,0.0017342065639409415,0.003868837686221558,-0.01002255030844798,0.008358843488373688,0.00274817623702886,-0.011207862237708437,-0.006314562999436922
2007-08-13,0.001558102858551143,-0.0031408961411374344,0.001362284400501758,0.0019106632909914535,0.0023661381767193647,-0.0007501425802090093,-0.0044435241365620905
2007-08-14,0.000599958848585749,0.006735393038120313,-0.007362344508114921,0.0007374427440201681,-0.0007498234876548753,0.0018835885698154466,0.012443513010707967
2007-08-15,-5.815156087679133e-05,-0.012308391039102425,-0.008876151541902588,0.007039749030830133,0.010677194568811025,-0.00749974940710987,-0.0063779586156291835
2007-08-16,0.007132340357719319,-0.007389074742501918,0.0007480908294654471,-0.0045501823031025915,-0.018829951896042228,0.003447319504957067,-0.006500540106635772
2007-08-17,-0.0002469208876406236,0.009138278639932511,-0.007831743660941165,-0.00258076338434233,-0.005288131970635552,-0.015218475311544778,-0.019992352317706668
2007-08-20,0.000546368589332308,0.012291555092517234,0.002963317984261345,0.011787977019381772,0.003041955381260878,0.003254187609296282,-0.012692577294255434
2007-08-21,-0.003773480700670258,-0.015731696986984352,-0.0032521741500124227,-0.0039274541868952175,-0.0008000133796404852,-0.031504466606667,-0.006628940005240879
2007-08-22,-0.003797777715097359,0.014284174860536715,-0.016392127480591212,0.00022309857601314533,0.0014174593551717243,-0.040037553536204265,-0.010129026870404624
2007-08-23,-0.006107436781051251,0.011300941928590488,0.004370770636842224,0.0043385238622121545,0.006598628945140059,-0.014347981476389934,0.015357082265674171
2007-08-24,0.004411466330921602,0.009685474344775225,0.012362592250775002,0.005338949108676107,0.002498694565591847,0.01057158227587432,0.008205688325057464
2007-08-27,-0.0023187082376424934,0.0020324156334466264,0.0043104492087132846,0.00734591446442419,-0.009688110054691444,0.0029364419586910724,-0.0013300374205620624
2007-08-28,0.0028871057588171307,0.0017859486052004905,0.0027097446937665104,-0.0020886753432031893,-1.8040741024656963e-05,0.01154215544837274,0.004913755089086766
2007-08-29,0.008246711647475074,-0.03180130662725666,-0.011760819040668795,0.01023172917929035,0.0001924535862451379,-0.00652720823125282,-0.003601136703961752
2007-08-30,0.008224461681832485,-0.02136739826883886,0.008198589361415714,0.0008472645854080604,-0.002570272281503475,-0.015932704429267287,0.0016193467041700522
2007-08-31,-0.004817097290211502,-0.005656193145301739,0.00637775570840578,-0.0018617350038940801,0.009739101751560583,0.004045750456248939,-0.004952307127427839
2007-09-03,0.006986342973165765,0.023737994310906146,0.007256799076916548,-0.004927726117391358,0.007600550904386105,0.002711783290537008,0.023630513714297603
2007-09-04,-0.01141605110097103,-0.00720593698244886,0.004552413409835537,0.005357726561751035,0.0029054846399035415,0.0001292945251103371,-0.009381873435915762
2007-09-05,-0.0026514048911207297,0.0004070342558647429,0.004569686540852594,0.004422444275524763,0.002060211303625372,0.0024964474688023695,-0.00024398214038548775
2007-09-06,0.006539829535356874,-0.013422536948800357,0.012136246436063508,0.0002293925359096508,-0.005165612027525494,-0.021926252910927393,0.0033820083165033393
2007-09-07,0.0016817931051943092,-0.006907510028531312,0.0014138158821720547,0.0006556904790552921,0.007776811057131406,-0.007883022079094602,0.0008459713002937215
2007-09-10,-0.002854151623237685,0.006355427347140902,-0.0075453635531755455,0.0024550101061349538,-0.007737950990395282,-0.002743017603612566,2.3261533542940646e-05
2007-09-11,-0.0037974260997160137,0.003290886477182064,0.008232473520138147,-0.003329710663122924,0.00153355319193237,-0.017881978294965104,0.009721020441395917
2007-09-12,-0.004490247366705379,0.0069222280768128815,-0.045112299565959225,-0.003951228578662544,0.0010149169381065133,0.01020435588421259,0.014328699756650702
2007-09-13,-0.0005232550824665028,-0.01657644393124961,0.0011416712180586867,-0.0007865646831158177,-0.004856189354609676,0.012141363302074425,0.010692835714967376
2007-09-14,0.011934201739409213,-0.004622237838868897,-0.0015265073125005982,0.008474021559146857,-0.001691138307942933,0.0009279519112430399,0.0058603569523592025
2007-09-17,-0.006856152612370777,-0.0036405268747126563,-0.018397194472687173,0.0038818139901123966,-0.007636348399253169,-0.01205739108404463,0.016088158289694253
2007-09-18,-0.004062411225088907,0.00914590069399338,-0.0030028733701898407,0.0027670085304675246,-0.0005074993223822746,-0.00439894298315834,0.0127392288847723
2007-09-19,-0.0034805935080539953,0.000796600529087123,0.025852709792859575,-0.0021167643446115773,-0.009191164776503044,0.00430715076592226,0.0053624853287458215
2007-09-20,0.0032622925781788776,-0.00021246246582593743,0.0058264854397594,0.005772261490457093,-0.006220758260575266,0.023867427692599537,-0.0045926656730807
2007-09-21,0.002145340909903552,-0.006444185092865612,0.0054287681005460026,-0.005885255714670028,0.0011540147447226426,-0.010072119965241287,-0.0020305861389556114
2007-09-24,-0.006613045829510491,-0.009723811338184427,0.007705294994680803,0.004033897751714358,-0.00473293864653271,-0.002234753545662944,-0.005598744560132612
2007-09-25,0.0026205697599718243,-0.003397755970702531,0.005558830065490728,0.005567905618519877,-0.006224841754318276,-0.008045489408960506,0.0021793641256645023
2007-09-26,0.0015990216490030188,0.0011774728985941324,0.010461647824206928,0.00448764397348361,0.0049955451844237815,-0.0075556348336043334,0.0018466368824715555
2007-09-27,-0.00266632038197208,-0.012026812280907047,0.01804972590231212,-0.0018481143447335931,-0.004256298302196095,-0.013752269115159732,0.0048523993919786755
2007-09-28,0.007012553516283885,-0.01122464930003966,-0.006907898584262228,0.0041889854318269215,0.004667349638358812,0.007172797785690625,0.012190992041807324
2007-10-01,0.005808778892555964,0.0015870737272988028,-0.007109242208139611,-0.0017568108457321713,-0.0032186163196881684,0.0009038808567831863,0.0006095990612459089
2007-10-02,0.007983666160244578,-0.0069609826800522655,-0.011051203436816816,-0.003171574755896216,0.0018596490788071692,-0.014878244523757123,0.0005306665003468536
2007-10-03,-0.002894503064090231,-0.012898480743050663,-0.00039057540393107147,0.0017446373677510744,-0.0006522495982420874,0.00732153878474579,0.01232048436053831
2007-10-04,-0.00022914063168242102,-0.002654040183350492,-0.008283376392314187,-0.0018529003760088775,-0.006539074728046149,0.00019264095024336056,-0.0023722190582428798
2007-10-05,0.006532397889516906,-0.011407408451039413,-0.006225785737170195,0.002229931766617337,-0.009403698082881088,0.0028596351665318657,-0.000214520330702725
2007-10-08,0.005409919691931577,0.0034543868096443492,0.0024278701908688545,0.0003049092635434483,-0.007611144287679457,-0.008632948220916451,0.007302610715314994
2007-10-09,-0.00819284643427046,-0.002533308661454332,-0.023139160018427387,0.00025955781826860234,0.0033190585905797515,-0.004828027431289015,0.0024174712753772883
2007-10-10,-0.000804338621357074,-0.0026198709971872233,0.0005003914101990659,-0.0015081247024912015,-0.005323582971975212,-0.008839689938078312,0.0018760581860517774
2007-10-11,-0.004700196295864626,0.012541207208797235,0.0018382642974712488,-0.0011373974415462484,0.006001150648033024,0.008783374464580372,0.00621144800391183
2007-10-12,0.008791607356117812,0.0020423086128093476,-0.00991544022054382,-0.002064826538056519,0.0029469846749253627,-0.0023506510470757015,0.0036215917002274675
2007-10-15,-0.003405142106453657,0.0004674192174176159,0.010550429652479269,0.0021725139886798655,-0.004380731018819022,0.004353421078831452,-0.00224124014925138
2007-10-16,-0.004152437651571449,-0.007454523388441153,0.0013585041554807235,0.003598678855034651,0.016044750966229586,-0.0004668188854878011,-0.0033668779315655373
2007-10-17,0.008814930976607113,0.0020412699181538803,-0.0013139803300177449,0.0015074367075386627,0.0010417373638399298,-0.0029889155983297455,0.0003817784576131274
2007-10-18,-0.0022849659074087167,-0.0027140299348548474,0.0016857889258536948,-0.001454620488876951,-0.0019763815449289,0.0051316182667928475,0.0021040616027069477
2007-10-19,0.0016689026290787085,0.00544680091580503,-0.011122863386391159,-0.0009369118659873927,-0.003777700296589151,-0.005981160165287493,-0.0053138370868381635
2007-10-22,-0.0038823626453864894,0.003175138833386121,-0.012766111614044263,0.0012183503899664207,-0.0027833743013107605,-0.012675691340893538,-0.0033994796146598976
2007-10-23,0.015683427260635943,-0.003017473609091235,0.0021884405381634884,0.0009218411446092003,-0.014859427055696053,-0.003118273025485501,0.004011677956453871
2007-10-24,0.0016415829704268382,-0.0017248202284552993,0.005376857474871743,-0.0026571614131177387,0.004839053613488433,-0.0005263251908500561,-0.0016248050534148377
2007-10-25,-0.002482914929292997,0.014127929236017224,0.009127669954469007,0.0016403279805663562,-0.002275185908057011,0.008936006416192355,-0.01036658517625271
2007-10-26,0.0009548808397062186,-0.008021202011798791,0.003182581971666427,-0.0009482749617052112,-0.00503648553886911,0.00542886529405433,0.0011297263249589156
2007-10-29,-0.0032831553716343286,-0.0010249285353739572,0.0010821168711910131,-0.0019752238089837774,-0.007144971460073579,-0.008447636887232126,0.0010378866975359606
2007-10-30,0.0037864166529305806,-0.005718925579159034,0.0007173585256295781,0.0005789395953180496,0.004661686241603484,0.011005018912527356,0.00514574731308416
2007-10-31,-0.006371612659809688,-1.5248766879271256e-05,-0.0004416083214691783,0.005101915923107753,0.006328210411112509,-0.0007621898023017927,-0.005827382424071226
2007-11-01,-0.010531295404429243,0.001108140876489344,-0.011023063291340852,0.004208430825952917,0.008959304836572842,-0.002969004064739863,-0.00803182912515059
2007-11-02,-0.0016311939193912974,-0.009875554594777137,0.003884697785705897,0.0016798671915303003,-0.00934590358370095,0.0018651505413673892,0.003457970372098356
2007-11-05,-0.0001659003713801477,0.0016076623578119426,-0.01757115475196172,0.003434075634554812,0.012594399072875991,-0.010873354537782381,-0.0020857284235411486
2007-11-06,0.00413468993697657,-0.010196610920120381,0.005346633497463797,0.0034314426329586432,4.56405231786743e-05,0.012229841917752927,-0.0065737899220428605
2007-11-07,-0.00052651584186593,5.4081606387823905e-05,-0.004950919049763464,-0.00038153461678360205,0.004727215651278063,-0.006750513135445522,-0.013098801206688911
2007-11-08,-0.0050141729366882295,-0.0014106447672412603,0.002613138423798855,-0.0007239494134491271,0.005088892123850911,0.004166107473893345,0.001483898930394397
2007-11-09,0.0039429317751703006,0.007730084850522734,0.008620735608866701,0.0013579967748951845,0.0031959708434818987,0.008237732754093192,0.01591474529617716
2007-11-12,0.0044301346052942735,0.001483636313929674,0.0061172099346374215,-0.003492247074770174,-0.005714026485378553,0.00012979629613427983,0.008314293791664325
2007-11-13,0.002969776646177805,-0.005648855870326476,-0.0019782418362135246,-0.0025484803755597106,0.0036729332701170465,0.008880298255582342,0.006510310676181336
2007-11-14,-0.004511950434884469,-0.004117691772585722,0.006186274627634898,-0.0027389762660642272,-0.0019162895166494418,-0.007431286198496418,-0.001616609402031409
2007-11-15,0.017802994366826648,-0.005459022543936583,0.013169868618159272,-0.0014111248718516939,-0.003203671721039622,-0.013438511599025262,-0.0159370214698589
2007-11-16,0.009200037113471378,-0.005107669655882513,0.0011590348507413439,0.0054848408244473484,-0.0074544204424188505,0.0014686436621049214,0.0068946571414924196
2007-11-19,-0.0033140339386433988,-0.0018447263161736516,0.007173289106442667,0.00020996984707806127,-0.008223230528996763,0.0011663853321257558,0.019623287868452865
2007-11-20,0.0031486687925408453,0.00047596049198172125,-0.0004991943441626414,-0.001253409944794707,-0.015377704440833775,0.005997491406607622,0.006846549628713354
2007-11-21,0.005118983818152625,0.0013084293622282713,0.022277225241921016,0.0014102627906400179,0.010419042192190068,-0.002576786921390663,0.005630341930043421
2007-11-22,-0.0077378332839064005,-0.002269363561446899,-0.005700547035121186,-0.003220716310986403,0.00189608656544326,-0.008370068784841972,-0.006771020253785791
2007-11-23,-0.005630156599976633,-0.00022271552610213566,0.019062304202961337,0.006443316888604222,-0.007799202510158367,0.009899184672877797,-0.005735106070728815
2007-11-26,-0.002099100844928229,0.0020521318421529884,0.005992834552937078,-0.0025231957009932042,0.0047032670928306266,0.003003394977471663,-0.0013422064828034455
2007-11-27,-0.001654205490893924,0.006309853315349008,0.006734272172177071,-0.004048904632659478,0.006652071619336085,-0.0012546273167934562,-6.22362700975677e-05
2007-11-28,0.0022409662164896036,0.006764962639079762,-0.011594073771603637,-0.0024331774501415546,-0.0006195817210397148,-0.0038746190653089325,0.013752207905748947
2007-11-29,-0.007635466291614681,-0.005959133597483036,0.0007875619095703412,-0.0005235226268565748,-0.004999805343068407,-0.01844228669556545,-0.00893876813291623
2007-11-30,0.006237285246284726,-0.006883265809046086,0.006183871164015664,0.001679193661930232,-0.006815390356069656,0.00047599754023968266,-0.0032110827913145166
2007-12-03,-0.00819043896644358,0.007027544189976582,0.0007240648835740559,0.004938335581654109,0.014902202397377126,-0.002316909628167941,0.01131732105214495
2007-12-04,0.000700589170556979,-0.0005579665701392305,0.006997331214191418,-0.0034100721915386292,0.013276986995038858,0.010107872091518786,-0.004106046597254994
2007-12-05,0.005026885392923496,0.014837147344134109,-0.009352094584046143,0.0006402791236766533,-0.0010721249812703163,-0.016508442365586826,-0.012634413909496264
2007-12-06,0.004198234821032546,0.002188575784501201,-0.001187977482514298,0.003763565971592445,0.009112797621474674,-0.002150072077086081,-0.002296206602688165
2007-12-07,0.0011634069763263586,-0.00760685721389972,0.006809865261618346,0.0026525084252017727,-0.0008752852109265686,-0.00419607872789647,-0.00963465883842392
2007-12-10,0.0056299087436261315,-0.008747961900747987,-0.010602401733919355,0.0008631114373960104,-0.004651869292160888,-0.003920250347981295,0.011704062332481086
2007-12-11,0.0026172136968859445,0.01367934149048192,-0.006227350375222144,-0.005044136235200729,-0.011316747538074082,-0.001441596945818748,0.004746896136883087
2007-12-12,-0.0034657835153986166,-0.01521825946424914,0.00036844350110243655,0.0010812605224872,0.0071635467928405595,0.013087571182929915,-0.007805168400325043
2007-12-13,-0.002188706864086798,0.01598589496582715,-0.0072249648098656775,-0.0031394399909714862,-0.007627644302585746,-0.005534014428302086,0.0013397461368338198
2007-12-14,0.005904666261789988,-0.0032070360184233626,-0.014775712477725921,0.0014892907018450436,0.0036711645818997764,-0.003502019249493547,0.0021207398607634475
2007-12-17,-0.005755458774101957,-0.017526745505832424,-0.011446942297008727,-0.0038822123073272248,-0.008567324542936787,-0.00291700869905755,-0.007762876758833112
2007-12-18,0.0026563609933693533,0.009901867685254506,0.013456687199725283,8.831911846570046e-05,-0.00283645174958741,0.0053992811431866124,-0.008667441681722239
2007-12-19,-0.008737679252379652,-0.0077811800575949336,-0.0020144021485631364,-0.0016125448861776645,0.00025419177019080373,0.01663711559012888,-0.0078092990782828425
2007-12-20,0.0018670456595613445,0.006505141179828431,0.0028868396528754243,0.0036563637170523235,-2.439516095795176e-06,0.005181939375905477,-0.0146221514772451
2007-12-21,-0.002615661783815858,0.006177996972216652,0.005773587479763065,-0.001723503527077059,0.0063144014106083874,0.005713766183993588,-0.012523448683471399
2007-12-24,-0.0011409205985426136,0.008309669501823517,-0.007501572700687272,-0.0012957175024341113,0.005398363899416048,0.0005572828257517789,-0.003778736702280171
2007-12-25,-0.0029993669007560542,-0.004783587438747182,0.000532023331771725,-0.004543873488401546,-0.003077942149631522,-0.0055714837378274575,-0.0020356259936855593
2007-12-26,0.007286488663590234,0.009635965863946406,0.005406214624662864,0.006463102964104832,0.004708940705493083,0.006298295230640145,0.0038736517795463095
2007-12-27,0.005360473913448499,-0.0036711810577428955,0.004224329154092205,-0.0061237605705687995,-0.006300692755017314,-0.0021788565516578794,0.016684072063220774
2007-12-28,0.004852862609498118,0.007589827811733267,-0.0024291929944170454,0.004606179798266786,-0.0010128099158146517,-0.0023235964716291826,0.01028074999002986
2007-12-31,0.0011065875495789833,-0.0010979087743212207,-0.009091681527806442,-0.009509108587691158,0.0053866371322800815,-0.004891152872578304,-0.002353867175071641
2008-01-01,0.0023453184340373563,-0.005638465882305474,-0.011636843750414697,-0.010182924369875238,-0.0008343736006039828,0.0053939151814123175,-0.002049881812900418
2008-01-02,-0.0020213552358860753,0.001969732680897412,0.003271770203990245,-0.000939783034070162,0.004277618507907233,0.004657149324192936,0.016933832551915988
2008-01-03,0.0005628668914674746,0.006078231881527621,0.0159802639774024,-2.5146733455694077e-05,0.007878146695259125,-0.006649929131983281,-0.0034963690054546585
2008-01-04,-0.00414075904446408,-0.001457586068568975,0.00030268849345467324,0.0019084146703019919,-0.008683389212878284,-0.01016527197096626,0.01567229135522102
2008-01-07,-0.002871353643533065,0.0003706059702893187,-0.004937743001234608,0.006022720932694539,0.0036141451199300906,0.0056909204455725705,-0.011050946966946498
2008-01-08,0.0037609180238169096,0.006847353909282892,0.02000865317312149,-0.012919540623035294,-0.008980063703800686,-0.0019560080129919703,0.0034919797326703294
2008-01-09,0.0022580900305556825,-0.00664531190361578,-0.013983017592192067,-0.005043292624603362,-0.002558130310601083,-0.010015952270397806,0.001172669504786137
2008-01-10,0.0036764093527786638,0.009667510209454689,-0.00221101756069329,2.5040489212804114e-05,0.0020449691046070684,0.008940119395296308,-0.014312092580697166
2008-01-11,-0.0035426839849578766,0.0029258608002465758,-0.006325334686696527,-0.009095668462038069,-0.004122948939866883,0.004734075646194255,0.0028293879317580184
2008-01-14,0.004541830449375493,0.007152140153524734,0.010429328149704134,-0.0008661676654861458,-0.004308698545282982,-0.00921174938531694,-0.002855830810825754
2008-01-15,-0.0033915645224035073,-0.009330237316555984,-0.01170530302505679,-0.004212626717745059,0.0008158816789291263,0.009183025268370653,-0.007736966408060612
2008-01-16,-0.010138542606680909,-0.003707165548952676,0.0035797224788439784,-0.006761649854571075,0.005274717612076623,0.0015030736332927873,-0.003942734346555452
2008-01-17,0.0030938563352681373,0.004859689541147302,-0.0023975715837200435,0.002980971668057159,0.0026094178298805013,-0.0007676451061966976,0.017676638222900967
2008-01-18,0.002261506366880658,-0.010426873850875897,0.0037573289841059307,-0.007252049961855426,0.0038043637374256204,0.005856704099190159,-0.010794242192323627
2008-01-21,0.004037535600205346,-0.02034371153294149,0.005650548631033258,-0.0010055506515982235,0.003993644102346044,-0.003278122352825657,0.00497961555260924
2008-01-22,0.003992528732953544,-0.004547419963728236,0.007077127697709881,-0.005537895169938587,-0.007998731305795193,0.00892952376015021,0.0031003603773172538
2008-01-23,-0.004681262174308693,0.008295090911190869,-0.01724642113762094,0.00012595849422965646,-0.0018861925964746805,-0.00327995360405616,-0.021464346887397952
2008-01-24,-0.005403228559544783,0.005748010187026172,-0.0026075900184414852,-0.0018050359182392205,0.004042912471679622,-0.007525532459669651,0.004979485677435657
2008-01-25,-0.0023489428149884323,-0.004151833550109239,-0.012893507556943197,0.0012321514882442028,-0.008382108480745401,0.009497411902328855,0.006304280491074883
2008-01-28,-0.004215181087812585,-0.011433106365822206,-0.0031765166166017596,-0.000891729644423311,0.003401909829541795,-0.007417790940614531,0.0068143664407828005
2008-01-29,-0.010150450111165601,0.00015812438067530608,-0.0071771962666015805,0.007488893324831382,-0.0024093627986171377,0.004725550367993525,-0.004305927602863483
2008-01-30,-0.000727360753655744,-0.0011621212072982676,0.015800185626666588,0.010687086842670784,-0.005428039672218564,-0.0006657200401160299,-0.0012356245144014581
2008-01-31,0.006323689860470133,-0.020028598566632676,0.004648232456163007,0.002266171708447066,-0.0010563258960987316,0.008938025622282646,0.007780842596784659
2008-02-01,0.004579163430386132,-0.013664180876336468,0.009183042607167027,0.011516133888394935,-0.0015597164660093607,-0.013279452729465237,0.0045406546015644145
2008-02-04,-0.006496286448880042,0.003529250097580372,0.0036552703439697107,-0.003609569068825907,-0.0014473504317350197,0.0062724573980511,0.0006686571779671983
2008-02-05,-0.004064159146622557,-0.02205408824999909,0.007797174348848336,0.006554838874395372,-0.009630491694689937,0.0009590313032585363,0.01243669060221906
2008-02-06,-7.515957064713935e-05,0.0016934239545392453,0.013161744574459263,-0.014958204299926472,-0.013752259984450108,-0.0008606213027001674,0.013159001040569156
2008-02-07,-0.0018801947874704805,-0.009493512516958654,-0.0026219464026039007,-0.009386182151249596,0.0075934560255336275,3.89944263589878e-05,-0.0066951845127806945
2008-02-08,-0.0006243205358388968,-0.0029929810239659044,0.005894901755359643,-0.01529779326517654,-0.0052688767726722695,0.02747844485103366,-0.0023733073404245265
2008-02-11,0.004115534526351601,0.017658514445361005,-0.006518035938634907,-0.01552811877517267,-0.0002830040149080796,0.008636029486058176,-0.0045827718803580645
2008-02-12,0.006865093372513696,-0.0009696740636693653,-0.006382609687033625,-0.01154859389714509,0.0010023099109234472,0.009111271709219408,-0.013214834039367792
2008-02-13,0.010242799844043315,-0.0027070136250513916,-0.0041263037314962425,0.015559332189133683,0.0028000054264092325,-0.0007877330589937976,0.00023463410928036135
2008-02-14,0.00988422084910466,-0.0013528873226585764,-0.004798178852384652,-7.887991038218353e-05,0.014468633661806361,0.0059418594060664425,-0.0018602894641100729
2008-02-15,-0.002030398428346731,-0.009749869879316475,0.0014426627994776518,0.03691895739537541,-0.012545896210614417,0.0038256317189162446,0.00660212280206987
2008-02-18,-0.0025893898163964167,0.012933566896687334,0.0026714724639810877,-0.0024830560932550473,-0.00850959534412602,-0.01181584400290257,-0.001264258630343768
2008-02-19,-0.0007614414332836203,0.009137072088609519,-0.0021601365043420018,-0.0028451411595584414,-0.00956924890856932,0.007642377322705154,0.01435412685735301
2008-02-20,-0.0006785190603917499,0.013987809901870162,-0.004224592950333209,-0.003750266330167903,-0.008997038073497074,0.013883730501628687,0.0030179431464576914
2008-02-21,-0.0017776263958442834,0.0031186513196415754,-0.00988779661965817,-0.000976831194062452,0.020920779916919766,-0.0015325262222676671,-0.015800438905772606
2008-02-22,-0.003421011702669353,-0.0008949887583726138,0.012819469477562922,-0.005632527065305578,0.009036947641610654,0.004060795651708848,-0.007910007283069058
2008-02-25,-0.0014729534407776107,-0.008796321209536651,0.012678696686661457,-0.0027499455671744916,-0.00010484747025880035,-0.0005907879127126408,0.016518915889228953
2008-02-26,-0.006393647832449995,0.004562900772074597,0.007444187459539013,0.013113071573290232,0.0010163689222794658,-0.0016515418471270541,-0.009569185445103663
2008-02-27,-0.0029131594566048067,0.0063218530078224386,1.995169459597051e-05,-0.01699514140957091,-0.0013006855179967208,-0.007862714668934978,-0.0002619010242908236
2008-02-28,-0.0019674736641208303,-0.002903833773143694,0.0015723881547425836,0.0435187136940557,0.003818093068809408,-0.004486455951514705,-0.005350367672023461
2008-02-29,0.004847916384113354,-0.002746564079891444,0.011576826712317098,0.001961417506431711,0.009731691831921815,-7.988309305324564e-05,-0.0006927011725297381
2008-03-03,-0.004181528937460835,-0.007102152409677518,0.0012296453255143712,0.00015165614056914108,-0.000403266087571993,0.006346844069626408,0.007735247886868571
2008-03-04,0.0014059410566512611,0.005853111707216159,0.011057995696691495,-0.008521309164284311,0.009583240695635119,-0.00133060151159373,0.009181159421885366
2008-03-05,0.004178116499717969,0.01158955076726971,-0.02488303435662693,-0.015243830456929003,-0.004515388703031981,-0.0012175658058009651,-0.00038625133525011705
2008-03-06,-0.005173713259672751,0.0003449290021793342,-0.004591174301132248,0.02317487162190624,0.013001251829582002,0.004228549855243457,0.012914112713939729
2008-03-07,-0.0020550052115631294,0.005255076080908555,0.007826272201598759,0.014540446462648375,0.0023300839481486786,-0.004978057083654546,0.012046093612696181
2008-03-10,0.0012808385129645529,-0.007215866353887573,0.0020562630776251554,0.008744023093766278,0.0071177964911379905,0.0035929422571020593,-0.0033762652285620367
2008-03-11,-0.004398180148976767,0.017451128096810833,-0.01892678565569036,-0.0017049889431434934,-0.0018270426012963374,-0.0014492095441953384,0.0012114891486625996
2008-03-12,0.002658462213648968,0.006556430403411293,-0.006574855013166562,-0.0027856216799593482,0.008533498270405261,0.002818309257476905,-0.004968839394540422
2008-03-13,-0.002517098941749013,-0.016276822568439462,0.001849913941188522,0.0055384076961243435,0.002652314600328255,0.0013484085741097627,0.0058356497662213494
2008-03-14,-0.0006951047325847315,0.0073746730682832185,0.007887172000891004,0.0035104094053623877,0.001114194134999004,0.0035522071572493515,-0.0038201134657089232
2008-03-17,-0.0010681351229271385,-0.006338515163810825,0.005121226270157092,0.005873359044134992,0.008820458111274234,0.001705469711186784,0.00020049585832203462
2008-03-18,-0.004224614995918883,-0.004503773795469068,0.020495931139394432,0.006939580315422643,0.002289285018436656,-0.007977826009394583,-0.002846436427835139
2008-03-19,0.0034924181324198743,-0.007000181830887878,-0.005502269984510178,-0.006524858583741582,0.0005294678509767987,0.005312381090978427,0.0031781842675817607
2008-03-20,0.0019334224661742177,0.005536880863647171,0.0013620778662400425,-0.016963776322735522,0.0011849914564390433,0.006690216831051725,0.008376039784176934
2008-03-21,-0.0009298743301844807,-0.0019022799203308339,-0.017310383363008146,-0.0015882858138276676,0.0122090156535356,-0.0005560248736858075,0.0009667290180975526
2008-03-24,-0.006852154433704351,-0.0004045296525081893,-0.01802301881398455,0.00863590842642038,-0.0018607221865848782,0.0013870241166785873,-0.00040528710605067497
2008-03-25,0.006616794880321688,-0.01223051643812929,-0.0066476403400370235,-0.010197919690055514,-0.005346955657595052,0.013504055912887808,-0.0021941790640305028
2008-03-26,-0.0064957779389402245,-0.003818058928792402,-0.019674167443319828,-0.002554181762723827,-0.0014377264051425081,-0.008276495897941646,-0.001968547229212956
2008-03-27,-0.004529565742517448,0.007544337802157162,0.015033031070782979,-0.0025199935993719465,0.019855574692681843,-0.009576928537773956,0.0005159188383671902
2008-03-28,0.006812835956172738,-0.0021164737374314547,-0.002776250024275698,-0.014055109666583318,0.005426314564058221,-0.005458028271088461,0.007902145269242699
2008-03-31,-0.0009001529443981299,0.0017803594645363818,-0.030735275173901472,-0.00379436503221796,0.015537479313325105,-0.013729873142820813,0.002026849046234018
2008-04-01,-0.0015819353616156092,-0.0026886510910967857,-0.001503025319020169,0.01778039196478705,0.004386107072547245,-0.007882633825242433,-0.0008110944803156946
2008-04-02,0.006999646225124656,-0.0006467767000238422,0.002881741007029469,0.0028669212958191766,0.007526645575841163,-0.006320404296340967,-0.010262395973801243
2008-04-03,-0.005396743112035328,0.0013981975801274605,-0.0007778333640890944,0.004424385985607208,-0.011138866741007739,-0.00470870918334841,-0.0008290922489368681
2008-04-04,-0.00011920997756483274,0.010602064214248558,0.018854537837354243,0.003995088775373496,0.0014605460119367496,0.002996218083420173,0.01173987508930441
2008-04-07,-0.011579544577308793,-0.003433670961561217,0.012899961724884657,-0.006700167406331967,0.01142773885911999,-0.007017088005255657,-0.002473106852904457
2008-04-08,0.008829107402890597,-0.0037275024335618164,-0.010008980146374842,-0.001979554596341518,-0.011566754096287674,-0.003786943103609249,-0.01612895152720108
2008-04-09,0.020796277807470134,0.0029606339490540665,0.016315471051345124,0.004105195344398367,0.0012060834980491307,-0.00838460737658323,0.0019964640130032706
2008-04-10,-0.0001635312702373469,0.002349894486291007,0.003473389089279369,0.0031911631024899704,-0.008064378402260822,-0.016497170974735957,0.003953551551025372
2008-04-11,0.012960959593978302,0.002228590313538974,0.012239941521958366,-0.007597910813942969,-0.0006632426865139203,-6.69782641776319e-05,-0.014013686876237899
2008-04-14,0.0113315546857411,0.007483896896656929,-0.0192830877913108,0.006217721412449219,0.00010079530512736986,-0.014619056221640342,0.013825474515543213
2008-04-15,0.007440490348489636,-0.004546559872181877,-0.007907028798584424,0.004243823398456595,-0.004170080121106377,-0.0012379794839638694,0.0009622172306027047
2008-04-16,0.002962421051733974,-0.0006720258883436063,-0.009630941920113838,-0.015290465750781378,-0.0018683025385203506,-0.011952236713468309,0.0006823605877856454
2008-04-17,0.003647109871560608,0.0026534263255141564,0.003629298466836373,-0.005390890113440167,0.008944639732851069,-0.00921451768361872,-0.002530486223562903
2008-04-18,-0.00793536719542403,-0.007368320993808905,0.022471773223672935,0.003918412213233084,0.003965648328495096,0.00617832863545685,-0.012987905199771936
2008-04-21,-0.0031795735982687507,0.00966740824721137,0.0044311323740481015,0.0073033762720883496,-0.008596769796565878,-0.01544341879508686,-0.0254657054272345
2008-04-22,-0.001166858490239333,0.0039454450912437275,-0.002868688250846009,-0.0028695474103575605,-0.0004136697145514462,0.01008531564753222,-0.016504109505920957
2008-04-23,0.0015995861552832282,0.0010848808328988986,0.023568782297164883,-0.001812875416525258,0.005164832436627083,-0.0074972910258751255,-0.011726546021577551
2008-04-24,0.0023224297398022893,0.0025418450676380016,0.00794869883718872,0.007919371186354739,-0.0015163228460997903,-0.0027279490327219874,0.0012410819440713046
2008-04-25,-0.0022944683465899443,0.00012825921531519336,0.0030495949234553127,0.0002172124644276557,-0.017625582852339356,0.006893266313460959,-0.009708555021425964
2008-04-28,-0.004216143008527167,-0.0007629513505725342,0.00047767513888334276,-0.0011137153806642238,-0.012531240162357677,0.002329768148415653,0.004886761642458121
2008-04-29,-0.002250484466458993,0.0012713513013348165,-0.014885745681467286,0.003361788069843073,-0.006169091879825305,-0.012819770518666179,-0.004809580197200223
2008-04-30,0.002332479407306755,-0.0007441282587592468,0.0025393557957559556,-0.0016693477173204366,8.625764607663105e-05,-0.0047786145084174544,0.010322076387824444
2008-05-01,-0.0008201333445558686,-0.0007747745319717767,-0.025821216615380373,0.0035459570301804026,0.006518967721176768,0.0069170840390775715,0.001618863129445001
2008-05-02,0.0009367429229597136,-0.0038104297501470293,0.0034318418673739397,0.0013882455410181007,-0.00682971946439366,0.010081454242613863,0.005993672080290229
2008-05-05,0.015332564484585382,0.012524021023637881,-0.01878101378767918,-0.004434758779503007,-4.644579688228479e-05,0.01251092026956247,-0.011910781430575654
2008-05-06,0.01031097679034418,0.006626510897015968,-0.017308206833236663,-0.010499175670724514,-0.0028023219419566797,-7.361732663366926e-05,0.0008111218045012129
2008-05-07,-0.010828284367349238,0.0035135416962814893,-0.011417075561769036,-0.005662499428591865,0.013671305215520915,-0.010786967178341492,0.01197613904628971
2008-05-08,-0.003894223144313608,0.0008079933333097339,-0.01605684571119613,0.004326498669910475,-0.006384705496843832,0.011176468335913979,-0.004795827837352877
2008-05-09,0.006912448420263486,0.012799813163347743,-0.007917680729591751,-0.005405730425189393,-0.0036076051703331467,-0.0014379173843224278,-0.015498821202247631
2008-05-12,0.0071621610893625115,-0.0005248865322657178,0.011272920606115618,0.003512684863144725,-0.006526148322959181,0.007115967053179585,-0.003971687301532073
2008-05-13,0.015837218429163937,0.0021848642900685134,-0.000984755071106828,0.0037532707785432854,0.009322961001494337,-0.003903651520638554,-0.014304723943331207
2008-05-14,0.0015960401035046278,0.00465381199138462,0.005677095176316849,0.0031797529622155387,-0.0026877749283834972,-0.00741150358805598,0.009706733123854533
2008-05-15,-0.007674965098645117,-0.005192897059484726,0.004294807481815669,-4.802901824706709e-05,-0.008256459254642561,-0.004363995204823224,-0.01791329375486842
2008-05-16,-0.004834207963130129,0.002859268581256719,-0.015839718306031324,0.008798202540417955,-0.00027911357905816204,0.016343224002832467,-0.009989465895480545
2008-05-19,-0.0039657618727614,-0.002318603487069939,0.0069818917649344,0.006193940345353164,-0.005538234249910585,0.004513513031058694,0.0014609400936987657
2008-05-20,0.008303170028904384,0.008042328435267932,-0.03413680214420894,0.0023726800501222877,-0.0009293670314943662,0.011375155049952481,0.0018406339317564072
2008-05-21,-0.0029387114165552943,0.004325995924246625,0.016796607268889728,0.0015383475819224792,0.001973507424735766,-0.0064515320618321005,-0.009916878126986654
2008-05-22,0.0002779562490520238,0.0004178147210629186,-0.05420122654339376,0.0025370465272925246,-0.00025236895677163863,-0.00549189905569673,-0.021551601416699314
2008-05-23,0.0012775598998705413,-0.006375301352882546,-0.012383847670534487,0.004181338151770591,-0.005818419234257506,-0.002712734625888852,-0.0043499991436570665
2008-05-26,-0.0005176231636784469,-0.007375986091874475,0.003490790274162708,-0.005892315458253458,0.0026546961510474946,-0.0017671457368316425,-0.021291898582357582
2008-05-27,0.0080766359378402,0.0018531965089011561,0.022946446870743133,-0.011433444775894757,0.0030492628200295717,-0.0033108605497372255,-0.021530965917126083
2008-05-28,0.0058562671618816,0.007104586061979301,0.005883959138757651,0.005605650500808065,0.003459745961748573,-0.038270784808446374,-0.00024610831742678314
2008-05-29,-7.382165889165815e-05,-0.0017129712179419954,-0.017197198148377116,-0.00166359733880662,0.00024212558791003065,0.021949866040142842,0.011102654649817271
2008-05-30,-0.003103602138683262,-0.0066750521048816545,0.010184736353320347,-0.012492212120668575,0.004069873123930817,0.014154002051353151,0.0031750338052276704
2008-06-02,-0.0034229586935712337,-0.0034342749452332772,-0.002424200212296215,0.0010924794150035957,-0.00436963372650033,0.0026170407827193834,-0.011625057069102895
2008-06-03,-0.0039085617163001065,-0.0012749118270871354,0.05611164081734641,-0.0022291843063504176,0.00827345645951548,0.01542452837270945,0.0246007092644415
2008-06-04,0.0032758436170628475,-0.0012376849320361399,0.013050755490668068,-0.01261293382457043,0.005052794917728069,-0.018409901025661462,0.015027417874087033
2008-06-05,-0.002335091353780898,0.0002817165622594299,-0.01384256451566296,0.002281826338212178,-0.0012743999249902526,-0.0002092808620988412,-0.0014007018032130049
2008-06-06,-0.0040974087288000345,-0.01498801203102477,0.023586962557272835,-0.003745666444658087,-0.0022726005325097317,0.006389533790780036,-0.018918424107270463
2008-06-09,-0.0016991103044494596,-0.0006032016076149228,-0.0011585913285213118,-0.008150223101258769,0.002577554664752018,-0.010082417169792617,-0.01684285446421811
2008-06-10,-0.004596743840973063,-0.005744774400816313,-0.007386830291125164,-0.013855180957531979,-0.004677651367911499,-0.0012189573905123459,-0.005072119277688421
2008-06-11,-0.0013658081472823175,0.007127990894575042,-0.027859884389368254,-0.005169795938330833,-0.0026501980582960853,-0.006846412235851188,-0.014372392173718255
2008-06-12,0.004430867804102525,-0.000889307101172853,-0.0004693492749475189,-0.0021959771857735836,-0.014895142675584255,0.0034199425602013406,-0.005490714510696804
2008-06-13,-0.0009225667917300129,-0.0014253216722152791,-0.01823362704817816,-0.026490612971684067,-0.004857814801541313,-0.005290307203709158,0.009752487692860056
2008-06-16,-0.004820491660988842,0.016709945920768014,0.010276421068132459,-0.0019189314334458062,0.00048270869434479074,0.009326828125508311,0.0016526207022361506
2008-06-17,-0.004833998754889955,0.002049049595711266,0.0016903312419297195,0.009923559888546984,0.0012427135868433418,-0.0003400869741092799,-0.0008240455187981721
2008-06-18,0.0038621817585982273,-0.0031820355882939805,0.009490724182231094,0.011312115911073804,0.012885350967746206,0.0025347309461035117,0.01469755600130267
2008-06-19,-0.0034053353369341444,0.017285971954263117,-0.0016550776187296567,-0.002239606313175075,0.006090049707199675,-0.0004828118988901097,0.01360968342774074
2008-06-20,-0.001953668377353789,0.009318284197263512,-0.006289005889602306,-0.008786647974433983,-0.007354987508870618,-0.0032828347021887144,-0.004781325549419899
2008-06-23,-0.0023318893502634348,-0.004318350887210318,-0.007381867119472809,-0.005916961946891802,-0.009247730258628033,-0.00105321162769832,-0.00658190141415106
2008-06-24,-0.0012469915320707766,-0.0011906385657579131,-0.02023053183740145,0.002461370661255547,0.002507836154502665,-0.0023970257227593104,0.0030842187601480857
2008-06-25,0.001757950593390075,0.0011333261454468718,0.042130428765183546,0.006284257997186179,0.00030596234798694114,-0.006428050959320779,-0.009465369559044258
2008-06-26,-0.017360931262231698,-0.016172781123072945,0.017838577964516534,0.019846294063976266,0.0031821708956262843,0.008356242015502738,-0.00030927163987568435
2008-06-27,0.005183129097567705,-0.007216272533238326,0.01015873778898062,0.014072281560220877,0.0048176367166183265,0.0014818914937626418,-0.01212139409970629
2008-06-30,0.004855358714732748,0.0024258775368482294,-0.0028414918546521635,0.016598614748153925,-0.0013956242474258895,-0.0029855384899475043,-0.020616272719077903
2008-07-01,0.0067571704379698165,0.0007501961034125401,0.016545648671683216,0.000979681324196264,0.002472380714122424,0.002519549614964538,-0.010337234893046112
2008-07-02,0.0035660005983136948,-0.014718232636325617,0.01267822909761035,-0.01111588982748033,0.0004699919844137381,0.0008201478128961096,-0.007216763527666478
2008-07-03,0.006029699015593695,-0.005435661094419469,0.008907442482876815,-0.007395038577339344,-0.014189260222838895,-0.0020249104728567026,-0.011030260034790977
2008-07-04,-0.01375971206894994,-0.002380297284509457,-0.006806082688054755,0.00931305747940495,0.01578748708992902,0.006071867952452415,0.00018227130052302876
2008-07-07,0.014618889566747863,0.0038939685556566832,0.012166801269844945,0.0010856201443394072,0.004914393772345743,0.010773362636928784,-0.01291272717416176
2008-07-08,0.009613982822704934,0.005919142940617111,-0.011910821477635758,-0.00195978149926999,-0.007793479221931903,-0.0013561490049536036,0.02226864487324938
2008-07-09,-0.0015731862707290623,0.0028788139556877907,0.0011526427546347051,-0.001532792335734924,0.0035654275300594862,0.011917384358135122,0.00275845721534995
2008-07-10,0.003626402073464023,-0.0067892306382769255,-0.009384475268588658,-0.00491176394774225,-0.018423483556839308,0.00276800639078438,-0.0009618610356766751
2008-07-11,0.004690368998034819,-0.004384207475486454,-0.022598468725927773,-0.006711697704583128,0.004389324739138411,-0.00038783689644719547,0.011057296787905532
2008-07-14,0.003289768669187415,0.0061964215655088166,0.015241816600552951,-0.0020311396640870336,-0.0046380865348582675,0.001180570894659459,0.006148633803475061
2008-07-15,-4.209726538996011e-05,0.00370482903150118,-0.0011265838424901293,0.0005950833153321104,0.0021898362702357627,0.005779622413285669,0.007574033842317307
2008-07-16,-0.0004843850438219528,-0.01104519880939765,0.0027976213106564013,-0.0014727754121927358,0.0009364248356468701,0.003666389610643987,-0.010167802595870613
2008-07-17,0.006053380374758196,0.005462322881943105,-0.026476679132179666,-0.006462296296236541,-0.0016894585792579986,-0.004149839268307189,-0.0006492982297663639
2008-07-18,0.00341074312032215,-0.006805535116846683,0.006745430397423074,-0.0072704264391755015,0.0023732763230865637,0.010114938438661592,0.006902936780549385
2008-07-21,-0.0005776572525340108,-0.003087852822658633,0.010100179729695615,0.002997276133770413,-0.004155852856956516,-0.00820532086225971,0.0036054189174334894
2008-07-22,-0.012489861243386394,0.0005862680776412406,0.0068327147764240415,0.01095687830418879,0.003103432946400778,0.008303777392439078,0.0016282925250053616
2008-07-23,0.009991581618529673,0.0035608498969966857,0.0014938618171232757,0.001933963668271531,0.007064636250541628,0.0009769793519521159,0.006837481184511656
2008-07-24,0.00048306868808985096,5.3485879398338e-05,-0.020545442663566504,0.0006605937054466119,0.006131429526340839,-0.008087841129868644,-0.005940305539342925
2008-07-25,0.0032994920125081545,0.0003517441344157197,-0.006517039732076923,-0.0021978136142486605,-0.016883278679308153,0.0004125827703145004,0.0055137095000360485
2008-07-28,0.005677497518628358,-0.013732561537434474,-0.0012743960956153838,0.0009911737746925871,0.006110096949959579,-0.007134671854471343,-0.011611901682892119
2008-07-29,0.005725000225150532,-0.0030754099686686217,-0.007503814742745162,0.003208403351108743,-0.006624111523604053,0.0004954985175258472,-0.0036648088962163896
2008-07-30,0.002112042607390018,-0.0005273806651624229,-0.0023626913517577307,-0.005849879599448786,0.0038657350512787654,0.007973451532136758,0.010801915185465812
2008-07-31,-0.002705207218325817,-0.0037412108436916352,-0.014810142004829928,0.0065247402816250395,0.00774282761992857,0.0038564146146383045,0.0267673579491321
2008-08-01,0.006420056287325346,0.01262467901682476,-0.018352406993733052,0.0031926772615405467,-0.0061807764201456195,0.01069391883781635,-0.0296113320054206
2008-08-04,-0.004113059736225153,-0.008717831888728558,-0.017891137507056044,-0.010040317299030791,0.001665186849941747,-0.0072750967627871425,0.003709168706260133
2008-08-05,0.0011757332833263342,0.008212643756981539,0.002055922759634254,-0.007239990256509079,-0.0066568534555697815,-0.003166771207622385,-0.01563887575779603
2008-08-06,-0.0033539896398399626,0.001310526369070158,-0.0016974406381278062,0.0030533842554829388,0.009571110630306783,0.011579461968665425,-0.012969528634895052
2008-08-07,-0.0019082116580247796,-0.004523816786201176,0.007195770915708393,-0.00190904178726555,0.006730860027879475,0.008354930665999032,0.030140444426977362
2008-08-08,0.0061892755372908404,-0.002631847165938265,-0.0471472767733222,0.002373007074227776,-0.010355027562078517,-0.002886876241991032,-0.02385211321446342
2008-08-11,0.0014428483693835286,-0.005605295943039817,0.006283880535709841,0.002078667948588972,-0.0014840017996649148,0.0017585988621329801,0.00012667268998093665
2008-08-12,-0.006683519270943295,0.004128897512959382,-0.009409678281253225,0.00022527574998415674,0.021686990263993212,-0.003767330538441845,0.01857041897369434
2008-08-13,-0.005695861329042206,0.007389111621267836,-0.02432896470553383,0.00982450183522059,-0.002847732283378808,0.0004485001691030232,0.020478874121549116
2008-08-14,-0.0001623651888830341,0.0011508157396055868,0.01831107963516502,-0.0035854516234464177,0.0018984971060902137,-0.003960495345970667,0.01348796378989995
2008-08-15,0.006212974979721431,-0.004339133699190212,-0.0067786384193864345,0.019421170547665116,-0.00371214090356803,0.005818987177768501,0.03655743545405246
2008-08-18,-0.004957712190666563,-0.005738920095129055,-0.05412699645432553,-0.011083660877010128,0.005544972124631141,0.0042384940615402215,0.006562360155254598
2008-08-19,-0.0033941940639580313,-0.0020001164792916946,0.02420705837824593,-0.0008396004261941537,-0.007432188086852539,0.0020989081029299276,-0.059166312920811266
2008-08-20,-0.012962180419446433,0.0009333422624021684,0.045740986462800635,0.006348791993021386,0.008967081864975298,0.009089506478325354,0.08337957826059937
2008-08-21,-0.0010632099118090485,-0.00029571209928924436,0.015270477568805224,0.0065465878031458515,0.0009703596796589416,0.0070168155953043935,-0.059241208437103246
2008-08-22,-0.0068482960578705124,-0.00026547317351254126,0.02596069709885196,-0.01101824250184067,-0.010756207879701616,0.0036959223921301204,0.053391302071405564
2008-08-25,0.00900818217074382,0.0025433315349541507,-0.008146078157161757,-0.003802448749545493,-0.014702766579533837,-0.0013391688474531074,0.05164919759851394
2008-08-26,0.004167040180213583,-0.0011367560353175508,-0.030914775454983803,-0.01209818216713916,-0.0018283973928320799,-0.006281333140393031,0.012259332266601926
2008-08-27,-0.005692148955707111,0.00178889967418446,0.0068404494730841,0.012272235887590563,-0.0032099140078302975,-0.015586013636424374,0.030693973430919258
2008-08-28,0.0034981341458283403,-0.0003887013024456064,0.0019546019500334393,0.009106743623939475,-0.009759230651867274,-0.02958069173723209,-0.10833242767746488
2008-08-29,-0.005024016327924447,-0.014512167471552893,0.013333818430826327,0.0019998532548798904,-0.0020675456571828403,0.018985545657256856,-0.017160917981939947
2008-09-01,0.001534068300768888,0.008052125398723709,-0.017912746870623872,-0.009767350382553436,-0.004901460925634871,0.023820010695988006,0.006508287335457116
2008-09-02,0.006884851757374451,0.009758806467529687,-0.02391024340896751,0.02177955598815022,0.005948450172038443,-0.03327765084800142,0.0367009678109157
2008-09-03,0.004411533057305917,0.0057512611426620746,-0.018467072842562517,-0.001329900582242706,-0.0009098219962293794,-0.013367822383581383,-0.016388235437098463
2008-09-04,-0.0009717835111562006,0.007121793099552143,-0.01880871533025542,0.012709384378546794,0.0019037097136713678,-0.027060910409535722,0.09118228679738846
2008-09-05,-0.008608302540928026,0.000277804561448138,-0.037096710703218044,0.013465823942257453,-0.0005869096988453457,0.011688387955174158,-0.008940223819194149
2008-09-08,-0.0009142632823603134,1.1848138639019216e-05,0.023570631286397775,-0.010621423310442106,-0.008700420239889239,-0.0009222680629675114,0.029420304443093008
2008-09-09,0.0007103088552843671,0.0021306523463761324,0.007529565278374355,0.013546491048060676,0.007338910781747509,-0.08550191171286764,0.0010812224765847514
2008-09-10,-0.005322622543482087,0.000615335441727524,0.0005829691749106007,-0.002893597562195667,0.00254776408082423,0.03632175952192073,0.006479978096851251
2008-09-11,-0.001759537758249336,-0.006920396098022915,0.03342200985312165,0.007795551572856535,-0.021379337313010807,0.03743009672569825,0.0876110471899586
2008-09-12,-0.0015092884612277623,-0.001750860894727391,-0.012934690892666169,-0.014431021552590063,-0.00438836008717844,-0.020241250258784645,-0.021795165285769944
2008-09-15,-0.00045638323730830976,0.004104443083879803,-0.0024284677555143916,-0.00524953446875209,0.006014910203496982,0.019605140140897308,-0.014059432677729739
2008-09-16,0.003732909786498001,-0.002578403375022128,-0.01698904367068817,-0.002918315486668024,-0.0003706976515384995,0.02623345212978193,-0.0014773205376261516
2008-09-17,-0.0006707332178273685,0.0038255501771241483,-0.0008046400773151019,-0.002082836807630079,9.006122043589804e-05,0.014799654638309803,0.03576135923276173
2008-09-18,-0.0016702710197273878,-0.0034598330787379682,0.0025125592509348004,-0.0008463412030437728,0.014603948329535998,-0.046712766404593487,0.018491728805271338
2008-09-19,-0.006350174382008763,-0.007320194735059911,0.0020187068007721364,0.007367567567000954,0.0013274252378899592,-0.019496825205247474,-0.04313890642852669
2008-09-22,0.0006500778886523168,0.0041525108179197535,0.008557686982658876,0.02284417519554086,-0.006157127323398082,-0.01151722960670736,-0.005457835063742455
2008-09-23,0.0021442726136856574,-0.005738176280996,0.018769793332945983,-0.006834530903041138,-0.022440043804688357,-0.020243108649174824,0.04476263125393843
2008-09-24,-0.00129041275853045,0.001194427854833122,0.009042499579070454,0.0001272366524239724,0.0030349971941321975,0.02643153427854552,-0.005972463385300597
2008-09-25,0.002657825241406091,-0.003949641972328959,0.010292558512017805,-0.010507081359526745,0.0015315302821737927,0.03012343068157642,-0.017423320221333905
2008-09-26,-0.0060803515093015145,-0.0020369774033727763,0.004643479592095624,-0.017916012221118802,0.018464172531911276,0.006623241815982497,-0.017160901659582013
2008-09-29,-0.010731494562919299,-0.0008998077404777387,-0.00046801665425984256,0.004562865652935926,0.01572113413600904,0.05536026238198297,-0.0065836184319590695
2008-09-30,0.0006270585198002773,-0.003526117228406358,-0.0221672326919782,0.012763230743366369,-0.0017094770453524631,-0.020658796373973977,0.005822326043145597
2008-10-01,0.008000365075387731,0.011763419138262989,0.00139500556140611,-0.008270168317958291,-0.0025879739172135624,0.0204940814222515,-0.012123680148417453
2008-10-02,-0.0022841545051964763,0.007778728996640735,0.023675103537234614,-0.008125741228912652,0.002918056485226462,0.012437919114074006,-0.005443152430345365
2008-10-03,0.000544548023232562,-0.0011061367049449884,-0.011107508554544267,0.0012897424215675486,0.005765919482338678,-0.006194185080611953,0.02122366652603712
2008-10-06,0.002791007455510934,-0.003195822895885601,-0.00739260314322461,-0.00480916742303516,0.0021085409535652536,-0.0014352986251155542,-0.014984628031847906
2008-10-07,-0.0002624094121213079,-0.008672339098250612,0.003068482388244822,0.007782949416025567,-0.002985813000254522,-0.010764851554090375,-0.016675300419005407
2008-10-08,0.0008047901147198007,0.0009952788500103994,-0.008907952905973415,-0.010862609533569796,-0.004718474414428147,0.013316615063448604,0.018754248640378824
2008-10-09,0.0019050811294266184,0.0024168169300552017,0.0052170016296387055,0.003679768298023401,-0.004204565773446442,0.018356539144178997,-0.02171171430282469
2008-10-10,0.0034376441179508124,-0.001724475617395624,0.008184582997367759,0.009375639979728184,-8.958217776736564e-05,-0.0099065629542522,-0.022260981892932408
2008-10-13,0.005333250280091058,0.0014554190302203196,-0.0008909690546028254,-0.001017961396693748,0.006680889961750851,0.03504985302488985,-0.0008786759309727596
2008-10-14,-0.0005599769513953554,-0.004273941153716308,0.0020828617769204655,-0.008604767333668684,-2.1593997274707593e-05,0.017057578150685024,0.009430849438649297
2008-10-15,0.0045148175821411755,0.008319783176872946,0.008139049269409825,-0.003083538488595265,0.001195112261310409,0.029249519092667618,-0.002902684718495033
2008-10-16,0.0011563334279482763,-0.0012588752437718072,0.010458349474195328,0.010141343418259063,0.010220787236416022,-0.0046206094848449085,-0.00498812778961269
2008-10-17,0.0006693180223766733,-0.003518769924727106,-0.004526219035963088,0.006937444763049218,-0.0014989507525041672,0.0012586961928349213,0.006250342708494997
2008-10-20,0.0016400648774520957,-0.0008101257360548403,-0.0065186149131840985,0.0004703623983913957,-0.000979730605856683,0.00666690874107989,0.016325819327835184
2008-10-21,-0.0021846669739513823,0.001037086350002714,0.019290734631550902,-0.002100361832496855,-0.004321868612601428,0.011827852984211552,0.0034169021483564255
2008-10-22,-0.001912039054835805,-0.0007867535458787913,0.0007636316686524101,-0.001204798886053687,-0.004491591850882803,-0.013788755130653927,-0.016031648165385173
2008-10-23,0.0017736628417690111,0.00800044971324536,0.010066767296888395,-0.004344143552045418,0.0007420010697484127,-0.008417404229270153,-0.0005087606700531447
2008-10-24,-0.001155602867867348,-0.004970393519027149,0.008653067098349856,0.002310536353258356,-0.006210364696384419,0.027851950136096836,0.007992619831464218
2008-10-27,0.007269518929985954,0.0001258628128065783,0.0004080819219875953,-0.007801548544576595,0.004239895607023321,-0.04849627350013908,-0.0042064135034102015
2008-10-28,-0.004905503906141601,-0.00697365802771632,0.0021668406139997527,-0.008477547212683201,0.004127766916292771,0.001137442958139408,-0.010911621410290409
2008-10-29,-0.010428894413324858,-0.0033578664601269805,-0.01953091548853886,0.0008577558234091319,0.001481817684782967,0.013895707040053084,0.0021822933319964074
2008-10-30,-0.001821199635230687,-0.003769591229997422,-0.007563436977414412,0.008052756710931351,0.020497535573873026,-0.013217659764046125,0.00804942220406522
2008-10-31,0.0008174805250061434,0.003778042379876968,0.006915272672331308,0.0019230832494070665,0.0031542121112633223,6.668168508908398e-05,0.002186917095791381
2008-11-03,0.002368859586781954,0.0003232543995368903,-0.013167649935916867,0.008324565242394326,-0.00042063900551532707,0.012803994366610245,0.011207333286947103
2008-11-04,0.005342044343335915,0.004805595079933061,0.005969702403549062,-0.004008752330816078,0.006064616903790628,0.011440259259144324,-0.003285183189106538
2008-11-05,0.0006369529714468293,-0.0010544232862700444,0.0033909217552158077,-0.01376836610875189,0.007085281629174282,0.048844141324385096,0.0006733666414016694
2008-11-06,-0.002188925429434727,-0.008544721191831958,0.014011461518344504,-0.023779060586474707,0.00028924399597301273,0.012813886939521412,-0.003004129265117621
2008-11-07,0.006250537081977731,-0.0027281126868478564,0.010912583779661214,0.000386509408613709,0.018615182379900206,-0.0015019403579179015,-0.0010478513333849347
2008-11-10,0.010449252854215248,-0.001998757106710169,-0.006619791232551992,-0.013364464692497,-0.007823034144221887,0.005571035371640531,0.0036240522011166004
2008-11-11,-0.00040602631478222235,0.008812741739602078,-0.002941745198159867,-0.010827539417918327,-0.0016664980069648098,0.007568579887130284,0.0012444433672362705
2008-11-12,0.006016997232573522,-0.0029044018697401736,-0.0006591515548857684,-0.010741341703340585,0.0029979882538393628,-0.0072538502898576,0.001097354397790676
2008-11-13,-0.009259311460509892,-0.004560556909941912,0.001510716189819075,-0.003172844581014106,0.002583673039271818,0.00901128296318349,0.0037549479780957604
2008-11-14,0.01287711470241775,0.016321445793374315,-0.005002479782421163,-0.011738107797814463,0.00047329877638443415,0.0015911446045900608,0.011695583927273417
2008-11-17,-0.00256208077716387,0.0046496814401741264,0.01103942749801309,0.014321481724064089,0.004998583969776058,-0.010376408232071982,0.0020834639647199058
2008-11-18,-0.000921182846510262,0.00013416339255205816,-6.905988435950993e-05,0.010532987139446975,-0.00213313381125249,0.00015318701394484525,-0.0018435614100564023
2008-11-19,0.0014220156722507553,0.0016768649714844735,-0.007810899641344591,-0.0005806117103449466,0.0034872298426034606,0.005706601102215993,0.0021757569000603405
2008-11-20,-0.003710455889697474,0.003481953505088061,0.0027666482867143654,-0.011102485509454153,0.0016299296100044816,-0.003364965327460178,-0.004068185794878194
2008-11-21,0.0038472383527814527,0.001848841232979173,-0.0014048834521281854,-0.008277026524900082,0.0027240943515538197,-0.009742280987349876,0.006836141834376966
2008-11-24,-0.004904899101504093,0.0012505874549369389,-0.0015060603591000087,0.006561631936530184,-0.008705675641233592,0.0016801515736055916,0.013965677699536298
2008-11-25,0.007320808608045415,0.0074378124158158195,0.00039319843511529344,0.00474819683795043,-0.002165395129832713,0.013406140070865016,0.004682141898850824
2008-11-26,0.0012717581485679585,0.02487508260529225,0.008370968039494055,-0.02358402899491002,-0.0003981032697274864,0.006042849814694821,0.0006549631882615656
2008-11-27,0.0011365338859246862,0.003170695119407238,0.001772048088967274,0.012954062893706073,-0.010067363284915266,-0.013709130036292342,0.011052583049866558
2008-11-28,0.0034162972847173517,-0.005605271399043032,0.005462242901828125,-0.0003918488462018663,-0.008493413264730656,0.0059780151552607415,-0.004018614139121252
2008-12-01,0.005149840116449511,-0.006625302669195125,0.005834506181360914,-0.024875775493924886,-0.005719172831661818,-0.008945089245091093,0.005686405319386746
2008-12-02,-0.0015103887563627791,-0.003948943648988523,-0.005232999511138074,0.011492570496011897,0.009584837898646652,0.0036013357641646363,0.0031142658170521644
2008-12-03,-0.00568249519832961,-0.0034789477332637627,-0.0012317407703843577,-0.014932069144657152,-0.004485794978414467,0.014233965505749999,0.008359222719205351
2008-12-04,-0.0010678177805907628,-0.004645697768466887,-0.0065648984512537934,0.0005029663486154397,0.0011992320441852784,-0.014825896721428686,0.0004678823978289838
2008-12-05,-0.004436638299687918,-0.0008111573171855478,-0.0012214470360555358,0.0032198273755179615,-0.00044951770684767173,0.00698481966947892,0.0035071821149594467
2008-12-08,0.0013529716283800883,0.006637857989553533,-0.001869111793220885,0.0011282026205410702,-0.001591292193808112,0.00946703450376603,-0.00017313279498237604
2008-12-09,-0.0019653608756788257,-0.0001915901519301829,-0.00657844682981691,-0.0037713432763179975,0.009169832429517253,-0.007475180218818005,0.009806489178172067
2008-12-10,0.0018828958728195325,-0.002308371063033775,0.016493302627678005,0.00365538504487543,0.0022359851272391804,-0.002855897012375809,-0.0017301131890904327
2008-12-11,0.014795123656624777,0.0057797303007615765,-0.00820531925487237,0.010036449578036464,-0.009069756428434838,-0.005182978252558428,0.01180053789142301
2008-12-12,-0.007700466162440901,-0.007203799613846772,-0.022346297980503263,-0.0055907038205714995,0.0060537386896202415,0.006113102868569774,-0.004619980337112753
2008-12-15,0.00257610925409691,0.005650279430375927,-0.009091489771418743,0.004851419669833537,-0.00969147973032756,-0.0033684864625663003,0.010026192851913791
2008-12-16,-0.006957067551109576,0.004268806908376207,-0.004791683028045665,-0.0006401080748706098,-0.007991493187062484,0.02692826946063776,-0.0033143640781939355
2008-12-17,0.00254680668631408,-0.0037664620155659725,0.009220190708624,-0.01487132060100824,-0.004738882891014172,-0.007728558242073171,-0.007321196990120418
2008-12-18,-0.00485939100392235,-0.004606384112633999,-0.011807543530138328,-0.013347490193549368,-0.00465079241447328,-0.0024501558151665886,0.001742005966121866
2008-12-19,0.010642142559649188,-0.003534613778533961,0.00019040983733915046,0.011763582446432691,0.021123972637606216,-0.006562306356624178,-0.005689171591405317
2008-12-22,0.007292558725749752,-0.0006408951227489455,0.00948608942535051,-0.0025507597742055726,0.000576960132186699,0.01137052785899949,9.97424216812243e-05
2008-12-23,-0.0031688153919669096,-0.002395698426963263,-0.004873613411445003,0.0046715769972491255,-0.00951397126667792,0.003961398081311382,0.0019323611352176728
2008-12-24,-0.0036351992379763283,-0.004052516253282678,0.0018582281089312464,0.0015154302172384307,-0.008589735089572064,-0.01109397608925542,0.002310113776078035
2008-12-25,0.0037731015849056335,-0.00031131777773365935,0.006348907785894545,0.025258257518343447,-0.005862810617007913,0.0005030008435519353,-0.0021105584183463365
2008-12-26,-0.006999369249080656,0.0022887423265690716,0.005424520603828972,0.01800567839718774,-0.0028469984046512646,-0.0066657014811175455,0.018785667115884672
2008-12-29,0.004606574732320208,0.00448810992624453,0.007240506560467851,-0.002643007176184026,0.0062778641005464915,0.020412408457853595,-0.009964220486329932
2008-12-30,0.0017066101069431099,0.003841394376374515,0.01649930858149594,0.004242901278217909,0.009817082132799198,0.027267909057326414,0.0035266156198627296
2008-12-31,0.010504025849754297,0.005030438211329054,0.0035745456583312608,-0.03668933268213873,-0.005258393734632043,-0.0021983878407559354,0.00896561347229489
2009-01-01,0.0005462458197707868,-0.0027784974600173437,0.004811391229544827,0.0007428594229753828,0.009628932614413445,-0.005050741030752931,-0.007900321614359232
2009-01-02,-0.0031348697980745246,-0.011708723112737362,0.00832804419830692,-0.022854028597357173,-0.0034134015449076515,-0.0010499653725153974,0.005985386439935068
2009-01-05,0.00010932510536229577,0.00018779492830926949,-0.007447234516022517,-0.0008477356073122126,0.0010319923051174827,-0.004902989845429936,-0.001517280090118041
2009-01-06,-0.0009038382873169024,-0.00109506034698199,0.00043658907582855126,0.014928079203350673,-0.014679537187119923,0.00903785166085834,2.0737596031616798e-05
2009-01-07,0.0021363663828336587,0.0030828554097438797,0.015086592310853957,-0.0022674552265140183,0.000969722245194799,0.010454914556245152,6.844178774876107e-06
2009-01-08,0.0027307681854819256,0.009656614446143309,0.0012234622329961422,-0.0010584020716564923,0.008881350186261877,0.006712297007389479,0.004077265903711021
2009-01-09,0.02104333549500316,0.0038275419428642618,-0.006355721774622498,0.014284750388267051,-0.008630935173090123,-0.0042147811540685495,0.009091718644840383
2009-01-12,0.00500195871561185,-0.007203003158923461,0.004768347780630353,0.0019857259536291104,-0.0003835702228931831,0.009810029896485144,-0.0019445460724930397
2009-01-13,0.001044745284988483,-0.008596204222742562,-0.011182418937313966,0.013765687012366315,0.0002584682436373289,-0.002448608523094397,-0.007710251757822797
2009-01-14,-0.0027436919350574316,0.0013115851556444189,0.0042923826661924866,-0.013115911514390075,0.001198269922804471,0.002454577620337474,-0.007485555553914774
2009-01-15,0.008171058074434204,0.002556629157939225,0.0009402279886029696,0.04725565211056432,0.0027137517761594205,-0.0006922923053727049,0.004759887212223538
2009-01-16,-0.008790356959703871,-0.012874721370886478,0.008166288420448453,-0.023695407030599535,-0.0017076538475117836,-0.00994530088685596,-0.0006661566815644843
2009-01-19,0.0010448347793410194,0.005769453928542557,-0.00033132409851249897,0.0028840484319145724,-0.004134623840891558,0.011542718794491008,0.00781686998524118
2009-01-20,0.003012826870471721,-0.011580705180928129,-0.000843240694102588,-0.005695140456690177,0.0013082492637491012,-0.007315381075385752,-0.004632134073172954
2009-01-21,0.006321378595016485,-0.0007572949821455951,-0.0022948950507401655,0.00165852472631405,-0.009802187479899728,-0.005813316956613759,0.0014220263248125198
2009-01-22,0.0007803115150713112,-0.0007570144929962292,0.008816910653771383,0.014489249774803606,0.012656237795806153,0.007844329121316362,0.005301407166133897
2009-01-23,-0.0016483285209733635,-0.007526816624067336,-0.0035600448444377112,0.0009461262535941183,-0.0038920967426597595,0.001993707487408937,-0.00383904475124103
2009-01-26,-0.0038253730435089516,0.010055182695086895,-0.0065161504158294985,-0.0010638413385145914,-0.008663437035010284,0.009255194801044938,0.0066897433327870485
2009-01-27,-0.00140699524918281,0.004679183855119787,-0.02122836433319984,0.007402633856382496,0.0024783313431786954,0.0004008847202836964,0.002977688597457635
2009-01-28,-0.0035345279958845636,-0.012991606329526468,-0.0042419110091591805,0.012236957945182245,-0.006298586045047309,0.008932696492085924,0.0016412525756078647
2009-01-29,0.006465121750749365,0.00017989981782385204,0.006227961239403617,0.020181328567890275,-0.009307180930782102,0.0007667489632413787,0.011395234163811257
2009-01-30,-0.00724595362604764,0.01177963837624155,0.01549301575438023,-0.011201316782958791,-0.009185718092481948,0.009294689265602526,-0.02002974734153893
2009-02-02,0.0012487504757307444,-0.0014133186184360543,0.008973957162790031,-0.01675118505187004,-0.00125937842221809,-0.010126111115813876,0.008355881744802538
2009-02-03,-0.0049391092771688214,-0.034007832821514684,0.0028769994815567197,0.01707992296713544,-0.006433586021779903,0.004974207784111407,0.01021746300434407
2009-02-04,-0.0022031547108376523,0.012571131584401651,-0.005903273470059077,0.028070107904177584,-0.003538823794414679,0.002660498671120156,-0.010488709544029322
2009-02-05,-0.007110322619861455,0.013063984139030472,0.0031332204495573453,-0.01557500850086676,-0.0012300855469788545,-0.019064216292489878,0.005359917209186094
2009-02-06,0.00010205970809713723,0.019719367240320338,2.6674493074769348e-05,0.0011113313537311092,-0.011897939441652882,0.003767512320671162,-8.153826057544285e-05
2009-02-09,-0.00014920689845170944,0.0072041118307808,-0.0018075637395779892,0.016664850960029932,5.736844336660799e-05,-0.005575279710769522,0.0008894895883414572
2009-02-10,0.005528131855097628,-0.013608962327557617,-0.03014255207506784,0.013059709459274626,-0.0025861852618271727,-0.011540924303170106,0.0003601266638496178
2009-02-11,0.0027873034275049994,0.007069776950250481,-0.035157715155702526,-0.015176068712040823,0.0013912508809301324,0.002755212646531061,0.03643351528624354
2009-02-12,-0.004984023524816249,0.009730864891552421,-0.027623357734271728,-0.012952887577707534,0.00526468192732298,-0.004444912245951047,-0.0070447980234957805
2009-02-13,-0.005555186127905286,-0.0021786325670270354,0.0013291396109176997,-0.02304780093179303,0.0027978885343280034,-0.0010427451294213173,0.011200655332664221
2009-02-16,0.0026085773097613073,0.006072832956263611,0.011790993796436666,0.009956187513768953,-0.003130688363215021,0.006009505382097664,0.00935217729669358
2009-02-17,-0.0039042819069717806,-0.012542742559114584,-0.012880236087081456,-0.0014364472175492054,0.00486166728610544,-5.060384282810122e-05,-0.018325109972746438
2009-02-18,0.0006254384858025194,-0.009715950515610932,-0.004402263040401715,-0.009907624706012398,-0.003612189180931809,-0.004855886556370603,0.01478664542046896
2009-02-19,0.00276825668713176,0.0037944693168343066,-0.0021364765791060322,0.023537202579627048,-0.00014057578860433373,-0.0020313148864659677,-0.00014456694604888907
2009-02-20,0.0021607210591047432,4.524484057988101e-05,0.00880577903164173,0.009474907542909205,0.0038125589428741145,-0.0003602172494482346,0.021466125449750417
2009-02-23,-0.002439441814834456,-0.023800132352816278,0.003113625507343638,-0.0030457647074573963,-0.0005047551907902306,0.005129526920906977,-0.0016394151610486297
2009-02-24,0.004168147156188644,0.0059216015355386484,-0.004138022961932242,-0.01481245353965477,0.009315575253174843,0.0014628513646962257,0.003407031781478786
2009-02-25,0.015709378435475086,0.022407995532058838,-0.038805938883989956,0.016465353167696,0.011899545316124385,0.0024011838515170616,-0.011972159727712843
2009-02-26,-0.004895542189327504,0.00782464786994921,0.014827552164547345,0.011133161639237117,0.0011752112979027162,5.6785488122524604e-05,-0.003372337975778717
2009-02-27,0.00613315046313283,0.014941548005305436,-0.013962615026357022,0.0027609051305485734,0.0015983528444988894,0.0006503044152655487,-0.015282073847989923
2009-03-02,-0.021015891276986713,-0.02954416126335771,-0.0014059038664751462,0.005257966842733343,0.00031653017436988684,-0.007938370955861728,0.005216170699761799
2009-03-03,-0.0038381895607129315,-0.002525666372084992,-0.022206861487324942,-0.00345593503271859,-0.0006276880823854593,-0.0008904860739536284,-0.013940019475429067
2009-03-04,0.00887669466046955,-0.009307442221330339,0.02849684943629984,-0.007404604794801127,-0.012873683838672654,-0.005124964102042174,-0.0007785872257192035
2009-03-05,0.0010040777746178735,-0.018394785793196446,0.00036867869740577684,-0.012196455018845073,-0.004512632781534731,0.013115507878309325,-0.00687411782296453
2009-03-06,-0.007496398642133257,0.008058944217972269,-0.03109066482961962,0.003473150587966577,-0.013921909230237702,-0.012915458756595949,0.02543376835483896
2009-03-09,-0.012964066214568247,-0.03836887779181525,0.003484413392203322,-0.006232463333016187,-0.008518168777770898,-0.0008189510838051685,-0.011049159874247023
2009-03-10,0.0005399147878907422,0.007809842524202132,0.01133536899707196,-0.0009901964023004378,0.0055875588237368325,-0.0023259554475361806,-0.01603814360029872
2009-03-11,0.0034776685774042513,-0.017195057445567298,0.033712553142747174,-0.005708681138183444,-0.006540936587673375,-0.005331123112142634,0.005901205564612278
2009-03-12,0.0032703076818024392,-0.012311039023620246,-0.011229001041990537,0.0011253868444560636,-0.01022496366540881,-0.007679256479129996,0.010357325544323797
2009-03-13,-0.005932217683303844,0.0013212887944671521,-0.011587992782978906,0.004598034658521937,0.006031198795007246,-0.001280797837290028,0.023834902761007297
2009-03-16,0.0014942224128899984,0.026680347535217547,0.007265481242234794,0.0015180930127352806,-0.0010146136814501141,-0.0024311392258251534,0.012273727741883251
2009-03-17,-0.006551765668777305,-0.001364764257474789,-0.009710622102703634,-0.003286930127673548,-0.029597859322322572,0.00031912409790907267,0.013355932869360284
2009-03-18,-0.0012333603639822688,-0.004790123891568824,0.001864906374519617,0.0011931787398483731,0.0038350774256238596,0.0028432274858527498,-0.007359304943515022
2009-03-19,0.007769108777186065,-0.002836077686700158,0.012702679401030472,0.018047308583613853,-0.003965759633962875,-5.4567733740519794e-05,-0.004221215741979182
2009-03-20,0.00045428160576307025,0.01140702880725013,-0.002507502413371925,0.009554246918671835,0.0005819919230872664,0.00014859858409280326,0.021712091574936924
2009-03-23,0.006561121186089257,-0.005930771951132615,-0.007015208315702375,-0.009772670674050486,0.005156637303177708,-0.0010005767204441407,0.000839354947754957
2009-03-24,0.004248314494867094,-0.0006365454036032895,0.0006377457788875947,-0.010818628765587493,-0.0006039605035734191,0.0003404276979308053,0.006641265979924425
2009-03-25,0.0013629230250424818,0.0019834053469249173,-0.0091153720205827,0.014526695404387283,-0.003973187146897371,-0.005124678926707241,-0.014129702776349755
2009-03-26,0.0015246673505214191,0.01121375300945197,0.01851724337250799,0.01309489651318613,0.004835233983082625,0.015468917982062022,0.011521209394573847
2009-03-27,-0.0034880005320428605,-0.012313980958516105,0.0003002043689867499,-0.009568593667443,0.0028159364491350913,-0.0016176236903885678,0.013203922586642528
2009-03-30,0.01117580804658301,0.022325357499106368,-0.0031289691611808995,0.009395917077132979,-0.005593680734719359,-0.002196702332999397,0.012386993080722731
2009-03-31,-0.010259798788014743,0.007467113941800937,0.004082113746016281,5.988034564547679e-05,0.0048477071307048165,0.003967519908205631,0.0008421391508664894
2009-04-01,-0.01434481290169307,0.0022749791690283893,0.010308871937551634,-0.0016613660443535255,-0.006059862160288565,0.0028844961358309574,0.005459707118785031
2009-04-02,-0.000340000942633096,-0.011786657743690483,-0.005738334133683416,-0.004841665456617674,0.017475655171889294,-0.004750430539382483,0.0009273036221875888
2009-04-03,0.0012710529502861735,-0.007946531119573698,-0.010632559041730322,0.0006595439501949052,0.00530615347899138,-0.0021697741537085877,0.004309149848621659
2009-04-06,-0.001877120151281355,0.00047016653975257927,0.01447812945395266,-0.0005615225862464388,0.0035476201322772612,0.0018869201047656257,0.008890251128162701
2009-04-07,0.007755683122209923,0.0036547602826396547,-0.01282708038540372,-0.00482024889684686,-0.003028450131928659,-0.006180657155105076,-0.004788970866194116
2009-04-08,-0.007773605649282937,0.0023160785224190274,-0.05107808327681776,-0.01189940366145587,0.005322046930902239,0.004972436009961802,-0.0030464736897960363
2009-04-09,-0.004889942341038495,-0.011718776968910515,-0.009452791672672947,-0.0033176455567974234,-0.013183615046075896,-0.008238613665754142,0.005644768235871402
2009-04-10,-0.0008053224952727987,0.00304418629298713,-0.013466343418336538,0.009097204555454893,0.008250173105803706,0.0020291480191545344,0.009805737541839247
2009-04-13,-0.0057642233332790725,0.0023853767960639125,0.017972339008632175,0.007390218266517765,-0.0023895824868178264,-0.0005407641485053181,-0.010644298496074161
2009-04-14,-0.006527184619440833,-0.00679275924528163,0.010269551514150876,-0.004116500643799069,0.004769026928011336,-0.0011933798071517873,-0.0015790292471438152
2009-04-15,-0.0017748677145706122,0.006961601801330145,0.014049384209476863,0.011875956171240617,-0.001964336647673418,0.0015123149352235302,0.00865829668093202
2009-04-16,-0.0060783872046518755,0.008338575796395553,-0.009318195596933768,-0.0013673005227136188,-0.0005378826533269545,0.00029608289951897854,0.007901115576157004
2009-04-17,-0.0030891145196463464,-0.003950319980086499,0.01975157484832737,-0.0042634598716473045,-0.003211207831168482,-0.0034716794628603925,-0.0058403522291116715
2009-04-20,0.0038867615155292294,0.0005745546221360211,0.0064815229336348925,-0.0009595009407589182,-0.006208981692369204,0.0038914074796165244,-0.0022311083655601658
2009-04-21,0.00011448093152751656,-0.008807488963318767,-0.004960042969097276,-0.005164961802793608,-0.002077344440285978,0.007418614819985423,-0.004202476283003594
2009-04-22,-0.00017564468815668151,0.0037453804076533555,-0.017184183515698014,-0.00020950963746815482,-0.002510080257525979,-0.007486351209546062,-0.0024457595766298806
2009-04-23,0.00025016148986620597,0.0041862047927878005,-0.01704096582279749,-0.0038882136162436123,0.0027489450990653037,0.008107540798204468,-0.0032862496372424777
2009-04-24,-0.006409676101705781,0.0022534973509530784,-0.0047109948361682055,-0.0031430731422501883,-0.00403541136051461,0.00831990060480956,-0.00499250524416262
2009-04-27,0.003244524212091156,0.00978428023603421,-0.0064219681381338925,0.010323379932151164,-0.0009127803633814035,-0.0025327752771859644,0.002183932606679553
2009-04-28,-0.0003213144030924116,0.001797034758972254,0.03390238326858364,-0.008438976417468614,-0.0004269302679143125,0.008752321825146368,-0.004084632054237278
2009-04-29,0.0008472658929888803,0.00030533520774961027,0.004295170915930192,0.002049512298400567,-0.001860950955472265,0.0008132610703154679,-0.012425502623169165
2009-04-30,-0.008251870617090906,-0.0015866165920782665,-0.02649640443369876,0.0018865896974338348,0.009653057719663015,-0.010812157059084422,0.0012375450126727743
2009-05-01,-0.0014290046401601887,0.002209028519104865,-0.04487952385892056,-0.0002642014482371482,-0.006051661131585415,0.000597076719943188,0.02879515343672615
2009-05-04,0.0004419960611921778,0.0020692782989792133,0.006851005412453515,-0.0012277739700427143,-0.008837135369531197,0.001866277348743625,-0.0020793317541149864
2009-05-05,-0.007358628135798547,0.004820640304575205,-0.008021901028264698,0.005027656516689037,0.00559969734823175,0.00559114700125562,0.009298475732618884
2009-05-06,0.001892407743289739,-0.0020235737903115565,-0.018768599292330008,-0.006419024829101699,-0.006286182648262883,-0.001402417814909422,-0.007535377392681455
2009-05-07,0.011652311062168814,-0.001862550788754236,-0.019251037388505414,-0.0034203293461061144,0.009529814305366858,-0.0047308476973873526,0.0041489208495538365
2009-05-08,-0.005743990481236406,0.005485521399626038,-0.005378283484468233,0.00012893366372435783,-0.018543114908501603,0.005181059941625373,-0.013822529619917902
2009-05-11,-0.007592287726747163,-0.006095464687895462,0.008264590087260472,-0.004515131157115938,0.009352139097513807,0.0012184362205874748,-0.0008664950869148741
2009-05-12,-0.007623697384413999,0.0070302880733378904,-0.004660581955428067,0.005220832814298037,0.004892026996027469,0.012935904436999693,0.008203221914495684
2009-05-13,0.003921825462207091,-0.0023738942990236414,0.012496572964397192,-0.0028894627042390067,-0.01991370405440305,0.0020604258447488965,-0.006484158437046877
2009-05-14,-0.0028998992900753826,-0.0018401548273551608,0.0022588942932681632,0.001172113355726181,-0.003187308904280314,0.010179011866012168,0.004135238603177033
2009-05-15,0.0041945961821107415,0.0013162346855422878,0.0009120646410049135,-0.00044535002879193646,-0.007606818501202887,-0.0026282484673042033,0.014061265547088288
2009-05-18,-0.008185932118934085,0.0017888375135939039,-0.012183041565213729,0.00305601584007859,0.0012464036971700637,0.00792373934867114,0.0015443779090906625
2009-05-19,0.0039957165667672745,0.0009741954684462438,-0.0007861233030998809,-0.0026818183679973902,0.01529588866276479,-0.005631656431776593,-0.01410626459104148
2009-05-20,0.002874390169268796,0.0008012309802693981,0.019721816985365206,0.006411770467712838,0.009275699625096296,-0.008990978887504244,-0.009085961383337152
2009-05-21,0.0028093141266332753,-0.0027302619776010274,-0.0013733786448905973,0.0007893060876931164,-0.0029674937806892293,0.0013029654760112121,-0.006124822023178214
2009-05-22,0.0026239358933936832,-0.010035918679545069,0.021789999868814545,-0.010979871724381578,-0.006439524753270413,0.005037000281427891,0.009130341099554703
2009-05-25,-0.0050578787685592085,-0.0031669619974508743,0.0020237424632609568,0.0021016286723966352,0.00703730463154974,-0.0044256908400005495,-0.017349955361654228
2009-05-26,0.004943258751772829,0.019839984232832345,0.001511529505470447,-0.010952353843228213,0.02158607668686953,-0.0011027319593078337,0.000644836799201817
2009-05-27,0.001488931977849824,0.002801805488416213,0.007645644395863132,0.001711097849523477,0.02177853994701172,-0.010498283596661918,-0.013841423445941602
2009-05-28,0.0055811817971961955,-0.0004070752785017503,-0.01520790387385506,-0.008379462391381874,-0.006979665573263495,-0.0028017859489660388,0.007894520865604175
2009-05-29,-0.0011835802825500815,0.006167421772137689,0.021309792656616366,0.0031191348817795083,-0.0038620934504879577,0.0013742986370006063,0.021585784809111986
2009-06-01,-0.0034319271543195207,0.017109960723247206,-0.008165028091172893,-0.010133128951712119,-0.0053689796511235755,-0.015955199192198656,0.020707584607314426
2009-06-02,-0.0073571179519725935,0.0013933063148393945,-0.016475237528839975,-0.0034148486873482246,-0.01591524135549801,-0.007406983514253719,0.008173226173830771
2009-06-03,-0.0013514129976943178,-0.009633351677821898,-0.007881846715396771,-0.006336339491794843,-0.001018195524208581,-0.002203530856120532,-0.005219606332057768
2009-06-04,-0.003523937400877207,-1.5661098212269364e-07,0.005685600712143696,0.007714241576376628,-0.0045642378990037235,0.012433487854138078,-0.005819317678006366
2009-06-05,0.003389950481954633,-0.0025876323495656888,-0.02273656804926275,0.002263874863774394,-0.005583150803304656,0.0023200056145045215,-0.010911071124318966
2009-06-08,0.005501691530674217,0.005106228343522312,-0.023616353918788958,0.0006651942637445042,-0.004076957209142459,0.009039617483471053,0.0032839600644881907
2009-06-09,0.0027067539439373494,-0.0035779979231414074,-0.024932964017248805,-0.003126094002760354,0.009132689419995127,0.002442352159172156,-0.006928727192310225
2009-06-10,-0.002180134562645442,-0.009936057415474903,-0.007057108908971296,0.0010106289100163977,-0.014138864915324309,0.005167932204939114,-0.013070870113645132
2009-06-11,0.0012158934451172742,-0.007754751922601695,-0.00541852536191895,-0.0023020698689597864,-0.008315842033101442,-0.0033168750556331573,0.001874752280463612
2009-06-12,-0.009127563374392779,-0.003841801183724159,0.02069591330651838,0.01094271400039225,0.0038843482307776202,0.02876577280682643,0.018388842844633147
2009-06-15,0.0021705174138028304,0.0073098254222081025,-0.01652228907805052,-0.003205616024233774,-0.006919691589740012,-0.020355555868874924,-0.0017297894617946522
2009-06-16,-0.002711591704043602,0.003830106868123133,0.013465337967469257,-0.005831950294253782,-0.00077421936202443,0.017896935523444027,0.010905635510810363
2009-06-17,0.0023288782680328792,0.004656485539121586,0.0022730849800308103,0.005100755667479393,-0.0012877460177751557,-0.005573007588134693,-0.011553568520191997
2009-06-18,-0.008447284608825602,0.0005146027313909914,-0.02342461969347468,0.0003122725268573099,-0.0015416465609607922,0.008987962983615743,-0.02612675440006997
2009-06-19,-0.0034466126887739107,0.00026326665010917565,-0.0015524760912324722,0.006730124130739453,-0.0006145615206500457,0.004118302541413169,0.005886011161454228
2009-06-22,-0.0007998089379092349,0.004611417177560635,-0.007050069611645771,-0.0019952748046811394,-0.004926181336836357,0.002084642272471658,-0.021396132181163947
2009-06-23,0.0016733792849246856,0.004909555390017177,0.01568546459579335,0.002124390620164873,0.002302013886423855,0.013025093124887081,-0.008144669804756241
2009-06-24,0.006416452982424688,-0.0076014132513088925,-0.010409188882777929,0.010514610040283636,-0.003106785380248686,0.0010542321213310466,-0.007662174741012571
2009-06-25,0.002725050645798494,-0.004640166770617012,0.0021992489954083165,0.010887127136115251,-0.006802327981190088,0.010185930519831745,0.0057571612410275445
2009-06-26,-0.002641697578883174,-0.0021549070457371282,-0.010099798874492229,0.0011548805478824413,0.009804245961887328,-0.01088818708372855,0.026900223521531437
2009-06-29,0.0007473457072001553,0.004732352287312587,-0.0031472520504075194,-0.004306224063794802,0.010489053491787699,-0.0001374678894085812,0.00575026267954995
2009-06-30,0.00458268145981572,-0.0015011506006556332,-0.0328379890586471,0.0023278059993747865,-0.005911484660360006,-0.011449082817714472,-0.010858576838820055
2009-07-01,-0.002530953615909929,-0.00045450554473701495,0.005047961253415707,0.001806984544305812,-0.01084578489100975,0.005360225806215974,-0.015200801104220464
2009-07-02,0.0044577323382658665,0.0004041105559204875,-0.05102396194798906,0.01184035910332161,-0.007314363659983114,-0.005019129867798129,-0.0023729800596274625
2009-07-03,3.234396140430675e-05,-0.005757952560553182,0.04990893123423535,0.0069897350085508445,0.003325404669966218,-0.010816272641416342,-0.011524945767441706
2009-07-06,-0.0017632095535367277,0.006514859818579975,-0.008892908303520693,3.2094783736769175e-06,-0.0028730154049067826,0.001761508397685934,-0.022947697051112204
2009-07-07,-0.004917602482914956,0.010331418769243126,0.022283774065055384,0.010310744488360378,-0.007945577432505704,0.0032227208688943424,-0.0016253089208370672
2009-07-08,0.002755581886560721,0.008449416553173024,0.012347564166778147,0.005819454042622003,0.0007115658102749847,-0.00025259743709493286,-0.011466534999153042
2009-07-09,-0.0001879435652359971,-0.005199515521320869,0.0105132108855922,0.001666057026385585,-0.0035874880254524962,-0.0049065296257557595,-0.011949592192412841
2009-07-10,0.002579311243813706,-0.012296686348628755,-0.005570925647987301,-0.0015416645257176297,-0.006896527867014333,0.0012207259818568727,-0.026050242228802003
2009-07-13,0.001628595756976305,0.011832573316829631,-0.023544852550546735,0.0015745089616777449,-0.006278977525504931,-0.0052850605209347375,-0.017569967492157487
2009-07-14,0.0024509970516480564,-0.010884158544937947,-0.01448587390529527,-0.0070131844976150225,0.002407896321822835,0.0073798426162899645,-0.02155685969880863
2009-07-15,-0.0013120027629111117,-0.0008184946841797353,0.0305827645505951,-0.004056863249084168,0.01161723002495044,-0.0006298487980593867,0.0069915422637203874
2009-07-16,0.0026008321161529696,-0.013831228582168802,-0.007339326812025452,-0.0065545212690736555,0.0006236593422599271,0.0011688885081335351,-0.013593955187746863
2009-07-17,0.0022223188831463573,-0.013964008775758515,0.001172238064838405,-0.0031936836836878274,0.0001353687981620113,-0.009017901819981482,-0.007691166225003061
2009-07-20,-0.0029910606783021174,-0.002108314673208901,0.006818683806688689,0.0041918827511872375,-0.005388177125493671,-0.003270795195827083,0.00012124106294554632
2009-07-21,-0.0005686156909021742,-0.011680612022032452,-0.007188427368239696,-0.005054058404972635,0.006352667364040215,-0.009618859988943752,0.008564158715399003
2009-07-22,0.003838654646196042,0.008092293150656236,0.005925219047949806,-0.006298685071960228,-0.0027493931941693153,-0.0012599675873881384,-0.0013627036793328643
2009-07-23,0.003125079364918928,0.001162568836695003,-0.01741391180276696,0.001881446043257452,-0.005776782674020745,0.0006260423816249902,-0.0052226051154261885
2009-07-24,-0.00014965642223781117,0.005926117248746399,-0.003031033337674837,0.0005263841558758489,-0.006307246754200811,-0.00319497321330613,0.012478626659726507
2009-07-27,-0.000994828731105473,0.009804831871078444,-0.018590744614501192,-0.004920837729003724,0.005443887155138489,-0.0069488816956954705,-0.005407212250167519
2009-07-28,-0.0019451361607423878,0.013523904224046878,-0.02028784798799073,0.008199766127700072,0.0012035598536125972,-0.003185568394355839,0.002829834421748746
2009-07-29,0.0016678144859528364,0.001740825312149197,-0.004337938728634484,0.0017533793812090457,0.0036512921730665958,-0.00039088411668859795,0.005189194987527031
2009-07-30,0.0013515855517151362,-0.0013938277605528497,0.010031893165581245,0.0009385682350472055,-0.003583064341733621,-0.0010148429759703668,0.009226501095104998
2009-07-31,0.0017465143646067996,0.023237207880726047,-0.0005033676694194578,0.002114551315353184,-0.002006052904818029,0.00531831322190713,-0.002271594410498926
2009-08-03,0.005126062183758273,0.00010349332827178082,-0.0018785896281148945,0.0034634255381397524,0.0024728543000946844,0.0013906793236300237,-0.01072914174327895
2009-08-04,-0.0022556323583451427,0.004076098488575928,-0.002677235713662158,-0.0007221512161068819,0.003131546898679028,0.0013352958697474661,-0.010401462367732504
2009-08-05,0.0016151118773146485,-0.005891405201019537,0.0014443152690106842,-0.0007527316208380668,0.013512399867781848,-0.0033746303338286444,0.005215270642253474
2009-08-06,-0.00400142605022771,-0.0036699980173605165,-0.008660577621120715,-0.0013719991205079077,0.0020689452178732316,0.0036443613228334558,0.00950286446061184
2009-08-07,-0.0015119689481616044,-0.002608111003330554,0.003999010480072579,-0.001368770033204407,0.0017758896293039133,0.0040575352718423534,0.022305389051883354
2009-08-10,-0.003845901151761253,0.0025356707697081616,0.017346773454213513,0.007328282151350437,-0.002092236432924077,0.0006960090000377056,-0.001533665860064131
2009-08-11,0.002289618183599482,-0.0006485979645499096,-0.0031938724064648955,0.001311977047394465,-0.0023752240880083706,-0.0023176366041575787,-0.0004212189729795878
2009-08-12,0.0030681804456502045,-0.01582117730541899,0.008904011816395241,-0.0018282450659539247,2.062714309593562e-06,0.0065153276917628445,-0.004929755609440561
2009-08-13,0.0011895274201628968,0.00652369530329277,0.008288590721678509,-0.0033857339926709087,-0.002009804493697612,0.0035147556454607513,-0.009187173414152192
2009-08-14,0.002407080675813452,0.007601029802637911,-0.01217437361651587,0.0004857553960962777,0.0014352223560552357,0.00862338762927372,-0.010462875488766326
2009-08-17,0.0028968915627949183,-0.011401162435389755,-0.04011692905644811,-0.0012791441077917957,0.004893989892169242,-0.001628971242019475,0.010715930505306802
2009-08-18,-0.00774576468925584,0.0025133583695708213,0.013805204529261301,0.001196979186398064,-0.001813385756138342,-0.004599608453746841,0.004210553184903686
2009-08-19,0.011910598718730884,0.008356666569434444,-0.0036600126305979786,0.0038981615345158524,-0.0034271660399368465,0.0056842722244203085,-0.02319604988181119
2009-08-20,0.0014770989770978185,0.0012281301654876093,0.037123793111474596,-0.0008246164640466178,-0.00299027007074852,-0.004112592233185238,-0.008726292614094019
2009-08-21,0.0016415445891029593,-0.020719135364619713,0.008742450200840026,0.0026073095016290186,-0.015851546651309546,0.0031700777321078777,0.0088603256649051
2009-08-24,0.0020694094542302215,-0.008981319240512667,-0.007422820380119358,-0.003678487602646878,-0.00029506746707846703,-0.01014478680115444,0.012278139877833901
2009-08-25,-0.005697485587637273,0.004915332036683088,-0.005144746172236924,0.001575791047693734,0.0026749968632238746,-0.006251617475350682,-0.025496078335217907
2009-08-26,0.0019650420200924886,-0.008838936910733853,-0.02538440476921934,0.004508534314149958,-0.00763876009067485,0.0007720145863210208,0.0022875930778578956
2009-08-27,-0.001133833443115651,-0.004427270193670802,0.03920586082665962,0.0007858026478747098,0.0030223347576364317,0.0054722435178042594,0.010802024981326448
2009-08-28,0.004827922788013574,0.0030135608967673294,-0.04086691124861019,0.002593055113146956,1.071485399522557e-05,-0.0018928512638245307,-0.011871870311365329
2009-08-31,-0.0067174806577235055,0.00903490579672192,-0.026216879469845574,0.0010159626212483414,-0.0007486419028729117,0.00027584672298796334,-0.00038161319558672514
2009-09-01,-0.012264829186457262,0.0009180151151256111,0.012598292267052348,0.0009428141888180244,-0.005090475452802389,0.002618228363092075,0.018465062211656294
2009-09-02,-0.003025249846020437,0.0031442072132782813,0.0055461767545694,-0.0027667736311778658,0.003470463146286618,-0.0061065709429186515,0.017821803850285624
2009-09-03,-0.005761259479155137,0.0015301968667324405,-0.0036428745968053186,0.0038675031122412506,0.0076476566575776435,-0.002083025843157735,0.010870134636503494
2009-09-04,0.004551245935010313,-0.019478821686313052,-0.005823879623192463,-0.001272617758728756,0.0037531334256460675,0.004175152000931143,0.00025024791099770185
2009-09-07,0.003225348254079415,0.002586009275300558,0.007940361271754817,-0.00035060248138211244,0.010905176680908237,-0.014328098003266811,-0.0001780912409302598
2009-09-08,0.0037951262808294567,0.008848942158469836,-0.022361589443787647,0.0022872873702485187,0.003344749709594956,0.0002971337817961257,-0.0029733680469733238
2009-09-09,-0.0015990849059520683,-0.007531077499343908,-0.0007346912200922737,-0.0009885221443069647,-0.0033315750004668807,-0.0032272113731233163,-0.009031805938512525
2009-09-10,0.007103963198359207,0.003591611373424034,0.00860771519869282,-0.0003888203287436431,0.002169500403259625,-0.00034101800185292727,0.007528696194210493
2009-09-11,-0.003126136571391585,0.00027253437406492894,-0.0052542078677139835,-3.436425667663384e-05,-0.0005853117026984018,-0.00566815001030368,0.009916329087780538
2009-09-14,-0.010045402695417286,0.0005617107755373986,-0.014158016694966014,-0.004450270551167456,0.0011315015733160598,0.006107037914931682,-0.00022108642007259087
2009-09-15,-0.004878823177405916,2.408383426036956e-05,-3.9241527245982977e-05,-0.0009663895742608778,0.007869692282849271,-0.007222401629491107,0.00328983084096819
2009-09-16,-0.004070885751016155,-0.009272941086798079,-0.028250374835738282,0.012739489015420104,-0.009452307878302004,5.2089267855467673e-05,0.010550680224490325
2009-09-17,0.004450810485892123,-0.0013652493386437036,0.008879879082351976,0.004381037267228655,-0.0012079779631637363,0.00474503307990747,0.004880754259261304
2009-09-18,-0.0008274585304661612,0.009123571846946366,-0.005134430154104257,-7.808793311443293e-05,0.0029795783920051055,-0.006989308642000701,-0.02055669025305648
2009-09-21,-0.0025242557927978946,-0.006742604389895588,0.0019447748089231659,-0.002384839620330569,0.0002664187839452227,0.009184138685526382,-0.006228078692842567
2009-09-22,-0.003546564394102072,-0.002074922191340461,0.013773499844910518,-0.0033091967868993776,-0.00021122525839709276,0.00043072658734645547,-0.024046508067467436
2009-09-23,0.0007149309530082672,-9.422255934759903e-05,0.005077934604761522,0.0005375429396011955,0.0028385275717930313,0.009601672021409106,-0.026452017192320418
2009-09-24,0.0007767276413429279,0.0026047905907695176,0.007336104161632753,0.004976539227398088,-0.000556758663489714,-0.010102672955132399,-0.015050770880905302
2009-09-25,-0.0012506338352152395,-0.01694584401958809,0.00895981785306694,-0.00029936748843532743,-0.0050857392536834195,0.006929329677366787,-0.0005668571617220103
2009-09-28,-0.0037441267788000812,0.03471714249826526,-0.006391945000893477,-0.00019565310179541642,0.004672421451687166,0.0003308062081144798,-0.010395715998740193
2009-09-29,0.0036397943129796045,0.03416573892923142,-0.007552791934287332,0.0009397918727653458,0.025774035293861318,0.0056736861025638435,0.013493905606182416
2009-09-30,-0.0018765597579059295,-0.0019376169542589892,0.00935473400105553,0.00420550491010102,-0.006745942329116556,0.008108452107796432,0.013781831986801944
2009-10-01,0.0031552186950776526,0.004210437315402833,0.011794183283524481,-0.003590612756998946,-0.0021003479274348336,-0.02738606925124986,-0.005173645985557647
2009-10-02,0.0014328252776820202,-0.002062636063401472,0.00421722686296115,0.002448597043563351,0.0005471303530180813,0.01888064594849491,-0.0004165526598888373
2009-10-05,-0.0027954671861980143,-0.02673748743513026,-0.0035437020458699464,-0.0008521983322778386,-0.0009953671218409519,0.007426665659074309,-0.0014782200993996308
2009-10-06,0.0014399482025231137,-0.0027016652096341913,-0.02066766196990697,0.008220771087340348,0.009293771372637219,0.016105887554085794,-0.0002934618510686731
2009-10-07,-0.00025920623460419094,0.020049296293586396,-0.005988488048537837,-4.9474517593919874e-05,-0.001342351398932414,0.0015477269363614978,-0.014636388327596202
2009-10-08,6.701391282520478e-05,0.011631387332163923,-0.011530225017288814,0.003503543089996468,0.003328816250051304,-0.010475266161985354,0.03965005093836827
2009-10-09,-0.003260442572905543,-0.0006676568759536171,-0.0016662917150377502,-0.0019394177807160714,-0.0015531774513445774,0.005057178067428289,-0.008240175946024704
2009-10-12,-0.004320374476935494,0.015610613018243931,0.0022132738198342083,0.00040644607613776296,-0.0008547358280699441,-0.010792563375559953,-0.0036987073193834397
2009-10-13,0.0014262613178565007,0.010286011387711002,8.987920589396115e-05,-0.007427414494554012,0.004569142984339871,0.00823121929468051,0.008669185266553444
2009-10-14,0.0025802120052400247,-0.008605312407563194,-0.001218070299008203,-0.0016749261185893885,0.004439590763086212,-0.004518287213921955,-0.0004641843813227292
2009-10-15,0.004213351180919018,2.3992259906880882e-05,0.009633873196664733,0.00438341442863599,0.0016169778958392016,0.005104442331747347,0.010702413642805619
2009-10-16,-0.0040905805845196964,0.015955882479239746,-0.010582363140177388,0.002966094426753224,0.0044096363974706135,-0.04384472328733665,-0.005019836815446041
2009-10-19,0.00973918526455541,0.007487406885941176,-0.0012797265099578233,0.0032930725929247143,0.012133313132051304,0.008168028708610066,0.0030325035751017815
2009-10-20,-0.004484824625371363,-0.01115944997542336,-0.007764562132949891,-0.003291234558668418,-0.0019291630932691982,-0.009931458045880338,0.01457299061371927
2009-10-21,0.0058035618474479795,-0.0025293699578385394,-0.010002301791969726,0.0014941032373290259,0.005306555428480109,0.002778450033548559,-0.010721666694736117
2009-10-22,0.004159917965713759,0.0006289067058461336,-0.00683786369257557,-0.0010951181193012704,0.0022443335824923966,-0.008022555234380651,-0.002806370397640244
2009-10-23,-0.00038355206604655056,-0.004018206352958146,0.00674548197583338,-0.007880429300892772,0.0034791667949089096,-0.001241509920477721,-0.000787348464679196
2009-10-26,0.00013912665627211388,-0.0008072962812111668,0.006362331464751902,-0.003735941216673222,0.0012121863600694626,-0.008240108493424802,-0.0063274673956339594
2009-10-27,-0.0018344939781034005,0.00782457064738309,-0.0035391246112199187,-0.001784223136354537,0.00084249619457749,0.008189867316406932,-0.019714268801074287
2009-10-28,0.0075149681876727475,-0.004500044706783289,-0.01662692954685191,0.0033514514113254473,-0.006022570073179563,-0.0028232522829459744,-0.0005784285703053633
2009-10-29,-0.0024413826579845325,-0.002147958444679123,-0.005051089526517236,0.007258386325121477,6.676211658531075e-05,-0.0021680102495337016,0.020463057793754215
2009-10-30,0.004259938418489731,-0.006076917134250469,-0.026638256381674316,0.00010418909196372758,0.0033169655001569574,-0.006732062089704495,-0.013206609104325657
2009-11-02,0.0032518765265736804,-0.003704065287225422,-0.014109065044635022,0.002919057673501737,0.0007840329720752661,-0.004273337558800879,-0.0031635015847992437
2009-11-03,0.00453895730389146,0.009044283356002929,0.00321627354339219,-0.006686985244825414,0.0012138611063213134,-0.005125865157411099,-0.005274388461954999
2009-11-04,0.00763113650476568,0.00039584118738210226,-0.008765026062456173,0.0023160764063784255,0.0008393554826025373,-0.00743229115137732,-0.0009798426091684274
2009-11-05,-0.0003938575753634834,-0.0019567454982931474,0.018141437577101554,0.000534528384458191,0.014762163705311707,0.007332050506904346,0.01517436433000076
2009-11-06,0.009171042571204746,-0.0047603891194326784,-0.012565796664221704,0.004597967904181245,0.004420746642603266,-0.0032210091460749346,2.5862897353480165e-05
2009-11-09,0.001253607124549036,-0.01170687941297021,0.004919227222381513,0.0006457446659604167,-0.0026216827331202257,-0.004664145829574241,0.0036539326141733514
2009-11-10,-0.0027078790362615518,0.004495178692834176,0.008753923667987445,0.008521688220098661,-0.001185860610803445,0.005145264681410765,-0.008462146497999343
2009-11-11,0.01088845833054711,0.005508013008225542,-0.0037683348918288824,0.005011126066062134,-0.002044438331399319,-0.005698599940484484,-0.003803380263853657
2009-11-12,-0.0009389337057274182,0.0026521585466568413,0.006492778354451365,-0.001028055867530888,-0.003698338610025356,0.012714280419545265,0.000563018653356639
2009-11-13,0.0032663547811758666,-0.0002051033863583689,0.019773453597595216,0.0013097205834718317,0.0002218007690401759,0.003585829283113424,0.009407902279963036
2009-11-16,-0.0049747137295535595,-0.00854550864950188,-0.006079850972000544,0.0003190669397916793,-0.0015652098326252519,0.011352160646954077,0.016272861037506168
2009-11-17,0.0010530189713487757,0.0022027140571942044,0.0029461699512785015,-0.000296640673898449,0.007251570188251345,0.016988560919062687,0.014123550129532605
2009-11-18,0.0023621340337313446,0.003977812566264859,-0.014587387118262372,-0.00047376537754468076,-0.00940662231970546,0.0005581825572705706,5.2406435124030177e-05
2009-11-19,0.0023907215247688817,0.005318987439070954,-0.010225189251656833,-0.007007368169436034,-0.002234980700486632,-0.005951978342329438,0.007325588000461596
2009-11-20,0.0005991989706997263,-0.002616931659552709,-0.002551424759522963,0.002833971985655284,-0.013733523806333595,-0.0013850656210196578,0.0014417265903856574
2009-11-23,0.000754444243641461,-0.0033372864475805586,0.018449020262378813,-0.0003301310662378514,0.006490024359635571,-0.0053498289721015365,0.0007946878564723981
2009-11-24,-0.0006774760535311858,0.003980869712929569,0.012887097423337853,0.0006196702467091709,-0.005136644082973008,-0.002138836158334977,-0.001322308019636526
2009-11-25,-0.004777865239004826,0.0031005760309855577,0.00037961104614845053,0.002689074553274756,0.0008176811869838609,-0.01854339143701289,0.01296116305686639
2009-11-26,0.0021120476547719855,-0.003529599839145863,0.00566499520556455,0.001833583310874785,0.008363165160744687,-0.002618987161620047,-0.001880241620173538
2009-11-27,-0.0004772654415346,-0.001205315398695303,-0.0050437393702020775,0.002239443252008752,-0.0058851915237436705,-0.008062746282048358,-0.009416368836992794
2009-11-30,-0.00839483983436019,-0.001936789540193797,0.004633126071669695,-0.0030286147779570467,-0.00039672296393880444,-0.008930358240387896,0.003429455145917993
2009-12-01,0.0038370492866412814,0.004791321969212134,0.004661897676270592,0.006705975708281391,0.004477403925332908,0.0052942793975956914,0.007085618522061959
2009-12-02,0.009582612779502649,0.0037800295272258995,1.8726620714709205e-05,0.0038769437192068064,-0.0019130165280838842,0.013490336136097621,0.01116911058944223
2009-12-03,-0.0018263938850137484,-0.00821204707551551,0.008495133590792656,0.0032225886845978504,-0.004030447124326243,0.013328283774856483,0.0007421306820036271
2009-12-04,0.0031564384435655655,-0.000598470239817739,0.006462487567767005,0.00044891181462875673,-0.014722439368182634,0.0033038375910735877,-0.003107414320270512
2009-12-07,-0.0013318499257648538,0.008953732191955811,-0.004852358618725821,9.204395736701265e-05,-0.004943646255811412,-0.0015500819274425332,0.023335585701120858
2009-12-08,0.0010243046967426358,-0.002590516463732767,-0.0005163708310904129,0.0005671036348146609,0.0033814323053586383,0.0009378890275133036,0.004122394537761961
2009-12-09,0.0006622511456714809,0.0003050348243666154,-0.011061225148982702,0.0040869441664578895,-0.006932220283640966,0.019649337885158418,0.006078228828843382
2009-12-10,0.006885585545677465,0.005748192192171973,0.004882477572821569,0.0013043112777283408,-0.006020074114050322,0.0038982634769224667,0.005143333617778232
2009-12-11,0.0031851644243125884,-0.0035699097093643806,-0.00024608355430999924,-0.0019284229552729915,-0.01049891229654693,-0.00358151757424268,0.008701731484922641
2009-12-14,-0.004155808870086331,-0.012738505523330527,-0.0037215429800467794,-0.0032848069985780843,0.0010799541365555095,-0.0013990890536596462,0.005628630264938618
2009-12-15,0.0017823670241643038,-0.0018989459756816177,0.008703805236555706,0.0021673600226898315,0.001161486621373114,0.01283216711303415,0.006295491385158026
2009-12-16,0.001126918454620068,0.0056668246641981695,0.022937459838984455,0.0019336172460482622,-0.01171040641196705,0.004923820837908443,-0.015162160098990152
2009-12-17,0.0024084998799143824,-0.007704347825701113,-0.009727883596218258,0.00020328112207125315,-0.0011630512831066725,0.0002945824022741068,-0.010909433035085868
2009-12-18,0.003342026592937659,-0.007191726074117901,0.002947854281334892,0.0008700087634174404,0.002199543956703649,0.002614236287776488,-0.003620038100739168
2009-12-21,0.00394155463415568,0.005741050623573371,0.00017752440484725606,-0.005580999156443109,-0.001768295325319922,-0.0063864634672113445,0.004074301046208583
2009-12-22,0.006282898720148767,0.0033873663473072426,-0.0015576338003904123,2.576831220308139e-05,-0.007065601553736433,0.008222331369256255,0.0018150402053781869
2009-12-23,0.003503351534496784,-0.006182565272758316,-0.0022097364222403372,-0.0033990251952147714,0.00488992782441931,0.0009869637925695016,0.0004825946382897566
2009-12-24,0.007666614172464321,-0.0037363932798281973,-0.005122518244819633,0.0003593729776800896,0.006188811660586723,-0.0008557842651848506,0.002484046486486591
2009-12-25,0.0003212111195622702,-0.008622431064652472,0.008407094840481723,0.0006936490420947414,0.0008067257451508904,0.016016875181940785,-0.004734275013733512
2009-12-28,-0.0013998187479781377,-0.009141229613310061,0.008972998942442951,0.008373826613428111,0.012514963775003413,0.0018706146042344655,0.0026754862239935133
2009-12-29,-0.002987378306044276,-0.00785339134990007,0.004418998087002623,0.0005418787632036459,0.0002448711036873059,-0.010410509841528396,0.0035585832650539516
2009-12-30,-0.001757202161242903,-0.0006261480771909619,-0.004542973040708674,-0.0006005340088384833,0.0033071740479036407,0.023578035621154625,0.009800450550058841
2009-12-31,-0.005537645253514867,-0.007432977182461636,0.013120710852220007,0.006964050366835241,-0.005789146734283435,-0.006727202415538246,-0.000987432310927821
2010-01-01,-0.004541865880950685,0.005000521396944256,0.002332237952794492,-0.0002635020652609394,-0.0020950625331054747,0.0032608923167424266,-0.00705397483756886
2010-01-04,-0.0024838685785405134,0.008171704250539528,-0.003998586833217792,0.002409304966628261,-0.019044318642461866,-1.7879717111362224e-05,0.0047658503577431505
2010-01-05,-0.006411939972766224,-0.013540720378904908,0.021874756905646126,-0.0008753793555174365,-0.0012901863228166688,-0.004872455644075998,-0.007501120394428978
2010-01-06,-0.002351685414499361,-0.006640091056262873,0.004145254751596216,0.005500929742935682,-0.0009073735451937057,0.005193432185438859,0.003371578400978266
2010-01-07,0.008521155396932604,0.002536606358236607,-0.009282545891514404,0.0010956384897332083,0.0030316513630222774,-0.0003375460904227276,-0.012915813324519274
2010-01-08,0.004819660625496012,-0.008584321411612842,0.006880056606194642,-0.005611191997657771,0.0023049858817785836,-0.0071683066731794065,-0.0014637515528193525
2010-01-11,-0.0038541884532223066,0.0017665226360960428,-0.0036733982568391403,-0.002114099888258347,-0.0023217679756788122,-0.020246099529337,-0.0051813231254688825
2010-01-12,0.0024916973104885743,-0.0013014567258418789,-0.001500899250710355,0.00046042857888487263,0.0027562357327512135,0.004371288639386908,-0.007193212231908656
2010-01-13,0.0030228153265685178,-0.003894898934551397,-0.00016772305886332764,0.0011905880304725106,-0.006194013817371071,-0.010565545467608546,-0.003094291678021151
2010-01-14,0.003260264460029864,-0.001117034879271816,-0.0024977024070390944,0.0025099743429902333,-0.001651732866673906,0.0061714414399681485,0.012106127282112222
2010-01-15,0.004445229017305218,-0.0011079656265113225,-0.0037667341136758794,-0.004361359651228184,-0.0002899326241383273,0.010168172963277638,0.007427214426073182
2010-01-18,-0.0072173588710749284,-0.0032315642673036767,0.004661159024773028,0.003706246027785989,-0.004288599233443191,-0.010075251545134587,0.00461050575305506
2010-01-19,-0.0026783348714474937,-0.0014797492332129178,0.002372402633945454,0.0003647935820438039,-0.0024374679231086633,-0.0007227437634176843,0.007089509196589447
2010-01-20,-0.0014683654250279492,-0.010127909301882567,0.0027816570497946683,-0.0018046791025474343,0.009733604169336505,0.01585247907753747,0.011727904129061838
2010-01-21,-0.00793210928375122,0.010157353249496931,0.0012778281648059909,-0.004628447570308219,0.006651581608747777,-0.00687566561980641,0.0055683307921148536
2010-01-22,-0.005579577601237084,0.01478148759903418,-0.009758743411659028,0.0016949791225479146,-0.005772873526098946,0.005789375571418486,-0.0014846092946453982
2010-01-25,0.0020665215956378767,-0.012059978006432217,-0.004530208702921108,-0.001933250508939119,0.011705137188126638,0.009255245863691681,0.0009851063270466343
2010-01-26,-0.00010537340924704136,-0.002250308905047412,0.0011311338548068023,-0.002336859362285109,-0.005072996380004458,0.0025336538661263107,-0.0019988492324545626
2010-01-27,-0.001079812324511525,-0.0047779507360284105,0.006276611410687974,-0.0008544798766284456,0.0017542350261406986,-0.012367564316646144,0.007616396887175243
2010-01-28,-0.0025968707624182265,0.002040297246027127,-0.012235625886741113,0.0010642005358122964,0.013725123082791965,0.017032671775850532,-0.007504563843085048
2010-01-29,-0.002349989698641064,-0.010800350929213462,0.03153442382885962,-0.005467535594111661,-0.0009091989157338136,0.001318039136356616,-0.0008624049601708182
2010-02-01,-0.0021781801107723197,0.007363278919458849,-0.002111828477640762,0.00041161729444110266,0.011767021637588398,-0.002495587681979206,-0.014454572689404943
2010-02-02,-0.000720450347317866,0.008528632053519886,0.007438491990607014,0.00016255081984808937,-0.008400752159660666,-0.009335424678058122,0.004508106932664824
2010-02-03,-0.005626098455793246,0.006183809791769604,-0.009888442559019309,8.689344499309226e-05,-0.004073996519571759,0.022499388697398467,0.000775657216823167
2010-02-04,0.004328363905713806,-0.0023171325436521046,-0.007899843618042095,-0.0034956574612668174,0.008021294823276208,-0.009834921636128851,-0.019760711124400112
2010-02-05,0.00016584686306058392,-0.004353694205218819,-0.009175756883703628,-0.0003885203934181811,0.0026901825502009223,0.011479923790893146,0.009559415852750854
2010-02-08,0.003488617349062501,-0.013314737043332294,-0.0034868303489728604,-0.000836109623507107,0.014883637025748863,0.002327775919844854,-0.015598385614696356
2010-02-09,0.0017824891832231577,-0.001805425440021158,-0.0011081932706735118,-0.0006750939379785439,-0.006985091740357821,0.0038978767826433488,-0.002067840693197971
2010-02-10,0.0073671780327666265,-0.005353331458586218,0.001757133231376599,-0.002778678774223542,-0.004750846768151967,-0.008982661540649289,0.02448363921721964
2010-02-11,0.0005906367255342622,-0.005359544361574861,0.0057508247639921,-0.0012035872701217545,0.0056112536366236644,0.0076890451901439755,-0.014086894895482842
2010-02-12,0.0009216165259927507,0.006124030039108034,0.011556514039217541,0.0029924682046857105,-0.014420560251987322,0.00801203741643529,0.0013405466769524223
2010-02-15,0.005495689615463283,-0.010672559463262942,-0.010295365188918907,-0.00046767784513070094,0.006168704021876014,-0.007611616363225278,-0.0013688557216610543
2010-02-16,0.005270929006465924,-0.0070489289440757085,0.007588072286917092,-0.0008629337346049171,-0.016864530478353682,-0.005367748400741967,-0.002473102791731627
2010-02-17,-0.0001419040530512062,0.0012507459525760017,-0.017515520366838976,-0.006164494612453393,0.013033980693993611,0.0063661258352240785,-0.010548186556444092
2010-02-18,-0.0017617650449990748,0.006386296609651691,0.022376530812957998,0.008988088916629071,-0.007733682208312921,0.005465012901365155,0.003486547044611897
2010-02-19,0.008139158834538295,0.003217760858659829,0.002591864737938393,0.0020596001615302006,-0.014363633082678138,0.002812239945266904,0.0013928108246047733
2010-02-22,-0.0032130514058481825,0.013127841613369029,-0.00831814702930074,0.0015003426339276244,0.002898375200000917,-0.0010553403339672288,0.0017453734371796726
2010-02-23,0.0018743542602584738,-0.006651718675396348,0.009515299252414322,-0.0005322892755332119,-0.012119957677839613,0.0060648812454893244,-0.012906224505798987
2010-02-24,-0.02282823770524902,-0.007614715424018091,-0.007229839903883002,-0.0025119747600922996,-0.013978554137522343,0.02750612742693635,0.012249868351849595
2010-02-25,0.01879647718963274,0.025064342813860326,-0.0018841335140843342,-0.009233448023278095,0.002657997994946502,0.0019124232516932954,-0.0072641929250413725
2010-02-26,0.004826630742043868,-0.00522080611824642,0.009880470242679323,0.006182270152671603,-0.01582263496585157,-0.0010837172027553907,0.0030029965849804256
2010-03-01,-0.011882410213955277,-0.004148260933648723,0.0009582512977019899,0.014811768164984869,0.0010451702182729201,-0.003070710182614124,0.002116514576406369
2010-03-02,-0.005790256463648646,0.01275966720686494,0.010096792437585305,-0.01051392871081535,-0.006385659027905854,0.00213943171587049,0.004804334958115315
2010-03-03,-0.005532842998455636,0.014696665520495488,0.00381770050635966,0.001086094459834512,-0.015988712236370536,-0.010185380811205517,-0.0022770370237256894
2010-03-04,-0.007539470123329104,-0.017027941026569134,-0.012478324191253182,-0.003568566012579594,-0.00925935790491027,-0.007519317483087256,-0.011253556905594481
2010-03-05,-0.0019007010657316051,0.006153346425895415,-0.004974903500716794,-0.001789737453852334,0.003765054357806703,0.010018994208484166,-0.008465873832824171
2010-03-08,0.0021632722585386344,0.001303510182415323,0.01421942300257451,-0.0034997116697120688,-0.005340314166155743,0.004543287878927657,-0.007122094395877547
2010-03-09,0.003512409470154326,0.013777873012831045,-0.005311783604479306,-0.0004792874348958489,-0.003974680419082317,0.007495161148580482,-0.003312262575108563
2010-03-10,-0.00028598086057401843,-0.006394201888877307,0.0029448425222113953,-0.0015250441148264827,-0.001251165408828784,-0.006711312987414036,0.013472703365796842
2010-03-11,0.009789943575605847,-0.0023248336795563635,-0.006651211351973865,-0.0051441422855642615,-0.0006590701335262918,-0.022858141748287982,-0.002855567958159883
2010-03-12,-0.00108938058731318,0.003209264247488656,-0.0001907332321363446,0.004674641290055337,-0.026722596594132685,0.007586600902144834,0.01971233199182514
2010-03-15,-0.015248957490082466,0.0015451134670936687,-0.004044592864914868,-0.0031573285989302154,0.008864282194095607,0.011661948169709325,0.0012228987159819812
2010-03-16,0.003912927672201807,0.017063600041108642,0.010606110822037046,0.005752578403958862,-0.0017181231461593249,0.0020614440305167384,-0.0151631902052394
2010-03-17,0.0068208452157687794,-0.005160037820342459,-0.015561404238584299,-0.004195199234144051,0.008528992054807238,-0.0032655867335719658,-0.006921358327681527
2010-03-18,0.0045169741374079106,-0.003499869059524454,0.01209977351326965,0.0061264889885642515,0.009045878947600502,0.0006937886093281396,-0.005071274732054914
2010-03-19,0.0025932189795650935,0.005406011195756071,0.0050435352223457035,-0.0007563758095923461,-0.007001770663030096,-0.005021842519285662,-0.001965470900590603
2010-03-22,-0.006882159068148096,0.002107630069007293,-0.0007493740409970593,-0.006294290691949203,0.01958696049344877,-0.011151449422387919,0.005889572902903523
2010-03-23,-0.00019100554249270956,0.006552218583439511,0.012954776106591978,-0.002417384926921863,0.013227144000272587,-0.004272434313892783,0.007015057109732825
2010-03-24,-0.001001427299672665,0.0031835236099285492,-0.006104801243913046,0.004901637633824178,0.011095242699381579,-0.008745650016010126,-0.02165517718807578
2010-03-25,0.004444276507243237,0.0040793030282530235,0.0013498900691537555,0.0012047919063311778,-0.00935866215754272,-0.012571861430109818,0.019780615852013846
2010-03-26,0.009511715342706584,0.0006547209786821682,0.0021393553459039504,-0.010072918757550228,-0.006178872411935982,-0.003092698902294908,-0.006274378838838716
2010-03-29,0.006304800141398572,-0.00017140980076577698,0.0075732228679700996,0.008335216290488489,0.008539255953651088,-0.009582037874270808,-0.011806571140216889
2010-03-30,-0.0030640968271118986,-0.0058452653206141885,-0.00538955819279612,-0.0033490432476890467,0.0005806907347849861,-0.0074341436723096045,0.0026513562882035805
2010-03-31,0.00018912433331946137,0.010959771500854134,-0.0074520077796016255,0.005702576565216133,-0.003340903859297255,-0.007339127787822042,2.7211905142682646e-05
2010-04-01,-0.0027576775726849438,0.00626132013050279,0.00333594679051219,-0.004016841585167756,0.00393507165075491,0.002760997267492001,0.004120965957387348
2010-04-02,0.006364246106205236,0.0008602371343266639,-0.02557775630326022,0.008633566825651036,-0.0092906262881458,0.008638442410673778,0.007547702081356398
2010-04-05,0.005960733387948582,0.0043857081650076814,0.030793450428325403,0.0034600096100482944,-0.006615975963615672,0.0070389311423282,-0.007033583293613284
2010-04-06,0.0012883318638783974,0.0012999704173300823,-0.023339660999230186,0.004545625467730251,0.009864865383917667,-0.012458875195764385,0.008744284812726481
2010-04-07,0.00012865047232236154,-0.003843279309693541,0.009379424130929147,-0.013816836950262198,-0.009310578486435007,-0.012367685270469985,0.008967770298898657
2010-04-08,3.6464242240871495e-05,0.0023310379646970013,0.014479411907236608,-0.00037614533929905585,-0.0036978704214538274,0.007780678734766489,0.00803891958748007
2010-04-09,-0.005969529678178962,0.0035610267509406965,-0.02173372530109052,0.005840945388950381,0.0019100576214769874,-0.004661126242549312,0.007499513787107311
2010-04-12,-0.00040215719507490246,-0.0035452106947220516,0.01206527571567496,-0.008680552988081023,0.019037730380546253,0.006669275601015252,0.0013997082832596687
2010-04-13,-0.0035195995085048485,-0.007841827134704597,-0.002518267610067203,0.010182013164602271,0.007264808722383443,0.003743404079962588,-0.0010416351738858419
2010-04-14,0.005366820385901738,-0.004008093709588349,0.0004835471373266512,-0.003744389279903778,-0.009547775819200535,0.01284305856164097,-0.0026113901188926075
2010-04-15,0.0038815164799147223,0.005251618688476793,0.018615455702007556,-0.003988073090185139,1.3897123608505478e-05,-0.004958896904232882,0.003072266826238737
2010-04-16,0.00032638573872207163,-0.0013055630458430713,0.00013890932480232498,-0.003641371294611808,0.008329257554016943,-0.005399131153270229,2.8654776002689373e-05
2010-04-19,-0.002053790019751048,-0.0009810500902843375,0.008984559119202967,-0.006664219810518133,0.0020247888594438234,-0.007008916155290193,-0.000759002056057107
2010-04-20,0.0032511005710445144,0.004566352187762063,-0.005204141071390558,0.012728223856075024,-0.005969680851038961,0.020553047297836247,0.006401113319914814
2010-04-21,0.006605733288894031,-0.006119633896925097,-0.008737850735688078,0.0020360053681285424,0.007537007540381669,0.00559832656456726,-0.006178359938459852
2010-04-22,-0.0015722261307402788,0.002646343769953384,-0.01700458242085732,-0.008404554081680659,0.0028915941016585196,-0.01541195055699958,-0.0112958328324904
2010-04-23,-0.0035516265433416204,-0.004996245621599768,0.009322928042828759,0.018979201911126727,-0.0014955143697701128,0.010942323084520969,-0.011053729464970727
2010-04-26,-0.005373857036223809,-0.0022177813627414704,-0.008069407707055536,0.012761359875898964,-0.0005701193106109502,-0.014320345078457081,0.008352351603503163
2010-04-27,0.007401009392456272,0.0033561622549038287,0.003080585876142866,-0.00605974708926289,-0.005207822872048166,0.0013043626057429951,-0.0004451617762377871
2010-04-28,0.004882297053753489,-0.00019756701983555315,0.005279555054385271,-0.01158465683801428,-0.006296385783629838,0.006877832837655927,-0.003588996866876724
2010-04-29,0.003428239439901276,-0.0022479178734923625,0.007854355819328264,-0.0009976446311261717,0.0030525106141111903,0.008582869969500724,0.0012626712286785387
2010-04-30,-0.003864376847524785,0.0009702734634196129,-0.008444288669610889,0.011179436359841765,0.0009713285636251467,-0.007521798798752216,-0.00026792360026036034
2010-05-03,0.00018464132195103274,-0.007141560706574411,0.002874240387057214,-0.005490323066722658,-0.001106333254549349,-0.006135063220080132,-0.009406515672684366
2010-05-04,-0.0035214909077545724,0.005087656149689696,0.02194426686491734,0.006633331166043653,-0.0018941111574868202,0.01228153531355681,-0.008602101400716038
2010-05-05,-0.0017305820965151859,0.021828188546406214,0.005754294576019036,-0.005052956633801591,-0.002194356777378532,-0.00763138998082455,0.0009508399834370579
2010-05-06,-0.0004665781692906321,0.0187506743405477,0.005933538935020059,-0.0125136469534403,0.003207940399359098,-0.00020037790014708985,-0.0049175461837755435
2010-05-07,0.007001199256355204,0.0014625399008911528,0.006572481565335323,-0.0020163626094431984,0.009454189344958104,-0.0021313774177827674,0.0005758573732405066
2010-05-10,0.004402925725008491,-0.010939707953612628,0.0033997999815022113,0.004478769879956021,0.00015295983201468543,0.0036493177019787347,-9.319496839403602e-05
2010-05-11,0.007339162936086946,-0.00522695765378061,-0.008787807929627056,-0.00021185357993136353,-0.0034031329755749382,-0.00915988952140983,0.010630506220207812
2010-05-12,-0.0006725947993846352,0.004531357112106111,-0.00858038063723402,-0.003697019820142695,-0.0009616462538196191,-0.01388225644465901,0.006074725844471445
2010-05-13,-0.003583995581470548,-0.00489838857815974,-0.00732296111726466,0.00028119541155470696,-0.004835016019308404,-0.006897747206890497,0.0020099343690880745
2010-05-14,0.0021573014770001893,0.010866781731686686,0.009845137644412935,0.0037910145924832943,0.00995676873397404,-0.0012849237507772545,0.008755098749488393
2010-05-17,-0.001068393320226194,-0.00981798317541747,0.008032047761934911,0.013905299902456805,0.0010577275280407219,0.002525132103253986,-1.5291772464258252e-05
2010-05-18,0.0022929609007090114,-0.0028692248223540716,-0.001266943841938965,-0.014005480557654914,-0.002218660648358194,-0.002418576460057022,-0.01613969331150937
2010-05-19,0.002715042430650206,-0.0034581764391923447,0.011411265820709273,0.00117645885120159,-0.005345061567895888,-0.0010311477758103691,-0.000615106762497395
2010-05-20,0.0016684798303758413,0.0006847469305357061,0.008057551057233553,-0.020816171133682337,-0.0011142804732963685,0.011183522319442736,0.009407608148014196
2010-05-21,-0.0010826438677209744,0.010382043234684241,-0.0009207451609247523,0.016338160674622938,0.010672177905518354,-0.0038103318443934294,0.01019164677705304
2010-05-24,-0.0024258122498510438,0.003399480001530789,0.01587579838010714,-0.014452302086420987,0.013405259757079409,0.004190269263478603,-0.0003594865450313431
2010-05-25,0.007711068402089872,0.0035677165961579523,0.012644651286117362,-0.004370778060473654,-0.0024088029328038045,0.0019547891581127947,0.0035366166364843962
2010-05-26,0.002313678915562821,0.006419647696389032,0.012055828329088981,0.002361014433086277,-0.006442149244731992,0.000575947962871168,-0.012158503489029554
2010-05-27,0.005711783300294557,0.0032033873965116007,0.008081526884368867,-0.009319577626507926,0.0010002344369332314,0.001652356899019678,0.005137825086751259
2010-05-28,-0.004671143035531827,-0.004500932742263252,-0.0005016918446880973,0.014306469843572445,-0.013113083566723964,-0.019599309996697945,-0.0029519276215017576
2010-05-31,-0.0028790974276331582,-0.008541917185268288,-0.021051271508014134,0.011662201962739193,0.0007564663352628844,-0.01104762271894535,0.0030207769809128685
2010-06-01,-0.0036077460598448415,0.005351108134461414,-0.007229683111941931,0.010900154792744265,0.01017215843808016,-0.008581992276654175,-0.0004192824712286164
2010-06-02,0.012953615629010531,-0.012679603056198214,-0.02407770852033044,0.014560414133830656,-0.00034371821459619023,0.015695060930315155,0.0016776678259430174
2010-06-03,-0.002885333466685259,-0.0022510587880873907,0.0037958843924057193,0.022135774303200614,0.005829046567391138,0.004637108413388124,0.005839154584433985
2010-06-04,-0.0011962263649644867,-0.002749555094690909,-0.02131857942866405,0.009294559387987128,-0.021755003170227324,-0.00502019941313932,-0.01029713272812845
2010-06-07,-0.004637682632734142,0.002482962327650024,-0.005952456782994379,0.02066201100252059,0.005128385773137861,-0.0011272917824394276,-0.014774917441419816
2010-06-08,0.0011145794060506038,-0.01676421465239553,-0.031224860282198105,-0.008047976778556268,-0.005540960349062307,0.0023979212616326317,0.0007421732419111961
2010-06-09,0.000410935703915626,0.01849496252471729,0.0007295400182769275,-0.012056175793611072,0.005304108498712796,-0.0009143612250409241,0.002944173246617292
2010-06-10,-0.007085812053426259,-0.0021766071270628005,-0.008957088788470123,0.0005777145365294263,0.015005920607475975,0.006658650284342728,0.004872670623600129
2010-06-11,0.00017398722742821112,0.001707376637005617,-0.018884765402832425,0.008523913166708696,0.006506513235762214,0.0011221674981677675,-0.0006054105072506441
2010-06-14,-0.0026330107941198748,-0.00782308637850265,0.023805239316514487,-0.0019663913060627117,0.012202401043640369,-0.001874746404287538,0.0028161504542039877
2010-06-15,0.003553327342461733,-0.004463664366449274,-0.03710626423462314,0.0034651559376861346,0.0056188914912231975,0.0026960678032557084,0.004917198123898533
2010-06-16,-0.0008333160263944537,-0.00121962725373064,-0.0020111872096686646,-0.012839320532207554,-0.0009579365209147578,-0.002284168809112804,0.00038069787169355544
2010-06-17,0.005384525994223651,-0.01074231452710612,0.00760255809333012,-0.003355181185552844,-0.009335942947109793,-0.0027168575462264226,-0.004064156635981225
2010-06-18,0.010328541753348094,0.01165515111574923,0.006253438004414646,-0.007813565754742268,0.01302313342062712,-0.002061154732273544,0.0011958269994851063
2010-06-21,-0.004441516250419228,-0.0009244573864845692,0.00571296737196862,0.0030590481564686557,-0.0006578117546097308,-0.006728317086125238,0.0030837461272526967
2010-06-22,0.0009756390873124136,-0.009807961070680231,0.004286481724698091,0.0026834993208666195,-0.0018129985831673407,-0.0016950191561972406,-0.002602411639029151
2010-06-23,-0.005536040698795744,-0.002004323889361961,0.009221100778693475,0.015866304043680963,-0.014363498053119093,-0.008120471567641783,0.008406613219685551
2010-06-24,0.005022128351641496,-0.0027649449428713987,-0.01771507406464115,-0.009287433713447032,-0.004053360409207145,0.017406867002636106,-0.0065716294315906485
2010-06-25,-0.0035312641347643443,0.013185639801780488,0.02507486685122072,-0.01342065489733373,0.0029467533367472,-0.003869524917588347,-0.0012445622676020578
2010-06-28,0.0005641125084697058,-0.017021962670300556,-0.014492427088845376,-0.006828163272966319,-0.001156341377251734,0.0010634352853414071,-0.0017830457782767757
2010-06-29,-0.0009448142029321523,0.0029592301553540775,0.0054458975670739805,-0.005631394272458348,-0.008256533517823001,-0.00035611247095170706,-0.003258378874361818
2010-06-30,-0.006469290629447687,0.00637717249509344,-0.00616468111210948,-0.004381707432864593,0.018966144611896565,0.0010774322795805023,-5.481559461018908e-05
2010-07-01,-0.009494809994443255,0.011108263552501767,0.013561754982560636,-0.011579512887762784,0.00826279624948421,0.0007317736631743764,-0.004240256832145224
2010-07-02,0.023685118298380388,0.026724367451191094,0.012882777983726024,0.0028446895278814804,-0.0019395834912411885,0.00016790724834241463,0.002251555553441881
2010-07-05,-0.002779735272169579,0.012454338562180997,0.01105272206375535,-0.020226215108484758,-0.004128025353161045,0.008994289089228343,0.005324992129093315
2010-07-06,0.005697549052288463,-0.020296819709662055,0.024478833312960618,-0.002273191385616471,0.011523233093860275,-0.0029130175420819067,0.00260583053933145
2010-07-07,0.0058613057335926535,-0.025191715877149898,-0.02120498242072692,0.0022142389531907805,0.005727102073262017,0.005123754109790796,-0.008008778257775821
2010-07-08,0.001535454192004475,-0.010767957361336475,-0.0016442486573754694,0.006604077436906251,-0.007676891611764859,-0.008419553804673166,-0.004447841169770177
2010-07-09,0.005448710539035065,0.0021632458830459843,0.01827877162202113,-0.003374252523246892,0.008025414356056972,0.00469976741649702,0.006546341525768858
2010-07-12,0.00760409414532324,-0.003303178105825041,0.000645267455823199,0.025113567300647486,0.002234965057277188,0.002553261737485672,0.0043166337005756655
2010-07-13,0.00014381242148682794,0.0025196566632592213,-0.02917088294355847,-0.0035029363946773883,-0.0047545963691436365,-0.008477265507664766,0.0028849895552316095
2010-07-14,-0.0019154440180954608,-0.0021888229712976257,0.005524563389588063,-0.0030828573639053204,-0.006806595908932854,-0.003401964973751728,-0.004812395314956224
2010-07-15,-0.0019267520298482175,0.0015160641360960144,0.00030881687178178576,0.004584648143836819,0.008357763279926432,0.002703832952903379,-0.00042454580229195956
2010-07-16,0.0036325880261243314,-0.009943602379352398,-0.002022922284026609,-0.001001076593671457,0.0022943751535366183,0.006640710809471773,-8.760777826109513e-05
2010-07-19,-0.005551505509591959,-0.019792193745354687,-0.006168949357270233,0.006213537023825226,-0.0034229737262752107,-0.004984155044828819,0.004922184179584118
2010-07-20,0.0019216705670527631,-0.020566183408901935,0.001274219181753986,0.011574382540558892,9.617014637976136e-05,-0.005232056150188784,-0.0014439975298108922
2010-07-21,0.0030352808949054423,0.004685737985349464,0.0022355654707254366,0.03260657878842185,-0.005161704365750747,0.005996050917346309,0.005977013616542185
2010-07-22,0.004805641276772298,-0.0056488715142988455,-0.010643061660555297,-0.0023752166885326557,0.003999491843916844,0.006418546410484,-0.005901629004699599
2010-07-23,0.0026138420384481153,0.0007091827927760701,-0.01294879986425849,-0.016637180932161,-0.002407872149028309,0.00013522595634719227,-0.016603446890057414
2010-07-26,0.006616309151950535,-0.00013328983059768907,-0.001989431388895709,0.0004798699552859881,0.007530144469010064,0.00713760145503095,0.0024426925867073036
2010-07-27,-0.008122696295571788,0.0013358074385240563,0.024748532725893425,-0.011318033580187735,-0.0016119540632182165,0.0012270419029621216,-0.021547578626116642
2010-07-28,0.005163187021995741,-0.00022926879602911377,0.010812151296453687,-0.015172168763267964,-0.0008362012692399875,0.003271819024828291,0.014757178943429287
2010-07-29,-0.0102154187512457,0.0018210094928773094,0.019882263798438098,0.01822669950047653,0.001693639238078868,-0.010376905845356069,-0.00048774345319108807
2010-07-30,0.005358452438533859,0.01516105277713288,0.0024935706149271236,0.010454662394405446,0.00210819790308411,-0.0032754857762063013,0.0120645458282284
2010-08-02,0.0029420315902256924,-0.01839461213948645,0.017239769783728355,-0.008671971632659425,-0.010369696887190584,-0.002638903479786205,0.00779115033665715
2010-08-03,0.007777380207116352,0.01395754449881268,-0.0027922282625132138,0.006051244792040221,-0.006655727555588403,0.004131996845041269,-0.0019326435683835992
2010-08-04,-0.0006130103318237766,-0.010735181137089633,-0.0008501725959275567,-0.012291644171019916,0.004437462858385556,-0.0010555578909539854,0.010284379346845033
2010-08-05,0.009199474708635717,0.0062242025869147025,0.018398110178836212,-0.011648976557977737,-0.004230588769697622,-0.0077796344204531884,-0.01625550738114708
2010-08-06,-4.87833177880794e-05,0.015574340555052605,5.140026963159993e-05,0.021751021137624352,-0.02618632340380331,-0.0003856197778233878,-0.024632580439930156
2010-08-09,-0.00597702679085363,-0.019409929332593428,0.00020976075454908,0.009727902183182003,-0.0013322283142000058,-0.0004272114516652698,-0.00706698210474154
2010-08-10,-0.0013056234840133536,-0.005051194808965319,-0.0008682882712864518,-0.006180404350391009,-0.01995380342370639,0.00018661217007498058,-0.007522932525611259
2010-08-11,-0.000790272068565076,-0.005408375053598052,-0.015007235335331475,-0.025727655543050697,-0.02352486396682452,-0.0007556480062130611,0.01660661007273595
2010-08-12,-0.0025426071441520173,0.0024511485996824736,0.0040423512859498,-0.015675766687158137,0.008159785614528205,0.012244043412140599,0.006785876014895934
2010-08-13,-0.0038177902245175297,0.0016594292928865763,0.00021577862589956467,0.005805192377477049,0.01133892899698623,0.008964218895882517,-0.01878667102857796
2010-08-16,0.005674101275324949,0.007840658298914017,-0.0021324161344544023,-0.00313125984337933,0.004533931962910769,0.013297894495902862,0.009267182496881946
2010-08-17,0.0037340116263981306,-0.02138612881311195,0.013382760507665625,-0.009715217476913743,0.006780544161682793,-0.009784386835162832,0.01009865590824437
2010-08-18,0.008040111209839891,-0.00878143939326124,-0.011252087991024007,0.00012574711431579424,-0.0012309359080546996,-0.005341750771762564,-0.010132135813005885
2010-08-19,-0.003851171591114607,-0.0033613682951563004,-0.013615737328429963,-0.004321135953635034,-0.003874606013057263,-0.005495763904650476,-0.003925435076763668
2010-08-20,0.0014612151127115234,0.005490337582247469,0.017176237526122358,0.010109929616277217,-0.011902812106419497,0.001264456463655371,0.02806267294418679
2010-08-23,-0.00035604405324033697,-0.011219800748488487,-0.013487706507190925,0.0011849408724709343,-0.004784111594905673,-0.007983915521120577,0.010585457022633782
2010-08-24,0.013973467299858365,-0.004278389463867645,-0.007544590264761849,0.0018365587857775657,-0.018396807317600492,-0.0012844023304365109,0.016267280761792662
2010-08-25,-0.00862562259832972,0.005290171348473732,-0.012940952134011965,-0.00010634489061273487,-0.0037431492583435175,-0.0020643514997483073,-0.010525459975631262
2010-08-26,0.006673291955682231,-0.008670374953983921,-0.005930409862528243,-0.00877705010729176,-0.005772613447045553,-0.0006355664674284001,0.006364351812560868
2010-08-27,0.0008894299314485071,-0.013215697456043753,-0.012685845589276667,-0.004760298927454508,-0.00822180126047731,0.007771281329615728,-0.0277839364525426
2010-08-30,0.00036703321445753995,-0.0005144428126824468,0.006415336163896761,-0.0038137984522644023,-0.02448100239718172,-0.002265333655053389,-0.011012505980033893
2010-08-31,-0.005911841969059306,0.012905166761777618,-0.021759746107004978,0.003658824573762017,0.003899738006175806,-0.011656330674131923,-0.009636722160412689
2010-09-01,0.0012862954402326284,-0.010824441713825055,0.006316299375975611,0.0008619253050730614,0.029512449004125772,-0.009680717447413827,0.01227656710533517
2010-09-02,-0.0023202745396319786,0.007190145871424832,-0.004295048937206834,-0.006063617323373025,-0.000670806759592783,-0.004526307794308442,-0.004305406669461273
2010-09-03,-0.007678127499833368,-0.011094040866635421,0.0031749580451003465,0.001902922581340584,-0.005314790727205788,-0.011308031253927119,-0.0009757566950785553
2010-09-06,0.00341656870901105,0.0005166445038763556,-0.011619182199342324,-0.0056556709654477745,0.00013448142754412992,-0.004517128788005859,-0.005828244961538426
2010-09-07,0.0030970028236856867,0.00020054846860069944,-0.015263837711826192,0.0023977537793779613,-0.012718667813980448,-0.010821019984601535,-0.0051393992213508094
2010-09-08,-0.0006113930383459811,0.0021474720124041277,0.019299485156821516,0.00925187453561367,0.043710212269471346,0.009362608090238051,-0.0020147014717029343
2010-09-09,0.00267635750864324,-0.000790308685543056,0.006516597941342681,0.007060401396945946,0.008956673160803114,0.006181370312171838,-0.0009104637610963099
2010-09-10,-0.011132477561623028,-0.011117281926512967,-0.0005930919730445803,0.02519559200619615,0.01464490916850546,-0.007099518918634493,-0.0010563570561368588
2010-09-13,-0.008240755386373684,0.0023507583248889795,0.00330155788307137,0.005198328520661333,-0.007833312429031685,-0.008868069827917331,-0.008262927357229406
2010-09-14,0.0013451523543039454,0.0002973646855864591,-0.001133662175753602,0.0037178090278635187,0.01275251742924855,-0.019599756645252483,-0.006817280049256566
2010-09-15,0.00010510611048615651,-0.008885787743761099,0.013026884047483209,-0.0026103748807360383,0.00018709079498700938,-0.00806275592303867,0.0032492953128126084
2010-09-16,0.004572423917696162,0.004883453665229271,0.0025244967746496784,0.0072983572849106264,0.0071105944319916235,0.016510508586244487,-0.006323499871077006
2010-09-17,0.004206435613811618,0.0026229113562302197,0.0027443336672541875,0.0026913960114071027,-0.014674846228529237,-0.006132185537066615,-0.00640057200778538
2010-09-20,-0.008221862732359883,0.008671302048831715,0.00971346065698066,-0.0053026102252822305,0.002134411511778258,-0.002115267386328054,0.0008946551609607767
2010-09-21,-0.001424514377839061,-0.006916854158077229,0.007917133091813008,-0.009810032532694614,0.006457380087444459,-0.012700676835265708,-0.007433195189357016
2010-09-22,0.001798157136814557,-0.005844416028048939,0.004493707310031117,0.007782396766387421,-0.00031489499755731515,0.016872225836055875,0.008301622206456515
2010-09-23,-0.00910354460619983,-0.005817153038608864,0.005720782641149297,0.008880799477206634,-0.001848937836935077,-0.002110091851851424,-0.005564941165784962
2010-09-24,-0.015433780936896374,-0.00045981956280728665,-0.001500319970990183,0.0032723461096216973,0.00960791082979644,-0.01411437552446147,0.013322833595724394
2010-09-27,0.0060256691690217645,-0.00672434078497547,-0.0030161446397700157,0.0024240397952218938,-0.0026961753957745103,0.0025771425954808263,-0.0010447002768954163
2010-09-28,-0.01330717540696029,-0.003397403388234387,-0.007278161292743911,-0.004874002696368583,0.006023865632467782,-0.00028745730263763297,-0.00025085891456383055
2010-09-29,-0.0036617853839705527,-0.006189450209425253,0.002250287534634308,-0.004456662871504559,-0.018189236596505516,-0.00883015071803509,0.00873833177280684
2010-09-30,-0.00029166168470143457,-0.00688868312917294,0.00334898543457928,-0.006682165985776762,0.006264694130280142,-0.005201883447049258,0.005233594875025241
2010-10-01,0.008610781376804105,0.014641693432394352,-0.003479772602537047,0.0008342157041808605,-0.004243223510195906,0.010286916235683449,-0.0007272014483366476
2010-10-04,-0.006977316119915003,0.0006927897784407954,-0.004499632657472133,-0.00716971473061183,-3.0785336522670926e-05,0.006913945936202156,0.0025148618310117
2010-10-05,0.010549391532158892,0.00479587548686218,-0.0059578660738458826,-0.006249930646577058,-0.0004738304349087916,0.005934319684798563,-0.0013713167991956632
2010-10-06,-0.003354141814525412,0.007705004133195584,0.002098371160390641,0.005556368703858848,0.000849929057805347,0.004309938588004734,0.006502250143274283
2010-10-07,0.0005579425302773703,0.01171575587446749,-0.0014051193850166694,-0.00423519467781395,-0.005467415408077243,0.00043896743571191117,-0.004615835027411837
2010-10-08,0.005497861597850069,0.001958890086866518,0.002315827281337219,0.013126042608735783,0.011076244092247847,0.00011177105956778331,0.00449875835448859
2010-10-11,-0.011912345861449422,0.00410523262809389,-0.0036053569388380417,-0.007767586339443084,-0.003946384478339826,0.0009872678351035304,-0.0047522645302864154
2010-10-12,0.0025807382929363006,-0.0008104480415190928,0.0018466748364538096,0.0022030500202880623,0.0016486242169689196,-0.005397574822635946,0.002942831169108657
2010-10-13,-0.011078566362706516,0.0026827086162830166,-0.0013637113952701724,-0.0020704795619010436,0.0026596483278646652,-0.0001130085000751129,0.020868543381307118
2010-10-14,0.004356120119575941,-1.2145937456623066e-05,0.009736135088028139,0.0032480694695184247,-0.0019519487340593773,0.005824173955169923,-0.0032947350378895878
2010-10-15,-0.000704129493711448,-0.001077291213650905,-0.0038922250741181175,-0.0019337068937961988,0.025354826572384755,0.005096946571400014,-0.001121451421578612
2010-10-18,0.004569233134743457,-0.0005649805691190503,0.0020689204981359025,-0.004318008205215701,0.0021333144217631,-0.0030588833288228362,-0.009653110732648943
2010-10-19,0.009221682378396821,-0.001340650637685914,0.01355492122446026,0.004379499603955683,0.0037770639309045364,-0.0015374394978023662,0.005143686260483321
2010-10-20,0.0036151545366899045,-0.00492690224289922,0.00972202841115696,-0.0045680979102824875,-0.005820815182937048,0.004258364613552706,0.004597169322861058
2010-10-21,-0.0015446298722884243,-0.0030209402538137215,0.0033264009788265135,0.004262777527838191,0.006695414659627164,-0.0005533954912717679,-0.015687019304595918
2010-10-22,0.0015267921000070926,-0.0009101775825178886,-0.0017276049883499344,0.002075740870528157,0.012899034695215607,-0.0028855617064502664,-0.009677504764407202
2010-10-25,-0.001170379310298939,0.0033575460659599405,-0.002376328437396208,0.020849999548673243,-0.003784197256882381,0.003058038078823038,0.005535643995459727
2010-10-26,-0.003908622915789205,-0.0009872640459180162,0.010810879096489104,0.003881850648465234,-0.007764062570117979,0.004599331005695393,0.007557650819436857
2010-10-27,0.0022513031667773667,-0.0021852973891300395,-0.005415021512647942,-0.0028293324362483954,-0.007420912758269502,0.0031489294201722494,-0.018337264371308636
2010-10-28,-0.005799210715092174,0.002405038876989237,-0.007957863837912579,0.016976512028080846,-0.0023390228121753782,-0.010387534031085633,0.010638144977062454
2010-10-29,-0.0031928379849066628,-0.00495384881886534,0.004782980086804241,-0.005304164478149941,0.0014413113865652377,0.0036530966675742786,0.030879093284201374
2010-11-01,0.0033444421686406973,-0.004286322856429943,0.0038242258727753434,0.006785784882815323,-0.006745182731354018,-0.010642599579600103,-0.0022861250441420468
2010-11-02,-0.007268515805987966,-0.00429199710638967,0.003327275958859001,0.016237819032782288,-0.0037823447786627393,0.011243675220786288,0.01965025949032388
2010-11-03,0.00913391574587666,-0.006799399178117267,0.0024785230240783472,-0.002310512112582199,-0.0022575981455039383,-0.0008231518456183765,-0.016200671814442708
2010-11-04,-0.001118146062418148,0.002766887584492548,0.00047853997583661723,0.011323324186124169,0.004148829278065629,-0.0015948532098893735,-0.03924745328942244
2010-11-05,0.002597057741004692,-0.0018662675567046143,-0.005688435181149055,-0.0015381522461552692,0.0100856482649566,0.0009458609896473112,-0.006976244835276272
2010-11-08,0.00239591186219184,-0.000844233691824749,0.00013021710150798818,0.00791324740617842,-0.01556628126514236,-0.0032026561944932964,0.01043108993868791
2010-11-09,0.004691446575975604,-0.000979295502281238,-0.0014720783875397441,-0.0032681151922951024,-0.002832301088448168,-0.0044071731218248275,-0.0024932053018912443
2010-11-10,-0.001046096527187697,0.00025612224213474694,0.015849631444609543,0.0016564122411705684,-0.006038906466426613,0.008557266338136913,-0.007624799872279443
2010-11-11,-0.0011170637826882486,0.00551237288172516,0.006341682400525488,0.009152903651086787,-0.006871518417080178,0.0006265238221184915,-0.007129767176165212
2010-11-12,-0.0020320819561757673,0.0035513088123727515,-0.005127938147550652,-0.005237561529854011,-0.005468935687169986,0.004790093835692049,0.025606744782290698
2010-11-15,-0.003904529900382641,-0.015647113245236745,-0.0011997937948562511,-0.007938657079831506,-0.008714278837877587,0.004184265299108444,0.0005175988039347462
2010-11-16,0.00048402193289673475,-0.006249917205513485,0.00348625051799708,-0.0030171383909076165,0.0014333404766936118,-0.002432401103713493,-0.02768491023322108
2010-11-17,0.0054868653223739995,0.0003577005718043279,-0.002130148143353785,0.0025891475331861653,0.0015292488085663842,-0.0016598343670937267,-0.017576824388271465
2010-11-18,-0.003027850425960202,0.005901550171157187,-0.002643861729962073,-0.0032379402084510307,-0.008774247029222635,-0.003049702758887433,0.020306690273167262
2010-11-19,0.0016991264593146176,0.010809554000335385,-0.006979892327072937,0.006083290690149763,0.0021431188678881262,0.00391853909301968,0.0027530887914996214
2010-11-22,-4.6790485588421304e-05,0.0027325255899909658,-0.005372824278158127,-0.003636603330314925,-0.005674779479329993,-0.01500987224555226,0.023588803405178077
2010-11-23,0.0022283528667116103,0.0017948611414039719,-0.0014091657535493488,-0.004921506375046362,-0.0029908365665684156,0.00685245593812293,0.0020992933570606054
2010-11-24,0.005614066936996843,-0.0006223517364532764,-0.011317376363898221,-0.0008918009269506326,0.002398449699111115,0.0007010057019050702,-0.0022317790287785166
2010-11-25,0.003261658616954804,0.0012126629699400666,0.0016015517954990329,0.002784671410312255,-0.0025387156480532317,-0.0020752869008501523,-0.015223650900069626
2010-11-26,0.005308719296365834,-0.0031148017334522147,-0.0016430122779951394,0.00752083635051557,0.006082950442779824,-0.0038842262027269673,-0.005868621906084378
2010-11-29,-0.00883840586738847,0.0008679129100662406,0.005017756456326507,-0.009281752842402246,0.0003185386170753456,-0.0010433966399477491,-0.00602975082706081
2010-11-30,0.0031295426235236016,0.004722153294293748,-0.016143383063407193,0.0003633439923901524,0.007931459711037394,0.004587147688995209,-0.004885882256609873
2010-12-01,-0.003714858394793956,0.0006363391934646047,0.0025038961561022525,0.005659819622319861,-0.0021307341185262366,0.0010156197616657053,-0.00532485644229733
2010-12-02,-0.009016795720988577,0.00046843916124043525,-0.010355655887299592,0.0017189858549908033,-0.0067063983812455895,-0.011504992560440378,-0.021703841616126582
2010-12-03,0.00010099439626459323,0.0029876470826310482,0.010921985342292894,0.0017316731153053427,-0.004835228231097994,0.0018717103770395094,-0.007162720785904843
2010-12-06,-0.0014303513999863599,0.005681692132163124,0.004452256508863532,-0.001137004375000791,0.005790561758632572,-0.006087059670102728,-0.001555592630220207
2010-12-07,-0.007459363400803686,-0.00023325430126668614,0.00047305983579185886,-0.0011361081355944435,0.0007875492577839392,-0.01606073661139086,0.009261944813112525
2010-12-08,0.003868714758971943,-0.0032114424633702086,0.00548470352477988,-0.00501882863533425,-0.005482654713996506,0.0008411705214337248,0.003554056124736986
2010-12-09,-0.0006911426516628706,0.0037447551500172484,-0.0023101656352375946,-0.0010206179392105246,0.0010182798221859382,0.025206744606263466,0.016093634463013366
2010-12-10,0.008778076976769402,0.0010290022436327893,0.0074628655992940275,0.0024958903931581416,-0.0010306582305359138,-0.009219442521499237,-0.038466491832538
2010-12-13,0.0013592836498100196,0.0020961127832696365,0.01823795159706341,-0.002270114126140766,-0.0017734268360056432,0.00967030912342448,0.006543054336686023
2010-12-14,-0.0036817409417534918,-0.006602732688100504,-0.005719260307477899,-0.005418804000425035,0.0004075312209293866,-0.005184640451747533,0.03160860292692104
2010-12-15,-0.0005902554077703832,0.006441651185429804,-0.014984546775238514,0.005061500557770775,0.0017100161156502096,0.005308536574683599,-0.020716560281723386
2010-12-16,-0.00945503269621279,0.002948890979936845,-0.007208796454925475,0.006454479632884273,0.0010683275030444243,-0.002907808380781437,-0.018190726696461677
2010-12-17,0.007211178435379268,0.004047924911705181,0.0031900371419553526,0.0016874017011759624,0.003188572463394499,0.0032001837768805995,0.015125738655079636
2010-12-20,0.004295431973886052,-0.012236625721909516,-0.0045406109331728225,-0.008306138282561541,0.005726036061532688,0.010292967993983321,-0.01059454864234141
2010-12-21,-0.0016377108686134463,-0.0077821624039752235,0.0005360648367265589,-0.0011996610279272936,0.001656387528946317,-0.002302695202342274,0.013534453589911281
2010-12-22,0.005067864295016432,-0.006691079486600514,-0.0019166968271849992,-0.0018575445324024492,-0.0023708052978710504,-4.6182971486593446e-07,0.03482853268126175
2010-12-23,-0.005460569273810556,-0.00043312624666649115,-0.005342539415721579,-0.001201888535139732,0.0002990820095850217,-0.004732252336831225,0.0019983085474414236
2010-12-24,7.323700558266883e-05,-0.0020138045305407555,-0.0020020034182745704,0.004408882701477956,0.0009894646088338492,-0.006342869159281408,-0.01711249458351099
2010-12-27,0.0035667468533022426,-0.005560471981509854,0.006383553652500292,-0.016877897252876434,-0.011179958843226385,0.001993375831713911,0.005517199574904384
2010-12-28,-0.004025242986335437,0.005343346933776492,-0.013378766020902997,0.0015893364435690658,0.013511780666513066,0.016163160550389685,-0.009625157346362519
2010-12-29,0.010167556702728458,0.009779485584714611,0.016483032510569283,0.0033640891768175582,0.004065963125644765,-0.00788873999700537,-0.01045198277173213
2010-12-30,0.003008923011354051,-0.005503569640683878,-0.0065686737003981515,0.008622429641205038,-0.0041346838484743265,0.0034691017778333043,-0.0043141610035038955
2010-12-31,-0.0032533612762115217,-0.0006302624276769245,-0.0011224250991270623,-0.004440720735506609,0.01352212429073849,0.005421883183952837,-0.011072364684630446
2011-01-03,0.002892060619706674,0.002905745982098296,0.0010566012714132173,0.00427409869696068,-0.003594029181443547,0.00667669583957319,-0.005120945883318139
2011-01-04,-0.0035716074655543655,0.0033818366144062837,-0.020186436101036077,-0.012856393280261067,-0.0033441411250185286,0.0012369279218101797,-0.0056704991741297435
2011-01-05,-0.0012799742547997825,-0.0035915856331723544,-0.005659386181302872,0.007109696770425235,0.0034610154049055787,0.006655951619233591,-0.020058592342364272
2011-01-06,-0.0005021775986301859,-0.002259364230714575,0.0010857630742421706,0.001087249296520428,-0.005946624385175413,0.009499297377616709,0.010599179586337899
2011-01-07,0.005859914826839203,0.006296349246559623,0.005222684244280658,-0.009206761951914713,-0.0029680779001627533,-0.003857424643720141,-0.017236853531438116
2011-01-10,0.0034663736133150953,-0.0012602335295683726,0.00436289702403938,-0.0009393638045169752,0.008674766996938001,0.0009945863441584413,-0.01825362331805623
2011-01-11,-0.005215060477676979,-0.009155766319341984,-0.009788150800872508,-0.008871639620163178,-0.006414749079087188,-0.016150951164214587,-0.006139404026464921
2011-01-12,-0.0018752020938928495,-0.0011246104189401624,0.004799473190521605,0.0006139310444037238,-0.0034925970002701564,0.00417222867977595,-0.018944782139883785
2011-01-13,0.0017553977349446849,0.008947962507373437,0.0022916585344220806,-0.003537093396427134,-0.0047413874215722,0.007750937096125801,-0.011794561621628234
2011-01-14,0.006285338982014021,0.007126238955212417,0.001978371774729474,-0.0034635275348654684,-0.009245942833898022,-0.0016668043075959223,-0.035332960812100564
2011-01-17,0.0027411673639443305,-0.0010498704371508837,-0.003933399624896822,-0.01373711554473629,0.0053587846817916744,-0.00858083080469914,-0.003282905302982335
2011-01-18,0.00299401231154915,-0.0005903689589202047,0.007430488786790157,0.01228834710834723,0.0012956959874728504,0.016933399907210215,-0.02230124243486125
2011-01-19,0.0010148823693150928,0.005033300468795596,-0.002147225554418596,-0.0032832031683992183,-0.014324834094597165,0.0006829584036137207,0.008534183125152485
2011-01-20,-0.0002624209685340739,0.0020222572752181295,-0.008755314122182903,3.814081364325663e-05,0.011744560604125919,0.00697588673040785,0.018888046012079048
2011-01-21,-0.0018640033141980926,-0.00038783139669536877,0.008172278626488673,-0.004546222074132786,-0.004458712554713562,0.00623270764816135,-0.022557144330808573
2011-01-24,0.005153051017689434,0.00010290276367001535,-0.008497044969328427,0.004929536829316788,-0.007369644120228939,-5.7042086077815415e-05,-0.006545572893745904
2011-01-25,0.007757943791244015,0.0068345890130682005,-0.003971238289214542,-0.0013468091866046437,0.008138854695163344,0.005375767393943026,-0.000363317175891045
2011-01-26,-0.00384301956591755,-0.0038324083178100077,0.00501398473239326,-0.005598388515943978,-0.00010524460020538726,0.0033490518270155325,0.003807640316894039
2011-01-27,-0.0006642519812657061,-0.004426300196485942,-0.013930687347678607,-0.008276751814625062,0.007053499643482917,0.0110280151100124,-0.014910780430673495
2011-01-28,0.0015115138070083084,-0.0045322954600999915,-0.00577368827086348,0.004041609564315301,0.004191369985805297,0.0077929487671230206,-0.012126205062900184
2011-01-31,0.002747457155282807,-0.00032161491423727395,0.0006407048768487669,-0.010500101196044696,0.0008843810976415906,0.007110707284368826,-0.009507325636465527
2011-02-01,0.0019725487789195896,-0.0037196387579748577,-0.01566724052144654,-0.0033932414875579376,0.0032309280466256453,0.019069638068008286,0.0008820691258009404
2011-02-02,0.005539213908712601,-0.0010802986895688518,-0.0109001024025566,-0.011723756519757917,-0.015173977783663669,-0.006159301015831089,0.02185381534685056
2011-02-03,-2.837448051706346e-05,0.005564977758165422,-0.008356771288201411,-0.008783408342956916,-0.012258171240732006,0.0004782911455034227,-0.0001992679631114751
2011-02-04,0.004081163678598069,-0.005557613884025837,0.009330854172835917,0.005985204572579201,0.016893163037157505,0.0032164705078139713,0.008128732922489007
2011-02-07,0.003237003184457541,-0.0018025992204435755,0.013717599393146403,0.006311690285004301,-0.026111911892761464,-0.001771433519605775,-0.022723123115986774
2011-02-08,0.0019360282433993302,0.00901488922784389,-0.005288141066850441,0.0059390914644543635,-0.0023711498159739363,0.003578491117761679,0.00791251331554856
2011-02-09,-0.0058490114812119786,0.005685266473473148,6.731583592020045e-05,-0.019274307893367086,-0.005043201835544391,0.0016722364012330016,0.012969693391939359
2011-02-10,-0.0047046559489006025,0.011011134625421125,0.009076515817665247,-0.0011162640750556098,0.0017064175357494036,-0.004786509138447236,-0.01712689254915308
2011-02-11,-0.0012561893328089109,0.0007064985110492754,-0.007987350651928345,0.0067227340405552885,-0.004595900124978274,-0.021333825381093446,0.0026737909663124945
2011-02-14,-0.0019596226291414384,-0.0029580292088970703,0.012292186180927991,-0.015017118029154751,-0.028826050043588316,-0.0024239769418680462,-0.00679139675249193
2011-02-15,0.011628204012565974,-0.003510799270202357,0.00745708881632152,0.0044359246589111825,0.010354133743069262,0.018579393980021692,-0.0065098786098402835
2011-02-16,-0.004132696518917293,0.0007901093288273115,-0.008780176069960243,0.0091990843122379,-0.009362248025352415,-0.003074807545614949,-0.010855964223390226
2011-02-17,0.002955538299715099,-0.0010028998212501202,-0.007720130396145809,-0.0019001189818058412,-0.004564222759254051,-0.005134993602693513,0.0022650048560297524
2011-02-18,-0.00047382687289592877,0.0010938514966199965,0.0054205012939572755,-0.0015780719909565075,0.007510945920042774,-0.005950039338303567,0.002541043842134373
2011-02-21,0.0075626562446195235,-0.003172694916447306,0.00035519854793804095,0.018117568422209917,0.001517231559469111,0.01561284353214612,0.01730086525501139
2011-02-22,-0.001608365370227276,-0.003953438192079023,0.0039584214485951265,-0.00042755868068850055,0.013786708551263559,0.025853055396344124,-0.0048872408728231585
2011-02-23,-0.0010467448462652873,-0.0072700490308709904,0.004658642582896702,0.005493435142313634,0.0037874134345932506,-0.007960242176335534,-0.0007528639016110034
2011-02-24,0.00690071816440259,-0.0027853717949578743,-0.0069258037819218505,0.004381580981696827,0.00584417130821623,-0.0005131991111175446,0.019544542150143198
2011-02-25,0.008893871571909231,-0.006181166019610276,-0.007348165420117425,-0.003698444340714382,-0.00909072622913073,0.0026814822656316627,0.005922304256740671
2011-02-28,5.392330551600697e-05,0.0051873606291775115,-0.018447757397188572,-0.01244216172023652,0.0028045195745826997,-0.0009868467335181503,0.00199369990982212
2011-03-01,0.0012417178412807654,-0.00526537010422694,-0.013266213722250831,0.009508446052114716,-0.006893424794414476,0.0016105764067021724,-0.0013935214515381415
2011-03-02,0.0011325758280174346,-0.0032417112091723613,-0.00573176194287582,0.0008806999659051056,0.007960238339785045,0.00888686800064602,0.013284543528589918
2011-03-03,0.00033728416808816175,-0.0043951761287246835,-0.012224565227802487,0.0036373372679553142,0.006374279486740574,0.009173690232772643,-0.00029790675404771323
2011-03-04,0.0010891771812957137,0.0009709548019811561,0.0006469997338956002,0.011343624102760835,0.009376985121333335,0.002562382627265945,-0.00471372349246033
2011-03-07,-0.001271551276518707,0.0016839390988125699,-0.00825005379043149,0.0013084226424790457,0.008259170337656795,0.003462133444830211,-0.009214874389794396
2011-03-08,-0.002475450322662295,-0.00031462410665821677,-0.0008341279091182147,-0.0109987469899027,0.0016318017225173097,-0.0017580728979897065,0.006187198524431294
2011-03-09,0.0022882806449277043,-0.0013386644667222217,0.016135165018506273,0.0092783574042707,-2.5486915578942617e-05,0.004109061423507099,0.011138691012214336
2011-03-10,-0.0023351807525110926,0.006716904358633536,-0.009581424305161462,-0.004367845777658721,-0.003181085831283973,0.0011756080558570638,-0.001354771434352039
2011-03-11,-0.003235660732082575,-0.004982348633166906,-0.00445625243046694,-0.008537460025882805,0.0035506839568259867,-0.014228177560708634,0.010872475565428766
2011-03-14,0.002404544504703038,-0.0026569356216086513,-0.007905151140542856,-0.00259279349750765,-0.015350735271050082,0.003289364266089862,-0.005072111792577034
2011-03-15,-0.0010586489992095878,-0.006110183481601923,0.004002372664999267,-0.010975376267207721,-0.0013752190175333598,0.007700703809707116,0.003258478501455048
2011-03-16,-0.003974764367415944,-0.006579018115453422,0.0061240169890926805,0.0031758378454806698,-0.014075636924502498,0.013188814187218578,-0.00033086198540024394
2011-03-17,0.002398183252443833,-0.010793877388309203,-0.02484821956293902,0.007990477839192467,0.003822095109903386,-0.0020127451003908586,-0.0019407326162969377
2011-03-18,0.00856199516265122,0.0016795987271657539,0.01842460738017157,0.000971373021156959,-0.0018621131244821432,-0.0018226597541986464,-0.00010886193214881277
2011-03-21,-0.003873908689733786,-0.002364017253608347,0.020530026297852635,-0.02595659917228591,-0.004254815499375161,0.002045518044561861,0.00689071607734253
2011-03-22,-0.0036446147885262604,-0.009417482821596962,0.01668223798719409,0.005662366818481447,-0.009016228396387188,0.0038864958731287744,-0.008776898719513088
2011-03-23,-0.0019122798703553575,0.0023453815217315582,-0.008556573066074661,-0.03759285445525599,-0.004843374985000431,0.006862003825382787,-0.0024467488647337073
2011-03-24,0.005815238105160648,-0.00028022973672835796,0.001952374715638247,0.009931694692574402,0.007259089393505329,0.004674905621887213,0.00022784482040364578
2011-03-25,0.0028478182874794975,-0.0007407777185698004,-0.016525760638460337,-0.03386783614640446,-0.004560493916909713,0.013082866705565873,-0.0037266438154182663
2011-03-28,-0.0018507269719636784,0.015232200625807433,-0.006232079494582274,-0.02782193536432043,0.004293548251946664,0.00860561462276162,0.0011370411891136031
2011-03-29,-0.005003870009222267,-0.012705483593278633,-0.013285656049060731,-0.03815364974783459,0.003770652445266141,-0.0035113746566732672,-0.004836014516664322
2011-03-30,-0.009025657659776724,0.008170642261061772,0.0008247196983158425,0.00018954997206860056,-0.028510159943055058,0.0007891071839400539,0.004011247756674815
2011-03-31,-0.0022206339667283385,0.0011562291126817191,-0.004776783214345962,-0.003092227675635339,-0.004360284611945759,-0.0008255309889636954,0.00032527549541040837
2011-04-01,0.0006097139506219094,0.003427766102583402,0.008834036388741081,0.016453155741375517,0.009227864320225343,0.0032939189162498406,-0.0057013344546427615
2011-04-04,0.005333653132995927,0.000575416875536467,-0.0030434341450131666,0.0008008086469100816,-0.0006658465659006264,0.003774757964393397,0.006808863157362854
2011-04-05,0.008854936805509047,-0.004606662145420214,-0.0021582588580324707,-0.0007772126183115271,-0.01238156896385522,-0.003783155334462002,-0.014938103774405949
2011-04-06,-0.01017926310061051,-0.00210076707784523,0.004459433194814901,0.006923380565590944,-0.0028509419298101586,-0.00046612087466428267,0.0029802434107715783
2011-04-07,-0.0013461687572702355,-0.0038209645473247017,-0.006838045282967742,-0.014653770673822498,0.006320294559078145,0.004555484907042449,0.0036177414971946004
2011-04-08,-0.005061994353763383,-0.010767266372824888,-0.0004383765275991964,-0.006660562570677194,-0.0029042012393292495,0.0025981413038173163,-0.0003896061171761906
2011-04-11,-0.002150000375986596,0.005662680405336678,-0.0013561896333001296,-0.010006741168371731,-0.006074376125758058,-0.014770661298446602,-0.007505410317801946
2011-04-12,-0.002123181262770361,0.005195859058189456,0.0049806398268707214,0.0012234145223351048,0.018810303695231765,0.0003913982348748745,-0.0032188707466494952
2011-04-13,-0.01437053839485885,-0.007023053736100121,-0.011851739263272041,-0.02416549599020364,-0.0019744350023777786,0.003754271867804634,0.004234534638843734
2011-04-14,-0.0004168218521068834,-0.005866566889714918,0.00759438012902664,0.006906100336870182,-0.002517175360890272,0.0031082806330332033,-0.002928931630085623
2011-04-15,0.010197153708481335,0.013759544521312757,-0.003621379899145283,-0.0059904136145876655,0.011438720333794561,-0.005824200054585883,-0.00025801580497211967
2011-04-18,0.0005879884135017901,-0.007434875727706334,0.012817389536412557,0.03455767044405541,-0.011187024214753363,-0.010530694193649258,-0.004333090393476676
2011-04-19,0.007679446089201504,-0.008528345558477065,0.0023908994341861954,-0.010275393618252566,-0.03134698571193183,-0.0054801821556350406,0.0021585581932967155
2011-04-20,0.004112060815641533,0.003321867877831607,-0.0043649242417531835,-0.014988464578357062,0.01058851480152446,-0.013585571565319497,-0.008500689205964978
2011-04-21,-0.0034786096443504915,0.009210082588800926,-0.002300602780275457,0.008501228820029523,0.020859426886056992,0.004813638865938264,0.0007190391749736365
2011-04-22,-0.0023612209759890515,-0.020326866574545237,-0.0014891588900818162,0.009491374637077464,0.013154022781480685,0.0071259926509278405,0.008709987368138808
2011-04-25,0.0005443796035677661,0.006846642400008149,0.00042174617881674274,-0.015871815377485343,-0.0085090196908517,0.004120192420352059,-0.0011443258929429566
2011-04-26,-0.00037456780391400494,0.009644793844380448,0.001125414082627253,0.010978729593044363,0.00224816358954878,0.009286030221614006,0.0035640325118988137
2011-04-27,0.003418558424414298,0.0024132960097098506,0.004991209831443274,0.001443500405696644,0.006938443696411039,-0.004305262431596781,-0.009492660467755907
2011-04-28,-0.00015235597903101572,-0.010557629907895971,0.0017696092042526832,0.00935864378553132,0.008120806337284908,-0.011038692845768402,0.009611521336235324
2011-04-29,-0.0008064893493760876,-0.018445632406907202,0.002606521389352701,0.0034410065087761925,-0.005137836676350837,-0.006429091914570988,0.008117352348872165
2011-05-02,-0.006053812260970062,0.016966412376684007,0.0018687171582639072,0.025626682517735744,-0.008623016449824744,0.006006792734183479,0.012476738098328752
2011-05-03,-0.0012755183446185475,0.0071208552801786985,0.001275836399619852,-0.017303029550631392,-0.004595741532302367,0.011814018042411206,-0.002262738682393441
2011-05-04,0.016340767019065755,-0.004397789882881839,0.0027264848675461945,-0.004896766193846573,0.007990244071588444,0.001995045846203344,-0.013542095861752522
2011-05-05,0.009154312840255413,0.005641256982544386,-0.000444695919373662,0.019279654199402252,0.013343968238133873,0.01189075792765867,-0.0003225694461281121
2011-05-06,0.003860515683499066,0.005840147985190389,-0.013279912289119115,0.00011070681570050762,0.0001708681704845788,0.007587656818261158,-0.027207669232447
2011-05-09,0.004745151558228012,-0.004141432490000912,0.02032719044713284,-0.012452781056732662,0.0036867417088074614,-0.0012855756188549275,-0.008831689088411799
2011-05-10,0.004665287010709543,0.001155639169140566,0.004072693526965853,0.0020292585509035827,-0.0031710669885836747,0.014484960319433362,-0.01846535714638892
2011-05-11,0.01159993859825194,-0.004181686325860919,-0.008613116118176063,0.001447320222016608,0.008745467049286535,0.014134749113527863,-0.004900622769211373
2011-05-12,0.009135357840453913,-0.019065450267311036,0.006288946349981143,-0.014692930863494878,0.005558027715431469,-0.010928459693352478,0.04878845617163477
2011-05-13,-0.008639841300592437,0.00529685243558654,-0.005748014753607756,-0.003696990468071753,-0.008500859115711695,0.0026614472238694446,0.0002600597248683275
2011-05-16,-0.003442056567294458,0.004855488978878757,0.0121786428349325,-0.0021083238685254747,-0.008043799677074645,-0.007660172605029438,-0.00017800360176242855
2011-05-17,-0.005836938926052938,0.013125967616263268,0.006589979041587591,-0.02233810561861577,-0.0007111809065732269,0.008474148452479216,0.011552495924894055
2011-05-18,-0.005375724173300786,-0.0018349608855476906,-0.000674961136167904,-0.0037525507083317074,0.01124078060306849,0.01365973420462846,-0.01290112534122559
2011-05-19,-0.003970219034554806,-0.004812996722226878,-0.015492995211946681,0.004019109215804739,-0.005455331680583939,-0.004377720689572794,-0.03836964907351163
2011-05-20,-0.00036979662811811555,-0.002141731139939636,-0.006437442622949907,0.004432831541818018,0.002354587152051059,-0.012773745469583936,-0.037380182801673115
2011-05-23,-0.0029479357485292625,-0.007431244591428391,-0.0002349901272909564,-0.014440660393921192,-0.0030241909322131686,0.015346103098440061,-0.023349637403352764
2011-05-24,0.0022044024199906493,-0.0017972246880056737,-0.005860613917880339,-0.002097962145601536,0.005083289783581097,-0.0073417822283293925,-0.030941192716813535
2011-05-25,0.007565716392478269,0.0012373760544574677,0.005597962424176644,0.00022217353232170786,0.0021161620416760805,-0.008463329868591931,0.0027393548649817527
2011-05-26,-0.007223902703830564,-0.0003221370676422504,0.011319574280341388,0.002085167019205697,-0.002450348565454212,-0.009757692654089134,0.0756189410061837
2011-05-27,0.001222314135991296,0.009145689205387017,0.0026341126002028966,0.007121738488214295,0.01909081694697961,0.024345094471201728,-0.010832900971352444
2011-05-30,6.902849426722542e-05,-0.0007396355804986198,-0.005560928220080699,-0.011844870065314777,-0.006383240288834592,0.010656032522812048,0.03335198761828638
2011-05-31,0.007172248868504963,-0.003312211487074323,-0.008497690854113655,-0.005560235208609093,0.004619704293594823,0.0037191370812647896,0.016976635670580838
2011-06-01,-3.320079198582702e-05,-0.0011450006215873666,-0.009826463463550135,-0.017081947481326423,-0.006324488809966789,0.03151179614325898,0.023942553984869292
2011-06-02,0.005513027703429505,0.001161634092821662,0.009606233194532274,0.017452273855131154,0.00870457439270295,-0.00683331619565495,0.008224299583793749
2011-06-03,0.0031324186418018917,-0.0009005163454222931,-0.0160976224950655,-0.0023270600078370506,0.003995118753633337,0.00849672437252816,-0.018136508775068647
2011-06-06,0.0015548938519732488,-0.0035599341849845557,-0.0015996069404712646,-0.005988460127936952,-0.0013944026149791094,-0.009724831723956546,-0.030978671496816407
2011-06-07,-0.004408618306614576,-0.00766526293957525,0.0019310060738187528,-0.009265375867845378,0.002838107726553492,0.0029255080504855843,0.025194531167767608
2011-06-08,0.002373902189262497,0.005857871670590686,-0.016175877310332466,-0.008248710755792196,-0.001116677184329574,0.013798309634402131,0.008961027966433851
2011-06-09,0.0022650183066310245,-0.009612396085848358,-0.0020180534531450767,0.007238724694030246,0.0032658786941210665,-0.006814221571597679,-0.006021643249111495
2011-06-10,0.007252128442469495,-0.002634094555639443,0.007727112781766165,0.012534367443493939,-0.00617012780000792,-0.007608517043859599,0.05988956250605003
2011-06-13,-0.00799533528123496,0.0024492604212129543,-0.0022648374044735866,-0.004068479292359803,-0.0023388833518760825,0.0006586842452723772,0.008029361309881966
2011-06-14,0.0012119700457401607,-0.0034329069316932485,0.009757161314463607,-0.018315296836908267,-0.003697261808822423,-0.0003259495701569437,-0.0030134170991829674
2011-06-15,0.0027806145496791887,-0.0015445797753664131,0.0013072611298903566,-0.017724259635204322,0.011988917207473231,0.0055797303344933226,0.025697672583563216
2011-06-16,-0.007997257267126249,0.005627638372598855,0.000529585594563573,0.009498513012275838,-0.0025627595572759463,0.0021779072217702707,0.0037800183770676185
2011-06-17,-0.01161648149212969,-0.004615471523921575,-0.007574906256472051,0.021102255128717308,0.006065215176351834,-0.004501620209333188,0.004243652770543376
2011-06-20,0.0030944117075560828,-0.002034033356055727,0.008985520322825676,0.0047242797755845415,0.007569797207300236,0.011196499730561096,0.012390892507474797
2011-06-21,0.0023783465144395057,0.0015873985780298764,-0.003621348503067974,0.0030754892740373456,-0.003480164887601998,-0.008143570256598955,-0.025554243653063545
2011-06-22,0.012281610908483486,0.005094476762935477,0.0017750052675057886,-0.0002464395199367141,-0.007724369731156401,0.011751029129365214,0.026520533586873965
2011-06-23,0.005582057492012602,-0.006983937559438271,-0.004098285403118929,0.007919690392126049,0.0024445495668948226,0.0010298118503601296,0.005849231009920114
2011-06-24,0.001649904875989705,-0.0006627843097567626,0.00895325529067923,-0.0024989509446634948,-0.005764365073985315,0.008176989583321774,0.014967566142861766
2011-06-27,-0.0018366311375751002,-0.0002580977786586816,-0.014707902999224764,0.0019159375335809294,0.00098366292292061,-0.00273960716449734,-0.013629271525630164
2011-06-28,0.0018148905483013167,0.0016493924539932724,0.016202235794474117,0.0059906803266542635,-0.0001312671458286818,0.0031260027726904343,0.010573742770796767
2011-06-29,-0.0007747385889479772,-0.001009466841925871,-0.023858216999724614,0.003874949718393457,-0.01645024385785279,0.0011349069644505006,0.00689699414880698
2011-06-30,0.004727083958857539,0.002085237784474876,-0.01275214420512647,0.0031214280844542763,-0.008105126868959377,-0.006384310733363184,0.014438338852733677
2011-07-01,0.0028781828463928867,-0.0013829769125665037,0.014917201764802284,-0.002902329427498431,-0.00396724227739473,0.010088184045749798,-0.012343336193381911
2011-07-04,-0.0070052802851936985,0.0396279060516411,-0.010779810434519109,0.006760324463413399,0.007523624965742234,9.173524854496735e-05,0.0020950358613375654
2011-07-05,-0.002653870505158055,0.0022565941752253986,0.016484508540920192,0.0010105294662282418,0.00015332675689915394,-0.0032442026060817268,-0.00471623232525623
2011-07-06,0.004053099805375345,0.003857305690864662,-0.004005771318350244,0.006809216674913209,0.0044092900390459225,0.006076278348324945,0.0020717955764927728
2011-07-07,-0.002687056774648875,-0.013611370916444206,0.004296111812234108,0.003790184649887042,0.0025913382621310867,0.013269868562153859,0.006855459145343697
2011-07-08,0.0008456657547339932,-0.004778275624542625,0.009981136082707233,0.007004661898893274,0.0037416406581716392,-0.011201427189060696,-0.008570654445426555
2011-07-11,-0.005459378794674011,0.0032529032050901113,-0.04032137237534094,-0.005919853728154507,-0.005216784851414817,-0.007228198745663047,0.003372167685889842
2011-07-12,0.002032375536713682,-0.00983410633844704,0.041301200518843575,0.001654774108594289,-0.006064795336187529,-0.0007388418200564379,-0.0017406347273914414
2011-07-13,9.142637433896266e-05,-0.0051941313113196535,-0.011260507764261301,-0.00011945055597811544,0.004506122013717508,-0.0010277181441847461,-0.014964455909564257
2011-07-14,-0.0038975122531086986,0.006188784218450887,-0.027249825396646426,0.00649041799348274,0.003506441149687984,0.004972540131985831,-0.010731617865693596
2011-07-15,-0.004052423492330695,0.013231727416721625,0.0007505008427250815,-0.0026772576658907377,0.01673343665677075,-0.016892178969823212,-0.0036807713597450838
2011-07-18,0.006376366266809344,-0.015393057007840596,-0.009603471260165714,-0.003738537701939154,0.0012527463921623498,0.018812706474179843,-0.0040789459546202176
2011-07-19,-0.0030396591814590007,-0.008828639344082807,-0.04386270343323724,0.0016195665638429192,-4.404086759346547e-06,0.01017931392070262,0.004249394209203765
2011-07-20,0.0030405725766184315,0.011894389123559777,0.010211311926689233,-0.0015055911244915667,0.004450738349117255,0.0023420599561339837,0.0010806646562916474
2011-07-21,0.00782017434060744,-0.007025618239089817,-0.017436138415435242,-0.004413193697354494,-0.005344898402622399,-0.007436070968164928,-0.0027746356382482244
2011-07-22,0.004529025761870695,0.003488449307626673,-0.014589148047012746,-0.012265505972107928,0.003469176572273114,-0.0008737479315960137,-0.001257255299439317
2011-07-25,-0.0060508368102664325,0.004971246557214753,0.03942028180151659,0.003484178985111442,-0.0007273078304930537,-0.02039362041139728,-0.0012947043208591895
2011-07-26,-0.006945065510849183,-0.003228864509503966,-0.010803091380361254,0.0044474885639065815,0.003989790647823551,-0.00043444760202406506,0.0087146853984068
2011-07-27,-0.001206421421549026,0.006761598199712873,-0.006027453243285153,0.004594935165842433,-0.012046391878121725,-0.007005864699702481,0.006604978110563401
2011-07-28,-0.006292659688770467,-0.00224141566003041,-0.02810616439506388,0.003556569035003751,-0.0008132402901424799,0.03166291155326286,-0.007004273381212194
2011-07-29,-0.005590457032241173,0.0005842105862869399,-0.005101278205482837,-0.002567135634708815,-0.004576685510891747,-0.012333586495716798,0.002811924913384581
2011-08-01,-0.0028477419817410808,-0.0034281901849234782,0.03538909475368263,-0.0003319006724424861,-0.006797392155440342,-0.017209382561860557,0.0022149351448518323
2011-08-02,0.0005610728032943118,0.003913393183618897,-0.007169402412850538,-0.006037054835426983,-0.004037854031420077,0.014336862617034039,-0.0018318637730238836
2011-08-03,-0.005127425964769167,0.010660290820480285,0.001407202572834116,0.008485258250336298,0.0043242135871670966,0.009146022448932792,0.009238191247763988
2011-08-04,-0.0010527857930710623,-0.015214626107184076,-0.009832272670537536,-0.0141592467535487,0.007200463143531708,-0.006986253499269972,-0.001413889142073169
2011-08-05,0.0017552668785239917,0.0003403461993255853,0.022063417980305335,-0.00074334392509351,-0.000542091615415876,-0.0006502301225888134,0.0038846878882408094
2011-08-08,-0.012346973076151116,-0.0032067292002392355,-0.007630994887209783,0.008897840400543876,0.0016682244621389975,0.016429577045819436,-0.0017622715106622607
2011-08-09,0.0068562715791040596,0.015112499111344492,-0.00841500910711716,0.0052522097095453425,0.016953756935769268,-0.0008746264602442603,-0.004801577943947501
2011-08-10,0.004645840098479589,-0.0010865882581008609,0.021289425406603175,-0.00023397567330010673,-0.008924154026196639,-0.006700520294007267,-0.0044141481052166745
2011-08-11,-0.006851817528766539,-0.008533760970210344,0.01255230393057299,-0.0020290936212914654,-0.01110501831465256,-0.0006632238530653029,-0.011469108098804581
2011-08-12,0.007082591219194981,0.011996670937073082,0.005049824572209371,-0.00583361043928929,-0.004733552159899915,0.00180111581365585,-0.00013275011956626967
2011-08-15,-0.003963935687853171,0.00214769979790493,0.021442494216625717,-0.0031664145348769945,-0.002530944610663614,0.017701567275590645,-0.007859758718683368
2011-08-16,-0.0027712649239024665,-0.0013401531320243753,-0.008417526602939599,-0.004178989972873871,0.004427950239688495,0.001632329767582032,0.0018673822057425835
2011-08-17,0.005108178477812648,0.00253628065114701,-0.011349828641811202,0.004434401261218613,0.013826069603645326,-0.0007959188787003016,0.012196998636126017
2011-08-18,0.004731591978733254,-0.005061654710182567,0.017473322411033256,-0.0036462622188952578,-0.0021022007101585446,0.006172738599788733,0.0018215085057721589
2011-08-19,0.0001933434622270621,-0.003847020703593973,-0.0038945871634873865,-0.0028423477069248,0.005344985725134439,-0.007174564055598011,-0.012225289712286968
2011-08-22,0.009402433292016983,-0.00792266934347903,-0.008386353140994842,0.001125927875992944,-0.0017982362903072935,0.00928520159968824,-0.006800472213516396
2011-08-23,-0.00570343449400128,0.009084596111048077,-0.009199668598229101,-0.0009349864491969409,0.0037803876564285123,-0.0010687068761078787,-0.0037111803886621464
2011-08-24,0.013169621244751089,0.0047190296609206225,0.004152348782513101,0.0022784079655426785,-0.006790263555358385,0.0120798784769242,-0.0034913678226882374
2011-08-25,-0.002949097200563092,0.0053461403512554025,0.010200006075136122,-0.007352077364710205,-0.0013785922446391263,-0.0006937976225219045,-0.013283901414411095
2011-08-26,0.014555719094393287,0.005973568002268226,0.0024929351995207154,0.00511816418208441,-0.002221331375009677,-0.00772970630349417,0.008633338766079062
2011-08-29,0.004766338722222819,-0.00022270222824972768,0.008473771394248316,-0.003515122203810713,-0.001346699492865151,-0.003513188202384323,0.022681310242938395
2011-08-30,-0.0029348191585904927,0.0028834265525015325,0.01223467318000276,-0.006540289372215301,0.015061732394717382,-0.003569172248541371,-0.011111244530401831
2011-08-31,-0.013412272830605879,0.005119450410090199,-0.01734569767605626,0.0010785293026698518,0.017430792745481635,-0.005969252492848313,-0.009715026291936638
2011-09-01,-0.0023682127195314897,-0.002480622105068118,0.0049866870412922015,-0.0026227186288183533,-0.0047823264924823985,0.000941887931221174,-0.019480468242811244
2011-09-02,0.0007231753407515448,0.007362864863641496,0.01918213984211366,0.007247724231055972,-0.01159258918427489,-0.001347955005156818,-0.00822129064049206
2011-09-05,0.0013196811535856013,-0.0019450066442966078,-0.005280010052532063,-0.003090024268546515,0.0019163302791964207,-0.013862819012370332,-0.007103184244735639
2011-09-06,-0.0038882018961886628,0.01265433470229911,0.0032294414910992906,0.004472675460353272,-0.013475324265459537,-0.008840751709672454,-0.017976281151817413
2011-09-07,0.0004307315350882603,-0.006786407112730134,-0.009644124969250321,0.00048445532792835446,-0.02659026859213933,-0.004543849937085969,-0.002773350136721686
2011-09-08,-0.0025287929029155823,-0.008695454659467753,0.0020360752391633116,-0.003911834286057551,-0.01813424213514809,0.0009595429859937119,0.002102218502368889
2011-09-09,-0.00010682854332350197,-0.0017468548861561807,-0.00905975813011881,-0.008514320796338667,0.0018210151840447545,0.005600314291759294,-0.008235199418758951
2011-09-12,0.0031217403318441208,0.007665320309468041,0.009097887028664393,-0.000414426116620325,-0.01213693353986405,0.0020150700827121387,0.001208362273752438
2011-09-13,0.011748298644884669,0.005112525932831994,0.00030051884455019865,0.0029218052929190627,0.018285023207056494,-0.0013027416986571357,0.00016274773062615098
2011-09-14,-0.00975267264006523,0.0015058651365578394,0.015012670600000038,0.0013408520406655324,-0.003970622455605911,0.003392881256528932,-0.03739882283069563
2011-09-15,-0.0010055259502559535,0.0076224022742897544,0.015203267921755975,-0.0073617577483319485,-0.011288847596196349,0.0005573244534505483,-0.006526147799774254
2011-09-16,-0.002223059719381166,-0.010892961621904762,0.010904590591597076,0.003310964393489261,0.01930766029858329,-0.004085438261839324,-0.00046167860991984627
2011-09-19,0.0008603153112031709,-0.0047084108256197,0.0036032305413224333,-0.0022946986891491435,0.006430630282735211,-0.012763671845179127,0.02723354411442279
2011-09-20,0.0011882741545869108,-0.0015274773758661869,-0.00453771513781435,0.006280278714229671,-0.02198261040195953,0.0037992939454191727,-0.009652148617954617
2011-09-21,-0.00011358088219275653,0.00403948734361301,-0.016743281323289082,0.004984242845416003,-0.013172762772437221,0.0031610070350556437,-0.0038124512295806307
2011-09-22,-0.0009671698611512323,-0.006318036157824479,-0.013853677351423153,0.001629464975241607,0.005228431400158791,-0.002523122889383199,0.06765407404279332
2011-09-23,0.0027567808776165327,0.00848629042978472,0.0053338473436204846,-0.0004254518685628949,-0.016844958925227957,-0.0015174663097923856,-0.007482258392045973
2011-09-26,0.001226301899720385,0.0021251416675482438,-0.01722069735734422,-0.0034731913171626,0.03589477042254346,-0.021471068303945483,-0.0010417769773986537
2011-09-27,0.00365821767242568,0.004943232011651602,0.01013611192578923,-0.0028815513399988715,-0.007472081028497709,-0.029829091460004308,0.009967447300063144
2011-09-28,0.004746773002239842,0.0013530278984763304,0.01971398295294794,0.0022104118560727455,-0.0039463298494606105,-0.005702049934096421,0.004860320805715337
2011-09-29,-0.0006575583617500865,-0.006596870462417899,-0.006675597740720092,-0.010482162202886433,0.004774180396813504,-0.004977618778111598,-0.0014553471739197465
2011-09-30,-0.005110904657969012,0.009457513097550467,0.007074336352282297,-0.0012311632793879492,0.020922630846573764,0.00285938389257636,-0.025063534947071957
2011-10-03,-0.00023180181571644612,0.0054315798047984195,0.009930227012546783,-0.001526220657416734,0.006159669003183831,0.0015851867468067039,-0.0014351291147524374
2011-10-04,-0.006689577908330509,-0.007594649190398302,0.00829833621694304,0.005490004777463674,-0.003234625832306792,0.003491961445284756,0.007548339774728989
2011-10-05,-0.0021007674785150088,0.008908490504372984,0.01163630667688445,0.0022255924344295294,0.007446715235570221,-0.00720544619724269,-0.0014189836855757422
2011-10-06,-0.0019016423711555462,0.008876625099771992,0.0032278578431773433,0.00021090707488633087,0.0029561714230378023,-0.007220094622208804,0.009032965500329795
2011-10-07,-0.005167878467996167,0.0009931348751821948,0.00541449750624641,0.004205145220443493,-2.4236476979105616e-05,-0.00634214510778386,-0.042560813056790534
2011-10-10,0.002843658795215207,-0.0097930425331043,0.01532930450879332,0.004467225718052147,-0.01524913018609908,0.011840224342023505,0.007476447546749308
2011-10-11,-0.0001898816063867376,0.0020240414395162635,-0.0020143551078812506,-0.010075384642496082,-0.009146984977099287,-0.0038398837815182846,-0.02431056413631533
2011-10-12,0.002477899321213612,-0.005098402725921403,-0.0019591514837670036,-0.007735128297047186,0.011039528846947887,-0.00281221143987508,-0.003556534869607697
2011-10-13,-0.011818186946238762,0.004855685268830145,-0.0013668724336506827,0.008016315636648895,0.01404612187349216,-0.004067829614881766,0.015700923021887265
2011-10-14,0.0012496009445773302,0.006372512697692998,0.0019019906305653572,-0.0009962957580152954,0.014610826050738178,0.010119774487771441,0.014014100313013554
2011-10-17,0.003052754618560009,-0.00493022751541526,0.00524900521770354,0.0017183062677582238,0.0030792697808221473,-0.013880519241017752,-0.006310258650807532
2011-10-18,-0.0022125377414754233,0.000682067103974081,-0.0060811321280520685,0.0015773436497745386,-0.007928898454799278,-0.0033543946003309635,0.012415333143812754
2011-10-19,0.003492806651341606,0.00259401749562566,0.0017338148164971888,0.003240851679608475,-0.010755737527623386,0.0052286319268190174,-0.01371490695558916
2011-10-20,-0.007335379503248671,0.003087029186858958,0.000648473254289232,0.000515825797719884,0.006006217697781683,0.009630314404500356,-0.028007565461286202
2011-10-21,-0.004010734698433791,0.00016264028700088327,0.0006582131267308444,-0.0023566884730267983,0.00537091320461336,-0.002934478520198519,0.0013341558025572716
2011-10-24,0.011921476415885607,-0.0020432930260119615,0.009319563741538053,0.002529437846851951,0.0015632123861433077,0.005153464794299171,-0.008596314009697098
2011-10-25,0.003405884664438353,0.009332597118045311,0.004124529760832981,0.000793306867874886,-0.002793001580813276,0.006850202794557247,-0.0016667967595411744
2011-10-26,-0.008965033829729055,-0.007488378730711068,-0.0030181354236460743,0.0026453235666849375,-0.004078309931075371,0.0023034014848049475,-0.0005181525021180554
2011-10-27,-0.0031749695387049007,-0.010669373903179721,0.003503183041826426,-0.010192715889589447,0.005139244466666282,-0.009289900876936623,-0.008157442438671215
2011-10-28,0.01697123068594212,-0.008565128133121845,-0.019198056096423763,-0.0017823329553498743,0.010172590812476954,-0.011375182950073729,-0.0067919540686344525
2011-10-31,-9.193716482173555e-05,-0.0024093365262016354,-0.01058175164645325,-0.0033166362877575352,0.0040858204240725995,0.0028136572616892677,-0.0348552243597854
2011-11-01,0.00010373511256829036,-0.012904546881737087,-0.008207842219869888,0.0026652667432572985,-0.011522011256642057,-0.005576750589959747,0.0004946396007889381
2011-11-02,-0.004188788923213024,-0.006123205637949813,-0.002422279124587119,0.004817815685817494,0.0037991649214018726,0.006435318380982625,0.06489160107729862
2011-11-03,0.0026533792380885315,0.007504042357547492,-0.0026073742572632064,0.0010153498123362126,-0.004153175140458149,0.006477601668049934,0.033861484526492604
2011-11-04,-0.005243219082254603,-0.004065495369783135,-0.017622514800808946,-0.00467960842600759,-0.015115200860180804,-0.0007035665897950675,0.008387950223414601
2011-11-07,0.004211694416498375,0.017438108536585315,-0.005507368016776349,-0.004135302978097633,0.004588582769957778,-0.005193880074679976,0.0006837700419407412
2011-11-08,0.0014475855798198394,-0.004941297576857049,-0.0017591095879895598,4.081000871650653e-05,0.004128357067129465,-0.006211250666304278,-0.01754548045809394
2011-11-09,-0.0013500955019640792,-0.01107538972526701,0.018174766253341766,-0.004831409540410826,-0.006637883862674245,-0.00036285514331338615,0.0016796400583957687
2011-11-10,0.0033444276442670573,-0.00845605692064312,0.006827956558975454,0.007766003670342573,0.0073743674917770416,0.002394023302141248,0.0019832952872640155
2011-11-11,0.002200596849878151,0.008423944170781229,-0.022143505594922185,-0.019742211654913085,0.005676479696597118,-0.00037432451414783806,0.00416267719764461
2011-11-14,0.0032043973344845897,-0.012946831214733081,-0.024654389523463195,0.0025525306809741554,-3.051127375803907e-05,-0.006400073324514755,0.0068813159650958486
2011-11-15,0.0006565891941639328,0.007705347496458789,0.03373379678647123,-0.022910931888582606,0.00559273075971127,-0.00044106953017920977,0.0046531242109137715
2011-11-16,0.0013483493641056991,0.0068729118951084255,-0.005133195815674489,0.004184197613988609,0.0020164605244455064,0.012450253155066834,0.001051296168339873
2011-11-17,2.0413921762580403e-05,-0.0003751340499889904,0.01594314816807507,-0.017014350869585384,-0.0030179502238079623,0.015533910800909705,0.008327116689679729
2011-11-18,0.003846076344970662,-0.0012145067050698714,0.0049019389642709224,-0.0007514245021554418,-0.004441003820471755,-0.016920144455187993,0.008119772683918275
2011-11-21,2.1047922042573278e-05,-0.009091533062733328,0.03282589901620908,-0.005770196024870057,-0.00747822132120484,0.004224950618686532,0.0025837703547643993
2011-11-22,0.002771321753815795,-0.0021132097902390448,-0.010861343660605616,0.0036631584549287827,0.0029794494136672236,-0.0076395859333091105,-0.004528621571996308
2011-11-23,-0.001487918934556996,0.01198409431998044,0.013739861991913209,0.010650077098723853,0.0083720505269182,0.0053595745382474524,-0.013792043877653929
2011-11-24,-0.0007534374952227248,0.004554267104281399,0.01578801173938726,0.02327146165080311,-0.00037914538470747194,0.006803358153684145,-0.01217230756882606
2011-11-25,0.0036691921426922117,-0.004562143831432803,0.0022523304706277675,0.0315740353764628,0.002568530104283354,-0.0014713191919255512,0.0070224095941153215
2011-11-28,-0.0051301605100703765,0.0026560689691939032,-0.0030389803305852846,-0.008064654437064602,0.010461109417081874,0.020717332372079275,0.007008496881821665
2011-11-29,0.008284752922868536,0.009910127107468027,0.009167100678638069,0.00865705167024438,0.0005216774732028325,-0.008231413411049706,0.0026426442484694095
2011-11-30,0.0005339663521830966,0.009328929311860502,0.010429952910481438,-0.017260398080924128,-0.006096818546754166,-0.00041096354669804526,0.0024559586494054915
2011-12-01,-0.0004977336745205442,0.00563504691419074,0.01417842624323652,-0.007535723852947225,0.001602378477421042,-0.007790772339022908,0.004421751687857591
2011-12-02,-0.011848320971574296,0.01627257737176692,0.01619242179337641,0.008425520916414764,0.0052284523178912886,0.0059260193777514346,0.0065323822575455255
2011-12-05,0.0004369411817321045,-0.0007952197138861924,0.004446496042718619,-0.008133241242844196,-0.000784335565445162,0.0014790062998261287,0.008852866399630422
2011-12-06,0.017771141087870118,0.006753245338307595,0.01469113822013145,0.010197143266304335,-0.0012211839776349888,0.0015573695080563614,0.0003150411624465223
2011-12-07,-0.0008762453070572213,0.002786883771910263,0.01867412570194992,0.007005189396729925,0.0037686289624011614,-0.0020177158716273564,0.013767548804433564
2011-12-08,0.0015103778318065215,0.0076671057399151765,0.012721788397037404,-0.008690639663168288,-0.0029579861607143005,0.005710749352689844,0.021338463884404742
2011-12-09,0.009122908647031957,0.0034854916836036015,0.0024024930833855982,-0.02122017868550956,0.0014531933376992258,0.0049327378152019905,0.007626027995579282
2011-12-12,0.0028290435998084384,-0.0004371505129672424,-0.005924767606496843,-0.0029480171398468527,-0.014260114792597813,-0.0030506362602437226,0.003578293957841388
2011-12-13,-0.0037887052267251576,-0.0006896747766446765,0.013914480664826862,0.011896032739015308,0.007136901789416511,-0.0010088194200540586,-0.0013016676462289112
2011-12-14,-0.0013920074030915417,-0.001411345520980659,0.007650660964199884,0.009150346087905773,0.0018213310726673735,0.00768903366054182,0.009128691509665983
2011-12-15,-0.0013743372925984407,0.00513207826449317,-0.00978770420593117,-0.011318767519272369,0.005743854084028193,-0.0013394969485105478,0.006337720404269003
2011-12-16,0.002490278101146406,-0.002204757797553433,0.0005104877968821769,-0.00182198978632456,0.0053529481050917,-0.009819827816504353,0.0013146082723141956
2011-12-19,-0.003665317139834969,0.00415147284353978,0.010121216995618793,0.005167720884142646,0.005712535359199577,0.005964641640155617,0.0024380792446245915
2011-12-20,-0.003993008925223543,0.0019053925453727772,-0.03057654974766687,-0.014010799702846018,0.009702025495035392,0.0015782648535543856,-0.0032810384007717127
2011-12-21,-0.0038344540918755065,-4.788637306415918e-05,-0.003682366319741207,0.024839217717341287,0.0010082592232264747,-0.008081074278571566,0.006740407170296279
2011-12-22,-0.005558268967061652,0.015681612686828175,-0.021903026356387308,-0.004034952388285442,-0.0026787777538315326,-0.016844607253719054,0.006429015846127704
2011-12-23,0.00020078920468870575,-0.0006585274346057224,-0.02935757293687219,-0.017842753791900912,0.006248995673103285,0.012283942941271794,0.0015525530388754059
2011-12-26,0.008263525106862303,-0.009836275215026792,0.03367800569890546,-0.016998359786251416,-0.0022733885033342114,0.014099443663564257,-0.0012785822794646724
2011-12-27,-0.006357034765618279,0.0009824668633332393,-0.011627602858761943,0.00858127424434494,-0.0007130334130919513,0.006044571751633814,0.008510035023979587
2011-12-28,-0.011188054076280058,0.005255288717290979,0.0018286726152796223,0.0020938519343552766,0.014804827444518033,0.005763074392452954,0.0064279258521215505
2011-12-29,0.003885465973328649,-0.01710052208203554,-0.013163547135618979,0.0034438374665964884,-6.46131822578061e-05,0.009778534037585671,0.00260663083504473
2011-12-30,-0.006770140202704929,0.010963709205579928,0.013598800360484659,-0.00605273396689741,-0.008949866291456646,0.0009212008014279395,0.004196758250777286
2012-01-02,-7.933188020641236e-05,-0.0030757711945108286,0.015374609127126147,0.013285467942369017,-0.00113155662167941,0.005883167342219025,0.003632417530740222
2012-01-03,0.0012700890059074495,-0.0010843060429675349,-0.019608729046902744,-0.007229140868227721,0.0007570293025224094,-0.00024481618610673524,0.0026878192525660004
2012-01-04,-0.001368796545636837,-0.0051600106918714955,-0.006203394270109989,0.000638250134242576,0.0009914526187077667,-0.008739490208319557,-0.010317692011381233
2012-01-05,0.002892039454587455,0.0008477899353370762,-0.00439942721671468,0.001505489017626284,0.003000735600419035,-0.012493447449163876,-0.0014689394067798635
2012-01-06,-0.005281289725799015,0.0016103733777217035,0.0046452199803902975,0.0093454962005835,-0.0014128750909038416,0.016247194415303128,-0.008197317517136208
2012-01-09,0.0003758578153342222,-0.0008419442287851084,-0.021609627218779834,-0.0036708059450001026,-0.003719441238278235,-0.0040730741463974015,0.01165152632240328
2012-01-10,0.012783498935076978,-0.0036877610914381512,0.032092938277528175,-0.0049478545742279185,0.0037573598539150013,-0.002038855814366742,0.005643326866727389
2012-01-11,0.004248896383976463,0.002196227013307586,-0.0033307023083999905,0.012796823794675078,0.0002939380881716426,-0.0036756782487491445,0.003350827666128715
2012-01-12,-0.0016639645776628561,-0.0006184278783766799,-0.015503725474387066,-4.4006331997037824e-05,-0.004817806281505685,0.003506185883523628,0.0070950082859388185
2012-01-13,-0.004108436537291074,-0.005529415624537556,0.006424639831231593,-0.003456716272722877,0.005123156453435277,0.0031286044790554703,-0.003713949873454896
2012-01-16,-0.0007360802241187556,-0.0029587806284094233,0.025292742262761774,-0.00956877333359959,0.004491726878008269,0.0026105398623334736,-0.0044586764677897375
2012-01-17,0.006742227625787435,-0.002600963104578565,-0.0032711587720406178,-0.005739125420089622,0.007950802406078658,0.0003312809101937638,0.012042169623146647
2012-01-18,0.0038648527265986786,-0.001165197406836074,0.01720332726692848,-0.012947454758245764,-0.009569465732032323,-0.0008784880569389748,-0.0036984988419500493
2012-01-19,0.0037801781867133925,0.004936793315759456,0.006617331992603472,-0.0023494127849206592,0.003133476640635463,0.002942710946234329,0.0005212447913978927
2012-01-20,-0.000728128026333222,0.0025963233687713804,0.007943122108884903,-0.012370252476201521,-0.00042933061846980446,-0.0038098616758768826,-0.015311556502098212
2012-01-23,-0.002765892928954748,-0.012226766282511257,0.006338571025021573,0.016212830238119424,0.0029622899947544853,-0.002643900226740172,0.013368318069861895
2012-01-24,-0.0015419415318059322,0.006012782467648077,0.0003926095286033704,0.01122836393169117,-0.0024766670897884546,0.004205099564248249,-0.002717332908416138
2012-01-25,-0.0014112781471079157,0.002767429421994207,0.009077934490636477,-0.010114788176350597,0.004771065626618735,0.0018747386718302504,0.005042984016077185
2012-01-26,0.000852633742608757,0.0046168982284441025,0.02573774035583928,0.010474186978010993,0.008171642269437372,-0.004533109965619958,-0.0031083812974203994
2012-01-27,0.007754531437607011,-0.006766405992509827,0.006904871693461046,0.006262348681868767,-0.02067821322871477,0.006251363082054729,-0.0047027432343355055
2012-01-30,0.004921716284632762,-0.0035397416467732295,0.005061696413386991,0.004090544966118015,-0.00603972967313116,-0.004289392726914913,0.001231631466931952
2012-01-31,-0.00251192890144201,0.007967248743979773,4.248348189595692e-05,-0.001789819425997646,0.0008125180812186243,0.018212491847782994,-0.004175852620505812
2012-02-01,0.0016018347213986811,-0.003506101814715366,0.009667355127017812,0.0007340443238543035,0.007774147032680585,-0.007095435317158049,-0.006350949282477936
2012-02-02,0.003549626863611225,-0.011110843243716221,0.012460353107421373,-0.003124138358850328,-0.010678411338416105,0.0036999205890772247,-0.00029601095093401744
2012-02-03,0.0009710898078977071,0.012453475604945434,0.0049506114736209755,0.0016300166121815682,-0.009198588717183947,-0.008309506613162713,0.00562277454853711
2012-02-06,-0.002817914617272921,0.011290597696569411,-0.00722622115036755,0.02087337553509274,0.0012844145004793505,0.003099877345015894,-0.0014250960196627272
2012-02-07,-0.0038474102729554975,-0.00894756381692478,-0.012230444354646045,0.0012202536497854727,-0.005290039501917821,0.001140392904316462,0.0002956027597660253
2012-02-08,0.00135510311894985,-0.002760658339806015,-0.014303328968465766,-0.008256339781121627,0.0065090769765712075,-0.001931293874211006,0.006740124950686947
2012-02-09,0.00016094238371893439,-0.003772750392967942,-0.01016382090999722,0.002416554366318449,-0.0038403944804094943,-0.0038747858239265437,-0.00450133535144725
2012-02-10,-0.004160015962504887,9.387766567868509e-05,0.013951096977171644,-0.0035643670793740023,0.0034637794145426118,0.005307133890474866,-0.0024773969881897564
2012-02-13,-0.0006247647968287535,0.019028565999134876,-0.013377334994821416,-0.00039911993147156603,-0.00878215302458153,-0.001997273699618707,0.0029991009782515776
2012-02-14,-0.004668223305755628,-0.010958599030741764,0.005379169650120112,0.009732527428792792,0.01101027784472213,-0.0005747552315868908,-0.003929034603134962
2012-02-15,0.010155047416112168,-0.0050095666261872045,-0.015805802720063197,0.006666056097383687,-0.009759795716897529,0.007358274893375677,0.004925994154805804
2012-02-16,-0.0071056853437793084,0.0009727520568320234,0.00384155565079688,0.012428224124874092,-0.0035422211580896576,-0.013048894234451453,0.007959290156065878
2012-02-17,-0.0037538436904380793,0.0065375457210111124,0.005703219522418533,-0.006041487104980892,0.0014359918484566536,-0.002504642448358506,0.0073157351282800865
2012-02-20,-0.0029245120077340215,-0.004045011119281056,0.012603695476871169,-0.0014414574318370882,0.0004887090809386138,-0.0032310260290877558,-0.006443107213268588
2012-02-21,0.01599725115082062,-0.0018179187461557465,-0.012230475890002705,-0.0012808240654643439,0.002265894208132007,-0.0025525958851054585,0.00751028762311633
2012-02-22,0.00015634681776706286,-0.001972790341947572,0.007801280982675063,0.0008916915474567189,0.0017160128045601644,0.003687192574641967,0.0022296804128503064
2012-02-23,0.0038518347985689217,-0.005957797002403205,-0.0020832578394810734,0.005072427919294962,-0.01703895103390619,-0.0013230749419312197,0.004777789764555009
2012-02-24,-0.0012235034086555557,-0.006100310593580122,0.0007960827378576921,-0.004962987073846718,0.0011288580472896652,0.017258322423258785,0.000849016091941581
2012-02-27,-0.004305401254892969,-0.014346945901318896,0.004331228229622378,-0.001533500180986582,-0.01056405442300256,0.00036798420216045897,-0.00830525975757993
2012-02-28,0.0021170318151790962,-0.01333745506434889,0.007553810857626072,-0.0004943963469736255,-0.0023050591550157697,0.009800846454902805,0.010566736570920632
2012-02-29,-0.0018623668912676405,-0.005264035518309552,-0.009996190505553604,0.008162850112229916,-0.001540863876908053,0.012624219111716965,0.00017934338092742328
2012-03-01,0.005419450995267613,-0.002351364077905534,0.007082251249995524,-0.0003275460965179215,0.011002574981892626,0.0059921621251585325,-0.0013219651635072382
2012-03-02,0.0009444296406640488,-0.0030290890364269743,-0.0028119092319931565,0.01635795186681143,0.0005731780706729967,-0.0010727364693146352,0.004015853683057486
2012-03-05,0.0014951562621199667,-0.009458411368261506,0.014189157306774627,0.004648379505231955,-0.0033833753631294485,0.001138432225232583,-0.0020536007461267177
2012-03-06,0.0016383282854200345,0.005789475634259882,-0.003262151940758092,0.009994158147219556,0.009366755906852587,0.0008602070014482229,0.012478055194531323
2012-03-07,0.0021200431146491737,0.0137981377651757,-0.010049466387699574,0.00029429191548860476,0.00043900751072196775,0.0021364633068170495,-0.0002339291696556576
2012-03-08,-0.0039735936076308355,0.01844026655708931,-0.006747010935127326,-0.006896287418625269,-0.0065631962388109115,0.00030327591188344504,-0.0003798481074273802
2012-03-09,-0.0007172634035787497,0.0016021263044095943,0.004955463711744507,-0.007577947225106691,0.0025992845761972326,0.0009475672150197617,0.003097291120974707
2012-03-12,-0.009024604495244181,-0.008896301985493545,0.0019674784214327393,0.007698990108830843,0.0003530981674596481,-0.00562022355822919,0.004609427117328449
2012-03-13,0.00022143275328616086,0.01206333999614019,-0.0045541617874302895,-0.01104483550132509,-0.003303149352030157,-0.000877246816939247,-0.02164288221970789
2012-03-14,0.008888752073599671,-0.0038388150408073347,0.00900360866176969,-0.005272090591405066,0.013168804366471375,-0.001713504094978664,0.01057343892580772
2012-03-15,-0.006305534194186019,-0.0014284786667033231,0.0057405507891435505,-0.005574990472166702,-0.003813872396296514,0.0005509852092905363,0.018411752238329755
2012-03-16,0.003876282613117793,-0.003407253177915286,-0.005767110524465621,-0.008217246465882556,0.0007397546651262647,-0.011890264772984145,-0.0223326816460848
2012-03-19,-0.0025278191857208312,-0.007329921411971835,0.00687180431379537,0.008276488754666349,0.012402250189196332,-0.005554368584577179,0.008810031209801358
2012-03-20,0.00845500074292456,0.005252750783228016,-0.0012299087490407782,0.004964322519535717,-0.008669443780352422,0.005213048106722519,-0.007896901666134265
2012-03-21,-0.0009793382912049939,-0.009362031101258867,0.01083157629804184,0.0013053474099180952,0.003341349094045065,-0.010929801986169841,0.0031855311241245025
2012-03-22,0.0027253881521947126,-0.013768586710289903,-0.0021898632356842193,0.03353113728308893,0.021188225497196372,0.010401901923027621,-0.0438658057165561
2012-03-23,-0.0018467072402234103,-0.00804636710888124,0.0016028601562547242,-0.004872227434707307,0.007119651753851128,-0.001919266672006367,0.010560486766395124
2012-03-26,0.004473828611949776,-0.0025653587005427456,0.0024837970741113536,-0.01291003558004966,0.0028185796786105066,-0.0037511098807988114,0.0036632829775068284
2012-03-27,0.0012839304343321447,-0.006835018645620777,-0.00393310162176254,-0.005935166162438487,-0.005878726097622076,0.012586470557762228,0.010649439718760768
2012-03-28,-0.00027045836865102703,0.003102186543830289,-0.009205632990761648,0.0037174684937760316,0.0110611960976835,-0.014157866247725978,0.01288656535256844
2012-03-29,-0.0035578004981929247,-0.0058896687198526625,-0.009421175494986288,-0.014403539063923021,0.0008514734299653793,0.002343284263559177,0.0061030984342078905
2012-03-30,0.00407728899438189,-0.0015337822900836993,-0.006382921163767719,-0.004398239915931802,0.003872001653991946,0.012438918477179034,-0.005476715342904849
2012-04-02,-0.0006981315211512138,0.01709381752050561,-0.018461533913590143,0.016769257975666814,-0.0018920892924123138,0.01070444130803049,-0.013135922268823992
2012-04-03,-0.0006064298911826221,0.004656937332608621,0.0016799873101246176,-0.0029163566959083025,0.00348895776141489,0.004818201712160885,-0.045133555003817084
2012-04-04,0.004065851324457011,-0.0031726397410691796,0.001357130415561402,-0.003170655476159301,0.003169892909411861,0.0030636497932575862,0.0022087824830582634
2012-04-05,0.0004001437674529707,0.0016439612764331591,0.01619878363404954,0.005150729028637839,0.003400848316708516,0.0017331917695786211,-0.017015815473757627
2012-04-06,-0.00021005954514654302,0.004243026094329933,-0.02431050717050638,-0.016760331614697914,-0.0022312940086397946,-0.00624840196535808,-0.004491575666505359
2012-04-09,0.0053198449872917065,0.0008867047005373998,0.007223187087238739,5.48790909357143e-05,0.006417304014417134,-0.000999102043229238,0.012840071716733435
2012-04-10,0.0030175178030997576,-0.0008221854505743898,0.02832563099838047,-0.018999127637205685,0.005685873966936842,0.0075954042169507074,0.014192089466637386
2012-04-11,-0.0010386435913512795,-0.0054001371441190415,0.01014547868390014,0.015761286962568715,0.002469722699918161,0.003988178776572827,-0.018223470878089214
2012-04-12,0.005103102420926901,0.011424915598980743,-0.005403526551575919,0.007191741549833649,0.007374177984278274,0.0009523566530917843,-0.03921490647701291
2012-04-13,-0.0037576120177842502,0.012693300101641922,0.01253028004732758,0.0026355852265906184,-0.005780396865805758,0.0016590995472647006,-0.0497109732092911
2012-04-16,-0.00013086572113958774,-0.0023585771000844222,0.0031377963264320294,0.00360459978027168,0.0015542347957443654,-0.004364820547910486,-0.01326556170716842
2012-04-17,-0.008164886668852844,-0.008549381477458819,0.00653375653326615,0.0030579325914202003,-0.0008738496877898502,-0.004266477714680485,-0.023400141748512977
2012-04-18,-0.008549414589580822,0.0018647937538362994,0.0012180669190452404,-0.0004518661693806782,-0.004769348685983761,-0.001044253819858795,0.021349760611959954
2012-04-19,-0.010632925091116845,0.00209640327865643,-0.008296720172014046,-0.00297276734439863,0.0026806697630083415,-0.03045519231051937,-0.035267705884140695
2012-04-20,-0.0028587646641362657,0.006525196909941493,-0.008031792989143595,-0.001951358837516075,-0.009346000747593024,0.03025140382594322,0.030980631541197467
2012-04-23,-0.0011009096139949562,-0.0015569017593452395,-0.0077829187940592435,0.0023438258554263534,0.018056071633569766,-0.011039965742550154,0.0441277656066995
2012-04-24,0.0055467045933238635,0.001638968907221107,-0.0033959362989373445,-0.006346096729102653,-0.0023859119375009142,0.009645786248556915,-0.009487715614858137
2012-04-25,0.005313220053756731,-0.003274854766050218,0.001317305782702471,-0.006096183649895561,-0.0009040186938058097,0.003179335815689126,-0.03894156531857364
2012-04-26,-0.002359276622401598,0.0015091331780636794,-0.0007528052904461138,-0.0031529823192669114,-0.0005503941864822697,0.004114938532981484,0.015260567962539499
2012-04-27,0.0034562433683077366,-0.0019426456645544148,-0.010452257623037487,0.0025173840717780424,-0.003510950968252052,0.0016268092940841482,-0.012087558429913924
2012-04-30,-0.0022166331247781687,-0.006845550499232159,-0.013817069504588365,-0.0010570148832903879,0.006239257516464967,-0.01875782249937872,0.0106956426558923
2012-05-01,-0.0021185969009643365,0.005409871705038026,-7.045012683620954e-05,0.00843479737815591,0.003847960820198898,0.00945528532623465,-0.005500577534907537
2012-05-02,0.017984000680027035,0.00011716135194368135,0.003734039538706075,0.0002777591133993099,-0.003434853011272611,0.011306928014129873,0.001439811743843021
2012-05-03,-0.007929539450169826,0.0003539150369526359,0.0033249396186176656,-0.006464608374646112,0.0064337186393732095,0.006831545703406803,-0.0058417797808223695
2012-05-04,-0.007712872201514376,0.009535572678846986,-0.017595996385939016,0.00485268011081019,-0.0020559053528286164,-0.025725679947307817,-0.008598790732563021
2012-05-07,0.0017974682455976277,-0.0019487469950112126,0.0049383147854974024,-0.0025832080470130627,0.0024032055374344262,-0.0009882033501406955,0.005969638957185224
2012-05-08,-0.007437799083336729,0.007192260004898492,-0.00342152877689103,5.84930739969654e-05,-0.006628794931752495,-0.012417122810914581,-0.005213950144135309
2012-05-09,0.0014599548223657214,-0.005460716047972345,-0.004604359302787106,0.011538413451311067,-0.006500163288542609,0.009399156382070294,-0.03644229813476757
2012-05-10,-0.004239931982484148,-0.005575491130605846,-0.004112337769935695,0.002474994928062999,-0.014494532989448899,0.0055634890711440885,0.015186231510314773
2012-05-11,-0.0019226605703800944,0.001267765696884982,-0.008549481595807165,0.005534139639164934,0.016365201796697128,-0.017126176995115767,0.010180182625269712
2012-05-14,-0.002250848123842448,0.0016178352440847686,0.00798669376533203,0.0017314284508725822,-0.01626378382586494,-0.009231494158824733,0.05076849624250369
2012-05-15,-0.005888898782109749,-0.004115457908491161,0.012131078935409398,-0.002519126236393261,-0.006460294453679763,-0.005180490258267131,-0.031473068626607655
2012-05-16,0.0006904123110685183,-0.01216239852267351,-0.0008586018330517416,0.001108503160926681,-0.019922681474543836,0.018611284788490636,-0.01469826721516569
2012-05-17,-0.005813305352272187,0.0019759268525224405,0.005947590248706694,-0.004947113934774159,0.0007018737290148752,-0.033180388036993434,-0.026695432260986366
2012-05-18,0.0012448744882806741,-0.0004356799442204121,0.0036731525936542927,-0.0012734405515936954,0.008809070138389746,-0.011261650611930749,0.008558254993840934
2012-05-21,-0.002196117738000432,0.00608147794746022,-0.007581437175641635,-0.004069882907120204,-0.019351503772049354,-0.011914006984893524,-0.02333370202621126
2012-05-22,0.008478707662532397,0.0024620448805824455,0.011844036287614662,0.0017046492059894578,-0.0004242403663097029,0.015398619588905614,0.02527308380483978
2012-05-23,-0.0014203186265565263,-0.004351287742822254,0.000591729284128226,-0.0011927350784829583,0.0005266155764474175,0.003069656300967383,-0.0023324521040111353
2012-05-24,-0.005757508002823846,-0.002209577046768169,0.003574176843995951,-0.0014952122660218472,-0.028383482982438858,-0.005093299761693361,-0.018954275270360102
2012-05-25,-1.951501830892863e-05,-0.005636214093002922,0.01806509930547764,-0.0018222447017875651,0.0014637495102656705,0.007331568428952614,-0.0365062810098315
2012-05-28,0.006019290827066715,0.012539748420321637,0.004670710594269481,-0.010025196843409702,0.00746421910201982,0.015499766906946912,-0.009891396742415577
2012-05-29,-0.000898394390521499,-0.005010551151117224,-0.006186962554035188,0.00020017934847871367,0.0017974831278158533,0.009168728235461956,-0.014794532443216768
2012-05-30,-0.0030996084144961416,0.0005185936393168689,0.0038015760472420767,-0.006450961542436898,-0.009997864666420485,-0.010747705819482263,-0.0036918009288067584
2012-05-31,-0.004608866297612542,0.004831235188354462,-0.002214304926837173,0.013304979683029558,0.001984479744056311,0.001164668246765625,-0.02178062045476727
2012-06-01,-0.004407688513348094,0.00021999544202958357,0.009982551007130601,0.013698493263122523,0.005276432129757991,0.003885676102959841,0.01754510204871023
2012-06-04,-0.0031798472149634446,0.004419500150710515,0.0007182785649727592,-0.012609971073728373,-0.008273878359714758,-0.0033925433271094407,0.01540498396061102
2012-06-05,0.001180255489435381,0.0076776586050984735,-0.0029415420164902624,0.0031094863531890954,-0.007573277942341834,0.006969452160284101,0.01374118445674972
2012-06-06,-0.0004959702864590757,0.003834238244580006,0.0016158096193424041,-0.001872589591935838,-0.008075515575799592,-0.010727094546286634,-0.0038121238913894455
2012-06-07,0.004868614524578895,-0.0013657860354624896,0.0031066068875667302,0.006261529936492284,-0.004067094332984979,-0.004400772552275026,0.0011108645746144093
2012-06-08,0.0019703372551101396,0.010856998504148393,-0.008161999393077053,0.009840455821556056,0.0009804471045473816,0.010245905175741787,-0.012441438029071673
2012-06-11,0.0038474151593054524,0.0025816585513923325,-0.006091373190882379,-0.0019579708635654807,0.00044101519535107327,-0.014662400443417448,-0.009733679935683503
2012-06-12,0.005009658360252766,0.01052394640526184,-0.014442208302174455,0.00038857416999676014,-0.00785758764413464,-0.01878345986353029,0.010687318715411237
2012-06-13,-0.00024068677891007212,-0.0008458704592114056,-0.014312198082218501,0.0027302344485687913,-0.0062877521356226864,-0.005289199248211238,0.00357394387907821
2012-06-14,0.0036250075648621136,-0.0005576937337981047,-0.004576877389227142,-0.006812429638893523,-0.0053613493659475,-0.019643097034818726,0.037026570959871316
2012-06-15,0.002703504330092785,-0.0011812459725620429,-0.008411167868364221,0.004095633087399123,-0.007008222043447467,0.04137565493215691,0.0014747547212109041
2012-06-18,0.0011267758275757688,-0.0033429452556098566,0.00829123325740622,-0.0035353105376679313,0.0050745584731171035,0.007282014224403035,-0.014902506985778928
2012-06-19,-0.0026209384960972286,-0.005615544875599485,-0.014432105197398584,0.005870012022690227,0.00032728326481017763,-0.02984980773612028,-0.010688846642901465
2012-06-20,0.00541402620547601,-0.0044962794859120855,0.006470380199730534,0.0033349166339853163,0.0001983425231210447,0.023415526935008403,-0.000756847501098552
2012-06-21,0.005755895744121442,0.011580072363376947,-0.0010132284152383278,-0.005323193157171809,-0.02336162312460303,0.03801168183217829,0.005716021815022235
2012-06-22,0.00420571633645205,-0.00175696008654837,-0.0036362415816100376,0.020064088009474894,0.0028061673189166505,0.024945269063243517,0.0088546673786495
2012-06-25,0.005746857189221964,-0.004159154622825187,0.002541144014542567,0.003814265954920454,0.006215588412490292,0.010659346122535463,-0.014499561554521766
2012-06-26,-0.002971867541803285,-0.009271986501160791,-0.01865695991103689,0.0012942099903588676,-0.002433577771858812,-0.007422131747173236,-0.007048000487058571
2012-06-27,-0.0122173562501562,0.0009553040669710256,0.0020020289885661394,-0.001170809515313543,-0.003414146516755302,-0.007130074983231291,0.018393744239495368
2012-06-28,0.0005443648884426325,0.01574624264086578,0.023186849738510564,0.006382639888895076,-0.012730506746867919,0.014919449324693808,0.0026884412264013224
2012-06-29,-0.005687937443927822,6.551836398391139e-05,0.010201368922530965,-0.0024665366576162038,0.006266527508531185,-0.009129543598264907,0.009301129094890788
2012-07-02,-0.002191195283945257,-0.011208491810002427,-0.0073786384169647265,0.0017110748189093803,0.004886667222358978,0.008157227662783411,-0.0019295523849453603
2012-07-03,0.009626907752982078,0.012288255066817199,-0.0005072371745632674,0.013584204757559082,-0.0058340586401665765,0.03918791690613353,0.00451317065024885
2012-07-04,-2.4318004375536676e-05,0.0031129776985094585,0.007316935153145335,4.715882831521331e-05,-0.01331749939790862,-0.0180324200603241,-0.04352144658867289
2012-07-05,0.0018788289952480176,-0.010517553691070054,0.011120957513507604,0.0037704250103071683,-0.01167892347408639,0.01729554274272086,-0.013020126499985643
2012-07-06,-0.002160628309720454,-0.014832213545201256,-0.0063341418683915745,-0.006815074103106237,-0.008286500600131034,0.026646783648473508,-0.00905951229457266
2012-07-09,-0.0015317469846199221,0.00354358921808092,-0.0020363482981543024,0.0038517692206489736,0.013310158081995895,0.01683434962219898,-0.013860192459672502
2012-07-10,-0.0043029237579527944,0.006429988866392332,-0.012061685299945696,0.0038986154960367774,-0.017487495589537466,-0.009385936410577497,0.023820731951432573
2012-07-11,0.0065352209512078785,-0.0033508421742018597,-0.008950551402093353,-0.0024343006307202537,0.007239513861025948,0.007035805089779803,-0.023232205952250118
2012-07-12,-0.002548470774014453,0.0008842467931123695,0.00781376121771058,0.0028928553730363524,-0.005776894226227405,-0.003550112642579413,0.01754930333217606
2012-07-13,0.0057918711448321485,0.013482491794422714,-0.02413829266875205,0.0007563127415882252,-0.004515282125320854,0.004719145967959195,-0.023716012115163283
2012-07-16,-0.001678865356578394,0.006639566038915927,0.015277314970994353,0.006255845942807799,0.0001333518616898636,-0.0006195308947791335,0.005049515471304227
2012-07-17,-0.007527520347259102,0.005554597784289674,-0.014139487123851612,0.003779542721693953,0.0035324810052879086,-0.014074833622078821,0.0016816179826550468
2012-07-18,0.002038287589481902,0.013399217042030308,-0.043958307662325856,0.008168724126799797,0.027957986768921576,-0.014121501546478411,-0.01347312154149016
2012-07-19,-0.016608678437423398,0.005043766403336087,0.03355581420926956,-0.008963176354565151,0.00293000457265609,-0.011207564892346863,-0.010762882336672809
2012-07-20,-0.006236306954201936,0.004482165063073875,-0.012253911001256059,0.002875254724632114,0.0033348078454285245,0.003178130883664799,0.0008070356008253756
2012-07-23,-0.008509946851507563,-0.01792149131643239,0.0017028332302908957,0.004377222429724268,-0.002672791372871622,-0.00040492805181453593,0.011521808530138837
2012-07-24,0.012662050662980177,0.0031793842918564903,-0.013586997390144708,0.0004953190662835277,0.005976166798186473,0.0037650737654422515,0.054524239655615266
2012-07-25,0.010458928277844623,0.011063925221369727,0.009253071737698645,-0.0004909726228259333,-0.0046318440532262355,-0.0012157867400235424,0.016727871465408637
2012-07-26,-0.0005397615241262226,-0.008928530669647789,-0.008911048620731762,0.0019517021413538564,0.009743754157209846,-0.002177844373191474,-0.03781151549316954
2012-07-27,-0.006593937271518676,0.0074089021095584615,0.054281307021223156,-0.000834620459918346,0.010129295496226525,0.016124026972368012,-0.07657297791625785
2012-07-30,-0.0036177833544330223,-0.0010106867162536504,-0.006595102548528698,0.001311223955008615,0.000997653633736317,0.00910558741773393,-0.024473792695426072
2012-07-31,-0.007180693301954632,0.01834214446973367,0.011505750582581447,-0.008275697572858284,-0.005648745198729197,0.0031814911190650055,-0.013452405318701347
2012-08-01,0.001381480106132025,0.004343759825831914,-0.001436467795422815,0.012667161448294148,0.0005316637055887648,0.00594379838295648,-0.009651720653966503
2012-08-02,0.013461561026782606,0.0033920787854944197,-0.002879486880312207,-0.002534712200661812,-0.00294865470482269,-0.000533298667390377,-0.011014250090523777
2012-08-03,0.0050673599124371835,-0.009230203144809056,0.006183448239413765,-0.00019772882480314553,0.014546772179882844,-0.0033672145453520403,0.042851253197679434
2012-08-06,8.067591712023877e-05,-0.009013041883313035,-0.005626246069184925,-0.001498551854386808,0.0029121901097850264,0.0014442562997380786,-0.038096321964581695
2012-08-07,0.011102637430320235,0.002095579549388519,-0.007208103551989519,-0.005927587592244133,0.0010859193808121653,-0.030263077872884743,-0.05107614003030394
2012-08-08,0.01637076616346874,0.01932030496075935,0.007116926443655877,-0.005982239573523121,0.0008900960523964051,0.007021202118202924,-0.041712072482540385
2012-08-09,0.00471985959586718,0.01944692732267136,-0.0025276385038219633,0.00375130555331801,0.0001994318751155039,0.03534557532818024,0.00748648387499251
2012-08-10,-0.002853035517155415,0.0018499166516238895,-0.004667950452435461,-0.006779500200297057,-0.00033970883304773033,-0.03899244067296151,-0.022278534617974827
2012-08-13,0.003035568344313437,-0.009716103509441864,-0.0019563221198328866,-0.005956747198728865,-0.0032204823245623355,0.013214157020242546,-0.037925237463416486
2012-08-14,0.0037715410040606127,0.005075554575444618,-0.00884623681558514,0.014729144984028181,0.0032289915815281478,-0.0001378348905998399,-0.013949648845515222
2012-08-15,-0.0037048648151216286,0.013142631372157468,0.017088600947701732,-0.00515443243386474,-0.0014553210542462883,-0.004611130573516003,-0.04778790279881315
2012-08-16,0.004425881655149952,-0.01779325375456762,0.03440454533416569,-0.0003526152689268768,-0.015935134328987837,0.005481375602527299,-0.03414861793151485
2012-08-17,0.009968782457235006,-0.004549311991471789,-0.004770430681062965,0.004226564884919446,-0.012533502929959348,-0.011912130941218372,-0.02509925896501836
2012-08-20,0.003091077255390047,-0.001413423645018163,0.0010004960947130883,0.0034031641252870453,0.006815607830027511,0.019034262464595175,-0.022210620108915523
2012-08-21,-0.0013302130739178942,9.739487685152936e-05,0.01158224789871378,-0.00035373423811969207,0.003622086792341482,0.010703399570508794,0.009037921523009163
2012-08-22,0.005027803523763142,-0.02077036238504788,-0.006274747949868581,-0.0027093099008651616,0.026151760320369873,-0.0010829637417569583,-0.007783126442677383
2012-08-23,0.001480252147774473,0.005777232435738155,0.002385344156809175,-0.004833486491795022,-0.0035615134625847605,0.007382897506808276,-0.035459146943032434
2012-08-24,0.006800259419608663,-0.012216592155987731,0.00663123851056459,-0.005528092378463874,-0.005713744893410141,0.004350302245279138,0.04420510042314699
2012-08-27,0.004240565941849209,0.006057342876816049,-0.011545155786673264,0.011331020304116821,0.001174301129606372,-0.0021426184005353143,-0.036571293166791766
2012-08-28,0.0036488379483266497,0.0146826323905015,0.018340365940147676,-0.00446206389925307,-0.01694546513618809,0.0034452777059073686,-0.008302465430091378
2012-08-29,-0.0008325806235499643,0.0031437618593325523,2.9772847775666406e-05,-0.0003024941079408085,0.0030659888586264134,-0.009570589024653062,0.05151648060095764
2012-08-30,-0.002869923145759535,0.0011391689221919672,0.005841851912103674,0.0023906182359353903,-0.0018281462207934635,-0.016620675112303616,0.007763301934704478
2012-08-31,0.006963830354057421,0.0025943813385753307,2.3102308809895085e-05,-0.0025998459838473213,-0.0042203738797192145,0.00783130711340892,-0.015726362847031418
2012-09-03,0.0007870838395769384,0.006151358988075573,-0.00834964360956292,0.0014531913699320773,0.012183143631747688,0.00838454892046148,0.003900647173359016
2012-09-04,0.002526369774742036,-0.002230472963070419,-0.0023714283241043623,-0.00047467467699571433,-0.005634033817872603,0.004094963036257982,-0.01847763536880267
2012-09-05,-0.001126171014638173,-0.011723199928641652,-0.0017449509754480959,-0.00563214100282837,-0.00505922534624845,0.011990294937723908,0.0016222765102442867
2012-09-06,-0.004008000038228813,0.0038211259683624613,-0.0002504798135598044,0.00033985028159307573,-0.02280326478879588,-0.019681860395811712,-0.020796193727513835
2012-09-07,0.0026008211290759506,-0.0031496916798943644,0.000549222447315144,0.004157932913354853,0.010828712705048671,-0.017515963226062047,0.021958276171533283
2012-09-10,0.0005679727317877811,0.0076278967305860425,0.010640379246598245,0.0018603395922509847,0.007697437709947652,-0.0007663427682542669,-0.01762430083274409
2012-09-11,0.008630914302306749,0.016189728258982645,-0.009391391603066424,0.0026476904258626887,0.018355158311484595,-0.014192299236819866,0.01592141247296011
2012-09-12,-0.005210971553337361,-0.0014954631312705338,0.00011976743714997355,-0.0009668862910752191,-0.006304984801387238,0.005877295671937558,0.0012346538121663525
2012-09-13,-0.0013304006227049501,-0.005987252013036332,0.0011911077197330848,-0.0019384978207517048,-0.000455983304012985,-0.005853917888075905,0.00745220845301473
2012-09-14,-0.007753338532120803,-0.004040709231878384,-0.0020398578827690414,-0.006932005869043019,-0.004418548046806465,-0.00973993245362242,0.003032193171549239
2012-09-17,-0.00477918877505876,0.006486757303391436,0.01691352934122458,0.003993993019023018,-0.009270467030582126,-0.022916604742727407,-0.006160961252214252
2012-09-18,-8.399655000258533e-05,0.006511461636985135,0.015483115986608535,0.00292596098277895,-0.0010104357677480698,0.018053577495058162,-0.04004881091082705
2012-09-19,0.0028612067174034654,0.005342914290936129,0.009960503965962719,-0.0017267510745497454,0.005012350222822978,-0.004608791103392775,0.0004649595595740437
2012-09-20,-0.0003988016727030089,-0.0037663310730015015,0.0077880934260613046,0.003917151036392625,-0.003260300358550603,-0.004463491733574239,0.011919177585284178
2012-09-21,-0.0021942702611534018,-0.004262473714160188,0.0003932021867135035,-0.0001877849679371277,-0.00013408640405457436,0.03025926166751892,0.024576020502653343
2012-09-24,0.005184415310067021,-0.006536840831414678,-0.0043680939922818626,0.0015763844044238806,-0.0041739383752617655,-0.013828321563175386,-0.026450553246363945
2012-09-25,-0.0030635071006885027,0.010707414502601112,0.000680950198697392,-0.009569437547490681,0.002485726331291051,0.020027436999179714,-0.0028407293131750113
2012-09-26,-6.917582712974337e-05,-0.003425107731486002,-0.004165644236538215,-0.0033428572013960056,0.005036733057676432,0.003409113285307796,0.024663285174761313
2012-09-27,-0.0031692908461512423,0.01633873964914939,0.004928931645549738,0.0065242775013009385,-0.0004318936105159882,-0.0016703901318431142,0.037796629360807174
2012-09-28,-0.003348297421468684,0.009309622110719194,-0.006699172903312363,-0.00948386131188622,-0.01058328614550423,0.013860061800909623,0.013246930544131138
2012-10-01,-0.005924623481458714,-0.0009648532466268217,0.006204183228246933,0.004940573604158472,0.00602405369625207,-0.010021029572723885,0.01725438191623135
2012-10-02,-0.0019702682573746653,-0.003195401194721841,-0.00798857549579327,-0.004080027287753446,0.006231922583908389,-0.003366452450513238,-0.0004995583193076633
2012-10-03,0.003901177863068155,0.005542248451671983,-0.012359326972587749,0.0016191705880891358,-0.009544424017330553,0.009681986156541719,0.019183557486012023
2012-10-04,0.007684738305843514,-0.0022095734631512425,0.0005139994921945705,-0.008009377606385691,0.013696687589014525,-0.020475560885689196,0.017951696802656535
2012-10-05,-0.013851243947989691,-0.01657362368221824,0.0029865220599577308,0.0035141855364333803,0.007596762098196485,0.0009768772417900068,-0.00918006612777512
2012-10-08,0.007769695961362127,0.0017687056624086438,-0.005532062482813112,0.00018879631218029987,-0.0005580286582622726,0.009286371356433003,-0.010035356816455688
2012-10-09,0.011988220333485254,-0.0009387324194980427,-0.00774159594196453,0.004141948354424044,0.01677303167287566,0.013734025942407746,-0.006967256088494838
2012-10-10,-0.013959086691728247,0.005198805669095251,0.006830010915459743,0.004889950689487328,0.0013172541670200516,-0.0006761938633897901,0.027634524568771454
2012-10-11,0.0003329959300169436,0.0037103333007441073,-0.008191540182045952,0.0007139581434936026,0.0027952218103877192,-0.0027345893678844212,0.0014384957110121566
2012-10-12,-0.004780763399715176,0.0027670134537505285,-0.0029359186376494107,-0.002145033104868733,0.0027070086061255034,-0.003964209001172735,-0.012159105991465918
2012-10-15,-0.0016674091647344742,-0.007363315793951586,-0.005384883881403938,-0.003890361838241274,0.0024726187246546386,0.0067175210941793646,-0.003844973114806514
2012-10-16,0.000544106888327958,-0.003480066791705356,0.006464683457418137,-0.00026326797426176433,-0.0030314439823939544,0.020766559849233653,0.0214175089088028
2012-10-17,0.007340029328525449,-0.008568485718686906,0.0001799541181339819,0.0013036932058348794,0.005543643079474506,-0.005388816481876613,-0.008013990251057316
2012-10-18,0.006446765245658329,0.012939845868054172,-0.030905428103455444,-7.562906954909222e-05,0.0025946670623610744,-0.0006774117154534567,-0.004721879562052536
2012-10-19,-0.0004852586072558788,0.002785329844958748,-0.008474622079852197,-0.004132824491665568,0.007999507653737508,-0.012276829805195016,0.008555948660504306
2012-10-22,-0.0020473723139541144,-0.0021219898619930207,-0.008980835756282097,-0.0036481669770561864,-0.00027889296197525,-0.006267102223680507,0.02829672789386901
2012-10-23,0.004132358053647335,0.003618097735147463,0.00015332664108046187,-0.0033139423561258687,-0.00021464151707650982,0.003056836909202444,0.014082909028306959
2012-10-24,0.008776705520182981,0.00028911506024793175,-0.0018863635411640691,-0.0069768682143972575,-0.00032801625375886465,-0.0015011407345770862,0.013696466583310033
2012-10-25,0.0033511521809597537,0.0032463874725045237,0.008216783963428299,0.0017408801517771852,-0.0004573936041340443,-0.00883853067448476,-0.0058097566179826435
2012-10-26,-0.003914916064332902,0.003371163097462223,0.007142162375856817,-0.002547005256691813,0.0076581455679489065,-0.006131450869519432,-0.015419658792025864
2012-10-29,-0.0011090048293062587,-0.00030419314604477693,-0.010856415988888214,0.0007524639537626766,0.00013276985284977437,0.006314725351593562,0.010610570939038933
2012-10-30,0.0009391286955606362,0.00016463995827910907,-0.0056176257166838574,0.00495959455811878,0.010240702273888421,-0.011615720618717594,-0.027077038944076648
2012-10-31,-0.0019118485895273066,-0.005781464525266141,0.019604080777748233,0.001445102999238991,0.013913825482409183,0.002884932851912134,-0.0035991787960351898
2012-11-01,-0.0002386853324381703,0.011464632463286351,0.0014233843827362125,0.0020898659689514935,0.0019388601252464733,-0.010204359521049358,-0.012584243788953755
2012-11-02,-0.0012992877028273262,0.004886591851938868,0.0010425785119440704,0.0005897167807889994,0.003477056286506413,-0.003937131901958327,0.00365753422219497
2012-11-05,-0.0007295412601715408,-0.011630621995602004,-0.006343072335737521,0.0038519788126389113,0.0049690000899209365,0.0017293625271195886,-0.005852267386232286
2012-11-06,0.02402343757336032,-0.0017306051967001404,0.010126225847776536,-0.00778954074081734,0.006480693353386033,0.009672541612323069,-0.009547271179952585
2012-11-07,-0.016472307143126263,-0.0060186963392280576,-0.004040095724473456,0.000568664721223422,-0.0029023099383574578,-0.013451766781172611,-0.015864947685677987
2012-11-08,-0.0004797331841023205,0.009808768019782492,-0.0009700601165664205,-0.00840226675795641,0.006601107783944397,0.02411758102630032,0.0011479408906554115
2012-11-09,0.017579047500258467,-0.0026889909137742937,-0.000605986902170901,0.010280331203885539,0.004625336157594051,-0.006995314392191132,1.8212341609117585e-05
2012-11-12,0.0028199338106737358,-0.0028339045160033142,-0.005605164765321481,-0.00133345888841151,0.0032194663706235213,0.003655471825606347,0.00606693088222899
2012-11-13,-0.006446525992502346,0.0008528212955748111,0.003014620069520561,0.0010002388386699242,-0.0001611711313271654,-0.0008254384487695562,0.015479711831662924
2012-11-14,0.007882843716089266,-0.0024528143864996363,0.00882958342077963,-0.003192543211986662,0.0035446461261505707,-0.0020852219839808447,0.003870157059689658
2012-11-15,0.000912500673762516,0.004635311248082725,-0.022228908417106,-0.008792426638551868,-0.0012902959540594659,0.014951175968667154,0.0003355254951733411
2012-11-16,-0.0001687878002308054,-0.0036791374606179456,0.008956174712255611,0.023708482491150974,-0.004669905082675315,-0.0007628431909906365,0.014962017366253143
2012-11-19,-0.0006159435524716077,-0.009375576522678926,-0.0018646566018309595,0.009400293032269889,-0.011397522527786084,0.014943275208094972,0.013988080265392994
2012-11-20,-0.010142604449259593,-0.00017456755920709142,-0.003472250435776534,-0.0033033663935294762,0.004989683948484654,-0.0005713319256780024,0.017155125908315527
2012-11-21,-0.0001490092819328557,-0.016682510344787127,-0.007406985188251341,0.004081706944089146,-0.005468176913306716,-0.014161123279827657,0.015045282269172303
2012-11-22,0.011624004385804094,-0.006372823701824742,0.0021346267501929227,0.00017515485278174145,0.0066818149023299,0.006782944562258878,0.0002546270506050681
2012-11-23,-0.002998951834220159,0.010094716711739308,0.014609858665502254,-0.007254938504079368,-0.002846447288553605,0.0032830752920309696,0.0005928893690949349
2012-11-26,0.013736727875251434,0.007657240035375524,-0.008661744692536959,0.006230635316156416,-0.0015579940222361455,-0.004146423762955788,0.005845867916595428
2012-11-27,0.0010038906050837885,-0.0031088009997341215,0.014151575925310127,0.0021488817302426394,-0.010216100612574951,-0.013859930825944469,-0.004122580879655233
2012-11-28,-0.002113751505619084,0.011548133804913126,0.006657412703100683,0.007720536010182953,0.002671645116700073,-0.0013948582029942541,0.015393504950555506
2012-11-29,-0.003949643595128698,-0.003601108652677683,-0.003144562815748457,0.005209163040867694,0.007845170538443516,-0.0028864175812746383,-0.008354911093883676
2012-11-30,-0.0003165496282528471,0.0008421619308328093,0.002065299555026997,0.00263914571843237,-0.008400078258589872,-0.005652546504061117,0.00948680837123652
2012-12-03,0.006515842766703695,0.0041561867123148764,0.0002983543875777801,0.0019019201167528067,0.008500314132898097,-0.0035092361016095027,0.00850778239434646
2012-12-04,-0.0025369565976830727,-0.002891006446800453,-0.0026631075790985873,-0.0020535764674926055,-0.0058919023855184185,-0.004886622078688893,0.004622102018219923
2012-12-05,0.003898060123538673,0.002963213638790508,-0.007435819520511968,-0.017478036712680455,0.002268079702516633,-0.003011175823110771,-0.00012306152598728015
2012-12-06,-0.0006640794709369894,-0.002848726243594331,0.00031967914823820016,-0.00045330798848748193,0.001252505465431286,-0.01134588720473752,0.004819160266846329
2012-12-07,0.0011350043625980172,-0.009599046748952003,0.012669432976917217,0.004904501871667712,-0.0013383868202350097,-0.026871372647427536,-0.009685191559977765
2012-12-10,-0.0033158003483686168,-0.0038641808477652435,0.005172921569653341,-0.007134466150713375,0.001638632062095777,0.023256388476475043,-0.00235613567665731
2012-12-11,0.001032321897842787,-0.0021096507814368313,0.004391242845094284,0.00011006082572503808,-0.004828751719135626,-0.0004452448890148896,0.0053477622598610075
2012-12-12,0.0036391123106796377,-0.009755493142188468,0.011819439670140288,0.0004107740441679638,-0.004976269382431995,0.0006488023763315535,0.014024251707044568
2012-12-13,0.010687280795196877,-0.0006117487129833058,-0.014889028336530651,-0.00042855794921595495,-0.004542037612243741,-0.0005785077213627003,0.001500826324615841
2012-12-14,-0.020787048707506865,-0.001913882952714577,0.004309687597767333,-0.001854983694175712,-0.009468851919668323,-0.0036204814464832554,0.004028053757402107
2012-12-17,0.011463998822573061,-0.0039033872875613496,-0.006337537393184407,0.0023536553833718977,0.0007870471520769505,-0.0004662125199069584,0.009338867053569809
2012-12-18,-0.002819581724330618,-0.002785772270375983,0.0025976670598390913,0.007301793201023967,0.0066106229833538775,-6.504877505521893e-05,-0.007803671169223477
2012-12-19,0.010638554042787735,0.0033971780106389175,-0.0067910363824061695,-0.009534248113821456,-0.003266007470578772,-0.0001446548654513354,-0.011510877285492552
2012-12-20,0.0016878119079884255,-0.010060717965978487,-0.016890860544415305,-0.008517919851051586,0.00029387144466410124,-0.0008419127670497722,-0.0016445313608199463
2012-12-21,-0.0034603394123414797,-0.008325696096761589,0.009036162853817612,-0.0035950952128729935,0.004788933769068646,-0.017278047246539318,-0.001917949086844314
2012-12-24,0.005342494163977035,0.011075126466951697,0.003292816670192953,2.7380789941139958e-05,0.002603554790452395,-0.0006532930226645473,-0.017696758164943236
2012-12-25,0.03571694995445022,0.00616674749426954,-0.007366097409679634,0.001987372306080842,-0.00011815405760185206,0.0005575540159829706,0.00925393998531032
2012-12-26,0.00449328545499116,0.0015591368907423833,-0.007868039317121303,0.0073718948005152924,-0.00304031256661121,0.005947016405684895,-0.00437860830194575
2012-12-27,0.007642034912065914,0.012556816439160758,-0.015132013603599663,-0.004275190078861878,0.025132140208689337,-0.0035211930995845335,-0.00042953122292645196
2012-12-28,0.01295696098134609,0.007204058179605889,-0.0020397440486766617,-0.008427459783663653,0.006854302826026084,-0.005421209693807303,0.006118477814110869
2012-12-31,0.0026230602010580703,0.0019824595891142853,-0.006468240671929367,0.0008875458544376758,-0.002226428246784194,-0.006013458753852944,0.012211848266844905
2013-01-01,0.00931817047564568,0.0023066955444111603,-0.0026923048703162682,-0.00976966148697758,-0.005423173671813195,0.0028806063304384977,-0.0012889122658449762
2013-01-02,0.009995117826765019,-0.0016791602305418756,0.007864951840401688,0.0038882540364860523,-0.012273923673777087,0.0026323935485646085,-0.0012594545330299127
2013-01-03,-0.009857723068755202,0.00027682419218672796,-0.0021979673822416796,0.004066635621221326,-0.005778850135061165,0.01484244422023989,-0.005405087333925602
2013-01-04,-0.00010307946169792371,0.004154206507197034,-0.002081048797205891,0.006302986282865069,0.0016121356496227135,0.004194985828848709,0.005260303458256588
2013-01-07,0.0008860550057000409,-0.0018201382634650816,0.0033698556103889973,0.00436787112941774,-0.014486595278468973,0.017877885564352006,-0.00011220064850727103
2013-01-08,0.007355768633248233,-0.0019626868334894788,0.01035464627902522,-0.0004100539342912513,0.004598234717239138,-0.013038543710519983,-0.013818128053992913
2013-01-09,0.009051920827497204,0.0025612437840596565,-0.014252734353512986,-0.016338960395780835,0.007537678360654919,0.009389803936995724,0.014374364754399179
2013-01-10,-0.0018654862747019582,0.0005819530429331517,-0.015540040492448176,0.0007849085156665705,-0.008165314025257364,-0.005280207951857498,0.011400101597208114
2013-01-11,-0.0016205429498032868,-0.010015367475699796,0.008269316778810534,-0.0055045573422152026,-0.0022581796817560287,-0.0036636220657369828,0.00728833147834342
2013-01-14,0.0026193642324036453,0.006689191322760862,-0.017625029970541464,-0.0038078018011001636,-0.002686607854431483,0.0006427131690428433,0.0058430755381094915
2013-01-15,-0.009478185721933523,-0.0023219578699018822,0.0031450429813269175,0.0018377188797007087,-0.006084698394589577,0.006761696675853823,0.004532102583624552
2013-01-16,0.002108029375553267,0.0028802398407697582,0.016760357566162037,-0.002346192855650696,-0.006183530378356481,-2.2334598842406957e-05,0.0020994333326206475
2013-01-17,-0.0002459266654133102,3.53884216970084e-05,-0.006489494910878622,-0.006824742737715795,0.0062562139060808675,-0.006110277492139946,0.0037627680178343404
2013-01-18,0.001350399086177894,0.0034683706228992098,-0.004619489409607927,0.003618040448272485,0.0028388819443686533,0.0054603416973906475,-0.008313036114537334
2013-01-21,-0.0018212736566108818,-0.001912308333235296,0.006132974101279709,-0.004621470057573537,0.008089049258752739,-0.005208318230518846,-0.005040599667991936
2013-01-22,-0.006690581712514399,0.006036232776647677,-0.0006882596489844397,-0.0022255500641693935,-0.0005059961681573115,-0.0003995815449649794,0.00320147604029946
2013-01-23,0.010470980048878106,0.005340911222484455,0.003325631161060625,0.002496610022183695,0.00410240593103427,0.006300074611609728,0.0029400315001416803
2013-01-24,-2.3627532071296506e-05,0.008433058747424928,-0.025508465817509315,-0.0017451138019806882,-0.0034723886257808758,-0.0048754034573841865,-0.0025321783765512875
2013-01-25,0.0025873225450699553,0.0025372016965848157,0.005052365487799325,-0.005250164564440546,0.005538566488719473,0.004259765829734086,-0.01976376718594339
2013-01-28,-0.007504711516716574,0.00014545445254219552,0.018451719171703213,0.004540368634472786,-0.0024026356874866234,0.003910339848153616,0.005164781266009763
2013-01-29,0.00037085961336649916,0.0036214498383921132,-0.013252748878964691,-0.00037523110726403214,0.006672228418258644,0.016774862593277415,0.007698915584049925
2013-01-30,-0.005401421595961562,-0.0032824230025924528,0.00031065953591279143,-0.008574020981956818,0.006699543734180596,-0.028146691565943627,0.02052323486203462
2013-01-31,-0.005711646955445446,0.009039498999764684,0.002233470548900626,-0.01250194792896509,0.013826431848251393,0.0076520761266608,-0.0001352322155234876
2013-02-01,0.006668293439854015,-0.0004621739293499621,-0.009155169388193884,0.0075522199183480085,-0.010911266355653142,0.012726079421788054,-0.009345606980305763
2013-02-04,-0.007092197833518438,0.00605107847478083,-0.026732407145043824,0.00810665873507074,0.03471781026949726,0.015389950838842282,-0.005980240765930844
2013-02-05,-0.003919695642753026,0.005906602446361544,0.0014293347167643102,-0.010524631131487728,-0.006149131592146617,-0.0038167697396520733,0.009748390202565566
2013-02-06,-0.004233892139938929,0.005092685604377929,-0.016752554748515825,-0.009323733633475984,-0.009064561304891066,-0.018552772143736258,-0.01933346687517817
2013-02-07,-0.004698699218659433,-0.003442794722282275,-0.0022388977274997455,0.008098895731054214,-0.002614012358947982,0.01795405870846444,-0.0025162460391677578
2013-02-08,0.00115788641330285,0.009510441888783822,0.004362295288231522,0.006937624234605908,-0.027591164842192376,-0.0015903332084947143,-0.0018868700318347695
2013-02-11,0.00012272955465765062,0.0026594045156168936,-0.00044791032731855956,-0.005374427958160124,-0.004354207130120496,0.0019567217930181527,0.00033207503921345365
2013-02-12,-0.002510204004117675,-0.012992841202983451,-0.004867421233591156,-0.0047352497139794255,-0.011465851328816537,-0.003709481676692105,0.010393555972757196
2013-02-13,0.0018263264053590788,0.0005235394471895638,0.001362083930473608,0.008610801951713659,0.00309395674364766,0.001420930899840203,-0.013568881290471974
2013-02-14,0.004251942436827339,-0.006468053351799439,-0.0008673344606232694,0.014465199898677547,0.012988734474282306,0.008648764520962996,0.0035826940202038095
2013-02-15,0.0010366550829887646,0.0013241613552796314,-0.027069081606469488,0.009693610161606114,0.011089763778240716,0.0012448285306590188,-0.0007282804808470659
2013-02-18,-0.00625148580825386,0.001288068885039699,0.0019808464596761206,-0.009679506456109228,-0.003146906641302644,0.0010196895782694346,-0.007262961657648563
2013-02-19,0.0012250517656529952,0.003315144934701415,0.0028629523769549826,0.0022110561064792272,-0.009692721998761394,-0.012264754709691232,-0.0026976303274812872
2013-02-20,-0.0011045054061469678,-0.003167487613962977,0.0016258447657805375,-0.009868237466617894,-0.009771991033053616,0.0012425506788993792,-4.964241725872427e-05
2013-02-21,0.0015775580952190316,0.007956675373595498,-0.007690322384808275,0.014960445440629673,0.005114009626482467,-0.003566860987953963,-0.004276344929666962
2013-02-22,0.0017070749151023577,0.005413050413454526,0.02023803852055949,0.0042691832197726265,0.00949826294066557,0.013089758208070318,-0.0009366564622146754
2013-02-25,-0.00563258884402368,-0.0014466988982899315,-0.024732127047459855,-0.0017953169800542113,0.022609022113006645,-0.01800143816299127,-0.008214269984638816
2013-02-26,-0.005215241215459861,0.0033072627672927,-0.0005426617687649699,0.0014620632141112712,0.00036872980591250696,0.007990851572236373,0.0055526807680533995
2013-02-27,-0.001001970649355157,0.011389836739832472,0.0003360232011812978,0.002531952466284925,-0.002885006687674413,0.006972402394744269,0.006028848411891523
2013-02-28,0.001976236028616335,0.00459351532987029,0.008385868139039878,-0.007419270719436862,-4.425239492146351e-06,-0.010605177891770694,0.006229851812218268
2013-03-01,-0.004405276744283765,-0.0032202322291673105,0.006689923625488663,-0.012379243114000136,0.006017098148376361,0.01850108256862271,-0.001326562086502399
2013-03-04,-0.0005359157686077194,0.0041213026212033035,0.005348413099262037,0.010189187188860515,0.007463101079536287,-0.0011677136432403526,-0.0012171998370069284
2013-03-05,-0.002652343352686087,-0.0017454487599337272,-0.011434577571431173,-0.008093547354054962,0.0470587851758699,0.003708781717630712,-0.0027651393541824926
2013-03-06,-0.009760046281802414,-0.0004971424846607456,-0.002819416987262958,-0.009861621901436992,-0.0064485328617589115,-0.0035699575190708236,0.0038865686491149636
2013-03-07,-0.003709697292815159,-0.0036830548748030345,0.0034409084601637573,0.011053600330983572,0.002087793194603608,-0.0033617990898945557,-0.010167032041625298
2013-03-08,0.0008853470805548854,0.0008663358217947334,-0.007772016274475261,-0.0014851633166150968,0.002987819359643252,-0.016474209490739983,-0.004986957686604351
2013-03-11,-0.0011372797535891142,-0.0014954157290888003,0.008155515656395069,0.008741128048472034,-0.00911331915125401,0.006975199603275892,-0.006300628734699399
2013-03-12,0.0010624985467711206,0.0165887749777624,-0.009670369570617909,-0.004987762503180491,-0.011284984292847028,0.015394557433091234,0.005955551561154194
2013-03-13,-0.0016672601053251811,0.005639396464538905,-0.005000677399843167,0.0007520598099084198,0.0002674057288105784,-0.0010697734884352792,-0.0045609118920576005
2013-03-14,-0.0007342956595674584,0.008890132280648864,-0.005958217457003742,0.005553020174876792,-0.008937972565839029,-0.0010962328119834364,-0.01563140426565472
2013-03-15,-0.0010269481973628567,-0.011806360294800288,-0.003936524236808082,-0.010261998677262544,-0.003163819261857248,0.01135952974035166,0.0032174209575845467
2013-03-18,0.005408423246000978,-0.006104467670365128,-0.0012577580013878123,0.009657056051546318,0.005361777816158643,-0.006455663322236965,-0.009919931443723853
2013-03-19,-0.003235492681128803,-0.011460481674564737,0.010044385669458816,0.0034816422825196163,-0.002888853856592849,-0.003006997858201573,0.010071299856415267
2013-03-20,0.0023687642051415207,-0.003826443650249152,0.015768383483014205,-0.002931308488737943,0.014220169936236345,0.00020445237626906513,-0.005715440355095903
2013-03-21,0.0029259989722270137,0.005123227467934429,-0.0032446312421413326,-0.012041427803171568,-0.0014049955935106532,-0.008480293274654811,-0.006163666691246187
2013-03-22,-0.001116565960137853,-0.0038206775040024723,0.011681869293197759,0.0010555040806697821,0.018576239980220937,-0.000587995117193375,-0.004285082169666078
2013-03-25,-0.005346119557354682,-0.0065681279481815446,0.009466949151507342,-0.005765711687444365,0.013116482370848398,-0.009562787656611798,0.001358534224224573
2013-03-26,-0.000780798600040982,0.001667478888311535,-0.00811590024075317,-0.0050695215327624665,-0.0065726485034928355,-0.00544027987490565,-0.010194214675428933
2013-03-27,0.0006966476352437118,-0.006301308985970672,-0.00041052841035412385,-0.004840590478773179,0.005471425292949208,-0.0038598308381256044,-0.020788472790633807
2013-03-28,0.0032660401582315568,0.0038946694207392203,-0.0025990894628265962,0.004185385705392564,-0.002233954807274594,-0.0014586010671378226,0.003770209040893297
2013-03-29,-0.0041947169756523526,-0.0055966765281860505,-0.0068969406817399005,-0.013250821445333414,0.021012588301690775,-0.012001357665646093,-0.0022793849908734898
2013-04-01,0.0028314325607236477,-0.006420934939566083,0.011997541584585302,0.006200371542608069,0.030842449175126987,0.006186398319942831,0.005030864323936318
2013-04-02,0.005987910445618812,-0.005256121815391701,-0.0005254677777797206,-0.006603090668731348,0.007087474163486568,-0.002560176077071907,-0.015445515701259082
2013-04-03,-0.0008999296027498518,-0.010797426574474552,-0.012099255340832091,-0.005629122810654798,-0.01459846177407351,-0.005001393770520279,0.01731088904664981
2013-04-04,0.022564978872076685,0.008842665654444097,-0.009616073791609154,-0.007602556992257949,0.00804091762891263,-0.008181226406774593,-0.010229207713833392
2013-04-05,-0.0026038195541512794,0.005550077110503006,0.001567498410010824,-0.0029803030569928468,-0.003441792656305656,-0.0016920805246725848,-0.00410265043834644
2013-04-08,0.003002508321476095,0.0035935680732637116,-0.0075275841185705175,-0.015433166091801337,-0.0013911120474503834,-0.004858581139455332,-0.0004254674070960325
2013-04-09,0.0012226137285394456,0.007782304443296923,0.01194983704130656,0.0047931083538932055,-0.021915802476066837,-0.0022369786412595257,0.004564404669673899
2013-04-10,-0.003158463610378576,0.0004267276117079094,0.0012614539096954655,-0.006833697858995741,0.017701546554374944,-0.009029914114404495,0.012077400503028779
2013-04-11,-0.007232267528454761,-0.006479263509874158,-0.010424731801894647,-0.00013656820894783267,-0.005421641230435948,-0.00018835626931050856,-0.004627732366182043
2013-04-12,0.005976305989065716,0.0030707327008211416,0.005912258322367817,-0.0024789691589406663,0.0036618325623382895,-0.0001356713568247224,0.008348743338120643
2013-04-15,-0.009712626054436164,-0.0052840248662989,0.0016495373420917544,0.01337978446259413,-0.001161318413252874,0.00014632594083159044,-0.0005032127403480852
2013-04-16,0.007785522108199403,-0.00017520671312809023,0.0012206696861265024,0.016035787871188208,0.005964981728579832,-9.149886053005272e-05,-0.007030183794959161
2013-04-17,0.00549077560324767,0.002089767275945717,-0.009788450310487879,0.007520396850668376,-0.021630244692872277,-0.002039182044228356,-0.010551621238422005
2013-04-18,-0.00391920972178835,-0.001977114830481136,-0.005775134022785533,-0.006178991989203001,-0.024712688745668603,0.015073178186316497,0.032689795556293304
2013-04-19,-0.005984528512041828,0.007989143150296052,0.000273038658055249,-0.0066493660440691705,-0.006057675158024804,0.006553868018676668,-0.009066388787153334
2013-04-22,-0.008118889609267675,-0.0030952882300558427,0.016528197886520213,-0.010491334440980757,-0.016478540949917946,0.00914043927201732,0.02567136342029559
2013-04-23,-0.0003683947505840927,0.0065603725782646775,0.012193260253802681,0.0042116617563764695,0.010152423013212522,0.007628142878087672,0.0040190921628927645
2013-04-24,-0.008588469522992527,0.0029531928997332552,-0.0059343209721439225,0.006621425417031376,-0.016730519971550183,0.0010755154890435652,0.026270834259010518
2013-04-25,0.0036832632929445553,0.004050303704484963,0.015131253620669628,0.0034871914231367463,-0.006248016330146412,-0.0015572224592244259,0.00014906564040999802
2013-04-26,-0.0019991486487232757,0.0005449099940379678,0.0004914359047568368,0.008142085312701202,0.0022606354590513768,-0.004497527191216559,-0.009760353051442315
2013-04-29,0.007413208160070138,0.0036197169305465385,0.010184781294282541,0.018315304539101684,-1.5302996704521922e-05,-0.00018460199948403658,-0.00530207141682558
2013-04-30,0.005056374353489339,-0.003994512177453938,0.002937916331498766,0.002749312046510061,-0.007388877050086477,-0.00135303129035166,0.007728005057748084
2013-05-01,0.0009225743415317216,-0.03053332713675148,0.0064633085656744865,0.0060083177774412026,-0.00884338290833059,0.0027568100461145477,-0.0011350597007488948
2013-05-02,-0.004272333114042428,0.008093866111470279,0.0013336684023403595,0.00503045979398831,0.02606002240734099,-0.014896871287215114,-0.0019895689288126116
2013-05-03,-0.0011492911893000867,0.011423806093680485,-0.0032045377625848337,-0.005540310303583539,-0.0017748471682805162,0.0051386467152063995,-0.018754941853924068
2013-05-06,-0.00038587478974871285,0.012820092856035463,-2.6876971333739123e-06,-0.005079425386977466,-0.01181601707938373,0.005214294276875254,0.02086578944259892
2013-05-07,-0.002735341693021873,0.002719631064528471,-0.0026996520814899184,0.00032159428706083335,0.004442376399171584,0.011173561112795714,-0.02265879440510773
2013-05-08,0.00663919796203508,-0.020543904005527466,-0.0007937612456938695,-0.0006035344941004049,-0.019924550837678183,-0.014149303337958911,0.03243132248109669
2013-05-09,0.011379984449794375,-0.00047731393374477734,-0.009843778684546141,0.0022251207288829828,0.0046780993426027186,1.0450101812150046e-05,0.038416500816309165
2013-05-10,0.006654233738199678,-0.0045980411607917035,-0.008032308328568029,-0.005674417513625321,0.005169761447617412,0.002387616682200241,-0.00016083054179827366
2013-05-13,-0.008001541204730166,-0.0256447998047129,0.029647089700420987,0.0050492574776742705,-0.004363863907098458,0.004706131092048064,0.0009278987889170479
2013-05-14,-0.0017624747206389563,-0.013580759281584514,0.037707471035687126,0.00017700449787314926,-0.003647760488665747,-0.004991334928786522,-0.01234175807820478
2013-05-15,-0.0021878975599802153,0.0021708714985537955,-0.018091766595293046,0.004197749504605367,0.01023065349774027,-0.002833319082730725,0.012381122061314235
2013-05-16,-0.0022949663000019376,0.00583019339591573,0.006147192842447391,-0.006760836916092766,-0.016202733016131208,0.0004526735401562365,-0.08074929596725516
2013-05-17,0.013260439239680798,-0.010881031391256167,-0.007131651275176321,0.007683762136249421,-0.0020297534961972717,-0.010106773251368328,0.008044386434238444
2013-05-20,0.0028854904206773112,0.0023284167770833584,-0.012218421043654846,-0.002750138828766073,-0.014671491945273622,0.010015636375788652,0.03605414067461963
2013-05-21,0.002040172917349113,0.030172007542379618,0.009146108602830218,-0.0011359813326592251,-0.017104061953199707,-0.00401682699925672,0.13523153731477847
2013-05-22,-0.007722824900066766,-0.013018479574505132,-0.0014359558556078316,0.005179609336171748,-0.005247594906950994,0.005621767084610577,0.005778782956963457
2013-05-23,0.0019439452089224946,0.0016956915917285674,0.0008062328365471007,-0.011046657034268176,-0.00925567704296086,0.001355651841754945,0.07334967445376062
2013-05-24,-0.012344248123926522,0.010218038871978603,-0.020898081965492938,0.0033509610089775405,-0.022222748965959733,0.002525182446387306,-0.03465141785967151
2013-05-27,-0.002242713055871121,-0.012575586122192497,-0.0019277699730037648,-0.006874272806224686,0.02832863212472782,0.003061609886548951,0.0657306874503449
2013-05-28,0.010731730552695424,-0.01234956365779816,-0.001529253324885146,0.0025846731703681835,-0.0067428550939307285,-0.0003580346807464478,-0.05741902482939034
2013-05-29,0.014272767500980995,0.024913315515919004,-0.022701465136288183,0.0018502972033392561,0.02254316795185564,0.0015207840814842498,0.021357659660093675
2013-05-30,0.009717446436607014,-0.005769316571999712,0.005981748245685224,-0.0013792853541979844,-0.003182425587319802,0.005858212861231583,0.039660244116021225
2013-05-31,0.004554780491521746,-0.011314951152900059,-0.006417437746717813,-0.009345167941505745,0.01006098425775827,0.004536600232052268,-0.012294612443971759
2013-06-03,-0.004472530235349538,0.010904878534253513,0.007332059999878735,0.006111888667628027,-0.006003992750197396,0.0067041662748171865,0.028730312978533044
2013-06-04,-0.00792402308624779,0.009041517087521886,0.004787985584884256,-0.0034352124550878094,-0.022093953306059844,-0.0007635221174720085,0.07358835296501365
2013-06-05,-0.002200023700816488,0.00044910583746044083,-0.017884653679609494,-0.005930898766673679,-0.009562333423997588,0.0006779284480825798,0.011571658085393977
2013-06-06,4.9840808179330896e-05,-0.0053300326179446765,-0.006030302090443375,0.007122905802093595,-0.004806006960661808,0.005864208699503756,0.05817328757190501
2013-06-07,0.0028625077788228797,-0.0033831197936439036,-0.023330111849849067,0.005516214858515045,0.0054141450737469655,0.0005241665457232003,0.012085823448191261
2013-06-10,0.006584542580963521,0.00031528609492975017,0.005658329247197403,0.015829037624329547,-0.015695861869929214,-0.003312344209752483,0.0433472751540587
2013-06-11,-0.002366084390603379,0.0024107005151837594,0.002206320413271121,-0.011342162587348123,0.0038619873909712878,-0.001766099671623765,-0.04435154164552037
2013-06-12,-0.007578139338256911,0.010182200031224893,0.007431506044147945,0.002674129757307943,-0.004888553446844912,-0.0016329480061009793,-0.03691057508354043
2013-06-13,0.005361259867400993,0.0004094616827476277,-0.007876252117779568,-0.010686649465088682,0.007386156029757464,0.0152418123977202,-0.006522423432611967
2013-06-14,-0.004994737637788119,0.010502597763553898,0.004789816457606159,0.0048816208233981246,-0.0068145690660035355,0.0029958463891483875,-0.00706754013923055
2013-06-17,-0.0048447355832506095,0.01895484207546611,-0.0020722590219924295,-6.513893207035435e-05,-0.008588642859847668,-0.004698504413187862,0.04775017148669581
2013-06-18,0.0008226056891186941,-0.0018970019904899662,-0.005926605122115181,0.007446783878728987,-0.00035969224536007465,-0.0008012323793567291,0.022948221293559837
2013-06-19,-0.003595374883375605,-0.002614924815390955,-0.004746511363165932,0.00424555661654474,-0.021090523716136355,6.441476365648067e-05,-0.034449139422873615
2013-06-20,-0.002459240523549621,-0.014123351446664248,0.0046508460630762935,-0.00023382535909089125,-0.0017904523808008714,0.0027583755692318227,-0.010703151798414134
2013-06-21,-0.0038703851291286575,-0.003340100234316594,0.00842785334761083,0.0011038359560088782,0.027501349857256954,0.0018826124993908341,-0.07492436407490023
2013-06-24,-0.0008269184903077422,-0.0056002828047381405,0.006913472504538579,-0.012570210706750006,0.001446526267409702,0.011790554473919796,0.0419953042273331
2013-06-25,-0.018967039706367043,0.00370854893672223,-0.008401443725938288,0.005411922189369897,-0.005962117722570687,0.0032498209184704517,-0.020147344012281552
2013-06-26,-0.004880025580652352,0.0029124856049458554,-0.012438351554164501,-0.0006931038661930814,-0.006901573329028798,0.0007920013081284454,0.0010916611141461449
2013-06-27,-0.010769313718327652,0.0008325901699314653,-0.004855485316358158,0.017347230435339176,0.013084062695784679,0.00431683383390249,0.01911686894671053
2013-06-28,0.008187912906973625,0.0007772263026550978,-0.0012427095233302943,0.009257957853829874,0.023321204572579524,0.0027835385794744475,-0.04308217271823709
2013-07-01,0.006663163253767394,0.00048337226165080544,0.0007395160939376267,-0.003549797686486968,-0.018979747807934638,-0.010906207837152335,0.025064748895172954
2013-07-02,0.007449934225080813,-0.013517009426040812,-0.011663195568393016,0.0021468248102216032,-0.0282860926377868,-0.006150585062676422,-0.018988788373556945
2013-07-03,0.0021194752010051427,0.010340779666053714,-0.00647468955383017,0.002932109794072966,-0.0028346518355553646,0.004168661175704417,0.007684281962232611
2013-07-04,0.0014942904987497215,0.004713385456985086,-0.001061657101904106,-0.004703452562822927,-0.0005066059191606501,0.00373496128467557,0.009984063614065225
2013-07-05,0.01099699230202226,0.001808437876308288,0.014524282664797163,0.0033504891576444625,-0.005178800930177273,-0.006019726537110639,-0.016201113120770196
2013-07-08,-0.007540255675768938,0.0023790007658286427,-0.00021422321621585708,-0.0011621426297729125,-0.009492677800694469,0.005140291683534848,-0.014245961499491458
2013-07-09,0.009821501846089565,0.00027837606858235105,0.004618141177197542,0.0006632529782430804,-0.001335696762374019,-0.002169970069934896,0.027413478253047158
2013-07-10,-0.0018089780537646138,-0.002660746422262417,0.0033027120407576644,0.015203119282255708,0.004277355454817606,-0.0012637316524662645,-0.009732683517671474
2013-07-11,-0.000384688794975256,-0.000779387987316478,0.001035816422556653,-0.022497952763668498,0.011293160304800631,0.010028126623811813,-0.0030080261954888096
2013-07-12,0.016274160909259327,-0.004913093367809749,0.005453806571561609,-0.004421075299517444,-0.005244251041448366,0.00013940769368502173,-0.003608431541259487
2013-07-15,-0.014077236483600142,-0.0075669902901518435,0.012394259338667545,0.0206890137837796,0.030141832729021385,-0.002984178870372399,0.014079906837800246
2013-07-16,0.007036811999511408,-0.008274988647158,0.001607567754446219,-8.704327250157997e-06,0.023123200324239868,-0.005324014951764082,-0.020191645138704695
2013-07-17,0.0031563349228945817,0.008448783217923764,-0.0014568888350004609,0.001509251993574031,0.005510684658892353,0.0015586377163509734,-0.01124607009012042
2013-07-18,0.003425036185993827,-0.010610657966081278,-0.004238545068056048,0.001468886669656015,0.007177787396766048,0.007169871299166516,-0.006804438589241181
2013-07-19,0.0061482383910249115,0.000664681216488953,-0.010161909553912713,-0.008841508830948225,-0.0071815877390771134,-0.0029090222620054207,-0.05101635728007906
2013-07-22,0.0029467998018298056,-0.0003576627642055038,0.0017248698341168801,0.001806796582504143,-0.0035505367559238313,0.00153152105322803,0.038973421433273696
2013-07-23,0.0024091105003511038,-0.0017674711184262407,0.0017648655246480206,-0.004630621360901173,-0.0014178762232079083,0.0001564119220198157,-0.0010858403904051713
2013-07-24,0.005516923142023285,-0.007799384027497991,-0.0010093171513356704,-0.007539397363358682,0.028937965274304936,-0.008278508872333364,0.03298260031995963
2013-07-25,0.003209539419579252,0.011162342463184519,-0.00014542813327494172,0.00019694653332457974,0.007395914043800453,-0.0035512197874672364,-0.019084749552059015
2013-07-26,-0.0037680239279174006,0.0030796518960886253,-0.006539108202196987,-0.00041217912335961233,0.007251274051125917,-0.004411264170459929,-0.010552727032513795
2013-07-29,-0.0025906410060107027,-0.006728273470649612,0.005063661746720641,-0.008298066152510906,-0.00591626561991981,-0.002007955239653439,0.006875669921467436
2013-07-30,-0.006288859086725768,-0.0018989276153638217,0.0032163543947594225,0.00042387406644724194,-0.00307456971666477,-0.0061473887297810986,0.017791253474130624
2013-07-31,0.0044253648547903784,9.101663272917184e-05,0.0004642908833538076,0.00826737059962311,-0.004519744821788352,0.006005844674749666,-0.004480209842037945
2013-08-01,0.002855052314354916,-0.004488626739793668,0.000588566104490902,0.00543188613739859,-0.008059783568090732,-0.0009471015398751871,0.013266990087843308
2013-08-02,0.013344643542107773,0.00631374894828258,-0.006006454692514998,0.0025011760556996774,0.0014200093896388373,0.00032135214959336814,0.015044855998467364
2013-08-05,-0.0026333353907458125,0.002023898456128444,0.0032834503017746854,-0.00016385226254749316,0.019599541559163103,-0.003866224079102352,-0.01339884504798758
2013-08-06,0.004087481852689619,-0.0073670805685130646,-0.003674803674485816,0.009938020619813316,0.006137529853706635,-0.0035509570654647066,-0.03032463639523446
2013-08-07,-0.00989026124709195,0.010862247539510062,0.0046397519797748326,-0.0022262717299364994,-0.012286209409643976,0.0025439969732843734,-0.03429450575165491
2013-08-08,-0.004492971400943584,-0.0072246130383737265,0.0017563062408335601,-0.0031053643503034366,-0.008946907905834033,0.0013033536461649416,0.003760568824526878
2013-08-09,-0.004148617326199764,0.0007334669596492358,-0.00034244982006149786,-0.0052844150004806864,-0.005085411970139146,0.008299043014082937,0.015028481434895444
2013-08-12,-0.0036712529063613933,0.001338699524671605,0.0034548222503457166,-0.007562195610422288,0.0018462060766983451,-0.0005329028713783042,-0.009591606138671126
2013-08-13,0.007250576711403856,0.007648748941003015,-0.0008679012963224876,0.0014931841746764769,-0.00030373797051996853,0.005297775911114628,-0.003153885730778698
2013-08-14,0.004020121314043814,-0.0011997256695287393,0.0036242123611009117,0.004871925581899656,-0.005828578409339263,0.01216105912443693,0.032785310952392385
2013-08-15,-0.00024493247926556013,0.002953124782362069,0.0007205761990438747,0.008391167584269752,-0.0038422741381519067,-0.0001415567408011032,0.0197290174594959
2013-08-16,-0.002363570610004548,0.0015254993639902356,0.009098419731500917,0.0039151888252301524,0.028822066710762203,-0.0046805888192206395,0.03162544449015221
2013-08-19,0.0008154123899596128,0.003432048186998351,-0.005022101314974033,-0.007141945294955107,0.005849366270672114,0.004417613628770926,0.047820896456959965
2013-08-20,-0.0036363993705589882,0.0025067549496986564,-0.01774789962920395,-0.00714173117163861,0.0036666671831505184,-0.002614216147968306,0.010121886862861171
2013-08-21,-0.013191642717565363,2.6308127372615543e-05,0.0005572893229323225,0.005184682029849274,-0.003268401668052083,-0.0001419024661543534,0.02315924854248215
2013-08-22,-0.002892402936091703,0.005156821900883661,0.005170562832204208,-0.004010988816282181,-0.008602680387834735,-0.004135004069298539,-0.006992693721369561
2013-08-23,0.0003731637423357702,0.005408057460327231,0.0012851342610527424,-0.006464655910122907,-0.009006931404382208,-0.0048455839890184284,0.02432370029931801
2013-08-26,-0.0028068729172110963,-0.0013745363692007416,-0.009725719138261906,0.0009466503545460158,-0.008939106437299673,-0.0007915762007967915,0.0048365596654428855
2013-08-27,-0.008901817263859114,-0.000590702893791869,-0.0005045841744974524,0.009324488150473261,0.004539875259912938,-0.0026207382284102318,-0.037433122498543775
2013-08-28,-0.007420859264476254,0.011272334870480521,-0.012641132564255622,0.0007192844891489484,-0.004194480853032169,0.010052672727855694,-0.0008178962474207574
2013-08-29,0.0022909958755334883,-0.020704939589984636,-0.002368010139838917,0.002023947452048643,0.005613306087328262,-0.005866296926930347,0.004481707251449614
2013-08-30,-0.0005186568898256208,0.002571597117728347,-0.004722570838006736,0.00035484405609845584,-0.0035255405512186174,-0.013188900507282492,-0.010292566476589831
2013-09-02,0.0035226510475113255,0.009180960891381268,-0.01087838543429024,0.0003758074312899619,0.000880954706480416,0.01017114305159598,-0.0017598253325842807
2013-09-03,0.005912351043841371,0.01578640919306913,-0.000294404254188037,-0.0022230257623733858,-0.00010468515898502511,-0.00048561849332426875,0.01150162026352846
2013-09-04,-0.002059866642613642,-0.008714201190532173,0.003947356538994314,0.0038804305716057617,0.0008080929881186585,-0.0025655422372353625,0.03932429254427727
2013-09-05,0.004608417390438954,0.009321262645922876,0.00623136800396266,-0.007115574603642648,-0.004053869667970318,0.0033132812295537063,0.0009016467243165711
2013-09-06,0.002424721821436793,-0.0007097571035190953,0.004205797478777807,-0.0028881201818160345,-0.0037844252163567907,-0.009946870488789814,-0.0023890038747795667
2013-09-09,-0.0015584558123000422,-0.001981706422557658,-0.007309083737250227,-0.00013539578706841192,-0.000749280264694894,0.00438426627325315,0.018070052283003343
2013-09-10,-0.0014958838594889186,0.007841300338876497,0.007225273126763889,0.004521690768767271,-0.014204754687583901,-0.0018221700161608946,-0.011021738077167728
2013-09-11,0.00021391142521674246,-0.004603417311762374,-0.011922237674313208,0.008653785226603344,0.0022355972986129098,0.0052373607341990955,-0.018338580471563375
2013-09-12,0.00514382431117874,-0.004864346725672557,0.006642055013418864,-0.01825925460341872,-0.0044767410979867795,-0.0027189592195933855,-0.017007936117279916
2013-09-13,0.009323227213713894,-0.008931244530867152,-0.01828540407476091,0.0022779851074421183,-0.006779138050102846,-0.0008372598604191774,-0.014979505981255546
2013-09-16,0.0043811834270527025,-0.008862600406301276,-0.007556393046541645,-0.002677578993591986,0.016369566922195485,0.006532653816552165,0.007991898082108817
2013-09-17,0.007966825462194219,0.00497335645818262,0.00321118369920366,0.004935765301718415,0.000503492253773845,0.0032405976222334236,-0.011536443339041445
2013-09-18,-0.005919139101612553,0.00496543343435609,0.006660596870032741,0.0012828526747769432,0.0033274314819903977,0.011325039201547862,0.04052915694835855
2013-09-19,0.01238476308367812,0.003813484044284017,-0.0029428076997967834,-0.0003093832257690559,0.007326467227803936,-0.006630955933056605,-0.014375753107615736
2013-09-20,0.010071335597493703,-0.012086816747861466,-0.012530850658877988,-0.003874333541565754,0.002985773366403471,-0.0006902687511063722,-0.028190325687127465
2013-09-23,0.008774622323439835,-0.003520240674007794,0.005287008611383605,-0.006491412029183632,-0.01332047455363471,-0.011399015370023503,-0.01915338328189711
2013-09-24,0.0010770570661397063,-0.0055543843719928964,-0.0057101777987237715,-0.004421887840168162,0.007259283855083686,0.003189762003775661,0.002200435817924423
2013-09-25,0.006316884462735133,-0.005087919672528882,-0.0055362654386188264,0.003657782460683418,0.0028666896283606395,0.004290288256893267,0.027103351743246292
2013-09-26,-0.0002443435399826709,-0.01148503949684531,-0.012158766406897899,-0.0026756059790314776,-0.007468066716897972,-0.001707427919970335,0.008811637008818702
2013-09-27,-0.0003193554606015419,-0.0025201109711581976,0.0069546456440777475,-0.005515607963008739,-0.003145548877510408,-0.0131879186656291,-0.030763894821894136
2013-09-30,-0.0033106647311484036,-0.023411740645855265,0.013149466192411545,-0.0033067331285624416,-0.015583847048184022,-0.004931111276011569,-0.022909334378306615
2013-10-01,-0.0009748170112392121,-0.0055618445923801465,0.006958577244187172,0.01123959761692458,-0.0065756100860330695,-0.012897806681506228,0.023236899947130834
2013-10-02,-0.005133002254511164,0.006140463480671877,0.008661803337885614,-0.005911197963590523,-0.0024887702265433665,-0.0014585410842116759,-0.013560892645629426
2013-10-03,0.005164546037744478,0.0012831784572622214,0.005647282013649954,0.01723503295946646,-0.00397761307413188,0.0036587303312635437,-0.010499394589380852
2013-10-04,0.004105511297613168,-0.0013416272929253291,0.001000939726172755,-0.0007055667500859488,-0.007078973137121106,-0.01003652377148699,-0.0014158433147084784
2013-10-07,0.003881905148706878,0.004028600144074045,0.002963773017970935,-0.009180296868722217,0.0003218870066064928,-0.001351851799009695,0.009777166760183044
2013-10-08,-0.0017459920172003837,-0.00147433221385289,0.0031079375168423778,0.003513166721804182,-0.00021586900674470572,0.008031427288628467,0.009666840308966543
2013-10-09,0.00020208995773615215,0.01683874386603091,0.0043094147530644035,-0.004213908703038177,0.005229384799394943,0.0017324002929194025,-0.020996996231414
2013-10-10,0.00265207502032026,-0.014136503893863206,-0.0005786831402731528,0.0013847322964865411,0.0036333098497981576,0.002447969717868766,0.010499296599552998
2013-10-11,-0.0031559490839878517,-0.01602578519454225,-0.008767772357727851,-0.004495278707176968,0.0026569831948695267,0.0007057048179586201,4.830593296033819e-06
2013-10-14,-8.754471781912104e-05,0.0017399830158079646,0.0009495483258099046,-0.0029601249513591913,-0.007222856525154414,-0.002808899318912757,0.019337375358841162
2013-10-15,0.001536825732728159,-0.008820390242312333,0.003438325273015408,-0.0005890325062855301,-0.00304630656624112,0.020975224706501365,0.0011904863730488066
2013-10-16,-0.00038444778816508653,0.012591418570414492,0.0038940466813138053,0.006593949137300838,0.003117718362561852,-0.0006700015797385358,-0.005153331518247539
2013-10-17,0.005623382711138137,0.00652379668474344,0.0071276918810827304,0.00472379413119135,0.0037578193731560867,0.007159597945670442,-0.005200024621840009
2013-10-18,0.00044859550262465016,0.0021686067738118896,-0.0027192164555072274,0.002763119069536379,0.0015729371986355324,0.007187643918575518,0.008422419756218644
2013-10-21,0.007023890810677967,-0.0025269768655170445,0.006005664251982853,0.007308146057992402,-0.014646846845146933,0.0054976869364455104,-0.00877246943531324
2013-10-22,0.008713087183123889,0.0011120278013798657,0.001531179707997321,0.008672434878148371,0.006508936876634229,-0.004974245924871416,0.003010961828851809
2013-10-23,-0.0005500347244469378,-0.0026684945693293115,-0.00802155538124875,0.004288231192028893,0.006025474285160559,-0.005271525837109469,-0.004527472513684653
2013-10-24,-0.0032349785453486186,0.0010548784039077469,0.001507808448500279,-0.0008706636438127415,0.0035573077748870304,-0.0019893622117370473,-0.00562697431987848
2013-10-25,0.00229275314886211,-0.0060818697029079655,-0.011287775168849844,-0.002094924538845089,-0.010469986597342832,-0.012184134493782863,0.01122098870768078
2013-10-28,0.0010804318891252805,0.0010997838003908127,-0.013853695118808886,-0.005966026738828798,-0.001370215746887679,-0.00526689822281324,-0.0017956246978582042
2013-10-29,-0.0035610342904402767,-0.006325914102728052,-0.001484960231187422,-0.0037160184837086315,-0.008817955919600929,0.00858421986693544,0.0014790532347416813
2013-10-30,0.0024243230609066525,0.0009398046017939283,-0.0072334296988385925,0.002807865126431569,-0.0039111442433296785,-0.0015424125033574165,0.008974384074325532
2013-10-31,-0.0034197341784933184,0.0004660374535471602,0.007166766626141041,-0.0007587891881292817,0.014181740336667366,-0.0030909693570002803,0.001982309171378969
2013-11-01,0.002162851984714053,-0.0029684942064517406,-0.012354121426426076,-0.001052696089526844,-0.00391100583625534,0.01915560738345154,0.0023242289555974933
2013-11-04,0.0016695973635449573,0.0023221882016695645,0.007218552254172076,0.002553173652354485,0.00014988696885161616,-0.0023053459291074345,-0.001049614699192166
2013-11-05,0.0016613365882722953,0.0015857510994184963,-0.0005059316263044132,-0.007586501333785908,-0.0002954756290041504,0.000487854752301634,0.016355313880390132
2013-11-06,-0.0019008078365531141,-0.005503108378507899,-0.011103692349469651,-0.002972740368586623,0.0013182362249245275,-0.009683971794247586,-0.007065687376001461
2013-11-07,0.015695273397626202,0.011549490708652839,0.013632381065541571,-0.010292199389188439,0.0010145698604499497,0.0021741056993596097,0.017878339533397423
2013-11-08,-0.001072037813000374,0.005989645929290042,0.01844113172428094,0.0005801489956036315,-0.004575779597626384,-0.010980234463102355,0.013740570101555622
2013-11-11,0.010651736168284676,0.0031080992267798493,0.004398552808859156,-0.009221097333138185,0.004646598313079206,0.004195939815949643,0.016576296285246622
2013-11-12,-0.0029518989084270555,0.008930927753786866,0.009218432301538872,-0.006139907373624394,-0.00358038044570193,-0.0033411252765177786,0.0060989795185326465
2013-11-13,0.00119570616928493,0.011143162518835544,-0.001568784167898849,0.007689730947269027,0.001316168033913903,0.005775115896334052,-0.004692469015078793
2013-11-14,-0.0002820463799260229,-0.004444325033863367,-0.014121892612122195,0.0038828647280439023,-0.006370939293414174,-0.023700292837117914,-0.011711853034819605
2013-11-15,0.0006731679054458453,-0.0012787282733100864,-0.0025728789918578595,-0.015440148332754016,-0.00618308619139356,0.010538698454058602,0.013100299794360438
2013-11-18,0.0013846272602621886,-0.005003169874073425,0.009964161661852973,0.000140454750600778,0.0005836820942901345,0.0009064613927945834,0.006627252901204061
2013-11-19,0.005981479581501063,-0.005789216203967496,0.006648310588377329,0.01479146668748927,0.0015243987359037608,0.0035006911865799206,0.001982546169138372
2013-11-20,-0.00215871357239018,-0.003108653567798283,0.0026792776065450285,-0.007974798814531784,0.007549832448122958,0.0020552833404324086,-0.005660355524219534
2013-11-21,-0.0020176822818386,0.0013653852084631634,0.014201850852301781,-0.0007751140253926464,-0.00033356040957692955,0.013161081508591138,0.008098914184692795
2013-11-22,0.007580722391560747,-0.0006932398114072617,0.009895543500666373,-0.0006249979909781033,0.004401798022577387,-0.006587880535286175,9.84152541488286e-05
2013-11-25,-0.0037740161934465073,-0.0021655618655777808,-0.001037099215124235,-0.003584284479043844,0.0046628362723489915,0.0006177739756845102,-0.027480574524358436
2013-11-26,-0.0006739272849554756,0.0015070466026180457,0.008124503037176836,-0.006426907179701468,-0.015099864807531609,-0.010164470227663662,-0.019272356187930793
2013-11-27,-0.004753741303157476,0.0004635392148432762,-0.003695491297259351,0.0038703442993934423,-0.010648922475232895,-0.005842196454741727,0.016395023250364467
2013-11-28,0.008171888548956903,0.003939914330137745,0.00980142866136251,0.004324352756068258,0.003571833945745401,0.007150002581505061,-0.0032513869911463505
2013-11-29,-0.00028429418219744424,0.0023355070262392704,0.01163663052955056,-0.000961402881858729,-0.003050931757390395,0.012984683141777155,-0.01119382372515682
2013-12-02,8.398473095986366e-05,-0.004315343755508674,0.003361437974312643,0.0006813910508114368,-0.0005993156235551696,0.0029764181139359316,0.010788898367359715
2013-12-03,-0.0012581159155136373,0.004438912033726167,0.009527708626605683,0.0012003144021708004,-0.006778332794597729,0.008930951755723365,-0.012070471013367386
2013-12-04,0.009191757423025144,0.0044233051086699235,-0.0018616963861691526,-0.00393776017515282,-0.002387816819338013,0.0064829249052281105,0.007763767475673738
2013-12-05,0.0021793653406333153,0.008540573563186231,0.0024570649259825854,0.003081714319697368,0.0038302404361383086,-0.0015119142211226667,0.003985302837928152
2013-12-06,0.0027761179933429663,0.0005205431508430948,0.003980482003481973,0.0028741937142201367,-0.003002746235884192,0.015337387696879621,0.005730862638908602
2013-12-09,0.004476958822335584,0.0040850390360054984,0.007509910403315122,-0.008491543451907686,0.00029452217126280604,-0.012374899309106669,-0.010077311674074033
2013-12-10,0.007161372171577916,0.008828506694224665,0.002981712116306485,0.001529933485286076,0.010019130905340474,0.0017096097313781544,0.00675894290866
2013-12-11,0.000710509733312288,-0.0036963027464230747,0.004817972789796196,-0.010046148504992336,-0.006008865976214706,-0.0009416961020311648,-0.008690472246164378
2013-12-12,-0.0007303477027509253,2.5207662498753788e-05,-0.005291463204811198,0.004592677538679153,-0.002955099402281157,0.0008409583770612547,0.0003340162036416629
2013-12-13,0.0028073236128544083,-0.001867581619677497,0.005519833201216974,0.007984525251868161,-0.0003192454468301816,-0.016431857333755795,0.004112877041142018
2013-12-16,0.004503995443408287,-0.004653437161122757,-0.003446435033628942,-0.009994070397880216,-0.0027382166592646306,0.00035385233028687835,-0.01303019036222518
2013-12-17,0.0064735105240359605,0.007121964404501836,0.00606404092960309,0.006605480546532713,-0.0005859416838741097,-0.015827256822345454,-0.004470660040849203
2013-12-18,-0.0035363429388030406,0.001675539948141174,-0.015722582727117476,-0.0014093653539122399,0.0024515902534655927,-0.0081407581052844,-0.005352951194670706
2013-12-19,-0.0012776226186144316,-0.0038554666853560437,-3.899260864946206e-05,0.003792885623181631,-0.002535658298323376,0.005308165747495227,-0.0072248879111020325
2013-12-20,0.004775823711133326,0.005677560805352049,0.013964522537332259,0.011129130651591258,-0.00013703277215258735,-0.0053978351186545785,-0.0033284365654866377
2013-12-23,0.004890054359108827,-0.0013254788270274053,0.0098090411969372,-0.004827468851261606,0.0027830097068495376,-0.006900223825239114,-0.0006085275794527742
2013-12-24,-0.0013758567531203334,0.0011666013072744238,0.005741598820566964,-0.005010596027857671,0.0008252878094330598,-0.015618848362038234,0.014043401801533375
2013-12-25,0.0074762922290503055,0.0007768356467937962,9.334727979469377e-05,0.0025883643380614366,0.01104947004240661,0.00880532167700472,0.006365360006833806
2013-12-26,-0.0018825566117914715,-0.00431776345407809,0.007601424333455572,0.004250916596992775,0.011201252428453106,-0.015254528960075411,0.0015895760861254745
2013-12-27,-0.002690997464398488,-0.009320666213997473,0.008962437044652495,0.0045960904826207296,-0.002673615369321557,-0.015425818738587683,-0.015617348558407629
2013-12-30,0.009140357735746271,-0.0015767155799951912,0.0036334200163609907,0.018970278919702713,0.004197606973662001,0.004654571641864096,-0.006654210464061355
2013-12-31,0.0009284025550996491,-0.0024417412295357523,-0.003157414307229418,-0.0008983911835969075,-0.0016681756213356772,0.01186308722909584,-0.007386500414911695
2014-01-01,0.0003280806760644921,9.91673317766803e-06,0.0005467210856943111,0.009033213641100954,0.0015469502940038088,0.010678976189775554,-7.239935076878394e-05
2014-01-02,-0.0011133355714720685,-0.0005232543006289212,-0.0014730385860267778,0.0033289923863000126,-0.00415220385077041,4.4084821381847114e-05,0.0026375862189029014
2014-01-03,0.002587482657867368,0.006511145811585672,-0.004067566085062412,-0.0013500478419947134,0.002622173277242874,-0.006057581292365441,0.010846015293373545
2014-01-06,-0.0032015157792137697,-0.005619247847172387,0.011806130833793529,0.0031375850497080355,-0.006382758554122978,0.021701375593180743,-0.008376597826296923
2014-01-07,-0.0035911363106180647,0.0018296229324921063,-0.006148447488343613,-0.00040860850804591727,-0.001048451916917052,0.0012194947492485625,0.005270365056730797
2014-01-08,0.0002568312144266021,-0.00018316026991532208,0.006555266746433332,-0.0059745986823953705,0.0009620866643799641,0.01869732024850182,0.00801312448896683
2014-01-09,-0.009778547162954886,0.001682228017063477,-0.005162431125383805,0.0060743081311542095,-0.0002955352480143309,-0.009861602434829085,0.0006114094811762641
2014-01-10,-0.006787654570935343,-0.0023127071299508246,-0.004391473746966919,-0.00208364961426786,-0.0076090092560158395,-0.002691396543798267,0.0015572204968856392
2014-01-13,-0.0032371194282223956,-0.005991370189027814,0.0021822384369932072,0.0043882254084755745,-0.0032039382834564483,0.00019390758077434328,-0.005504621702218815
2014-01-14,-0.021592063283258633,0.0102626261779983,-0.007525239021327424,-0.00038370390959935617,0.003995070685375686,-0.003761371862723481,0.0019863199222332015
2014-01-15,-0.021800771228210825,-0.0006920096267623761,-0.00848785006184546,0.008517039208148959,0.0018161934968139672,0.0037588186312841063,-0.008571979932765837
2014-01-16,-0.0008716281588655169,-0.0038024642824483167,-0.004372370554624359,0.015471403741432972,-0.0019008769213675414,0.01287516479424419,-0.001154917274455186
2014-01-17,-0.003931379645259784,-0.0032303557991345258,0.005624371707902787,0.0005789316571370851,-0.005592843539486258,-0.01005279675980738,-0.0052656062814983775
2014-01-20,-0.0027968933506397637,0.0025812228346994326,0.006987610845965523,0.0016243178376651947,0.004635364842205589,0.0033802525572355613,0.0004178770190489106
2014-01-21,0.002517137223107632,0.004869381374644921,0.0057686558555483155,0.005449548702842795,0.0026322047507365467,-0.013309171318144311,0.006782858288153708
2014-01-22,-0.004208735297171827,0.0038669822582003376,-0.006392564393035411,-0.000733663768193421,-0.00023877415766632992,0.011380131895397723,0.014495956501852994
2014-01-23,0.002502559955454137,0.0008300411319472114,0.005685133487967017,-0.0038441975902792505,-0.002074701630760118,3.153507441123761e-05,0.006198856576935128
2014-01-24,-0.00907812141235723,-0.004546341014549397,-0.003923857517084398,-0.0023237139028928983,-0.002689607158326455,0.011095725959760699,0.008966814146863823
2014-01-27,-0.002596932805607349,-0.005659351455857767,-0.008133802866738371,0.001796763927107831,-0.0017453183947493188,0.0004821697920044186,-0.0062103493544479514
2014-01-28,-0.011720790888087017,-0.0007643431970362033,-0.008456514367719808,-8.300107078340293e-05,-0.002385385086432297,0.0029562656006715364,0.005592983516834223
2014-01-29,0.000912713850173319,-0.0013973404901453227,-0.0017817588158085815,0.0017637465964126461,0.005412424018400555,0.001826406192021531,0.0022964775334291657
2014-01-30,0.0033915893532849867,-0.0017414250673084164,-0.007474817353366562,0.0009209869539155877,-0.0007020987465429984,-0.0020107305154626353,0.0013377337483157102
2014-01-31,0.0014875289622145204,0.0010955320746744153,0.0062059022268181096,0.002347761622386721,0.004206555082391546,-0.008297530230419355,0.0013336911725715173
2014-02-03,-0.0008364747577633752,-0.00028340210015989815,0.0022765657406865094,0.005200586347442929,0.0012956574697761494,-0.0010551919803304694,-0.004151328455121987
2014-02-04,0.0076645878246610405,0.006078480442685209,-0.011635364564983678,-0.00038122321512544445,-0.006095897489122288,0.004648833953706715,0.012329227232358492
2014-02-05,0.00023855815551423229,-0.000748156454561986,-0.0005055954959542953,0.0032130929940166657,-0.003962504513386152,0.006243709565084354,0.0010766533154979191
2014-02-06,-0.0030899960612832825,-0.0015446179313043883,-0.003402121442801099,8.733489110368358e-06,-0.0005679268012484891,0.0008497704812694731,-0.0024738029233475787
2014-02-07,-0.00467887770142558,0.002496202428675353,0.011852798722649164,-0.0012090391341424195,-0.0014112952398325992,0.0035103010220627054,0.00905766998529712
2014-02-10,-0.0013049335269519923,-0.002425754424613987,0.005179058004159712,-0.003991973488054623,0.007367914580304432,0.003113205644942823,0.007228361524823869
2014-02-11,0.007949043557924347,-0.004710769872713335,-0.0057528726800200195,0.000846506988131602,-0.002387140139470391,0.007266362960552848,0.0012662894314212248
2014-02-12,0.00010572571090436052,-0.0017371573617834962,0.008466681085479016,0.00082121460032615,0.0049611453599370985,0.004785917153328546,0.0024152875361131846
2014-02-13,-0.002856430158249881,-0.007474953892749097,0.0038263531921343156,-0.0018319591166352004,-0.007987593091837053,-0.014169448124111967,-0.003971063097406343
2014-02-14,0.010015883229466496,-0.0048997908738507194,0.011056765839951369,-0.006105770952392413,-0.002798560069540388,-0.003509147158308796,-0.005178499344769722
2014-02-17,0.005606669861912864,-0.007242874862612391,0.004168341253786987,0.0048960272995640566,0.0029812718637841195,0.0031331177972865366,-0.003151710491343142
2014-02-18,0.002339069435152789,0.0038370930606986577,-0.0015308560029446854,0.0006121137469604021,-0.0023349068259177967,-0.0002331957661025553,-0.01160272343973283
2014-02-19,8.192022644327798e-05,-0.00575080808475283,0.010318697426775793,0.005144125823272237,-0.004387990137406071,0.006101438332678654,-0.009816214299245856
2014-02-20,-0.002594385278992085,-0.0018980004706543507,0.006238983309305688,-0.00037579785239922345,0.005692833946458448,-0.004749042773950863,-0.021861321659204493
2014-02-21,0.0025958673235156513,-0.005338225521786253,-0.014559925769691425,-0.008717007190054594,0.009027985955925393,0.007744382611473023,-0.02900709031172956
2014-02-24,0.006906261765665899,0.013113074425056817,0.0009488337881606002,0.009644604734920553,-0.004701991773456017,-0.006532563645700752,-0.013967727432596949
2014-02-25,-0.005154872301493323,0.0003714361928767645,-0.024782102084962856,0.0038551110319372133,-0.009883682211911337,-0.010349725897065802,-0.0003438465070634431
2014-02-26,0.004622420914647447,0.002149247575080723,0.0001013926101577422,-0.000634179839978306,-0.005278330143902255,-0.009324373085626768,0.00500917647000784
2014-02-27,0.0027202526824644862,-0.003194008188113039,-0.006376249017216225,0.0011332406912041404,-0.007161639256942393,0.003534428331903382,0.006013272625715867
2014-02-28,0.005691681971303044,0.017499959714376206,0.005137607985181846,-0.002058286977428402,0.007682766248445127,0.008272582332867272,0.026393665979500654
2014-03-03,0.005814008573718717,-0.004303989557236436,-0.006777336908401341,-0.00027714021897209517,-0.007196502578957567,-0.0056568986480353385,0.005868156410424539
2014-03-04,0.0018491248274585706,-0.002201362043768682,-0.002519665949503892,0.0018647670167321441,-0.004632670946556914,0.005266976732421884,0.0012316801910170765
2014-03-05,0.000733904601695998,-0.009718563261180237,0.011205636930781502,-0.0011467313632298167,0.0013238623512518274,-0.0022489375853077882,0.04549073572053497
2014-03-06,0.0011114495298203385,-0.00041719697143970835,-0.0005068818464284264,0.007134396266654035,-0.0099803844742175,-0.007516967853093533,-0.006533633930151146
2014-03-07,0.01333545910960762,-0.007880375861134218,0.010215854529087999,-0.001898344943957748,0.005132375182885371,0.004950334277312547,0.007836804311729525
2014-03-10,0.0048078394543342165,-0.0009933000831664992,-0.003111895088500669,-0.00253964982986151,-0.008339520218248339,-0.01110526406168157,0.009931207529700066
2014-03-11,0.001151677692763373,-0.0012853129472923275,0.012566348321565878,-0.0029501872020842633,-0.008676459874838104,-0.0021303073159817444,-0.014643249557693076
2014-03-12,-0.001906878333158131,-0.005696534129753194,-0.000421127838491927,0.002546942051581216,0.004715081323220978,-0.007655655647447245,0.0065675428325722585
2014-03-13,0.00906435782893395,-0.012965941083205484,-0.005530851654729182,0.007032114834715762,-0.009971571838606981,-0.0033787471595942333,0.006026675143788303
2014-03-14,0.009704242881657154,-0.004316272885780062,0.0070257818023033314,-7.005945656940246e-05,-0.0076520136194505985,-0.009629960558970436,-0.012871414305352245
2014-03-17,0.0013637154719684111,-0.0025256155395752115,0.0061381525386900926,-0.0010930116990561052,0.0026023797093125854,-0.006260397083884247,-0.007265716504005912
2014-03-18,0.003972900948944902,0.003946571262822138,-0.0052574052888960665,-0.00374657903230079,-0.004154261545444563,-0.008426240865994623,0.018563323892094023
2014-03-19,0.009969370130859148,0.01056820348717576,-0.009932928293824052,-0.00721640955719399,-0.003851120092202941,-0.008342843561409996,-0.011334042276962204
2014-03-20,-0.00020116257385552883,0.0022661245070166856,-0.00204281112945373,-0.0034782379633950563,-0.001141592672436069,-0.0029529233865997276,-0.005322124818627878
2014-03-21,0.0034318659123640546,0.005034926559258058,-0.00684130841368362,0.0007408313842248881,-0.0017887278734614479,-0.005580172374210201,-0.0034651079410679287
2014-03-24,8.356031842580123e-06,-0.003938477672252686,-0.026605007737325402,0.006613562938539898,-0.014142686623554996,0.007106927409469512,-0.008967735196802211
2014-03-25,0.0013838282859345965,-0.010063717730036054,0.021231198225513444,-0.0011852579128373637,-0.006713418341182558,-0.0020525497810828506,0.0035247458585380338
2014-03-26,0.0013968908596495883,-0.0037834933691839883,0.012214930144198444,-0.012928979176120277,0.018046143183491584,-0.0036495612706070723,0.008606868675666776
2014-03-27,0.005095723302207496,0.012754918084439796,-0.014089351389791232,0.0005505319170541132,0.003474500595619752,-0.008014232920789531,-0.021869244215649102
2014-03-28,0.0034545671755550817,-0.006754424299389262,-0.0019278655348911652,0.0024977032188990425,0.000977751685382145,-0.0036053688755873755,0.016713079825969097
2014-03-31,0.0007430259841533744,0.009475610872798617,-0.0032553549119338633,0.004177928888013161,0.007785719369832275,0.005822468387044988,0.009024837851714318
2014-04-01,0.0034864099987616396,0.003758977134261021,0.03418447217825086,-0.003616751714041344,0.007097527203751738,0.0002445604080989521,-0.004093247954515646
2014-04-02,-0.0032164769351278838,0.0007580253974898182,0.0023090351844531265,-0.005224057417517108,0.003964966100793888,-0.011286120743037946,0.004229059348286682
2014-04-03,0.003021083836669553,-0.0042463373928570015,-0.009044339804945303,-0.010622462223430683,0.010955324198678637,0.004334419400716876,0.005762477495635722
2014-04-04,0.0011851019783124252,0.0052145956682734165,-0.030401407175319674,-0.0005460607800378952,0.0013597600527327038,0.0039264501237593705,-0.0017533486905004316
2014-04-07,-0.0008124889650637902,-0.003537986497426562,-0.008254466626446806,0.005506130283967929,-0.008402217330791857,-0.010702861457184777,-0.0005090820286949634
2014-04-08,0.0015905201346494197,-0.0015704337495377092,0.03373428697384201,0.0008171373617109961,0.006452723955545768,0.0011290605042598401,-0.011057443301267721
2014-04-09,-0.005428766239221597,0.006103066431014099,-0.014682746219292265,0.002013263518278098,0.006770529826488919,-7.11223427192869e-05,-0.0021708354413725356
2014-04-10,-0.005313489999457172,-0.001213039684388158,-0.009282804548515532,-0.0009879598085909662,0.010538042362350583,-0.0018361949147803337,-0.0006926710124029255
2014-04-11,-0.004551855246476532,0.004301194851219401,0.013477086666163925,-0.001265425474875092,-0.014424035528348268,4.1739704246752e-05,0.0071420220322915805
2014-04-14,-0.0045836403340534645,0.001118714952434212,0.01883290977441906,-0.010966528223027787,-0.0030498378299582186,-0.0019210050514885436,0.0022467621444769424
2014-04-15,0.006032799834818159,0.011586762506985027,-0.0014256995732003707,-0.018031622152308933,0.00674031910084155,-0.006082890650614751,-0.012888760402058866
2014-04-16,-0.00664713637701814,-0.0005008876109054606,-0.0060376422242766235,-0.0032121132496013374,-0.00036548010713146494,-0.019211999188379455,-0.00437508468202008
2014-04-17,0.004049800289589348,0.0005910276727538037,0.011762579471470025,0.0009929122722871445,-0.0037187229862468705,0.003680055282228945,0.008681493217587901
2014-04-18,-0.003529269273146318,-0.0042037132117761986,0.0047940533646020946,0.00040220535630907436,-0.00970486359477447,0.009327781102401208,0.0013630383617087027
2014-04-21,-0.0024830595154821623,-0.0009042136643771584,0.011627876656297607,-0.0064057074999574115,-0.030605850164199144,-0.013585020298109011,0.0014490388516092063
2014-04-22,0.0013329095954937298,-0.007693857183796635,-0.009453951685449255,-0.007430911583797944,-0.0077177992173451185,-0.01254474726087284,-0.005127090301796996
2014-04-23,-0.00043215117595607103,-0.006057664026388803,-0.02130441137375085,-0.00028206009650602707,0.006087519858044745,-0.00658353438623205,-0.0037802863228435777
2014-04-24,-0.002549201047437441,-0.0005162311959380439,0.007311861867767017,0.008383593225335691,0.0022382235722941115,0.0018513836701084321,0.004150369464558653
2014-04-25,0.007975709647316876,0.003090808435359647,0.010712690359663492,-0.0030946156466686485,0.05101719249043674,-0.001416121101509164,0.002188760930282699
2014-04-28,0.002829956623752895,-0.002971789496813196,-0.008492783324080749,0.012533029351692104,-0.016009545662254376,-0.0032193048379215976,-0.011049708737892199
2014-04-29,0.00152879908692872,-0.0023489043660287986,-0.0006846232040622986,0.0016026718589765762,0.017833602904915705,-0.00139600382281292,-0.004430810565931943
2014-04-30,0.003334424205556479,0.010114093416853372,-0.009504613052913042,-0.0001376815412861336,-0.013565472712039058,-0.003903139441353781,0.000679318035446845
2014-05-01,0.008587555578326703,-0.011465559682996994,-0.028243854121380547,0.005931478654760695,-0.015403893495232615,-0.015283744082460755,-0.0015291292673263004
2014-05-02,-0.007569243518908168,0.0025293941775377106,-0.01727495932071838,-0.0033091310677139303,0.011560887264726073,-0.002771361308720803,0.011731454280614072
2014-05-05,0.01088201937051459,-0.0007072295411562331,-0.0014628986164569558,-0.001241869886168783,0.0030890463601378503,0.00106034907573781,-0.0004747095766850002
2014-05-06,-0.004226935258305571,-0.0023990064731674015,0.029850587851632915,0.00038182984871860525,-0.006797742274522377,-0.0026079048285332614,-0.015888013109588484
2014-05-07,0.0028087327991219457,-0.009695716678328109,-0.022314198019247833,-0.0037444613338947033,-0.004458353457961176,-0.0016360694608526332,0.009640932320093361
2014-05-08,-0.012187727627797119,0.0054208481217791005,-0.008104159180424805,-0.0013367078574769303,0.0005167466127726342,0.008969047145391183,0.006549491535193634
2014-05-09,1.0437528540256175e-05,-0.0010008771042188762,0.013711338225864806,0.000684580412137556,0.0020629223703804824,-0.00023455814708302593,0.004752822998439025
2014-05-12,-0.0027739925730569945,0.004658186685087833,0.0025875755179773723,0.0006768374857360061,-0.01062360127786825,0.00553019027589482,0.002098085054966676
2014-05-13,-0.0008722543297335784,-0.0005860400113365841,0.003758637073960322,0.003179338330734435,-0.0014624074777751888,0.0018893890105911662,0.01964815279950035
2014-05-14,-0.011174697284064642,0.0009748536790023828,0.0032330755600372355,0.0023895624491149284,0.011923942654688055,0.006114434487465698,-0.012817651759738641
2014-05-15,-0.004471165228448347,0.002880912602426607,0.002556588915891412,0.002656309661567502,0.0050382622913492815,0.003881037942512797,0.003322822003422489
2014-05-16,0.001453245001255509,0.0026753551483852957,0.001315128148681818,-0.007662903404554667,-0.005407333237283853,-0.007900731264139272,0.0019085467026940474
2014-05-19,0.011727811769860598,-0.005693442754203815,-0.009021642953821433,-0.0028544100534010504,0.01064426635698194,0.009927821306785491,-0.005277636183585353
2014-05-20,0.00934517682010127,0.0028939814651307992,0.023779300585787626,-0.0026124182236433036,0.0016957493742505386,0.01781981680322624,-0.018288191991041012
2014-05-21,0.011331154039237656,0.0013409854687366973,-0.00296066855738179,0.0009738840565471891,0.004354428994857583,0.0006819700592800662,0.007306022976269561
2014-05-22,0.004473107642436063,-0.007847259413005736,0.004166328085315882,-0.0011448766661487245,0.006617597861837784,-0.012182962072265512,0.0016290144351671827
2014-05-23,0.00473106241553984,-0.0056655162058740745,0.008341430822352646,0.0007632108147579187,0.00021607355521710905,0.007306705158494094,-0.0026038171222974114
2014-05-26,0.0019516332903677738,0.004377611241053332,0.016937504439623684,0.0019821979751757832,-0.0030283152380521914,0.006916307769117197,-0.00837423535914448
2014-05-27,-0.001353222624856207,-0.01026428776481504,0.02409854760110175,0.010729496406180535,0.008576239660792136,0.0006878888884028494,0.011667914908722985
2014-05-28,-0.001367875836196682,0.002111072199432511,-0.0013828093792583151,0.0028915498927446492,-0.0006742315855453229,0.0012718374996279747,-0.0016152142337377353
2014-05-29,0.0026720893149567867,0.004721234777780159,0.00019867677210954905,-0.001313452546504726,-0.0016271097389514587,0.005142445221877227,0.010741397937002073
2014-05-30,-0.0007741082208863007,0.005123659186048392,-0.02398193409681238,0.0072283362929014185,-0.005081954255952095,0.010244139588908774,-0.0065436788253672015
2014-06-02,0.00038786942963227837,0.003748129145455924,0.006488820645564039,-0.009134143376335306,0.002099627766665574,-0.0006163287322983158,-0.007116520301320139
2014-06-03,-0.001486370947523275,-0.004483246836299379,-0.003277346408039847,0.015829800850175657,0.0035465654924715204,0.005884392144842963,0.005014679659864384
2014-06-04,-0.003460222576996339,-0.00512518570967476,-0.001965883587857318,0.0037462451807348555,0.004483019530746463,0.0059231483874862744,-0.0013863614765509313
2014-06-05,0.0014205326492398068,0.002704454876879624,0.0021287101472075745,0.0006532243079400899,0.0065294926068588935,-0.008403805407401502,-0.008009824688119057
2014-06-06,-0.0008606386438874008,-0.0028745597133603053,0.011301910585243265,0.015225073375266726,-0.008931245191018055,-0.00917186180354527,0.007669618746681325
2014-06-09,0.003890250937843023,-0.007361676944503613,-0.004549528812714477,0.007694255100371033,0.009486449210838131,0.006482784117479368,0.0005726590419029336
2014-06-10,-0.007842543898882504,-0.007443491705180754,-0.017928481177255737,-0.006860141794877663,-0.0009167620325083843,-0.0036922504361926673,0.010802197279438031
2014-06-11,-0.004566988371197863,0.0023090453541099367,-0.003109260076352678,0.007933561411605634,-0.0027898264423322616,-0.0024731608332180387,0.0032017502962781133
2014-06-12,-0.002889070662517291,0.0008612215711681674,0.005339237900078453,0.002361930226753868,-0.00232561055416703,0.0009422806798502436,0.010805159496672139
2014-06-13,-0.0038449104970909626,0.002763199733169364,0.009508378537553595,-0.0025852664201978307,0.0002680914104747288,-0.008407494439888257,0.0025210084722431087
2014-06-16,-0.0003194532413530709,0.0007889713167294499,-0.007420820124708328,-0.003307053196059427,-0.0038310402936536227,-0.005296441205604072,0.0015689935725911827
2014-06-17,0.003122749603752651,-0.00046154283610990067,0.0055075070967803485,-0.008134269773728855,0.008149757437552101,0.02269846500931931,0.0014799388609256503
2014-06-18,-0.003649073478277987,-0.005258387991340788,-0.015061377010184212,-0.0019052023902314062,0.005798988612910228,0.01557009951411721,0.0023370322646121783
2014-06-19,-0.007831123420042488,0.0025645144539661055,0.030248962689040742,-0.010052697306230544,-0.0009676514264951465,0.006880586607651999,0.003701224787394424
2014-06-20,-0.0017172139919070706,0.00016518991664224176,0.009041170011156882,-0.007001897705589652,0.00045990196684467813,-0.003322509331389367,-0.011038363177822176
2014-06-23,0.0016119381401082558,0.007376998463619181,0.00525698300104445,-0.003574562006965007,0.003104535543104448,-7.1164294212971e-05,-0.0006825609534511714
2014-06-24,0.001307110743896382,-0.000769045096488279,-0.0029989050284173796,0.0003737850315943173,0.004267416313597432,-0.004224027519709802,0.0012269549663565802
2014-06-25,0.0031219782071518947,-0.004607523316837934,0.005726997703580333,-0.0015931508391302442,0.005035268794542478,-0.01045038260358236,0.013923988518294189
2014-06-26,-0.0007036554342656845,0.002113115343687005,0.007875895928030868,0.005779948912428191,0.004434181744406048,-0.013891843928654921,0.009484803625772748
2014-06-27,-8.033173539973865e-05,0.001251957392086476,0.007577927543448588,0.010058968808886348,-0.004703036772636709,-0.004768849330008502,0.0014377459220193084
2014-06-30,-0.0006957398749864672,0.0030654582158690796,-0.055901596094327224,-0.0011846662897046338,0.004434325228143109,-0.011479286662274775,0.0015820290559958373
2014-07-01,0.0014047948439851498,0.009238571358996419,-0.019427305352385453,-0.008266908575589697,0.012271797840614954,-0.014782014451087734,0.002356733886402224
2014-07-02,0.0020557640103904583,0.007792094296149805,0.007539512830361611,-0.0038988560816575766,-0.0004293373124121566,-0.029172049831220834,0.007352281472523508
2014-07-03,0.002807327089065787,-0.002443426289032163,-0.004167128037057171,-0.0034470537982097984,-0.0015828814858293424,0.01923726466730426,0.013782261528640503
2014-07-04,0.00963530959977101,-0.0007209635675194178,-0.008502689481430214,-0.004208535889956637,0.004585284483296991,-0.007273340279558866,0.0075454945424731695
2014-07-07,0.0033048057321948027,-0.010836377998821879,0.08340678910470783,-0.0007840123154539545,-0.0005031809038492859,0.0006031142774552055,0.0003890055426003156
2014-07-08,-0.0019117359941987517,0.001966325447493302,0.009586233559806728,-0.003909419234664878,0.0005501973961895499,0.009944158647741135,-0.003708850471608313
2014-07-09,-0.0030660954481617846,-0.008238606408221804,0.022048618226826106,-0.0007084094388965683,-0.00013348011180263202,0.009020568728869756,0.008219375839806855
2014-07-10,0.004673173343472504,0.0008995566785144991,-0.02409164384051634,-0.005766594681397921,0.006317891688395128,0.007789494714971849,-0.006510085077585464
2014-07-11,-0.006427176936085688,0.0008609589143437292,0.011156544463637452,-0.01971267081125115,0.017242732059161228,-0.008268267899125992,0.0164865625071017
2014-07-14,-0.0017629774490694628,0.0005991252083967537,0.00674652774050517,-0.007792329391455654,-0.005442220591452045,-0.0008832440028117708,-0.012817613546475013
2014-07-15,0.002183717258312694,0.0020945692975562185,-0.053808237583155984,-0.0025087404103257705,0.0020230801528738863,0.0038044243223281588,0.01737988228813417
2014-07-16,-0.008948746860354245,-0.010752193375067153,-0.0016011124681885045,-0.009047639303407198,-0.0009846805165309796,0.010703437479734438,0.011143333241962448
2014-07-17,0.0022399247162889157,-0.0029411656128939226,-0.027521965414028883,-0.013029581099296247,0.007638947665947427,0.011931408179568977,0.017588994639198437
2014-07-18,-0.002064758220362863,-0.006057652918425292,0.021050723293474623,0.0004396518139361277,-0.0070615947075750056,-0.0059196570748857105,0.00532254655209209
2014-07-21,-0.0005180156892139118,0.004021561734540336,0.03786926909903864,-0.00552079068682236,-0.0019258122002678063,0.010532292969357765,0.0027147536286937233
2014-07-22,0.00866714002998759,0.006952541806485192,-0.024494838839492807,0.011337448675522657,0.0023131504371764625,-0.004754913913445541,-0.007256609837708285
2014-07-23,0.0011034027216717587,-0.004518048563255709,-0.01472790761439044,-0.0021212955923876104,0.0025252981461178193,0.008850227324387642,0.00876643816254859
2014-07-24,-0.0024431807514906775,0.00284243880036599,-0.01895768414763844,0.006227063487317505,0.0008810322570500557,0.004806501965809708,-0.004257785800381212
2014-07-25,-0.004689462662708989,0.0032025150436007293,-0.009958520181484633,0.0019624109068320916,0.0021501521091744935,0.0011976074898560408,0.0015337904241565642
2014-07-28,-0.003143347275606037,0.0026115863608308855,-0.020118491096424964,-0.005931860392806387,0.011737647062619424,0.0004924907361598216,0.010983135070718603
2014-07-29,-0.0004968470457874193,-0.008629197831519228,0.0028476967433953603,-0.001750132447367246,0.013267398407049553,0.002742921371901865,-0.016980031607796476
2014-07-30,0.0005387728470207697,0.0036253651297687723,0.010383123842151688,-0.0029985102547866486,0.0013062708140223456,0.012190575378450062,0.003918849029193317
2014-07-31,-0.00613489258331065,-0.008025401332678239,0.00406323190583457,-0.01672766441653289,0.0018565310420396192,0.011917514630403744,-0.015712022791471603
2014-08-01,-0.00664272111231954,-0.0031710601041269847,0.01000478657885223,-0.0016896832423060964,0.00029275780855088487,-0.014811509737835077,-0.008788215496208488
2014-08-04,-0.009432802888517703,0.008767663196461021,-0.008011758056885502,0.002462612731831035,-0.0022258344556966275,0.0024198506154836427,-0.0006288216080632661
2014-08-05,-0.006432054613643663,0.0011439476910002422,0.0010067175605029263,-0.004376419064636937,-0.0012830067643596575,-0.015905286159393156,-0.02279143011774033
2014-08-06,-0.016024431662914864,-0.0006412637731303767,0.014430557037767891,0.003414364516822511,-0.013361832391067778,-0.02107480177622463,0.007697528025963754
2014-08-07,-0.0031095805275800615,-0.002180364385400088,-0.02140170793885157,0.005697546187516124,-0.004263397650404921,0.0027549398607363443,-0.014908192091508041
2014-08-08,0.004298976127870317,0.009599818644589156,-0.009172419266352589,-0.0021194843492597978,-0.003646900532296628,-0.011257874091967227,-8.529489539919721e-05
2014-08-11,0.002929896977794209,0.0002272604814531348,-0.030437552476600637,-0.0032530419183257474,0.0008712249765415598,0.01028158026061265,-0.0057804628783788385
2014-08-12,0.00814991977442952,0.008177596776779057,0.009159348526430413,-0.0021232071718228144,-0.005777298832933727,0.004210404031988861,0.006393184643106924
2014-08-13,1.6439978600725685e-05,0.00644149763817651,0.019528550441873634,0.0042015139337969855,-0.007894393586786601,0.0028985241167332025,-0.016987800181993834
2014-08-14,-0.0028119261102156163,0.0070487475030660005,-0.0241680557554051,-0.008905166033079266,-0.002605792593076397,6.010508202224743e-06,-0.004485096537297838
2014-08-15,-0.0007156586476470454,0.006952444348085485,-0.01167350696010331,-0.001757865851083703,-0.005599338894542854,-0.003575619026593139,0.010101960344062716
2014-08-18,0.007134099701635116,0.0006704889242222696,-0.005354644129754426,-0.0007224951138625199,0.004075849669392936,0.0022073403620393567,-0.02076445768290466
2014-08-19,0.005772690945810425,-0.00032005644264805714,0.00907829009711399,-0.00765649227279219,-0.003230610400797756,0.005432392222732403,-0.0018403966054947644
2014-08-20,-0.002379541187512088,0.0029427490542433855,-0.003646728511193354,0.020867469741095924,-0.003950751632142076,3.804977809635548e-05,0.0014979219409872126
2014-08-21,0.005764001063076841,-0.002193625401566982,-0.018430945868447957,-0.010810171633094686,-0.020472697082856955,-0.006813410365487594,0.01085296288407277
2014-08-22,-0.007171030033235039,-0.00436743561795892,-0.004701268573109884,-0.002637496899320022,-0.0009586908991128021,0.0026030453977263003,0.006256243167632128
2014-08-25,0.007168322608108357,-0.0016812101811777775,0.00399088170579995,-0.005350866905206197,0.009170904661752743,-0.006509410189966843,0.004674138696470052
2014-08-26,0.0007634042977215547,0.003768377743581205,0.03730365805455215,0.0062485809307544,0.009215459471056868,0.0031978991237275726,-0.026770362909754798
2014-08-27,0.002435163215528357,0.0005996660484737321,0.002127288979099959,0.006802977836989544,0.005403767914889185,0.005146969452654064,-0.008793721451412278
2014-08-28,0.0008969220457784052,0.006496097146969714,0.0022116693205155276,-0.006333164453366271,-0.0017612549837586469,0.008330500300390651,-0.01604042760946537
2014-08-29,-0.001673778458284815,0.008706465607850947,-0.015540728803202397,-0.004036698210703645,-0.004081154010452515,-0.002307998932798859,0.005716297330915929
2014-09-01,-0.003276954681200288,-0.003632335310439352,7.53082836021401e-05,0.0016539858864631108,-0.0027180962149006673,-0.006928714888693353,-0.009501653842532262
2014-09-02,-8.746616889887532e-05,-0.003981028893965994,0.0017999753188303455,0.011686592035872141,0.0019439543192243001,-0.0026299829715092154,0.00225358664237953
2014-09-03,-0.00771310504154499,0.0033002742744675444,-0.00698929003429963,-0.0015992690362356984,0.0011821872737778503,-0.008642056118777218,0.006676855771755324
2014-09-04,-0.004426238846446328,0.0007097785937535383,0.004092944564481623,-0.005955834391457393,0.00561311662033139,0.00574995734904776,0.0015412223440930753
2014-09-05,-0.0005617538427315013,-0.0037446934674854964,0.003545878612303735,0.002271812696338235,-0.0023015290600153825,0.008262431530766112,-0.0038375883634947077
2014-09-08,-0.0021349338940704443,-0.01010870476148539,-0.013009055661918052,-0.00182151218337887,-0.0033213656658838725,0.00441452962844548,0.01689137560413107
2014-09-09,0.006482999537916748,-0.002820503234548971,-0.019414716313682426,-0.00010546976098355066,-0.0030090075038513866,-0.019390620892360967,0.020921963594516577
2014-09-10,0.0019234951821019215,-0.0018539316566003198,-0.016573642704510158,-0.005456798575144286,0.005964628722352833,0.008567418578013472,-0.0033886928090777224
2014-09-11,-0.007797360947262229,0.003359530911146765,0.008413022484532084,-0.0016784223625689752,0.007735540075638738,-0.04418107720003313,-0.014932848742870625
2014-09-12,0.009898614556735017,0.0020172294692226223,0.00023221731086790767,0.00010381295260582815,-0.008081506635138033,0.00043032728235482733,-0.00347574789340232
2014-09-15,-0.001772895715024749,0.005516761969286064,0.008461860576496755,-0.0004282248317517899,-0.004628965385735115,0.008641598887321744,-0.003972469584096008
2014-09-16,0.002939089775516392,-0.007869717104672944,0.013052836569909304,-0.008905474340270433,-0.001779999230162575,0.008672511975079041,-0.004277726144813706
2014-09-17,0.0023013048055604453,-0.0014406190937430096,0.006180606159419247,-0.0008068746398014706,0.004018752233406498,0.006216470204161988,0.005367458250872621
2014-09-18,0.001247550592099223,0.0027713616205414376,-0.0033181335297154265,0.004627237475240515,-0.005987930114245317,-0.0011409950899635853,0.011061089850190147
2014-09-19,0.00041513913643063136,-0.0025170531190469355,0.0019613859376397783,0.003046604707581182,0.005539722190029447,-0.023141975051661618,-0.007222576861080356
2014-09-22,0.00021065375454560378,0.004263591042191082,0.012576005325692976,0.0009080848852729813,0.008224031361567772,0.013278894680796752,0.00632906495585675
2014-09-23,0.0025560262882011295,0.009763555077086872,0.0046820939819385045,-0.006908479446770459,0.0063089979755437346,-0.011117670418450114,0.0034874988908191015
2014-09-24,-0.001911230257297406,0.002438307782704634,-0.007848458046655876,-0.0005854025776423528,-0.0034193127882068803,-0.006528451590860086,-0.001760972738631859
2014-09-25,-0.0034242723303758555,0.0002403690640478174,0.0248874667945769,0.0032950062337115727,-0.002168133660082278,-0.007027189690521962,-7.93201529436006e-05
2014-09-26,-0.005441091947232454,0.0012355118062535176,0.0049181155326420934,0.002320438539028401,-0.01241423396515997,0.014284887602073719,-0.0024288833172984216
2014-09-29,-0.0031300761353092025,-0.004064428913102768,-0.01407183921991358,-0.00029916409480894486,-0.0050420843531674645,0.004087889902582993,0.0008799411693890052
2014-09-30,0.005138986047483157,-0.0049349355852133904,-0.00452924097847699,-0.006864363236833649,-0.011500479948968433,-0.010716494347678799,0.005985068281143241
2014-10-01,0.0022651697369838477,-0.017537861098395155,0.006744782263897488,-0.0002752560860779013,0.008388673189770615,-0.012698266205680835,0.0017030124045734416
2014-10-02,0.002394588372865906,-0.007136722021264214,0.023750602588435685,-0.003937896810210637,-0.0038755750701824805,-0.033053518311527724,0.014912354832449506
2014-10-03,0.01226711244807605,-0.014587773570768896,0.0079746294089683,-0.0006981844206076272,0.01666741610939946,-0.0017953041696828823,0.0039567518680134915
2014-10-06,0.006738924124269969,0.002068683830264922,-0.002311058443894817,0.0038062187471331332,3.907027373355267e-05,-0.0241002884825326,-0.009049527189840296
2014-10-07,-0.003998385614537037,0.002382888868921449,0.0009226882903101061,-0.004213758311137287,0.008268274408140036,-0.026617244172239776,0.004949390464458027
2014-10-08,-0.003943057841061302,0.0019357430671631533,0.015975290789683003,-0.003767793375104246,0.007637681979619331,-0.002644825392013319,0.012361891975339125
2014-10-09,-0.0010839610364534662,0.013848347501843349,-0.007581218682295432,0.0005606853470139892,-0.008568810666375274,-0.003927821476905292,-0.014395561714977027
2014-10-10,0.006197214141612149,0.004556663708253767,0.02485485351672888,-0.0036149619330191752,0.005976703222974421,-0.01265785198126059,0.010863238160033428
2014-10-13,0.004506836277569045,0.010681208967631698,0.002900252701947586,0.002584106244711461,-0.0068273756672664054,-0.009901038291876453,-0.001540564778142691
2014-10-14,-0.0006231606044719441,0.0004897916108284313,-0.003971128023323365,0.0020397321659349167,0.004670145341022614,-0.009275505246343959,0.0032844609240390904
2014-10-15,0.002917996843823434,0.006642407239841128,-0.0023722154798529664,0.0006567598150396431,0.0030503772344962037,0.00927474864650333,-0.002516178806501825
2014-10-16,-0.0023401753807918394,-0.0043613414363479,0.014766496300838443,-0.001188405053421217,0.002730978626595341,0.00030981563617863333,-0.004327093445715201
2014-10-17,-0.0018967562896454512,0.001680193474156263,0.014201659172703971,-0.0014970879827406734,-0.006136379971596951,-0.027675747258957106,0.004072957990099643
2014-10-20,-0.0023072245408953165,-0.0007591220438732567,-0.014136685966790644,-0.007486192964153214,-0.0022888920235048914,0.007475397876393546,-0.0028673060778353437
2014-10-21,0.007286206207248321,-0.0036221181837472996,-0.0030772371540467632,0.0031258993224530366,0.008641900034405122,-0.029478797144164237,-0.009282176127394197
2014-10-22,0.00044256537116825473,-0.0014388127318286964,0.014436730356375294,-0.00038777203298245876,-0.008960363669780487,0.028401003083147476,-0.000456725398755936
2014-10-23,-0.0011176554572653007,0.0007896705763970825,0.03409927780351651,0.0021620988356351005,-0.015436432580075961,-0.018015786729883226,-0.0003904119831680159
2014-10-24,-0.008595119756811178,0.00681434476587661,0.011753034079422582,-0.001713984289155592,0.002385781283139851,0.011302250500851789,-0.0007239279618555225
2014-10-27,-0.0008682435497551533,0.0038574666643594667,-0.014716139535975652,0.00127324542628942,0.0036221058392848157,0.018881014251044177,0.00038800513821434196
2014-10-28,-0.0018534990663106156,-0.00013257690814581598,0.015442548067181094,0.00839955648231512,-0.009523451537861126,0.0019634340902115748,0.0028068480523747927
2014-10-29,0.005721314477607769,0.009500787434941213,-0.012691406611602426,-0.006752495022941388,-0.0024744715173428424,0.014407808313310875,-0.014136556098979038
2014-10-30,0.004470047965421337,-0.0011516355506753567,0.002059173189695432,0.003535389870825574,-0.005258002939127644,-0.0035916311889741463,0.01023267224184384
2014-10-31,-0.002936519668834218,0.0008655320476237218,-0.0030887236095943267,0.00701368448212042,-0.0011329395228756535,-0.0008083435122525091,-0.0006596898476925769
2014-11-03,-0.0012491733435328934,0.000555645966078391,0.0052772562476607375,0.004472613537337198,-0.011866061167373671,0.023040069982367493,0.005347580479783027
2014-11-04,0.0025175954298166992,-0.00965538204937662,-0.036036066418251564,-0.0011439477485436463,0.0008698813344780515,0.003802575732262904,0.0006410033929684662
2014-11-05,0.0003854259721033005,0.01234288529257019,0.008707772969672426,0.0008561337956678027,-0.004287131824746377,-0.009087390281779326,0.0019129877705915713
2014-11-06,0.001419477146967514,-0.0015240204185112888,0.04781865781682631,0.002806196019115275,-0.003755310029883534,-0.004415998158804498,-0.007105408113392119
2014-11-07,-0.0011074855147361633,-0.005337679748168671,-0.006403716941818532,-0.0032823845274591924,0.0024078662069442975,-0.01812114463033054,0.005487520011765732
2014-11-10,0.001857312448429998,-0.0007865886345596161,-0.009324954882449802,-2.430007411749211e-05,-0.003397983814520314,0.008587132147736746,-0.004999036938918273
2014-11-11,-0.002652473798219593,-0.0013455130207278062,-0.02757968949592918,-0.0029911249669041387,-0.0060082076984614985,-0.00475389338215423,-0.005914004333121287
2014-11-12,0.0025635306516038647,-0.005367495981220158,-0.0019840476532460185,0.00036922992363757083,0.008839871737207659,0.03772469646665046,0.0010524849887863928
2014-11-13,-0.005879305560899598,-0.006151140463330728,-0.006443319422432471,0.003373601056136442,0.008219946919658723,0.00040465834435195284,0.007028317437170786
2014-11-14,0.0016526666368640306,0.00014012562889139263,-0.029970646822071057,0.004707774599910291,0.005523981858947355,0.002466727311343847,0.009796636408580608
2014-11-17,-0.0036713807548736706,-0.002180060592385385,-0.004017531438991617,-0.008853758438021064,0.0068789438051889305,-0.0009099135923290466,0.0007040650541051295
2014-11-18,-0.006775965600251545,0.002146691112920252,0.01580785547542339,0.0032884728564228677,0.030659518288406882,0.012333135083557573,-0.0037589554201202737
2014-11-19,0.006080103508774737,0.0031875671689184956,-0.004714240359433513,-0.001834593506195014,0.00353550448584008,-0.0014042147005791806,-0.0002216102648403465
2014-11-20,-0.005621550048099212,-0.00020736724093599625,0.03589646009809121,-0.0005711725348396243,-0.0030432935288677507,0.0027808510458600475,-0.003482800694113665
2014-11-21,0.005807178344313518,-0.006166945137032938,-0.004010007787631837,-0.0033115526313577015,-0.017626873263334508,0.007477490911905403,-0.00797827319065551
2014-11-24,-0.007649807845766931,0.002143667368284312,-0.0004327492274046042,0.0035789506202981796,-0.0015484532108071996,-0.02674103098021505,0.002138599934309955
2014-11-25,0.002340643244338065,0.0020229477633257895,0.004109382355497164,0.007035628937843383,0.003864559055647003,0.007216769157336466,-0.003025158316140782
2014-11-26,0.010994637009230335,0.0010642964591945057,-0.003949317308059238,-0.011319642759171498,0.0038855053829164802,0.002348990407192367,0.00577416738435144
2014-11-27,-0.011070903884666809,0.00124010483179485,-0.006150672856280863,0.0037429157180578136,0.002021004703170385,-0.006752561655966874,-0.006433391068934972
2014-11-28,-0.0017616158033594543,-0.0007874059170634432,0.0017575865004896038,-0.0011041607196649397,-0.0033933584475737996,0.016973130519726768,0.007315375952081286
2014-12-01,-0.006074173559250497,0.00023624152731295162,-0.01217751655053964,-0.00892829028779835,0.00015919804073572446,-0.006135906016120344,0.0005794602577449331
2014-12-02,0.0009075508241273864,-0.004711603989887744,-0.008097136192104025,-0.004629578770823653,-0.0005453890755190724,0.01279295276466014,-0.004119586676583992
2014-12-03,-0.005969105164290823,-0.0014609109894375457,-0.030185335864003657,0.021382982380076816,0.0007064871991424199,0.004607620554000007,-1.796398338605566e-05
2014-12-04,-0.008480062262149828,-0.0038558123016016587,-0.01188173797409408,-0.0005072216404463882,0.0073779066132839645,0.010997368513085618,-0.006499682188805684
2014-12-05,-0.001557220254707864,0.011678766034672716,-0.00645792938717626,0.0027834165478334747,0.0034058748938524076,-0.0015486725026389318,0.005929531953260082
2014-12-08,-0.012215983878719172,0.012865976765067734,0.015342986827302897,-0.00685781765545,0.002784863507161136,0.003005307823733329,-0.00025623566347746904
2014-12-09,0.0008332805395916643,-0.0005140411205034163,0.01593709781606108,0.0012116102741338867,0.007550484616348175,-7.650180944014511e-05,0.010039009157306704
2014-12-10,0.0008326167057494253,-0.014220963164106516,0.006005415472461661,0.018651434456070422,0.0019655106567951467,0.004007069673353915,0.0017640086214722737
2014-12-11,0.016295919378737155,-0.010623198964051237,-0.00016047328790143355,0.011538934837183469,0.0006693369072970926,-0.001336737187746613,0.0011219256978521916
2014-12-12,0.010708649320404736,-0.01209964883025359,-0.001577730397001637,0.009431407816568446,0.038466645901092264,-0.02168443951329841,0.010414287221161443
2014-12-15,-0.0005400788870764802,-0.006214215427214659,-0.005951582537124007,0.0015712280524341525,0.005931819927799916,0.011226315898198011,0.0038133400078680397
2014-12-16,-0.000959710016973119,-0.00131980103015742,-0.00044579914190548685,-0.00850591221277521,-0.005635398612128962,-0.00022076701563895906,0.03889301613309035
2014-12-17,-0.0043176593136289585,0.00448202221696462,-0.015435256427103677,0.005274239757848303,0.006272797740119313,0.0004693165551755132,0.014908322477370249
2014-12-18,0.004605768143585836,-0.011080670954526336,0.003936868540958446,0.004676575455671346,0.00019438206823707414,0.0038448420512357216,0.0029386847736514073
2014-12-19,0.004451417779686036,-0.005746951112119148,0.001665471453602412,0.008217802449380807,-0.005209292558727211,-0.0009529355319752787,0.0029538922933882487
2014-12-22,0.013031374541577921,-0.004820161931163243,0.010945163828152362,0.0014498276842314698,-0.004447974267451451,0.006000083914282016,0.030687559493241444
2014-12-23,-0.0035487435879578088,-0.0013054716370533518,-0.0011677602649075832,0.0009833237474971299,0.013685801730032355,0.017153247129540396,0.005248168359248245
2014-12-24,-0.002804455096222216,-0.011040276196535305,-0.005156844026806184,0.0032761994706548047,0.00662167138345898,-0.003191247461900001,0.0023490126869934323
2014-12-25,-0.004368340636306209,0.007711175191156292,0.00555396735574818,-0.001107697163291814,0.0018734541304077396,-0.003407970655359705,-0.014011534767507657
2014-12-26,0.00855346460062387,0.005463894877116118,0.0013796028257838705,-0.001080481906389384,0.011063440784113183,-0.0034357905321443314,0.0006095794365573643
2014-12-29,0.004404328747596261,0.0036970383976040874,0.0024971397003294865,0.0011193808482552058,0.0111236940558043,-0.002971040172206343,-0.005267695290283115
2014-12-30,0.001455581517251162,-0.00342825693984055,0.01176594881304975,0.012684058353849843,-0.008269830959936683,-0.00198095805921921,-0.0064125377306885915
2014-12-31,-0.0006653998174775268,-0.007398623066337487,0.013575401475007276,-0.004316605868803274,-0.0034545071274257716,0.00399700166354814,0.008724151618140327
2015-01-01,-0.00469109205339714,0.004261277771205684,-0.016279718900948474,0.009396175751780934,0.011222536904340493,0.0012747001552294258,-0.0006531210449889369
2015-01-02,0.008107958489799597,-0.001296079154641116,0.0038950611203603957,9.12183778839182e-05,-0.027203334736659715,0.01819613411458937,0.0013299222155083112
2015-01-05,0.0038853072279207866,0.008156511783179035,-0.009224761648652217,0.002251487128825663,0.0065060579222944006,-0.005305582366216571,0.0013913926154885273
2015-01-06,0.0035439307917686713,-0.005751123350738667,0.016807293779637914,-0.004472967693749817,-0.006718716460757536,0.014941605704365243,-0.010841727718031732
2015-01-07,-0.0006289475393507855,0.0030405112069757105,0.007843238197071086,0.002114599154553274,-0.0004822410963916857,-0.003741353107310276,-0.000153726670243239
2015-01-08,-0.00197747315649817,-0.004109091834626686,-0.011156247995630796,-0.004180828283092721,-0.007729548781669197,0.004997630366676617,0.0076906015442287715
2015-01-09,-0.0016618608159530103,0.001408488362312923,-0.004090189352152381,0.004738308294987621,0.0008159794747690745,0.0013398880916826715,0.003821135534523328
2015-01-12,-0.009489667215709669,0.0021990788695597265,-0.01004621172726769,-0.004140075188477241,0.0006095657328400666,-0.0010432083261599859,0.0013858187749029754
2015-01-13,-0.0002318327921706371,0.0045081794184016,0.017603059612516063,-0.005867235239841394,-0.004724938235100678,-0.01189406492919004,0.012319844464869422
2015-01-14,-0.002318129659840076,-0.006870713612688379,-0.00041006949923163676,0.007864553178966463,0.0022983193413761405,0.0054143569179718335,0.04304601306473376
2015-01-15,-0.0008145364861026739,0.0019158622029412928,0.005546651487842891,-0.0025300712783852216,-0.008042630674457183,0.0001956907064703687,-0.00773202635078905
2015-01-16,0.0027263414394972205,0.002183855193504191,0.008604993103917389,0.000521803575903749,0.006829973942134579,-0.011457773363850393,-0.0019831110668109154
2015-01-19,0.007999542416277964,-0.007740368076336573,-0.008876478638994064,-0.0010246692169121954,0.009122737529052542,0.0032610993086397305,0.021461845077138556
2015-01-20,0.008538698486925615,0.0021493070181932772,0.011632896104877905,-0.0017368898901342737,0.0030153836793597763,0.006947144077479119,-0.06912772283180416
2015-01-21,0.005064434100219763,-0.007226136914472823,-0.0012044637766549485,-0.0024567707031212865,-0.00538375378884044,-0.0013240281620338903,-0.04246620878482869
2015-01-22,0.008037119986123938,0.016196064733169837,0.014783878541374404,0.00170899924754852,-0.00459272433732408,0.004915213735733641,-0.0053511258435143755
2015-01-23,0.0009442542552486604,-0.0052287636864170525,-0.004302693741647191,-0.008005122619761254,-0.002382703501849593,0.0028626465721170837,-0.11368914642390412
2015-01-26,-0.003681441295063956,-0.0059333358042623,-0.005897749026766933,0.008287319600267436,-0.007931971988847713,0.0036491974345667414,-0.03876962857248048
2015-01-27,0.003082650955995839,0.005108140233820004,-0.0026170690968392463,0.0035028189679247737,0.0033184236828933166,-0.001923027225754567,0.048265973602909205
2015-01-28,-0.00018837363097813843,-0.005882667475803988,-0.0017142474002546561,-0.004503281947204896,0.007101403996373865,-0.008331974267144335,0.03475865503366305
2015-01-29,0.006930333353913862,0.007352766152193247,0.0029109738337630454,0.004783767772972791,0.0023368824618995765,-0.003058160980847726,0.012952057891768917
2015-01-30,0.0026561301696795023,-0.0008140991988047831,-0.00866598406777282,-0.006206240232673437,-0.0025822783513200554,0.0016453582797489863,0.03704459093410422
2015-02-02,-5.2137393679633034e-05,0.004227984791773496,0.007475046319869164,-0.00828426625776579,-0.0005354395403963492,0.012221681337997085,0.025151347033602757
2015-02-03,-0.0009988443406205947,0.010354988137518912,0.002458546832896206,0.0012710965677591118,-0.008481630668173437,-0.0038673920900730184,0.0355667995183106
2015-02-04,0.003514252522002432,-0.00346656533170274,0.0026316986497718644,-0.008383713966912424,0.0080481372076121,0.005754199048141952,0.026632233938907467
2015-02-05,0.0005180815282609124,0.0008664856913558255,0.011496215587823301,0.0027516852637950204,0.003177416007887547,0.0040604581959034465,0.015602643871898293
2015-02-06,-0.0005138790806657648,-0.0009603968103011549,0.005341016897580736,-0.009035383312687266,0.001607000183344968,-0.004216135185699534,-0.00874121946068209
2015-02-09,-0.000714191829974526,0.008814650577126661,0.008378477747772688,0.007073259671175428,-0.010954588039163108,0.01043284601871884,-0.04423775861052891
2015-02-10,0.003881840823428637,-0.0030074785328527294,0.00024787020916308754,0.0030905575548540796,0.008831065939570967,0.006136668454009287,-0.01674955483561206
2015-02-11,0.0044872117199953685,-0.002016378846472523,-0.0004060834631002798,-0.002310937313215135,-0.009853366401231743,0.007894008682012652,-0.004543624035127392
2015-02-12,-0.00047542281313881835,-0.002751652220642685,0.005877040196336015,0.00557891413441857,0.0011854624968955514,-0.010734561412670506,-0.026175137988452203
2015-02-13,0.0009316076389315209,-0.0014216931144695932,-0.0007846267378184637,-6.3045885099160495e-06,0.005327128221047305,-0.004126425184006446,-0.0024792952667417032
2015-02-16,-0.0029068012791446172,-0.004875108230164455,-0.002179287247448897,0.002167649903878498,-0.006394977280195741,-0.005535875899036853,0.07206234670820326
2015-02-17,0.005763603959673294,-0.002722619632278451,0.026159289459766154,1.1246801738107276e-06,-0.006799186285778681,-0.011124320781392272,0.002033211959770592
2015-02-18,-0.006460950830791545,-3.839770942977708e-05,0.0072787627326499765,-0.0009592950968614593,-0.0016804778054320207,0.008242384137718911,-0.008326433254162543
2015-02-19,0.00802945412325145,-0.0006075429915490555,-0.004516156541479045,0.0015440100257508283,-0.005005522391147843,0.0014620376650088473,-0.048824552284050374
2015-02-20,-0.0013266329803513998,0.0036629731638538245,-0.009222924671743113,0.007469082738876609,0.002469574802608765,0.007362131601919945,0.015310895423287802
2015-02-23,0.0030220711174626077,0.005596648330077128,0.010337485543945351,-0.0020617487632383497,0.00382515134663748,0.001086455400931202,0.004119671789713852
2015-02-24,0.004159700965802334,0.010105337816607935,0.0038758626932215287,0.005536027762238178,-0.0002664116838985624,-0.013183081608855379,0.0014564729869011258
2015-02-25,0.0009857084554063303,-0.0025101244616097633,-0.000263734554165452,-0.017860341877427507,-0.008571116810080633,-0.005245949754059765,0.011015523806433242
2015-02-26,-0.0012871508818807565,-0.008989134758490341,-4.5813258612607996e-05,0.017042937111213505,-0.0004882921781267235,-0.009669648126091997,0.01567711277833279
2015-02-27,0.0013340245063523267,0.00459608783165782,0.0010639326507063016,-0.002675791963509026,0.004860433457596726,0.0027186948857566887,-0.021929635832858542
2015-03-02,-0.0018190306137295083,0.007886640162429806,-0.0009213018933644954,-0.003917026906519117,-0.0019161851377926737,0.011927484887613683,0.00901291102145139
2015-03-03,-0.0015339197926928744,-0.004295285380271296,-0.003973459422995034,-0.0032497702618482617,0.011630239492578968,0.0038696475196440343,0.0229598503584284
2015-03-04,0.011143747935836515,-0.004907184091156776,-0.008172184006322261,0.006033648243253258,-0.003802714272289589,-0.008715370701522434,-0.00945290050575128
2015-03-05,-0.0015688197116566441,-0.006659562883176518,-0.0049756098287029645,-0.0004168347111175754,-0.0012949888619662672,-0.016660619245118195,0.008895081950663075
2015-03-06,-0.004394755276007477,-0.003032321502933852,-0.0023848585086972177,0.006200570973067811,-0.0026671679475267387,0.0016459045675132175,-0.02153198102926103
2015-03-09,-0.013491142127342962,0.0023150640080062466,0.0025199182380157216,0.004831819765125442,0.0009423817567402967,-0.008849514338065047,-0.008531885103142378
2015-03-10,-0.003982524661496184,0.008438958295645617,-0.004970629966897237,-0.003549364636120012,0.005995266133395687,0.012472701447657802,0.0003965234551701181
2015-03-11,-0.0023216052123035554,0.0022331678464927508,-0.0006542365623110826,0.012023147480590482,0.0009915501658160286,-0.020033302960580784,0.008498433825941856
2015-03-12,-0.002527209217935107,0.002984703241816352,-0.0013491044764526007,0.0003677118002745007,0.009730950853094304,-0.0039942836261063494,0.004631149917114127
2015-03-13,-0.0007302555615069253,-0.0034146851818377846,-0.003081648582105305,0.006928590707498298,0.000551062900300718,0.006696559104843225,0.0108754478691217
2015-03-16,0.0008276981101725061,0.006580997612323842,0.028577391969667704,-0.0003653190899114175,-0.0004325639602376121,0.0010318976067340735,0.005165162557898577
2015-03-17,0.003958410162014563,-0.007735858583956962,0.003327002845903713,0.0016613646488999518,-0.004789001271799257,0.02545980082789513,0.007365003102189638
2015-03-18,0.0028196389678054527,0.005729505493477817,0.03781210182050028,0.0017873706421525932,0.0014678485597752465,-0.014047081416446467,0.01712029221536869
2015-03-19,0.0045895862473388106,-0.0006515668033985342,0.00955453542389327,0.0002479268537030733,-0.0032444549565094523,0.005881340213549297,0.01652382063508375
2015-03-20,-0.009855918815936188,0.0022006896777045626,0.010192007600446267,0.006551597236925833,-0.01389424304804176,0.017187220325608286,-0.006746746279278885
2015-03-23,0.0010800497308835033,-0.0029515211664632914,-0.0013533697713654957,-0.0033629330638627075,0.001440868708659292,0.0029644414207561985,-0.005980820057722285
2015-03-24,-0.00012958919035267727,0.00023339501626211065,0.004533030426752319,0.003420589317393322,0.00652444961152814,-0.0012541907007222292,0.0006702517503612361
2015-03-25,0.004136427234073791,7.10825686721435e-05,0.004767504981629942,0.005185826516859304,-0.00044248953141410246,-0.007543205561209027,0.014684028016382954
2015-03-26,-0.005827902107678355,-0.011203787802273185,0.006366846657318467,-0.0023638153967153143,-0.011042836572336548,-0.008147530653892432,0.012039061077736292
2015-03-27,9.520463997693865e-05,-0.0006076106996229076,0.005840005456341292,-0.005110964840152743,-0.0003511258445750476,-0.010304628628973455,0.004498997010479398
2015-03-30,0.004302995495971886,0.003854908659569196,0.00982491185589376,0.01217615822176371,-0.00575548440715231,-0.00282680004735431,-0.00033145653435979696
2015-03-31,-0.004373397477631408,-0.003692901676873552,0.0022781088051432668,-0.0021082896928329028,0.004468823474819282,0.005106533580259713,0.004510867435724821
2015-04-01,0.0058463999477948204,0.012726864553047546,-0.011255240851513307,-0.00010147806185314256,-0.002994601030490505,-0.0014689057358126905,0.004389604192066804
2015-04-02,-0.0047077185961797675,0.0016294956380990518,-0.0015181199468798623,-0.006188080963409152,-0.0001425195723320988,-0.0024425770599522056,-0.0039013038763684167
2015-04-03,-0.0006143204953934405,0.01063372718414069,-0.004697676953263404,-0.0031610900204005346,-0.005885277175804188,0.008782824012049098,0.0006682869171265863
2015-04-06,0.004346797426222876,0.014434832327762782,0.003391953801215737,0.0021905777073830154,-0.002807161972317083,-0.0029335392759418594,0.0050311053898432455
2015-04-07,0.0038643836771283333,0.007090205663029648,0.006610947728628083,-0.002391980328411497,0.0038981540602644376,0.0037447544337379035,0.0034977490453842516
2015-04-08,0.009978175561287491,0.0032021008353247506,0.003610578061811858,-7.628935723787536e-05,0.0031800126886059954,-0.002952063139917739,0.009874275009725094
2015-04-09,0.0025610975807888714,-4.689972221767138e-05,-0.018554332528648035,6.485959579387007e-05,0.0006253102730991289,-0.011396106974777886,-0.004144825134650463
2015-04-10,-0.004224069200512552,-0.0007070393485264912,-0.0010051865751848298,0.005194803773983708,-0.011530704084996103,0.001594357696384334,0.005367704020774531
2015-04-13,-0.0009141437965780753,0.0044737495043234024,-0.004318511087485658,0.004786012736852775,0.00775518425348662,0.0021519246890423,-0.0021201348742127613
2015-04-14,-0.004338973098000172,0.0007867335532711552,-0.00508032177737578,0.007184419038267599,-0.007764018417697586,0.005911696792785399,0.006747896287277131
2015-04-15,0.003134219023682884,0.018290901999756005,0.0024997094469902423,-0.006349148198601884,-0.003918510334112336,-0.012386157026110565,-0.003050906160576
2015-04-16,0.00026571954987013546,-0.008196301743004621,0.012342792493171922,-0.0012854242750633506,0.0014726473647933374,0.0022585178568217536,-0.0014031844908348541
2015-04-17,-0.00587145818826241,-0.007540051177342906,-0.0029995499990072647,0.005799522052789138,-0.005679927906155204,-0.0059192046762718995,0.007083815452279753
2015-04-20,-0.004591044575294886,-0.01030099404266591,-0.010968338576533159,-0.0038969487174105363,-0.01255944675154899,0.014596885502079857,-0.0003917628747496712
2015-04-21,0.004343607729741611,0.0003879431289569611,0.004308534663945028,0.004017012973769766,0.011773616714338929,0.00490889696299663,0.002772593342646515
2015-04-22,0.004625656843258721,-0.010753420262424958,-0.006115108374003467,-0.0002314844339625342,0.005328960403502084,0.005427078646173035,-0.009150997685945439
2015-04-23,0.006337950712127169,-0.006489009435357587,-0.005322204541663138,0.009354990647461895,-0.013670281807775615,0.001984880324753038,0.007666493168959271
2015-04-24,0.006447834453814183,-0.001653216591175485,-0.006672127694262349,-0.0079418534690906,0.00233039555746752,-0.009714704933045194,-0.006785721709626054
2015-04-27,-0.0015759864693229743,0.016260497507037317,0.016649881403263473,-0.006172475844885596,-0.006246247749759385,0.022931453162543632,0.0105462436788902
2015-04-28,-0.0012179626195951792,0.011640139737923397,-0.001628245066850494,-0.0009622510876825098,0.00793005639977731,0.005797429593607153,0.0061519243626859494
2015-04-29,0.008126334121815317,0.0004949887516154283,0.009785539322129139,-0.0020028516273518466,-0.010998152713444415,-0.001303339721494608,0.004884378731426359
2015-04-30,-0.0005117050041168362,-0.008985648468654805,-0.0011603267382368349,-0.003973776826036612,0.005639209955494259,0.005281779668802619,0.004338073281257208
2015-05-01,0.0058914434761768095,0.0023074667075208746,0.008449098843086249,-0.0007324312400083658,-0.00016351522724990087,9.016222535846077e-05,0.006955034056870756
2015-05-04,0.007439644366153951,0.005943647266466472,-0.012971936824825865,-0.0034334797243626867,0.001165541291426977,0.006457037096528496,0.0066107362588007455
2015-05-05,-0.0021352472107816975,-0.003617809552667032,0.023682121668456527,-0.007900526929323524,-0.0027882352460526488,0.0011083755422759908,-0.007522223259351174
2015-05-06,-0.0022921499302945994,-0.006300750151753433,0.006554092793018113,0.012952533230800357,0.0030772294523382596,0.006435736579137906,0.00032418333618801734
2015-05-07,-0.003579644631449748,-0.00610215082471117,0.0009328325476867003,-0.0029297549587169055,0.011053152600836317,0.0026586315464606617,-0.0024847958852048375
2015-05-08,0.0030231839163875423,0.0035189658163676846,0.012365617627725789,-0.01717568061043274,-0.000996768103415242,-0.003064780917901981,-0.001982310368276789
2015-05-11,-0.007790797073665583,-0.008308196808648959,0.001573415596994656,-0.005567836846800105,-0.0010180800234218686,-0.0023004225079983395,0.006386294475772742
2015-05-12,-0.00046435783170294256,-0.005721820773606685,-0.001173788924937493,0.006345052432581558,0.008386839019228941,0.008951775463316445,-0.0036196566195449906
2015-05-13,0.00017056731574972348,-0.016836568608303144,-0.010037871493832194,0.00022109492460047699,0.012542047970702725,-0.011456360269726818,-0.0007408418219049823
2015-05-14,-0.002678700733860652,0.0016563226994231147,-0.0019230527767161536,0.006821719255036291,-0.0014842166118373954,0.00847947569866836,-0.008484381739438567
2015-05-15,0.003483899791173189,-0.018871369034066266,0.007695695505338827,-0.0016671820112951182,0.002463339902066163,-0.005431875649574155,0.008847134308811504
2015-05-18,0.00026971162449031515,-0.013555441105956387,0.006027910863541499,0.0002978434734587161,-0.01102071157746823,-0.009279206941683632,-0.02114449955039532
2015-05-19,0.009081998986794727,0.007355947137843292,-0.0053198751064468764,-0.0006175971157168038,-0.00552293049938056,-0.004708512883413779,0.0026908774341336717
2015-05-20,-0.012952990967065082,0.0020929065744692103,0.0014416925201209965,0.01159035287904071,-0.0016789179862266679,0.007143081452339318,-0.006600876148184827
2015-05-21,0.0021664354144305367,-0.0038029352275818946,0.006087788312687157,0.001013776854971755,-0.013043301483250516,-0.02149400427905873,-0.019654717348513925
2015-05-22,0.010125856377618876,0.003910051869427125,-0.002990516599226024,-0.0019524223573376875,-0.013084307430742292,-0.006417568678017452,0.06854633446533497
2015-05-25,0.0005044948983732926,0.0031813302731275935,0.013431905916480866,-0.00788141880863075,-0.0077638991128719135,0.003664169761893107,0.0008000869290034887
2015-05-26,-0.0013187481340226168,0.0036221552634120055,-0.0008007720532034032,0.00014551575939677022,-0.010906908973385683,0.0037477194254308933,0.028569821180472126
2015-05-27,0.00490366127189199,-0.008327423651065738,0.0038882051937445604,0.005512228087155867,-0.013389299562846698,-0.008268959286819156,0.012970198813713273
2015-05-28,0.004741470706764444,-0.007760565434570504,0.0004496504299416857,-0.00039897349384601085,0.006581007263902102,-0.003843614409095888,0.0056090479279928785
2015-05-29,-0.00033353865601960315,-0.002704434009911209,-0.012625182379819671,-0.003697690896548765,-0.006359669928714034,0.0008955397448158454,-0.00242459804110329
2015-06-01,-0.004163005284015103,0.0015189197578361782,-0.008353522489703454,0.00035622108772684997,-0.0071116927297253515,-0.008463986578885075,-0.0001737340372888541
2015-06-02,-0.0006552364347092549,0.001462252342344283,0.00271783781821526,0.0054087600683196,0.00859731781540148,-0.003415044319012946,-0.0052045321571032605
2015-06-03,-0.008927427182884506,-0.004598005423933823,0.0005798919375069965,0.002174506554071553,0.00026563789179688324,-0.0011441253944104108,0.02110754080787203
2015-06-04,0.0023433741960996,-0.0011342239634331327,0.00294161624328651,0.0030397139090547944,-0.0006524241129515032,0.002076128468550934,-0.015002531577878507
2015-06-05,-0.0031389299512119594,0.024321763721261016,0.0011303713133895962,0.0007646317753567864,0.010786877386418186,-0.0012549656413902224,0.014428067191229065
2015-06-08,-0.0003912360625218755,0.00012793988844366514,-0.0005055620623074118,-0.010480285648795622,0.0035954213092077233,-0.0009228236292973126,-0.005059871117254012
2015-06-09,0.0032174899490974855,-0.0038800741540158746,0.008066764893678545,-0.003463746892314172,0.019311742004322154,-0.003370455701842879,0.004656962014830358
2015-06-10,0.004127554245026376,0.011992208533854479,0.002301155031141854,0.005781271181773663,-0.010251437705420564,0.006040378218824708,-0.009247294084983239
2015-06-11,-0.006803144768889979,-0.0007000034383564548,-0.00426863251232402,-0.0008612311564446185,0.00022691323759269186,0.004124948540350494,-0.01215625545992264
2015-06-12,0.0015584986969497032,0.00837346318796256,-0.0064761908523296744,0.0005970360551925579,0.00047520536542049164,-0.00033252975701715597,0.0010218771845824925
2015-06-15,-0.0072291531049213185,0.004864010108784381,0.0009525792360012521,0.00016634908416705008,-0.00671290056355111,-0.006858455751634015,0.002207151609668302
2015-06-16,0.0006958155564812976,-0.003365383240452419,0.006826295679321247,0.0095771539886532,0.0027900020129534653,0.005905646122971342,-0.005398259959505012
2015-06-17,0.006908579220882051,-0.01550949055050121,-0.0015091216939674163,0.0032455842780443347,-0.007721391542862227,-0.0031954934225257715,0.006127048178428562
2015-06-18,-0.0009413682721355658,-0.0019726863527002834,-0.008706389504521994,-0.012343139386471554,-0.003229688102077772,0.0007981270799336583,0.025334782115493143
2015-06-19,0.008051576832041715,0.009595084864158198,-0.0004108883201564739,-0.01016505667297991,0.0015526422119434067,-0.0006935232645196597,0.022472675242303366
2015-06-22,0.005663493570735677,0.0036139462727026606,-0.004596867343579471,0.0008837210147456882,0.001535822420302223,0.0025546619404348023,0.01115349317221792
2015-06-23,0.003100691219770095,-0.003940849489450403,0.0015785341498348576,-0.0002557832912470777,0.004481839557177776,-0.0007359727009514358,-0.016879624255912152
2015-06-24,0.008192282185591666,-0.003377690403911229,0.001438480626725444,-0.004083574805687066,0.0031784188256976887,-0.006507988857425474,-0.007359696800804588
2015-06-25,0.00579517999883367,-0.0026006686069078243,-0.008038455800151377,0.013242893276945706,0.009060211608883985,0.0010433325644251974,0.0010303419053290617
2015-06-26,0.009623179463583001,-0.0069792069118913645,-0.0004781030456885956,0.001480100325499735,-0.004187249330361681,-0.0019342873422925654,-0.003629683881589763
2015-06-29,0.0038617385580721163,-0.001494651582643198,0.012987733501121826,0.0005967489948679028,-0.0015332306853341612,-0.007953092849161859,0.0009904784987400973
2015-06-30,-0.0009389183167743355,0.0010259530953414817,0.007528977842640424,-0.004148478079019761,-0.00600451750570487,-0.007960909063580546,-0.00882942955620431
2015-07-01,-0.0003460113561306378,0.005148048180331821,-0.003133087905589436,0.007979162948440288,0.007608723465681456,-0.00705161368583792,-0.0014135325331468551
2015-07-02,0.004525432562125733,-0.007903698764234638,-0.005041685746682011,-0.004493796598199976,-0.01147855505523673,-0.0037571303471296185,0.010272559520354156
2015-07-03,-0.0015365301024567895,-0.015245516088067628,-0.004905703864975029,-0.0017684248669818355,0.014658383690400232,0.014882301337197984,-0.016649584369435626
2015-07-06,0.0015583013119666081,0.016329597594005246,-0.006670597932241303,-0.006560411412859541,0.012615917378320332,0.002933810173587443,0.008415198654438173
2015-07-07,-0.0036832051421561685,-0.004446684732587593,-0.003892599616224701,0.0016424765643553855,0.0033919083855425587,-0.003734065955688658,-0.001381982505482685
2015-07-08,0.005634903685136209,-0.012595753097580927,0.013915299638023666,0.006117060821481724,-0.00842343450082258,0.008006782173559563,-0.01516210439302851
2015-07-09,0.007458757571818465,0.009010281826693554,-0.012629084440440884,0.007128388961263099,0.011409969386868255,0.0003205318068798031,-0.01328428783765467
2015-07-10,0.0001765012519977978,0.0026317684992510607,-0.01752055563070184,-0.007783626143442012,0.005274894593859398,-0.0019502895467331041,0.015374404864874546
2015-07-13,0.006152071340772642,-0.0031960813277073638,0.010230472877114405,-0.005588330566083244,0.001871395290659212,-0.002487303254132347,-0.003144214004484203
2015-07-14,0.007352823736772153,-0.0026731960429478064,-0.0025276984852525193,0.0004191450638612007,0.004565509781037201,0.012063857867997383,-0.006705082764865275
2015-07-15,-0.004368899547606519,-0.0035401587662410756,-0.004519478544092355,-0.007185238836088398,-0.0039155442586516305,-0.006893514449200426,-0.007867402333200602
2015-07-16,0.0036626493478956364,0.009647729415252014,0.0026315556652277226,0.004848820351899189,-0.002118643577746824,-0.0015510438854402658,0.004382590515221154
2015-07-17,0.009635921345298202,-0.00395139315765649,0.007997453876533098,0.004675657711992309,-0.019749502276024396,0.005962152216658208,0.009272591734809894
2015-07-20,0.002453911922033903,-0.005590400673345729,-0.004009072275998446,0.005191516162673484,-0.007054509087159148,-0.0005233210920323675,0.002160042341725795
2015-07-21,0.006164567181808994,-0.001197853334428352,-0.008541841799114927,-0.0038843399200700845,-0.0004920792332134015,-0.004240462194089473,-0.005843713684129169
2015-07-22,0.007169510321071846,0.0035200064930912974,-0.010823592736003593,-0.005940568702009608,0.015370751329034519,-0.0026228821949096292,0.005408038900251947
2015-07-23,-0.0014507976174372265,0.0037675442442558003,-0.01164134253324541,0.003064042894645385,0.006437038245796724,-0.003005082363685533,0.018248379913961606
2015-07-24,-0.012770549594928474,-0.011102416864741964,0.00035845878989786714,-0.002203496952690233,0.0029954605344552974,-0.0019949911948310777,0.005343406403856942
2015-07-27,-0.001155070763204872,0.0027483385729629712,0.00992095958164709,-0.0008326034758603996,0.0010975177455146848,-0.004839619606976825,0.0004151879210496385
2015-07-28,-0.00035858844100805474,0.0030227524756298364,-0.006533231444212357,-0.004832796584228324,0.009399910800584452,0.002434062346178849,-0.011738538705477818
2015-07-29,-0.009083198974130091,0.00328543310642373,0.00068689799067655,-0.0038002468550296506,0.009673560553830333,0.001876796692283003,0.001970794529173054
2015-07-30,0.000185604245587871,-0.0026677711215398634,0.004755647264348983,0.012535875461643323,0.005699698667661393,-0.007770632902959205,-0.01343840354990714
2015-07-31,0.010124343408010633,-0.002024429505490218,-0.005951191157903447,0.0077115448318743115,0.005799820897834801,0.002797649532088747,-0.008899256461297956
2015-08-03,-0.004862105123220347,0.0027740833417448647,0.004885290138825663,-0.001913653300904193,0.005723488889453917,0.006985691273586939,0.00023782910402652676
2015-08-04,-0.0004923951172610555,0.006339738392940196,0.0007688697667155277,0.00038219508484091624,0.005438090124353016,0.0011694915248847185,-0.004399622615713847
2015-08-05,0.0041093815461435874,0.009711387003022627,0.0017942535130544965,-0.0006025797601996473,-0.0035554380743361763,0.006744889203973905,0.02418578992379761
2015-08-06,0.010065520424541853,0.009885073781542356,-0.004102470156012571,0.0078215947317445,0.00040627116448543584,-0.03099304401518049,-0.0012345989526627874
2015-08-07,-0.0006956172807673131,-0.017413876885032587,-0.009993025429826878,0.007951378518964115,0.004564126591721412,0.016333821254252503,-0.014102190671896383
2015-08-10,-0.0018800578078846865,0.005731224492076479,-0.009304306297443598,-0.00019715456843881677,0.007321443934950983,0.013746187959371912,0.010681100917193624
2015-08-11,-0.00504904804950363,0.002627654080566169,-0.001362067107276343,-0.0017789750773645218,0.005061879263144548,0.026618868786685453,-0.004313187379451271
2015-08-12,-0.0069373282842528005,-0.008443240041741773,-0.008845369372422534,-0.0014061023213285898,0.007937100980695925,-0.015644449168061843,0.004011238885811721
2015-08-13,0.004932980914953931,0.0037625480665548065,0.00791693716523324,0.010477862281844956,-0.0033704573259772702,0.0262274929394993,-0.0029889597438854426
2015-08-14,-0.012942202816224964,0.0020023643943564615,0.01022476141621739,0.00357124594235353,-0.010886570132218887,-0.012114942519022221,-0.006253182781033085
2015-08-17,-0.00013738637815756226,0.009993916369148202,-0.0019309570340065424,0.0005000721232278812,-0.005603981451740143,-0.007366088313752948,-0.0031453498635283443
2015-08-18,-0.011446423075421194,0.002851012380780568,0.0034279683779870293,-0.0018060483357605168,-0.013383715062770064,0.022841474379087533,0.008994483345596969
2015-08-19,-0.03225501205430888,0.013795307535073657,-0.006553002071930337,0.005120567380054773,0.009225871231312709,0.004937719277692493,0.0013600305674045749
2015-08-20,0.007565431515315483,-0.00910319356800388,-0.0011704606010693548,-0.0035263454478853015,-0.007684074768980516,0.007380657618298765,-0.005432749312358718
2015-08-21,0.008042995447994,0.005309379575169991,-0.018840327292214777,-0.001029435980135603,0.002812615452647398,0.011836214606230223,0.01285148141724771
2015-08-24,-0.005441852968005812,-0.002228146711657632,0.008257028769843851,0.0022275655263835465,0.006629548878516197,-0.014703178051770465,-0.004464594175134431
2015-08-25,0.009837142594806354,-0.0017442883845806482,-0.0032400006994288237,-0.007627077565775323,0.0035651989755873313,-0.007129239971296236,-0.003826717336812386
2015-08-26,-0.014405416228028007,0.0035138783249957523,-0.0032657352282976786,-0.006778018825492935,-0.0030202696377133534,-0.0005672800345121277,0.00047643709793471635
2015-08-27,-0.008647768001017306,0.004468213061980486,-0.006873760994412856,-0.006941989947150271,0.0016816652175579952,-0.035950330575376416,-0.003781080384473332
2015-08-28,0.015008518119662645,0.003877632640017859,-0.009635654982668412,-0.013338181947818776,0.004578953454891468,-0.02548787587873058,0.00735662786631778
2015-08-31,0.014466541400271066,-0.015790768848607882,0.005108837790107323,0.009114380989584081,-0.014039390718656848,0.008139615006610649,0.001326377500713974
2015-09-01,0.011775828046393988,-0.009092732106615339,-0.003941670927373444,0.005777761430779049,-0.0018473626025921437,-0.00107722210219558,0.0006074077470500221
2015-09-02,0.0037736615897526115,0.01593155241043656,0.004859306314317666,-0.0012953630903522126,-0.0014676335436821838,-0.010792127629654764,0.0026428575117005207
2015-09-03,-0.002805398104854341,0.011492187809180217,0.021751091308975453,0.013811062749966643,0.0029489073567815416,0.024407533639833726,-0.005653852255973794
2015-09-04,0.0038676813737464656,-0.0017773733321292894,-0.004660981550012292,-0.0030258001095574477,-0.0013595045897662964,-0.015216543452278422,-0.00712589510912855
2015-09-07,-0.00043595618602772896,-0.0065242267088629685,-0.002551005527649749,0.0027716994898554473,-0.003146041846179064,-0.006955716719040229,0.019741640302401046
2015-09-08,-0.007108387853890012,0.01471009449039427,0.00588739003737675,0.0062092649787601015,-0.007985656482254149,-0.014120532686285549,0.0042276960363042924
2015-09-09,0.003424804154090755,-0.006678144364858824,-0.004662472814795798,0.0012054204875752619,-0.00044965961373832225,-0.010339875738883236,0.0019096822871152597
2015-09-10,0.0004352630888489085,0.0006285714406307258,0.004715080022563721,0.0005159261470994137,0.0063665814567385485,-0.014172694667018381,-0.009827855899036616
2015-09-11,-0.003555502366607354,-0.000522655460182253,0.011401331561929313,-0.0024899298673490664,-0.024940660338925596,0.01728392828041873,-0.005589912953898722
2015-09-14,-0.0014392756181811415,0.0032907682240770147,-0.008482031076624657,0.009898131127100772,0.005684281499186069,0.006516770656298459,0.006152193777224598
2015-09-15,-0.003071398185192579,-0.0045382442878194994,-0.022532080727618344,-0.004806553074904449,0.0031262284268213252,-0.002509308594450411,0.008840659387208943
2015-09-16,0.0063700449858057825,-0.003177273857250643,0.005606817628058673,-0.009567504730595661,-0.010356341218264115,-0.004122669575566262,0.010253688281981236
2015-09-17,-0.005719812282751274,-0.00020470376500641025,0.013192914542109847,-0.0060048812998330136,-0.005221708134792357,-0.01236068286719063,0.004613332482185806
2015-09-18,-0.012299532086546907,0.007691232873715191,-0.003453712876629225,0.0014060570471584497,0.0002544963232456114,-0.0100576205437299,0.004551068128223339
2015-09-21,0.005394063066391119,0.018546747069586318,0.007626218895196408,0.006348561861339657,0.01289062030934569,0.0030126850103240556,-0.006438827465233421
2015-09-22,-0.004335288455479294,-0.0015227021041788183,-0.03129781217226942,-0.010103086294076786,-0.0037799568995876983,-0.00778781732545927,0.004137230190458774
2015-09-23,-0.01102330165305345,-0.007430075701952541,0.0010372221417966003,0.004864200450196376,0.0016806911238145409,-0.002084462316720893,0.005312588258608883
2015-09-24,-0.004494603508927486,-0.0026712899910678197,-0.008118843989115491,0.004907392247308866,-0.00664226823136015,0.001291319842479942,0.003971409495279401
2015-09-25,-0.0025463173428940298,-0.0008493121919439341,0.010278074141956983,-0.00014399696759622287,-0.004270214460964438,0.01224650432412312,0.003975239446905486
2015-09-28,0.012061760525901992,-0.022534593690384342,-0.004318353047117478,0.004235679977373632,-0.00216449911741366,-0.007803590709287665,0.0035451821286187437
2015-09-29,0.003321015765508473,0.002461911570124653,-0.005246714981874963,-0.0068923885027114985,0.0031875089681604797,0.008768746703677442,0.005566864389119408
2015-09-30,0.007872237785158522,0.0032003799396498997,-0.0016347070386811926,-0.009132951661715747,0.011419138893359925,0.0004296021604711591,-0.0028603316570351388
2015-10-01,-5.4646585060897385e-06,0.006877242770909517,0.0035101146868274213,-0.007317674371281062,0.0035818857675023606,0.011756143301408251,-0.0018704257396314184
2015-10-02,0.004971907492953164,-0.016414522905678963,-0.007229762839229705,-0.012591303939103765,0.008075740876590312,-0.014260217681371756,0.0028273855177225185
2015-10-05,0.0003956854436264997,-0.028508523463403688,0.004982480001794087,-0.002615114396085958,-0.002032561666869276,-0.0025307923541512583,-0.0027242933067749145
2015-10-06,-0.00306051373444931,0.0019959602843549746,0.006532790330960437,0.006323847646098374,-0.004071881971574584,0.009915564860021361,0.00800164778312422
2015-10-07,0.009357979147036951,0.00897378275258997,-0.009811042439243259,0.016421436864376016,0.011407634218256793,-0.005017034650853439,-0.00018549876351153137
2015-10-08,-0.0035549821045668104,0.02982295781899781,-0.0024588234963784056,0.007163866719555877,0.004877693915628431,0.01589659823207859,-0.0017337154617510055
2015-10-09,-0.0024166715000166917,0.01739214085214153,0.013225781065208327,-0.003412448661906707,-0.0011815776833091396,0.00023650250450668202,0.005473827637700802
2015-10-12,-0.0018292028443110187,0.023929441784557207,0.0011262816274894695,-0.00550495157436357,-0.004074036746014246,-0.014687228635581875,-0.006849377555818426
2015-10-13,0.004786140937710673,0.004904744682235708,0.008321133434430215,0.0022762911747237036,-0.005029539664918518,-0.023337122894781258,0.0031333889885534643
2015-10-14,0.0008245936700762852,0.0021827486896990357,-0.0060773408469571,-0.005025982490672486,0.006455916145561931,0.03601614215546356,-0.0019860585499280464
2015-10-15,0.004240529577519812,-0.0008495842241175005,-0.0020556746339463463,0.0037762060844840056,-0.002760865805752736,0.01465161179034969,0.0017520359538432259
2015-10-16,-0.006587357507624032,-0.013336683060126607,0.012613923159447512,-0.005297978144783603,0.0013790993812943912,-0.010894990219625028,0.00020158597819634579
2015-10-19,0.005886979777270144,-0.0065179785762658005,-0.000559661567674332,0.0037638347216324293,-0.006451631139834861,0.006891538668766106,0.0007287722267834451
2015-10-20,0.010850609105341665,0.0013651919862880456,-0.001069280102189705,-0.00049165421511698,0.0003204868306737356,0.002869016922427497,0.0022606542538295936
2015-10-21,0.0076670261724815685,-0.008031416326002997,0.0004637290022760924,-0.0046754626482065605,-0.00507239951177499,0.015491736298651297,0.006185109910821294
2015-10-22,0.006247786057574717,0.012436448534608673,0.00013533814892050284,0.0010639906958089685,0.0019204709315197752,-0.00039779933414777613,0.0055503075671187755
2015-10-23,0.009319293515861008,0.0029888164742083076,0.003236214979274502,-0.0032723194300262833,-0.011683457615863065,-0.0025800816452034303,0.0001785562049852606
2015-10-26,-0.005797624312385152,-0.014260244942330564,0.00023876187922073388,-0.005914192777294412,-0.004845081320383741,0.0072327700011927025,0.001028017246905074
2015-10-27,0.007196667007366355,-0.003944037941524256,0.00896609102575229,-0.0060645454623012565,0.00443014257480378,-0.005180740837093296,-0.0012888078726218761
2015-10-28,0.011379677444463995,-0.0003947711627488396,-0.0007299066218447761,-0.0032461177405488967,-0.0003737105477528694,-0.00365074114199886,0.0015723522723618951
2015-10-29,0.0034238837518962297,0.00922654369805822,0.0018230073666253808,0.013124162484316292,0.012597899038308213,0.006504952688867974,0.0006947143647949835
2015-10-30,0.0013348286491723274,-0.017820653719577643,0.003769275928615159,0.00507837529707268,0.0007409940384102525,0.0025804509873654973,-0.0038656789565916384
2015-11-02,0.005634866458136103,-0.012253208807654176,0.003856005343910891,-0.0014257118155072035,0.003538920806591712,0.00886382336274603,0.013535577655503037
2015-11-03,-0.004860770764496514,0.022910138072807118,-0.00022006648070755622,-0.009106416660401389,-0.003835638170582731,0.012941316692287961,-0.00194266465865403
2015-11-04,-0.006843201137172656,0.001277222764715931,-0.0008472149553561126,0.006052522368525862,-0.012232606375135839,0.006911810338196099,-0.00043056726102003244
2015-11-05,-0.00037116554872352464,0.0027174227855910234,0.01165747975117704,0.0035225733819431388,-0.01896712285619096,0.004101307310432801,0.007240667892731584
2015-11-06,-0.00912814541107565,-0.006788114304529666,-0.004408555334153463,0.005146310680329122,0.004205684091337926,-0.008566996708926218,-0.003153672964502977
2015-11-09,0.003789474191667553,-0.002303166513930978,-0.0019236442558022051,-0.009019742064967882,0.013601130196471868,-0.010606261946020611,-0.010228430273442406
2015-11-10,-0.009397075321802003,0.00214759395952949,0.001730827894474146,-0.0010596344217967519,0.010498020518319521,-0.00781940010776231,0.009541268718235659
2015-11-11,0.0013381338568159203,0.0032744615299638838,0.0016670928493222597,-0.0009387085056279706,0.01577978582438451,-0.005259345063496588,0.0037723012938251435
2015-11-12,-0.0034890850089610236,0.009385290295473827,0.0017811051898846029,0.007828448479154947,-2.669772917756939e-05,0.010230896535388008,-0.004312416700810489
2015-11-13,-0.002917813958445499,0.003566676217666887,-0.002933015403494161,-0.003115141603815987,-0.003287654559146723,0.011693753282216474,-0.0011122203885064715
2015-11-16,-0.007805948557782008,0.001631094404274395,-0.013807141537365755,0.00012584026603234763,-0.0021813073550207705,-0.013065174242937554,-0.006660330059693544
2015-11-17,-0.0005934190181368337,-0.011149324432641204,-0.02170667804901789,0.0031584851280258737,0.004140482198523331,0.0013633758567310127,0.00341182378932551
2015-11-18,0.01678996860133717,0.0032156711377053773,-0.010470363015500134,-0.0007785124394361805,-0.004420266269892943,0.002428701794189948,0.018508943347817393
2015-11-19,0.004330115745782921,0.013510635663336528,-0.005855272431683786,0.0039918554322725145,0.005190266624254032,-0.013910888600604798,0.0029008587322588795
2015-11-20,-9.910892132662685e-06,-0.00870042382786899,0.01004645092750875,0.009994395642664411,0.004045972394513058,-0.004555892022631518,0.0014818218034041695
2015-11-23,0.003773106160538941,-0.0008226992825468255,0.0025081595676044047,0.00641054474079461,0.0004618010902684143,-0.00678793010461926,0.000493857351885963
2015-11-24,0.0025486028731192653,5.9769753946877826e-05,0.003624205356491035,0.003226598031340569,0.0061553354066070124,0.002108390560224024,0.001129885522114885
2015-11-25,-0.002976514879319979,0.009689849839897033,-0.0049909159155596275,0.0036099783906784746,-0.005178730955264207,-0.011958881700108476,0.004279732869885049
2015-11-26,0.0018183881184752966,0.008033235184869819,0.0020578106505783475,0.0020744600280115347,0.0031032166585429474,0.007000599887984334,-0.013674780471676615
2015-11-27,0.0019356822783694154,-0.014168814832332819,-0.0010973523819615624,0.009856203768492862,-0.007905453862756312,-0.00298256479518607,0.013012160724924633
2015-11-30,0.0010801819130011356,0.006812922716394968,0.01622331239061746,-0.010674899962609131,-0.0069714647376502535,0.00319419460385191,0.015872004352923175
2015-12-01,0.003433258659943588,-0.02574351783000588,0.006513119241115687,0.0054920262294962255,-0.0033232335779320755,0.007535655562429143,0.014628689195671379
2015-12-02,0.002100174194283299,0.0038394963529748403,-0.0067132365343817255,-0.01503591404688902,-0.006826840796090629,-0.006991091842207803,0.002785461592306
2015-12-03,0.0023975068199435464,0.0006293847744664603,0.012669669347000848,-0.019111275213731363,-0.004965932051896571,0.0035908524712153188,-0.0024181833234156983
2015-12-04,0.0018512669974600376,0.0008010014905011943,0.013386603451880117,-0.006782653167366663,0.0022735949880452,0.00624740538814366,0.005975829367620964
2015-12-07,0.0020069385584918975,0.011805794521628724,0.010918510086510014,-0.011174962896422764,-0.004470244893563705,0.005251926933464577,0.012456454188357368
2015-12-08,0.01008944598269335,-0.005872978129594392,0.003191556693277475,0.012905987413605971,0.004516124224572552,-0.004376806347271473,-0.008478198867258703
2015-12-09,0.004245217092318275,-0.0006356198089702186,-0.0008060895107300431,0.021376630865229333,0.003606590338408979,0.009635441937554287,-0.005844636508997248
2015-12-10,-0.003294149568668019,-0.0035618520558227808,0.005776160073649444,-0.00862084394106155,-0.003144188502819385,0.010877008849558268,-0.00894342614703632
2015-12-11,-0.0015630107368283027,-0.008475033471904187,-0.012165683457259225,-0.01296370084606394,-0.005322197220706892,0.0066682094330169205,-0.007220383121071076
2015-12-14,-0.006856838363394666,-0.00012895056173776938,-0.0056244546073661245,0.005598357135340066,-0.002928327491344073,0.0009833782227845317,-0.002691529329991849
2015-12-15,0.0010796965521453917,-0.012187053407839083,0.002554925871251695,-0.012126789216411674,0.00617419725025314,0.0022724861239779813,-0.0103428868710226
2015-12-16,0.001710183570384825,-0.0011195098612758988,-0.0073747930235815865,-0.005585920196354559,0.0002561174723405157,0.009257808416936802,-0.007565711238604463
2015-12-17,0.004990319913153926,0.01285379736283062,-0.005436241207831075,0.014514304982180095,-0.0086143931034544,0.0008888102251248858,-0.005194504310918554
2015-12-18,-6.785262389732607e-05,-0.011088845405491363,0.005716495940110795,-0.0001432912655402366,0.0012626373887299285,-0.0005216251182548635,0.009843923668983057
2015-12-21,-0.00721499438149474,-0.00607365321777118,-0.0032076528365293715,0.033600238569608504,0.0002820151904457533,0.008878530366475294,0.0006587465498099211
2015-12-22,-0.0035593485322957287,-0.01928871559833035,0.005077378708331399,0.016604027674544348,-0.003356108877990415,-0.0032471332919897402,0.013153991362928545
2015-12-23,0.005463318163706829,0.010669099112771314,-0.0015996989361283507,-0.011115183380112118,0.0008482291167837947,0.008675045595979479,-0.007373508871894331
2015-12-24,-0.0032777752124911667,0.006064100304797679,-0.0011761995294009646,0.011789734141982235,0.006393601412870004,-0.0029357820632886678,-0.006477469124684276
2015-12-25,0.0005461885791539073,0.009080130807112603,-0.005101790106620804,-0.024753187660453903,-0.0015702365591031566,0.0056992002341766925,-0.008095687307310586
2015-12-28,0.0009882419842144436,-0.008636526414408015,-0.0033139433983278106,0.01068899211437642,0.0025915534663933804,0.0024096177373592992,0.013939698616310368
2015-12-29,-0.005526498471877558,-0.005383796265512412,-0.00825074765113788,0.0036819411074748504,0.0008995598216605979,-0.0039730498320534454,0.01390439043968965
2015-12-30,0.0032053010749360468,-0.006335683840599183,-0.009117717677255253,-0.00941870750590991,-6.46185744095506e-05,-0.005870688477278423,-0.0013200847267347982
2015-12-31,0.0037038500147125604,-0.009501440201260595,-0.009907351204366973,0.00021855926968063671,-0.008075949172750084,0.00025736672973663736,-0.0011052327497030018
2016-01-01,-0.0045121651480571475,0.006023430365542218,-0.0005431025800915621,-0.01246470014093147,-0.001302079581592725,0.006227556460493656,-0.001989390318311881
2016-01-04,0.0019983452734343207,-0.01030465439250426,-0.0025191031373977134,0.014151256360720343,-0.0004247883348505352,-0.02049499806650789,0.0012724095866258986
2016-01-05,0.003964775065197703,-0.011550989448498755,0.008485340613524451,0.009888452596499826,-0.003304336816865915,0.01700721544586433,0.002192415446790019
2016-01-06,0.0031749715752606494,-0.06241292772611555,-0.0021215689356378796,-0.005427059414510541,-0.0029289763676221053,0.0016167481964835737,0.007420251771741016
2016-01-07,-0.0027473815461770325,-0.07688319811431141,-0.007614888087708547,0.00512041578860689,0.011570208397262962,0.002207072003449914,0.002542147940722941
2016-01-08,-0.0046891586003940215,-0.02328847657560479,0.002421804266136374,0.02164086141954349,-0.011901016158455832,0.006488877394590832,0.004208868571274663
2016-01-11,0.006868558190108291,0.022367525801735632,-0.0005299327338646048,0.016290072306754028,-0.002546562503543127,0.0013751907447572124,0.009280464240896652
2016-01-12,-0.002147605460088076,-0.023786620820482583,-0.009148207771088055,0.0018832620203231142,-0.0022419923446700836,-0.0015409852109975267,-0.0037985497224717326
2016-01-13,0.00730523453092321,0.007270545684775834,-0.000754595907864007,-0.007773464137002774,0.011856530179596047,0.006182250917521272,0.0028469809659520755
2016-01-14,0.004387505880195005,-0.00582480929004715,-0.0004743434345916075,0.0008524647798884606,-0.002848373127356741,0.007203463435700903,0.011297924523006564
2016-01-15,-0.001721416349012869,-0.05136630648828249,-0.0008216837691365888,0.00036268359864160415,-0.009052056428644534,0.014899021375334198,7.512367575399965e-05
2016-01-18,-0.003848516324049777,-0.036405417489388275,-0.0002784181538224694,0.0003843870649271711,0.006680553862857961,0.005118155009641845,-0.00031221348965108524
2016-01-19,0.001187690170498483,0.01981902641807586,-0.009172797200328337,-0.0020587474733755476,-0.001897974959766823,0.0065585162755432405,0.0008955036638093174
2016-01-20,-0.003966985351675054,-0.0515669291236406,0.0012204277514929309,0.002227609235025382,0.003399570685794477,-0.0015455277018218507,0.00012702099076837065
2016-01-21,0.0038802828778069986,0.0109654455206272,0.0005305768523305971,0.0013824078623035886,-0.003759322625278087,-0.005979387580003661,0.001447044247304065
2016-01-22,-0.0016058574939012528,0.017072670129140505,0.0076744292037700355,0.005925573768991748,0.012287509838613573,-0.003904492154389573,0.0034669559076122404
2016-01-25,0.005936102270700408,0.033903755135597166,0.000883222350180634,0.00035451944420997807,-0.0008772810256817946,0.0035697897507328286,0.00945683253463954
2016-01-26,0.0035217348444980586,-0.044960039621782764,0.003959181360266445,-0.0003331122370048707,0.0025234896801010795,0.0030203851043406576,-0.014332345155492102
2016-01-27,0.0026843705559774374,0.01838102613415951,-0.012766575091865753,-0.009871859544531117,0.0007667645257126026,0.002358724650148681,-0.010178185887938784
2016-01-28,0.00045809975346071044,0.011666275412794863,-0.0016189787705229196,0.0003255877782902794,-0.0009896731110367227,0.009192068750966436,0.007755003141772789
2016-01-29,-0.012707076125345898,0.006796567210947135,-0.010257570189040046,-0.010699951114325925,0.004547264247539777,0.010519825727819123,0.0013523111605327502
2016-02-01,0.005628243466327912,0.007630817729465372,-0.007445902752794076,0.00302382891870962,0.0011253197416030403,-0.00421909358081062,-0.013686070146431705
2016-02-02,0.00238715099125206,-0.012631028494148341,0.005156442096249034,-0.01269634164338568,0.003603706918779536,0.013585798487410292,-0.0079129891607047
2016-02-03,0.011021171205081746,0.020095654461795388,-0.009015651192098253,-0.001983210912003475,0.0013562210233466088,0.0032946734016299907,0.007229790459094395
2016-02-04,-0.0023015282940895446,0.00858775792209173,-0.0037434666775926335,-0.011686459719196123,-0.0014275574967506208,0.010262231197326962,-0.015011454210912684
2016-02-05,-0.002194546459733654,-0.01617413535906305,0.0016753157372662749,0.011033463244352577,0.002680841051841274,-0.003964088858089707,-0.008443046035036901
2016-02-08,0.00363026198084609,0.01907281501824693,-0.01816112963616151,0.0025951634193086422,0.008975878915481104,0.012384281410267517,0.0022215352891157133
2016-02-09,-0.0016468067232891506,0.006719198659857891,-0.008328121266457789,0.004377742054917894,-0.008934010124195684,0.007520483029057902,0.00298321512036545
2016-02-10,0.010728854894347477,0.024326635903406647,0.00916128226976285,0.006097296899289582,0.006802135023106896,0.008102563784801118,-0.030771619252060865
2016-02-11,0.006974246159541239,-0.02109727016605502,0.003245772504585442,0.023521377246043997,0.0002785738919913912,0.0002924475028828005,-0.0005945682012722103
2016-02-12,-0.0016252644978935467,-0.002332246911560445,0.001984297445271364,0.001722349159952619,-0.00032123621639256313,-0.006117742457743946,0.03564062000315196
2016-02-15,0.006426251394779958,-0.018143617573689392,0.005700210827753451,0.0011113528867268483,-0.004641970430061136,0.003907123240507414,0.013711538753108418
2016-02-16,-0.0030260678002616732,-0.008552443160229219,-0.0072654418534899776,-0.005488411532378641,0.002100176755386791,0.01194528272868136,0.005347863254071269
2016-02-17,0.0004164829311302386,-0.0021926761439816423,-0.010596905591246961,-0.0021930147857771353,-0.0069439384863754115,-0.0025950879520485093,0.0016371448326191699
2016-02-18,0.00119480996177491,0.028084277980831057,0.008124842288190798,0.002493624729122095,0.013089764879126057,7.777122924674122e-05,0.006097215021232353
2016-02-19,0.0037039261844107416,-0.007113421334143929,-0.03614875605686044,-0.011539266528319402,-0.044237271273269374,0.000676806724865943,-0.005565271100956411
2016-02-22,8.21485675883557e-05,-0.008572720399143068,-0.020004168277523673,0.010952133434114036,-0.008635682331929595,0.005702564184615823,0.0032962689973067235
2016-02-23,0.003373845950361109,-0.024854544468830553,-0.006521961764117387,-0.0007459267454557235,0.004499202114887586,1.4886387949985648e-05,0.003406408570326725
2016-02-24,0.0022150708995913888,0.04005499960123073,-0.003250780394559197,0.008194425856969847,0.0026579837456867372,0.0039798418225505785,0.012430862819375967
2016-02-25,-0.0002270125950607071,-0.004444645500606106,-0.004701550344544871,0.0009129837462663706,0.011295900286329623,-0.0011024471155688359,0.015699097051013255
2016-02-26,-0.004604335070368323,-0.010720474655588622,0.007309303851618951,-0.020885735685300985,0.040816616881297486,-0.00829086213185,0.0038317398974943274
2016-02-29,0.0010875808820536464,0.0002826563227715849,-0.0019107828559841672,-0.010997134136451992,-0.0005655228958074534,-0.009754867845159368,-0.006111318168359936
2016-03-01,0.002139977238924039,-0.0033713973374417416,-0.010334094593719942,0.025299463276477287,0.02449216043289946,0.001721066133295981,-0.020566201716561466
2016-03-02,0.0021419700255114658,0.015638421393151487,0.016339371168451994,-0.0016879371882066764,-0.002153150092571987,-0.00653744710389322,0.010305833226923706
2016-03-03,0.007428661541821188,0.0035207476381355044,-0.015582100860719964,0.015318715865556002,0.004599999161381068,0.017852103430300494,0.001047311466910909
2016-03-04,-0.010174987355647045,0.011013782317270853,-0.0049489540935505555,-0.01875073090981078,0.00880817874606086,-0.011053792358847403,-0.0017312052154895103
2016-03-07,-0.006765264681829936,0.007306998599979335,0.023741485209387445,0.010228942522973182,0.0014000755216522303,-0.00889699359137532,0.001862223619863989
2016-03-08,-0.0049471024778053275,0.0071818744874941895,0.00296623299838401,-0.011985671747483566,0.0045571510414206115,0.010859523252834818,0.023621305063517076
2016-03-09,-0.002886645524967852,-0.0032985632577551835,0.0007868554488439818,-0.0014023483906289594,0.0029403682516972634,-0.002831517175126305,-0.014575115447922121
2016-03-10,-0.017277212182992063,-0.009159194160555426,-0.007373763655536426,-0.011756049986842258,0.016115640965913277,-0.01380267805000296,0.0046112243549856465
2016-03-11,-0.005087062985258391,0.0001761836944539337,-0.03662228175540338,-0.00633927030758566,0.004561003552736569,0.006975869279467657,0.003779871761782764
2016-03-14,-0.005816075660975558,0.006525229730174451,-0.004189959194068416,0.005018902578983585,-0.003849164623291553,-0.021361917190467417,0.0023814601972711176
2016-03-15,0.0006036700843353181,0.010544720087122431,-0.03616472212378861,-0.010416967680702044,-0.011290680991758928,-0.0023797252093427997,0.029990749875590784
2016-03-16,-0.005412938198977829,0.0007049209464931782,-0.02376613663913302,-0.010090892989646527,0.002943246274282141,-0.015219775549208033,-0.01584097142291265
2016-03-17,0.00022518374405510982,-0.00418700850639178,-0.013969849144661685,0.011503647826882936,-0.013405069486106376,-0.006210787159687936,-0.010573292967593123
2016-03-18,0.022758605271152813,-0.00287742026688245,0.0005992504868333927,-0.0028778163417780057,0.021391916040138476,0.0016015019361877256,-0.036292903412710506
2016-03-21,0.009269916333335033,-0.0049007009051332,0.013462607376611778,0.007407856044614268,0.00807548633986603,-0.0018120099375940365,0.015190924900498119
2016-03-22,-0.006201463922180395,0.0014616155024259642,0.007326691650277491,0.009400681753458472,-0.001780924301587508,0.004566365398003074,0.0009414016604098181
2016-03-23,-0.006910930262580376,-0.0007409683943517113,-0.0021047127549717252,-0.01709169161752472,-0.003641494762326997,-0.0072977930977957215,0.029196830518021487
2016-03-24,0.0008301023093108447,-0.00814100087193014,-0.004708696885455043,-0.02200638174610872,0.0046012314722548376,-0.015918544441981354,0.0380034110783416
2016-03-25,-0.002221590291200421,-0.0048674974304372684,0.014638159175448598,-0.026556016611088737,-0.009747168146164538,-0.011699780892311969,0.013382021263275503
2016-03-28,0.006053971019936982,-0.00494084090910101,-0.012799373822876116,-0.014845878190845723,-0.010889129147947058,-0.008100435230485085,-0.01700856311336796
2016-03-29,0.005096482185910742,-0.01646167585861139,0.011745164281768972,-0.0057528696233866685,-0.0028287054360101433,-0.006818481834776631,0.00897167953868823
2016-03-30,0.0005348255730151132,0.011760001248491666,0.002181335261842511,0.049287309042160304,0.010026453476995387,-0.005445541825690816,-0.03162847561612725
2016-03-31,0.0008148409973350414,0.005245823194533386,-0.01542850001907683,0.002976896900284104,0.011583716326676092,0.029998944992269332,-0.008237329978266287
2016-04-01,-0.002254459878128264,-0.014476460906249242,0.005510801362408506,0.006134393766529936,-0.007193354907032712,-0.009292365181601788,0.0008420452752567902
2016-04-04,4.871070412986219e-05,-0.014786571540104036,0.000828262139114196,-0.01661825346116594,0.00988965989482426,0.002048331214975831,-0.015322893720456952
2016-04-05,0.004065688194202638,0.0185326888452061,-0.004935812504296347,0.028759129474546535,0.005332041255459661,-0.007922875739475371,0.01808813855022614
2016-04-06,-0.000576090794047393,-0.0032491234426118617,-0.0030516241887178566,-0.026059339901017598,0.004273950130886387,0.008148730646754036,-0.004456320114495966
2016-04-07,0.004268899268548242,-0.0010696664140433139,-0.010919241348812423,-0.024890768279323832,-0.01048881942663105,0.0029435349880087055,0.012849677659474439
2016-04-08,0.0015067642607887726,-0.0078487112088999,0.004964483738728011,-0.040729238614892846,-0.026121951719396446,0.013033001624958082,0.019249253433586418
2016-04-11,0.003558269033480012,0.017138377585123328,0.00945517675155784,0.015986069556618885,-0.025717745913188254,0.00028934869829654275,0.0334706641100899
2016-04-12,0.0002527014157056386,-0.028450599509190166,-0.0024422304422238826,-0.018536231679774185,0.0002372165033098127,-0.004387328052919468,-0.028373624510017192
2016-04-13,-0.009299060863695934,0.013335561323036552,-0.0024081850309442725,-0.009071778914577064,0.00256341092418916,-0.0006711401132336376,-0.0005712562010238362
2016-04-14,0.0019313399982110286,-0.01650467093070065,0.005448531673504526,0.05811624755261225,0.01946053463118435,-0.0010210867547489043,-0.0013442152093974193
2016-04-15,0.0016029129154223978,-0.039922180245319766,-0.003650471022112374,-0.022244184824451358,0.006884873717641602,0.002981267973577869,-0.002374233773096462
2016-04-18,-0.0012804391297124014,-0.00024673713637570876,-0.002854912430922911,0.03391278363026635,-0.01828359808609646,0.0007157684876579524,0.025981730082556085
2016-04-19,0.0024373905042193848,0.010554170478939324,-0.001918241885456799,0.02045812435277487,0.05141033401004432,0.005370776580384913,-0.00027426387872160016
2016-04-20,-0.003668955097825924,-0.02057533756693966,0.00563420456241608,-0.01596985531518763,0.0016713847604057368,0.0013077812213600983,0.021569218420894157
2016-04-21,-0.003276299018683083,0.011280605189608765,-0.0012944851375245455,-0.025429947766770766,0.008252805707970342,-0.00015563444726571435,0.0044020936753554575
2016-04-22,0.004038250821223629,-0.02087180740592843,0.0022284726251325373,0.011315285539839633,0.010509760061046775,-0.0051094134194879775,0.04140996591573478
2016-04-25,0.003056114903904364,-0.008201881087376104,0.0012007831033694998,-0.015783662521215547,0.00659705131067773,0.0007715962058700695,-0.0031667042830801784
2016-04-26,0.004235612283175773,0.017651827979216623,-0.0017000236166104874,-0.006396518634854718,-0.001237517876982718,-0.010428679226661639,0.01304468583090849
2016-04-27,0.010030047135319907,-0.02285148666757488,-0.001624266990736757,-0.002400614706253605,-0.020082589721523537,-0.0003759400593246651,-0.010292181907376975
2016-04-28,0.004301030209336193,-0.010340889233883153,-0.003477014088229389,0.011595952857937103,0.010414199846762107,-0.001959718502447109,-0.006797760974629558
2016-04-29,-0.004382608998790656,-0.02478588597161387,0.008075994096841932,-0.012028282609464529,0.0053542694341945085,-0.004308513235590018,0.0039022986002744593
2016-05-02,0.005377271487612754,-0.006029955732577424,0.006072706722799038,-0.023427191895326143,-0.0011595450530127677,-0.007595752692661338,0.015481423692587119
2016-05-03,0.004494568344908228,0.00047708179369371743,0.002988338583650393,0.028243274365547105,0.0017440497650138673,-0.0023638928767022714,0.004402626560217591
2016-05-04,-0.0005951376933302493,0.015629651901883337,-0.005395466954575593,0.015497499362521936,0.0031759551709350025,-0.012816930593348043,0.006015781063207645
2016-05-05,0.0012355997418584134,-0.0072579820404464175,-0.001990737086833434,0.029901679766241942,-0.003886419149973085,-0.0009886916756122939,-0.0016722076128337076
2016-05-06,0.006971834545799482,-0.019230889559059598,-0.008417481889423106,0.008043768880273151,-0.0004531013538597301,-0.011639466241505445,-0.017565972712099687
2016-05-09,-0.0016725868374275657,0.008295297206518296,-0.010351844985024648,0.01278697546196748,0.014998944476569158,-6.615358619474882e-05,0.005932296120660239
2016-05-10,-0.0069013148983393755,-0.007070545225660751,0.004926554339639225,-0.017397744711302395,-0.003304423752373553,-0.004576901365216514,0.00483767220379243
2016-05-11,0.008825812931975778,-0.0007128989484899591,0.013483113630521366,0.0028815984328131646,0.005879671914578344,-0.0036318190795831223,-0.009255498741527658
2016-05-12,-0.0014280730076760677,-0.03299437971879452,-4.354203787664511e-05,0.0059540154295962405,-0.004280867262170163,-0.00473007777431978,0.026112328300481307
2016-05-13,-0.0009117467091961716,0.004487569426268868,-0.0004055363418622257,0.00883283125312314,0.004357425271126609,0.00945562858878113,-7.857419729969553e-05
2016-05-16,-0.0016256157917221234,0.016761939227877463,0.008461025036017353,-0.018075162110978465,0.010713885470812224,-0.005828959559080419,-0.004351919517889116
2016-05-17,-0.002854555822972726,0.03086190234048669,-0.01074370373558237,0.019680867838285005,0.00430050037144178,0.0038769842006950586,-0.004082481498802077
2016-05-18,0.0019361287440552483,-0.03828092280601918,-0.0006151124851605361,-0.01544779352217244,-0.007649979158236009,0.0013368937476457832,0.004333306168308245
2016-05-19,0.007055177495262338,0.013642220477774136,-0.00593563606082269,-0.008170734661737603,-0.00038617139599938724,0.0035879732678784533,0.0009730416810863422
2016-05-20,0.002675097973296991,0.013431092036050618,-0.004192218382788499,0.019295478072794248,-0.004255468838736349,0.006181168224742391,0.010520965510174424
2016-05-23,9.694090534913448e-05,0.003376256101356373,0.0012888128071847195,0.019845816371923158,-0.01717543189448634,0.0009598290607621336,0.014533162458922094
2016-05-24,0.0005948273464965072,-0.007625056289088911,-0.003327513941248741,-0.012101976042711139,0.016250343098222975,0.0020304088194907197,0.0004939462430222844
2016-05-25,0.005311443865790324,-0.013636549179750556,-0.003055388394407981,0.014302302343052837,-0.003754315779626279,0.013627574363735014,0.00877088234160537
2016-05-26,-0.00037109546682229056,0.020802477360222206,-0.0040605436161086335,-0.010891680118234662,-0.014475698503376972,0.012111825443496614,-0.001700030468437076
2016-05-27,0.00673392616016585,-0.044919525357591014,-0.0014707672401685964,0.004385366085419953,0.001283684283906819,0.009503392958041769,0.0051218242391940375
2016-05-30,0.0013796603364496331,0.013834821767263873,-0.005519014368857613,-0.011609694013181097,0.004267940110451291,-0.0019382647286160072,0.0028406101741609772
2016-05-31,0.006671378318867722,0.018476668034526807,-0.004809039058255146,-0.0017004183757923029,0.0007149459485810602,-0.009769567527784101,0.010985525573382974
2016-06-01,-0.001699688326563255,0.02208058889594777,0.0009758822306072569,-0.003982026812226798,-5.0565584180160776e-05,0.0008181855664649918,0.0015660300556606587
2016-06-02,-0.0009129944133848569,-0.024641393218682306,1.0840191841753346e-06,-0.002165606913029671,0.0036980862319823324,-6.346005118730599e-05,0.002540186723354636
2016-06-03,0.007705367350482885,0.009906581503754374,0.0010956538187891433,-0.005335117860425011,0.0049690520721011825,0.0017121401219562435,-0.00493921741811925
2016-06-06,-0.0003077895422327533,0.020674578896647627,-0.005396949614644047,0.00046395599409964483,-0.0037506032738087182,-0.0009162526944290729,-0.011760910138450521
2016-06-07,0.0071740934095156535,-0.01058291929373654,0.004130338487448212,-0.002207545246232399,0.00849480711859665,0.006906662152778713,-0.004684632487711146
2016-06-08,0.006769606330569099,-0.0035955952676412378,-0.0029747255952052858,-0.010435445220799203,0.001902550778899125,0.002995985615736112,-0.0038423984348199616
2016-06-09,-0.0016807456365875166,-0.006427062094646336,0.0051595701886251125,0.012837396093637272,-0.0013976247008003137,0.013515678234141707,-0.001575600959005066
2016-06-10,0.0013291606100240682,-0.009774817057287671,-0.005078685835661314,0.00498770486452396,0.03571016339887749,0.000872312921294418,0.0025255231124542026
2016-06-13,-0.001833349208093927,0.013994709432167542,0.009636491955075247,0.013491329615104259,0.0015557560176856363,0.0031742799135115866,0.005323995126464461
2016-06-14,-0.0048939212373557625,0.0009151551278482435,-0.010801298462164939,0.007749596720643988,0.013593340889981287,-0.014117393044635681,0.006237609002428612
2016-06-15,-0.007588707576675607,-0.021587492143774832,0.009677271729623118,0.0051647627080092795,0.0012977610542233271,-0.0024711849469234615,-0.010797399192000384
2016-06-16,0.002746960490244704,0.03399315305237483,0.001065769236603254,-0.0016577234555860026,-0.00640759388800657,0.0012022304380324474,0.021801731812527786
2016-06-17,0.0012804674799876525,0.009772978047807036,-0.00107994259743942,0.0017173618687085308,-0.012467074413451464,0.0015914060375568529,0.0045610589988047
2016-06-20,0.008905505893425295,-0.012265678985021337,-0.007851349172065574,-0.0018668411841034013,0.003646171973889404,0.0015222339197933424,-0.0026190185433839558
2016-06-21,-0.005663507840805099,0.005402338297733159,0.007653661002925125,-0.0014897481841789795,-0.0006522399110400723,0.0063106691088989034,0.004441970230996
2016-06-22,-0.0019494705022750608,0.013489788704414576,0.009600153594432245,0.003317979236163269,-0.0011214480356632449,0.007665083382423938,0.009665823940106464
2016-06-23,-0.001970364308848027,0.0009802985051842567,-0.0020966515227213325,-0.010177752365581052,0.001013142892431661,0.007304083919340563,0.0012848395618743425
2016-06-24,0.0065455399448205555,-0.007722388232963282,-0.013835703550373354,-0.005209108305336086,-0.009553558853315946,-0.009188434458594475,-0.006125287453296669
2016-06-27,-0.003354448949792736,0.003970124297585358,-0.006008196696106677,0.0031263966425260255,-0.006444439638197135,-0.0018640500429248311,-0.004382939812963118
2016-06-28,-0.00463508562413319,0.020898798481649467,-0.003045916051223851,-1.767456101927432e-05,-0.011017511444023817,0.00430615188946326,0.0017132805020592696
2016-06-29,-0.007624065367765129,0.01569217691439029,-0.004055747514944436,0.0005515678623453791,0.009791878307856359,-0.0026516480178634286,0.002240664167523263
2016-06-30,0.004863754541159532,0.012216909965909208,0.0021264659070099117,0.008005691044036745,0.010389785543731378,-0.0077902044297575804,0.006610942523008284
2016-07-01,0.004134168319081091,-0.011753455161788799,-0.0033710656738934375,0.003007486921393265,0.00040204305660027323,0.0073718564417149125,-0.012752747113308071
2016-07-04,0.001990473865387907,-0.008456135236555126,-0.003260291731643036,0.00340468193834111,0.004733170133948658,-0.0014257077464990113,-0.0015821803686105731
2016-07-05,0.0027420468837274854,-0.0016277133855302965,-0.015179236309807468,0.002088380335030674,0.010494563276927752,-0.006775903756095916,0.0038732927010362438
2016-07-06,-0.0018728907347993278,0.0021474974432882325,0.01276543353541231,0.008058940334570143,-0.0053923870141882055,-0.0104196178510588,-0.0050068870392890276
2016-07-07,0.00012798533381280075,0.00020200590909170843,-0.007667115729913247,0.0014560565918672475,0.003923711948822849,0.014497011294520471,0.01092989885134273
2016-07-08,-0.0005097727874288474,0.011660531333792887,-0.012735040636489087,-0.002111437274034111,-0.012164980055402546,-0.0021922710061793513,0.012594343285214261
2016-07-11,0.001745158365063179,0.0036346166947653575,-0.014747434143948236,3.878082432798462e-05,0.0038958948579139595,-0.004027264232587654,-0.006915504037854278
2016-07-12,0.010012075255878604,-0.00018809358708796506,-0.024331237050759482,0.009960438269500197,-0.0002594699482055173,0.007469803855532938,0.002957112918531549
2016-07-13,0.0016436676646575164,-0.00217405492672637,-0.0007847271081926534,0.0017659257139505849,-0.003948288565950178,0.009650550023100394,-0.003689659221438718
2016-07-14,0.00336580228929843,0.0068659002482157104,-0.03444653166745227,-0.0007926853639288078,-0.0012453404375961795,-0.001131395815524224,-0.007455297071852649
2016-07-15,0.0011497092771835088,0.00896122492126497,-0.04390616942427615,-0.009460799605096566,-0.0025979382710445693,0.0014119291849290455,-0.004379292503990902
2016-07-18,0.0036834481005732574,-0.00165683087169287,0.0004510206472823768,-0.005043468471307735,-0.005792504583691825,-0.007570226519231231,-0.008688702025309155
2016-07-19,0.0010164469314179645,0.0019026336564449825,0.0032627960429545766,-0.0009901562556002752,0.01685300414594091,0.0018386587357948631,-0.006383223388199926
2016-07-20,0.012094516337972703,0.007471596849887411,-0.024788308635118293,0.0027095087191924107,0.008468948457592116,-0.003950825941311374,-0.0005884295022289141
2016-07-21,-0.003977929194139335,0.0024837885026187177,-0.026809494691971487,0.005377282958665549,0.0051074745961009185,0.008323024446972103,-0.001590269169000237
2016-07-22,0.0011837623860095352,-0.006162549891818939,-0.006958875299087482,-0.0007197437277621867,0.0001229460579885445,0.003656005276482864,-0.00033568958107634103
2016-07-25,-0.0002958842657543893,0.007441304640365469,0.01140955878471963,-0.0035528282637197375,-0.010394332506211594,0.0033767102921089657,0.009245524103363342
2016-07-26,0.003702938292349379,0.001612624479102838,0.005434115481625394,0.004792493788376663,0.004492614676366761,-0.009314512827571222,0.0018295996343794156
2016-07-27,0.0024104265029531637,0.002154043723235608,0.016728220458960483,0.00015161490264867277,-0.0035234725327859197,-0.0012508391520783617,-0.0070622821297297465
2016-07-28,0.0036406408474763626,0.0033046095159346726,-0.014207289500255942,0.002772573296640523,0.018729399531299006,-0.012049429864032598,-0.004405297907817719
2016-07-29,0.000118449200607721,0.00312640795230744,0.012664232025896695,0.005227623029078538,0.006876203607140219,0.006203388563472428,-0.005055280965546384
2016-08-01,-0.002780692351394485,-0.0011392526202661799,-0.017769105991106836,-0.011864483257301725,0.013133205794800817,-0.009035291993664778,0.0014927261692820036
2016-08-02,0.007602068041772432,0.008323049265191809,0.024373313654177404,0.012783856393127659,-0.007873394515155792,0.0014644501899523587,-0.004265389658343126
2016-08-03,0.005446161433297939,0.003337558869215038,0.018156617020467804,0.008227870062705327,-0.005650110124784986,0.003033737578579919,0.0014291352735744023
2016-08-04,-0.0023352037936544678,0.005143617663532233,-0.033777967492786894,-0.002460046962023722,-0.0056563755888195824,-0.0073518207328247594,0.004931125308365448
2016-08-05,0.003640072364746936,0.004120754147638033,-0.027063872391985006,-0.013180653079391612,0.0008598449629040667,0.008485793543075987,-0.004584667023910229
2016-08-08,0.018580402285249712,-0.003173374649679636,0.020703131340642927,0.0033447626797693157,0.012902330605172223,-0.00369841370495117,-0.005617635158058638
2016-08-09,0.0005377639635614441,0.010100542814012119,-0.012815291549462553,-0.00585521743756353,0.0017280007860181758,0.014211189679613644,-0.00025801626267616854
2016-08-10,0.006400835724647008,0.004137068099128163,0.019303288477765107,-0.009748396076194116,-0.008897092252491957,-0.003867120833235451,0.004644747356968232
2016-08-11,-0.005646544033813121,-0.0013882271188513896,0.010906370707838665,0.005876334885466469,0.003068513981771603,-0.0021130355232656934,0.005389557900231817
2016-08-12,-0.00469424053456446,-0.0021811497762955407,0.028725308587886432,-0.012471984028871227,-0.0005342052609291117,-0.0033054204039002035,-0.0014433788837120531
2016-08-15,-0.002450161274461055,-0.004344208975750167,-0.006104381398316694,-0.007139014914611437,-0.005804925066686743,-0.0008233114306906654,0.013215673805212337
2016-08-16,-0.009318320889958433,0.00023491707827277193,0.0026639968351856516,-0.0024211603940010847,-0.0011578866510016477,-0.0032753010404232338,0.015784077399407855
2016-08-17,-0.003534424056636361,-0.0022504857285739633,0.004309709006131096,-0.0021085480980228216,-0.000566125869366565,0.004470106522492586,-0.015136028793246943
2016-08-18,-0.002408911608750107,-0.0009073647350933884,-0.004072988150419059,-0.003969800310949653,0.0074708469457735165,-0.004173816754002832,0.013313145895305828
2016-08-19,0.0023039141874398607,-0.0003390956280773229,-0.012750454691318797,-0.0035952000140298634,-0.008423857914097568,-0.016990945831770913,0.0038693303728747058
2016-08-22,-0.0029054402129257096,-0.0029387894520889347,0.010295476692689876,-0.012737368596963143,-0.004243817696629336,0.0007800916170460978,-0.002239252607200233
2016-08-23,-0.014213700083201075,0.00872465665509823,0.006604869895610555,0.008508456540805176,0.012990675884693395,0.0038915040854350944,-0.0033609852210654736
2016-08-24,-0.00038381373128520686,0.004731209170310779,-0.006493613066053275,0.0013811034222995164,0.0011967200842440632,-0.006020692291319796,0.004406256678993973
2016-08-25,0.00017913281697358582,-0.0005861278560992058,-0.034285378978681835,-0.009742798218176911,-0.0028506830726833816,-0.008327607221069287,0.005906366338011092
2016-08-26,-0.0001238064498316824,-0.006299976937855321,0.015071971014165844,-0.006022068829166147,-0.0038136729437373445,0.0013144708671956173,-9.526962979754347e-05
2016-08-29,-0.003338613115755772,-0.004051396357829715,0.009757932826161227,-0.0004221022871151328,-0.002113768695023699,-0.003184901390384495,0.003061962892928724
2016-08-30,-0.003532591034404459,-0.002336228715715257,-0.0251921594832828,0.0025143953571502404,-0.006164221670869255,-0.007504261479207267,-0.004444761989604167
2016-08-31,-0.00754775265335356,-0.006253794465846088,-0.030346905071280763,-0.00588960129602881,0.0008363165515376613,-0.006365447564947405,-0.0035136554559037
2016-09-01,-0.0038349124488625303,0.0024640261233565505,0.002601345297665406,0.003646790463294543,0.005706209529271245,-0.0013965845387106264,-0.009248450051135327
2016-09-02,-0.010032144158963703,-0.01386150300335216,-0.03898919944436578,0.007772404887668388,-0.00786912343757786,-0.0064094199944584014,-0.0028700739553055615
2016-09-05,-0.0068356919229898205,-0.006610239321418911,0.011883632219840146,8.97582302492946e-05,0.007974350028269319,-0.010194464645424527,0.003424066259226284
2016-09-06,0.0011592158645985782,-0.0034039026639200902,0.019978753782174466,0.003994091864496802,-0.00680160075646263,-0.0006265323436603651,0.001471703761078232
2016-09-07,0.003993107741060938,-0.010076048343843338,0.011528710173443006,0.004763632924650222,0.0043779492360426645,0.0007201352967777879,0.003690106409386848
2016-09-08,-0.003806275641543368,0.003914849295949011,0.0059534310769787345,-0.008058055420026024,0.001354117105856632,0.0037441549183380245,-0.005655976377390499
2016-09-09,-0.0059716145493124645,-0.0015597291212588373,-0.010037104732650095,0.0008496841703503345,0.001569053477918879,6.473114488346928e-05,-0.00743078129055966
2016-09-12,0.00014935267484881382,0.001947091897267865,-0.009430136685492353,-0.003529668457263144,-0.002557057570074357,-0.0035579866669987383,-0.0009358348540064846
2016-09-13,0.004976848291796136,-0.0020946918179997782,-0.02047249684387429,-0.0019901919803890287,0.005319119919451435,-0.0035969157885327335,-0.007104539063557388
2016-09-14,-0.002035798155358093,-0.0053814411597406615,0.0156785246981982,-3.1086529920123956e-05,0.0005744465632214021,0.0032226954475520044,-0.0007832050296591101
2016-09-15,0.005052428937545184,0.0004464935801377111,-0.0029840708378872814,-0.005497498461505933,-0.0030531695873746365,0.0028858869042922824,-0.004621391697920542
2016-09-16,-0.0005974892029972981,0.00038291750409687273,0.02746175700311597,-0.0062330175096656885,-0.003381390767979086,0.0007000973512469711,-0.0017515431325296526
2016-09-19,-0.0021835292437257007,-0.0005991173702896578,-0.003921576899595229,0.008921343851143185,-0.010049935381100088,0.007813380225010389,0.009811520213781389
2016-09-20,-0.0009932312026900542,-0.0028545473492655256,0.0032928912063200097,-0.00355292193380311,0.003944376728333676,-0.01639701418164912,-0.009883895602471661
2016-09-21,0.005010908328609011,-0.0016470807141546258,0.010451512023454401,0.0028584930614314265,-0.003212266300261345,0.006236706836653393,-0.00917145624089241
2016-09-22,-0.006780623982382202,-0.0025603848879480993,0.006701701361500895,-0.0007150640258987682,-0.008271742008514835,-0.01890532853352674,-0.006273638701640241
2016-09-23,-0.0002656694646149727,-0.0021922000524278937,-0.007014787587629698,0.015744655254542838,0.00017381028757235597,-0.0052806436398347934,-0.0037113353543986177
2016-09-26,-0.0024826013801380496,0.012814439798844932,0.009048348335010064,0.001276371096681187,0.007724610984748738,0.0005344573509873848,0.0020412599209356473
2016-09-27,0.009180813661809652,0.00940179116963079,0.019254353537433756,0.00839051301502742,3.212937848640031e-05,-0.0004767186342613656,-0.01157165958091338
2016-09-28,0.0009279333935037137,-0.0005485765657233211,0.011156660231886157,-0.0029643220158783808,-0.018547853208904126,0.0008249569324439583,-0.005105538403556689
2016-09-29,0.0011923047209877562,0.0062705029054982864,0.005080789584301951,0.007831032786910549,-0.0035030973554183486,0.005839606802711978,0.006293356631049473
2016-09-30,-0.004481957268499225,-0.0013154139418825276,-0.007626557109479549,0.00901728369702314,0.001698176392440482,0.0037545102537173652,0.0022012934384854567
2016-10-03,6.375701514984394e-05,-0.005887812936188255,0.00375166233187485,-0.0009045211679490601,0.0004240283219730371,-0.01137737584113022,0.017798377921206438
2016-10-04,0.0034619738488423945,-0.012126998711202897,-0.014726382724543987,0.0012946830912383758,0.0008867301114464565,0.0003483921568250236,0.003370268586095901
2016-10-05,-0.00011583615769517656,0.005224058077025954,-0.006923524125814884,-0.0056564070426859325,0.0018025009617570337,-0.0015532984239480857,-0.012394475659065452
2016-10-06,0.0027173649597677686,-0.008304366252527628,0.005863312552054635,0.01593231532304715,-0.014967448453170211,-0.0028902055376205287,0.005710181830744774
2016-10-07,0.005176490807957591,-0.006256511279040928,-0.0021060759448002296,-0.0008475672744197809,0.004107046782504423,-0.0004648635722876239,-0.005139219241222265
2016-10-10,0.004844749885506679,-0.005137074392707482,0.004018764891860382,0.0019034483193251833,-0.0006316828384535833,0.009328927403975866,-0.001866082490348435
2016-10-11,-0.000392896694963227,-0.004186237127997075,-0.009051226275178912,-0.007880891274097135,-0.0013297516636532826,-0.0009724121661962102,-0.001360336824466928
2016-10-12,0.005345106089740587,0.006894166906836849,-0.007652523508665588,0.004243253504534399,-0.005733907037756183,-0.0026123401817849307,-0.003476907477879622
2016-10-13,0.0022516245208256585,0.0011331841339855325,-0.01483107188885267,-0.00014611371803854688,-0.011548247135109244,-0.004756113481486783,0.008409209666121216
2016-10-14,0.00421222686272938,-0.0003199299143252442,-0.011396936895717575,-0.005442229515404385,-0.016904852319613344,-0.01089423667341726,-0.004575608735711552
2016-10-17,0.00025492483570214156,0.0028660270677426086,0.0016531308915489664,-0.007631855338611396,0.012393935789641637,0.01370099243553651,0.0010907809169953613
2016-10-18,-0.001899213294155451,0.0021817773071771767,0.003963052378739702,-0.012209626287751874,0.0002967515350808635,0.009973517522357832,0.006876310072025072
2016-10-19,0.001695124309408603,0.0012032985622491186,-0.0023877860495948363,0.003664931095457376,0.00975866425127962,0.016124272015529625,0.0021566235484380683
2016-10-20,0.0011156445672196248,0.0033634631014249337,-0.012344070721533165,0.005230551934340197,-0.00993051887517727,-0.006125488215412901,0.016127374966068798
2016-10-21,2.0185797555474443e-05,0.005350045060124517,-0.006294760042382467,0.011592608861631546,-0.008527216906750233,-0.003259043939778778,-0.006232239092375893
2016-10-24,-0.001648522034948053,-0.007626416286532611,-0.0071464155504074485,-0.008620325963679693,0.010843447808300032,-0.0020916915920200373,-0.0025648778726932047
2016-10-25,0.00416035476407289,-0.012277156086721384,-0.009348549195067841,-0.0003833944822879379,-0.012406073052086514,0.007591090728507951,-0.0003849963390347393
2016-10-26,-0.002487128415378194,0.0035610482817850955,0.0005736678203477574,-0.008294647687755246,0.008429487200451165,0.004104300270041414,0.009266392758242944
2016-10-27,0.003926583961573251,0.005082014783942712,0.013873133754742683,0.009208964104702788,-0.0013525963679946879,-0.001971126821530277,0.005508582719058678
2016-10-28,0.0010918073453423,-0.003111645429181685,-0.0062102745083918165,-0.000496379947380285,-0.006637527618877933,3.388822594012225e-05,0.0026535711526935327
2016-10-31,-0.0031761415884686965,-0.005709243361995892,0.005268472109133249,0.00177047656902201,0.007247765066371534,-0.035837095782091495,0.009723836113940202
2016-11-01,-0.005639894275448834,-0.004208895631927927,0.03908641237932601,0.0005688023314726179,-0.07528632166032612,-0.005577655893624441,0.0013859673578443781
2016-11-02,0.0037469439716062806,-0.0018921783051055912,-0.012252159314859689,0.00527634972483972,0.022330977424957085,0.01624658510048856,0.010411275506036117
2016-11-03,0.00038307453016347384,0.008927158027313802,-0.0056809340984283465,0.008730489451891229,0.004466630889605361,-0.011867100430052336,-0.0024822805314990556
2016-11-04,-0.001091608055490956,0.004339670975936233,0.011698818529625335,-0.008359315668209293,0.015229719997253609,-0.00015973625584820208,-0.004961811738992211
2016-11-07,0.00639279842350862,0.002575628707393979,-0.009309055593049306,-0.002635529752689353,0.003892428235325014,-0.0051893419116417795,0.0016010959499465594
2016-11-08,0.000772050068477919,-0.0032459549189684783,0.021441090144020864,0.004594249469858807,0.007193372043028517,-0.00025232011775524625,-0.006663247142931526
2016-11-09,-0.0050856941446867435,-0.004966753920164212,-0.007555364418314608,0.006491752083061226,-0.11096549364856045,3.079136827907228e-05,-0.007750927163283576
2016-11-10,0.0045263378333074275,-0.0002130030910398818,-0.007150903887179465,-0.003184646494736087,0.010029822879165052,-0.013675699948482362,-0.007727027870837244
2016-11-11,-0.00039008848437844574,0.0011188062570336322,0.007232783763754821,0.002277772719825209,0.017660723390493592,-0.01630811490474926,0.004425342889883846
2016-11-14,0.0008478613790644722,0.002729808313683175,0.009297523706123913,-0.006131035902399887,-0.04028201932356881,0.012283871114685282,-0.015289530974618971
2016-11-15,0.0017547353063394999,-0.0033236320228207826,0.009402192911832913,0.009780138934090132,-0.00717381956506824,0.0185968168574535,0.002025339176548612
2016-11-16,0.002360049200346289,0.006183461967899526,0.013760920235943429,0.009521835089135912,0.014170665118101191,0.003048165219526493,0.004122552241936486
2016-11-17,0.004610438089798637,-0.005672453592369639,-0.0007770087472475313,0.010673193216979916,-0.025639425121581454,-0.002132321676460114,0.001596465106157476
2016-11-18,-0.0021691159672282087,0.0009428023207940739,-0.003343577099961294,0.007282311921070285,-0.02759871417784346,0.002951456746483743,0.002169630880491958
2016-11-21,-0.00279650824842296,0.00538610165741274,-0.013756830974015253,-0.00485505184001664,-0.006226803221895083,-0.003559020512890896,0.0024561129953834036
2016-11-22,-0.00027464719415074636,0.005031335017345184,-0.013719432001281414,0.0015547392384494697,0.008634812509496808,0.00506749609791681,-0.002223985091649838
2016-11-23,-0.007532968693376464,-0.014813399194230685,-0.0071702070444108635,0.0005678324123108175,-0.01508237179340713,-0.0024951486532228642,-0.0017891886729134888
2016-11-24,0.0016914405792541772,0.003843295110979839,0.007244262264428921,0.013767722777598348,0.01453327708236167,-0.00023402863501695932,0.001002167271125549
2016-11-25,0.0003575300430734614,0.0166010109425888,0.01015500152220284,-0.006777904922389897,0.00039969776518224674,-0.010924975031398774,-0.0026222171608533025
2016-11-28,-0.002052739113159936,-0.00421816911562092,-0.0008386314438091753,0.0015120128887557158,0.013617527390258649,0.0008274415650993932,-0.008580842384222196
2016-11-29,0.007672640642282596,0.007104864085030197,-0.005314389388226898,-0.0027975472975417036,0.022730061227664834,0.0030902747584722907,0.0005078548635814022
2016-11-30,0.0023372031080084394,-0.007309282446554349,-0.0024444997054606354,-0.001842763899068441,-0.025524102066511446,0.02372204654953693,0.003215855679768934
2016-12-01,-0.0021610615771220547,0.0016618070131054583,-0.0011245967821452844,-0.005105626688586752,-0.010482451313955735,-0.009541254012387635,0.006903668521529962
2016-12-02,0.01255130417649216,0.00027448643375912974,-0.004243492323409844,0.01242101993786706,0.014159064071895587,0.0037190450136027897,-0.007440279129846281
2016-12-05,0.005501690326772301,-0.006941711133405705,-0.0007390559313771687,-0.005769965206593575,0.007044838963470832,0.008272230863381556,-0.0006414038737840095
2016-12-06,0.00043403054220880955,0.00950509621050876,0.028916375745502442,-0.0024756182081224114,-0.01876620710976876,-0.009248306092726548,0.003937332719642491
2016-12-07,0.001185998697598066,-0.005791940729396033,-0.018096298376074783,-0.008188109200340925,-0.0009944633875215458,0.009650748464302718,0.009328589694126478
2016-12-08,0.004186321675754411,-0.0012076881816928662,-0.0045416476594239055,0.002812806533408568,-0.012298428019158395,0.008831430008710084,0.009432569552471225
2016-12-09,-0.0028760742797907853,0.0011755273226147997,-0.004464085130893543,-0.0027995773230102836,0.06438373781412288,-0.0014467517796976736,0.0015816031247988637
2016-12-12,-0.0014990767450075706,0.006750250112484846,0.004179297328950035,0.0025633000504530893,-0.007312970500864203,0.01189676304925947,0.003089064017436849
2016-12-13,0.0031707923762729464,0.0066083617836873625,0.013276137034714119,0.010379590434688163,-0.013440810135353523,0.00202906497966365,0.002159887320216303
2016-12-14,-0.0003111413025305303,0.0019281946225398906,-0.010415045726015022,0.0009784330016185038,-0.008421666570258002,0.0008364265559680927,0.012647951075695737
2016-12-15,-0.0051897267224889155,0.00036795378002173727,-0.004402701965843369,-0.009684819056843676,-0.022985988302647028,0.0005943651334340169,0.009075292785153522
2016-12-16,0.004348916182855152,-0.01311673261890438,0.0009106921237087136,-0.0009306691774532683,-0.02599212043278341,-0.007326658663484464,0.004487879324166483
2016-12-19,0.0011804888490952955,-0.011640183827325606,0.0034929128599788307,-0.0019355031709701975,0.03349399447714252,0.005292261882696562,0.002654991635173635
2016-12-20,0.00800581316601337,0.007750949983100754,-0.008597914719797177,0.004717209495350057,0.010751977295383084,-0.004787951168711178,0.005122306567048382
2016-12-21,-0.003780767327854362,-0.008157394273966846,0.0009012963705563362,-0.0016346227852394738,0.0027760857921120988,-3.181035314977377e-05,0.005219652456679172
2016-12-22,-0.0055116528074358895,-0.01289546054357883,0.0005882808788058945,0.0007267952089025463,0.00919890449088104,0.004771814942537146,0.0050306112176577
2016-12-23,-0.002012645639682877,0.015615915534812884,-0.0045714965074772395,0.0010090934629669987,0.010732281627632328,-0.0025265756949740207,0.00856463776533802
2016-12-26,-0.0001955252112848987,0.00945504502221252,-0.005398476116051057,0.0033243163509358055,0.026417705121817292,-0.021010810211284155,-0.004673416732442647
2016-12-27,-0.0005700926606983567,0.007262321350709517,-0.004146940652442264,0.0011602858124052865,0.00940157671187959,-0.0009177044300151051,-0.01652763362829217
2016-12-28,0.008615808974240354,0.00463722048067172,-0.020642690012457755,-0.001137354702456668,-0.0034749954780846086,0.003263030176768134,-0.034784953378387024
2016-12-29,-0.001231365048026296,0.005804213018807413,-0.002294349884591515,0.00023094162331280057,-0.006503633615338302,-0.014390106500704623,0.0067239737596695446
2016-12-30,-0.00355057405572356,-0.001936525178138908,0.003339269479113698,-0.010689553185859967,0.01503540353611651,-0.0019582365012153886,-0.020825436095564438
2017-01-02,0.0016610829647873428,0.004190334630730556,0.006213649900454578,-0.007830904081753777,0.010003598623339596,0.009976232723807472,0.01270512200316626
2017-01-03,0.00401661379785087,-0.0013826966604374227,-0.004122208982215133,0.0048705314281072476,0.001870825059922891,-0.003158151246958089,0.029862176764877915
2017-01-04,-0.0014698037519878895,-0.011087031764066701,0.004464912902110711,0.011308156700906152,0.004233013796057096,0.007185689561430838,0.006435013158230656
2017-01-05,0.007676665541898145,0.001957979565869256,-0.0016788983801841078,0.003570614330676941,0.021825405338466664,0.007819244108687274,-0.008792720206212613
2017-01-06,0.0030366655507797183,0.006436439000676421,-0.00446704519065212,0.004179704639211755,-0.0013859144704665052,0.008504365220722518,0.013175279974855188
2017-01-09,-0.0007459912270288283,-0.005344725877371491,0.013155933222634959,0.013514922727568775,0.003426882270219653,0.0023877348340109253,-0.0003326524756355132
2017-01-10,0.006678819450881373,-0.009483917560914715,-0.0071489157475088695,0.002589198355253483,0.005525124652253535,0.01660478329470914,0.03548335142332967
2017-01-11,-0.006428538409413492,0.0011721859892546138,0.0014441173006506454,0.005222012642823517,-0.006232677556973908,-0.008992607776023339,0.005572296116436285
2017-01-12,0.0015134545253702742,0.00409911085224644,-0.0008599216691456277,0.004327584387929228,0.005102478899873601,-0.008116825725443822,0.0020604251818116264
2017-01-13,-0.007089252276113335,0.008794959476480627,-0.0032949264026295717,0.004341230619093768,-0.008356678789338597,0.001732705850960486,0.009337044655336833
2017-01-16,-0.001602214355467696,0.004323221254605951,-0.001744079301063891,0.0040604851331771195,-0.006786148405279058,-0.003947411567927352,-0.00985973861515361
2017-01-17,0.006160610900649582,0.00914815838428408,0.004895574101749885,-0.0020056056789731908,0.0011698124296292732,0.011147718930076565,-0.011343783945700465
2017-01-18,0.002166647317406706,-0.0014830075984209128,0.0026331775850329665,-0.0036879745848939017,-0.0009924467664292396,-0.0016669436584121143,0.01198372784425922
2017-01-19,0.008258622661871148,-0.00976719439758959,0.017832350845540176,0.0037915361677133864,0.0036916901728795692,0.0012078162207718748,0.016990371237740092
2017-01-20,-0.006447025019103807,-0.003245395980994369,0.008102787574440318,0.002286460107478089,0.010714792736218904,-0.004704053326261111,0.011243103026321078
2017-01-23,0.002628038230586467,0.012252109114893129,0.007348795206739506,-0.006965283676361596,0.02853114999734176,0.0008962496579440875,-0.0041912083654570085
2017-01-24,0.006995110114773154,0.005312760286269503,-0.008905702214608553,-0.0006171537614071813,0.01748303990871045,-0.006085843418868474,-0.004756161696167107
2017-01-25,-0.004267073273467723,0.0040461996302668364,-0.022637735544429823,-0.005373921294754822,-0.013511925242761763,-0.004021832486881094,0.006979507019942632
2017-01-26,0.0007525151688358191,-0.006762282397019735,-0.004274783284962362,-0.0001601757334510828,0.006017828187166006,-0.0096006286513974,0.006391761569251956
2017-01-27,0.0013015974238026634,0.00615900984210334,-0.00012931686384425975,0.013675004137392843,-0.006622878041576385,-0.00447839665915509,0.004753064213718863
2017-01-30,-0.0036952860232463973,0.0066425005183940785,0.011261329695566931,-0.0067725967936159885,0.006124239365585732,-0.0007160239563709197,0.00925839613856639
2017-01-31,-0.010242540949771914,0.0026957524481128346,-0.005606629672333206,-0.0008730020621037185,-0.009467135182713813,0.005339549484976779,0.0006480977983419021
2017-02-01,0.012242787823756153,-0.0004739331845043035,-0.007909223049521488,0.013805010671679994,-0.01058697698449323,-0.0010042569961167445,-0.00015651681179838192
2017-02-02,-0.040766126926084334,-0.010098149516013037,-0.003772711033004648,-0.0004990058501715387,-0.002333180561178546,-0.003167873042324992,-0.004149667192909813
2017-02-03,0.010705405322939341,0.0007734629012547176,-0.017569913608236176,0.0020957590613060787,0.011638783453997999,-0.00441449936742802,0.0019158809741046216
2017-02-06,0.0026988007777851678,0.004482278206432351,-0.009107435280907012,0.007232837408386268,0.005320547396683709,0.006072254826971484,0.004957650998520051
2017-02-07,-0.0011566061776012995,0.005048371296998157,0.023797168838380296,-0.012368428866928889,-0.021243482984929455,0.00519192138498437,-0.001715069266382789
2017-02-08,0.017416062429529713,-0.005139174255014685,0.004322309163325153,0.024140254860759117,0.0021343934068962047,-0.007416769575994855,-0.0027263303457134938
2017-02-09,0.01804538355913474,0.0015095993332367463,-0.0015419924183666576,-0.004945691171596657,0.007940611859811339,0.0031883608693411615,-0.004636119865597823
2017-02-10,0.006867063285983206,0.0052818702725686804,-0.004122961421538089,-0.005583489382494189,0.0012667565323596505,0.021871755967309073,-0.003267652642571294
2017-02-13,0.009703566138759763,-0.001517753617015642,5.9887042829121744e-05,0.006587889166643929,-0.00821659558460744,0.0026875210579931108,0.016167510718770664
2017-02-14,0.0005275598559118336,0.001686571213723858,-0.009072195146748719,-0.002321170880142283,0.0005435748926174547,-0.004359177916462177,-0.0024445741661249065
2017-02-15,0.005211648914321528,-0.004221112367389444,-0.0012027945167712405,0.006094607724626144,-0.003544922056542941,-0.0027645188304994146,-0.007403140693298107
2017-02-16,-0.002839245446887528,-0.0062096067231642675,-0.004972023917744617,0.0005451225544108049,-0.009626701398048007,0.003997025524420997,-0.008066267467209481
2017-02-17,0.009600396741631349,0.006840484777522467,-0.006915326077372914,-0.002527622131613457,0.0013394497559869835,-0.001596134390231482,0.0029305978860191062
2017-02-20,-0.0001394143460312013,-0.0009165782892015349,-0.007550663663238693,0.010630468659402864,-0.006285401756557086,-0.008389390626110457,-0.004747357704305429
2017-02-21,-0.004045347454305714,0.005267689480682282,-0.003953229707994192,-0.0006208819075742624,0.004716310386476693,0.0020118983770675398,0.004137941819181024
2017-02-22,0.006420762381602588,-0.0018592824671896592,0.0009748645790939175,-0.000554859929541059,-0.0023982452149952185,0.004093863728956912,0.024933494634411454
2017-02-23,-0.003282039985438512,-0.0050750349671026896,-0.012198801968194247,0.005855670064472686,-0.0018222241730558551,0.0011522177913292422,0.0027358447821273215
2017-02-24,0.011154271693612711,0.004280398409381418,-0.011288506026515767,0.008633415963552967,0.005273544555671319,-0.0034451169941053204,-0.006185042958513565
2017-02-27,0.004229950048913837,0.0014160286069451265,-0.00488130172302764,0.006656006231526971,0.0012513399557559758,-0.0006895125004788741,-0.004846398754319037
2017-02-28,0.004302381884228237,0.006818901883203797,0.01228051248792469,0.004190224069210527,0.015606791073510528,0.005215961265033552,0.005253212780956059
2017-03-01,-0.0022331750296924464,0.003829538008659396,-0.012092416700351567,0.004051436266958216,0.012918710185665833,-0.009331218448290081,0.003259918132871888
2017-03-02,0.0030804723787145093,0.008876722415635831,-0.005265353615997001,0.0030076138133159607,0.003984280934429554,0.000946938449744441,-0.010018200835411935
2017-03-03,0.0028452824217000193,0.0006015589346519398,-0.0018743903029525208,-0.0049441409382789065,-0.0015423805992708884,0.007389947956686242,-0.013588776313667004
2017-03-06,0.0029296643650810437,0.0054291528289320354,0.0015228097309089392,0.0017912758899194842,0.005429643203529092,-0.009920744128088155,-0.0012030185964064918
2017-03-07,-0.004134434030841158,0.0023359720114912905,-0.008687978509968162,-0.00461748673176458,-0.002409465141306886,-0.007391530625379287,0.001052065087653973
2017-03-08,0.003364924394142057,-0.0030358703745125217,-0.01729385002552201,-0.0015742204780320717,0.0005493236495172625,0.003892791292362567,0.0073854471398543
2017-03-09,-0.0008383911353818067,0.0035681698809328878,0.0005644595407816041,0.005395440792740032,-0.003944760502506865,0.003340574206372856,0.010372894569784732
2017-03-10,-0.0003360082171840455,0.0036411550436180238,-0.0009156124264142982,0.0024246112899506374,-0.010629937125853191,-0.021600529519319178,-0.00215835756970234
2017-03-13,0.00949609768616256,0.004072081800581084,0.006231736599338851,-0.0002035600690729241,-0.005554132131225154,0.0034212504115796252,0.0013102829418984835
2017-03-14,0.0012963526800621402,-0.004134534234546798,-0.011678453037192648,-0.007412944142745643,0.017650542514389682,0.024914943008681748,0.004462108188254974
2017-03-15,-0.0018002527380129633,-0.0015515849754753363,-0.004235651472631732,0.007559888701463987,0.003505754845582828,0.013813017388284509,0.0052494473012372105
2017-03-16,0.004661464537885918,0.0041753099790396864,-0.004848256299576159,-0.009088748658519307,-0.002840493736421434,0.010849080914857357,-0.014987969529276104
2017-03-17,0.001960379242181201,0.0026475564194916048,0.012867249850620526,-0.002683791916465047,-0.0032251907935955063,0.0027807288170143673,0.025347146308583
2017-03-20,-0.0034842182364603095,-8.450135309249457e-05,0.0038778652285551686,-0.007737200471021669,-0.017175625123973,-0.009597186294742483,0.010577947991171484
2017-03-21,-0.0032789628115770008,0.0002732205497390964,0.007029341991156393,-0.0021054564783921895,-0.0028084435293553975,0.0009710468549570492,-0.011301915055248909
2017-03-22,0.0022141231479982054,0.0005936629897816318,-0.009179784796488717,-0.00023326961482628453,0.005945820173612074,-0.012184589583291112,0.011176505176889456
2017-03-23,0.012669485195361858,-9.302898830654057e-05,0.0021984276309340058,-0.0019672119618440124,0.00380097225880147,0.004269033409216625,0.001107990548270434
2017-03-24,-0.0021983261649706474,-0.008963422905068767,0.001453028523724438,0.0030502527621071953,-0.0004773420133306817,0.014617608549161647,-0.007271759925879911
2017-03-27,0.0013087062668644433,0.0021668351678103964,0.0017988822770176002,0.002947780937707092,-0.000564673857879501,-0.0005976757122113939,-0.00841634417024564
2017-03-28,-0.008156085379364564,-6.0191621970938816e-05,0.009745978669944023,-0.0006786304962406719,0.0008555407834593703,0.004344708910663258,-0.0017060962431597678
2017-03-29,0.0041505431325966555,-0.0007356999088435221,-0.004643644820285393,0.0010571943876687357,-0.0015838650680990048,0.015004122497052822,0.009236019999788082
2017-03-30,-0.0006802736971413357,0.011254387530907798,0.005722395303477058,0.004430086016770767,0.0015955453536006684,-0.009990432677922122,0.024366686339706563
2017-03-31,-0.005798679630813403,0.002047950415746339,-0.0056376240085400575,0.0015164282568013428,0.003641522598044659,0.022516400562075593,-0.010971188328936048
2017-04-03,-0.004499691409391912,0.0025275820427016734,0.006740153771779559,-0.0009767418846021903,0.013606538317657445,-0.0010608359456522006,0.0027588016343810854
2017-04-04,-0.006288123348253893,-0.005917198911483915,0.0031656130028382573,0.007688370168976196,0.006004204248080529,0.011075674319875498,0.003122664001982611
2017-04-05,-0.0017860468871520878,0.0016120638508727474,0.0006079120270099042,0.0037718201760794895,0.008655843552316257,-0.008629351019670134,0.011261492312977246
2017-04-06,0.008857091412333479,-0.00282031560412134,0.017417681537159158,-0.0017491634679878134,-0.0010841052764450831,0.01291700826760947,-0.0021122873729212933
2017-04-07,-0.003774074303302995,-0.0024385900706569387,-0.009513767415843396,-0.0014366461478125653,-0.002319526525260756,0.002511225584437748,-0.001184506047122807
2017-04-10,-0.008425538273610398,0.004101799635381347,-0.005212480836672619,-0.0012180396543373922,-0.001383440334737186,-0.019161977889752883,0.008951418279366543
2017-04-11,-0.0016368435541219595,-0.004231198634719198,0.005813344559806727,0.010317739301930518,0.0023299987224268816,-0.003733333121828334,-0.005992485622549395
2017-04-12,-0.0009380719376101606,-0.008615101857017667,-0.005108736645131754,-0.005393870488259039,0.0067814856292062915,0.001025559181531659,0.0025182994537748366
2017-04-13,0.0062684161762253734,-0.0007063510269117499,-0.0038884200133973146,-0.0031022532302528985,-0.0037205645202317487,-0.014880588964227445,-0.01896996198101052
2017-04-14,0.0014606133377936294,0.00648759251987578,-0.002915756041444352,0.004503322944533994,-0.003660443666727445,-0.002828409379377502,0.0157788653177651
2017-04-17,-0.0027806885691924526,0.00445479355018642,-0.0009908637817579212,-0.003848721641323169,0.004289642299695247,0.0006971207576844168,0.015815845385069385
2017-04-18,-0.0008650461094532843,-0.003922652288670388,0.011257858002087716,-0.0031909802563303367,-0.007866751363612149,0.01106307215671082,-0.0006934378106072445
2017-04-19,-0.002678398248876155,0.007075671058148788,0.0010803032363982817,0.007758632984747188,-0.0031290428174406307,-0.0036009211010953348,-0.0008529806141900126
2017-04-20,-0.0023557514423532904,-0.0004867325781850663,-0.013062239313822036,-0.004374976387021384,-0.006270943691246761,-0.00822474868310495,-0.0031910847822790396
2017-04-21,-9.708294127019185e-05,-0.00020057342759202047,-0.005456691506386585,0.004452603167300731,0.0023102714175112283,-0.017701206394787384,0.0004239149570528533
2017-04-24,-0.002801758085953901,-0.005411339951805977,0.008320780465755483,0.005851454928974354,0.006952145397254306,-0.004502010961958043,-0.0049704460076345665
2017-04-25,-0.015321083599167694,-0.0006685988961105151,-0.0003162229114135527,0.0020393314417946726,0.009080599552755876,0.0008160974625621314,0.006402859275382814
2017-04-26,0.008172207036504491,0.0031942956625288527,-0.01036826234930772,-0.0005087885011407184,-0.006620956784717925,-0.005686234607468466,-0.011807089461660356
2017-04-27,-0.0017396903056479391,0.01498366358910187,-0.0006972531864298749,0.0040754455675848815,-0.0073371197847835875,0.007789547727885022,-0.0006185362306246446
2017-04-28,-0.0056108022127823965,1.3059154855266739e-05,0.0061512317648371884,-0.0032930739362955273,0.0021639028177294142,0.000505009649225212,0.014894923923190459
2017-05-01,0.0034941346132875994,-0.00279170521591878,-0.0021340384166594504,0.0022724905404291804,-0.0002848810316243847,-0.0008441809686114909,0.012644323643280043
2017-05-02,0.004791935075630323,0.005533812968619278,0.004392384210381938,-0.00014414853767683286,-0.0015148354875114578,0.0031923390126288214,0.0073329477028662516
2017-05-03,0.0033362126640083803,0.002186313119753847,0.006172519494795879,0.0031067831374807834,-0.0017855232686415238,0.0035718948330431756,-0.01780045155376535
2017-05-04,0.0030944180198860943,0.0046387955282371045,-0.006475799544916044,0.004749547940945408,-0.0037172530333089986,-0.008783570228556126,-0.008296918226417113
2017-05-05,0.012784393070567831,-0.010332680952880799,-0.006141806383570565,0.00837583549436173,0.0024707936086016784,-0.01652449851915967,-0.026131259301589403
2017-05-08,0.00423124742697134,-0.009936066037752702,0.005174130875787867,-0.0034144351204696255,-0.0022171464336660698,0.004838521089791152,0.00486601328303309
2017-05-09,0.002544937707085737,0.005026864771146205,-0.0022697470270984935,0.0010962337387859398,-0.0014402186461763837,-0.0022663817880780733,-0.01099481464804527
2017-05-10,-0.004778120988096974,-0.0163311440218781,0.008951122145827899,-0.001516503719305892,-0.0021051055482929687,0.003207779002899326,0.005945462762868683
2017-05-11,0.0004422637836400737,0.01023568859321423,-0.0054770984271702875,-3.146937759099486e-05,0.001985032058615607,0.004725544245054833,0.014683963660108847
2017-05-12,-0.0007608076325924605,-0.006559847711997639,0.008767086397461297,-0.015419260175135212,0.01635199514505996,0.009567814824559519,0.0019648644590805
2017-05-15,-0.006737920970097739,0.006594402009623446,0.01696819309893099,-0.0021481041502759662,0.005970159661681718,-0.0021112692596636567,-0.022044889602315588
2017-05-16,0.005255059261435745,-0.0013588084514343935,-0.00667088683507404,-0.0008759715377255484,0.00011217183397085797,-0.00368111488443016,-0.009322296331722879
2017-05-17,0.006912634558570818,0.0036910504438642205,0.011296756939077298,0.02686650644082534,-0.0009959096528353783,-0.00039823001231200836,-0.011016774734385627
2017-05-18,-0.007538523016407412,0.0003995967864324534,-0.014432886024929611,0.004062706269085202,0.0008161719204346909,-0.016383088483545152,-0.009839080041557709
2017-05-19,-0.005774380801822802,-0.001998784728140648,0.0003599177173088897,-0.007878223373947578,-0.006934722890807049,0.009226884576023752,-0.02058379325616588
2017-05-22,-0.007704925426993091,-0.0053584202168225825,-0.005844449913219247,-0.0035669645884315,-0.0007684691177205909,0.0005032797631966726,-0.01149658273649127
2017-05-23,0.003177534088606217,0.006302678168577998,-0.002020341018313624,-0.001678917100128402,0.0007608700536288383,0.03889658768695284,-0.0072764182342509075
2017-05-24,-0.0003365578406802308,0.014111192581410898,-0.013263750700218053,-0.010187356778020632,-0.0019395159473445719,-0.005217309451484847,-0.002500075949716163
2017-05-25,-0.0004933909366169211,0.0018025973701050306,0.009401682230554086,-0.00012575020915575478,-0.003327345659529856,0.0002684813468158297,0.012797693252972243
2017-05-26,-0.0011687072790964245,0.007833412932520923,-0.00025970037790604806,-0.013444200184325874,-0.008748777478682166,0.006908944519737361,-0.0004899091734094266
2017-05-29,0.006916584588873649,0.011542331525667743,-0.016164394937030604,0.011298347223989239,0.013920716450888462,0.008550704601543849,0.010368104291969332
2017-05-30,0.0030730865240418486,-0.006512881604510922,0.008427086262018196,0.0023252850630131397,0.002784567561095118,0.007297921701872533,0.011094428707921416
2017-05-31,0.00044772870457433377,-0.0007389897897365692,0.015558746269448358,-0.0038461617830237793,-0.0017405835433370795,0.008855284454529757,0.009643458102140803
2017-06-01,-0.0012023588950756468,-0.006407218352575411,-0.0035107951979491733,0.00031047135537051566,0.004399908966234115,0.0023889520646669746,-0.0007424512589651922
2017-06-02,0.000815835974687998,0.003951354211791447,-0.023687990996019235,0.0045127179928145045,-0.002739751918339212,-0.0010970974941511156,-0.00673405614474021
2017-06-05,-0.001839358460804591,0.012297636771675478,-0.0001059313134384823,-0.0052104353184194005,0.001729664301832384,-0.013136309850443359,0.010635583695673887
2017-06-06,0.00580231866713278,0.008497646786913955,-0.007574062898211176,0.029274713010912508,-0.00370915330492146,-0.0019390910379843236,0.0011443448226327762
2017-06-07,-0.005575366175028415,0.0011045196030777472,0.02988593588022421,0.0049494249940700615,-0.00388352480342295,-0.010041568819111208,0.004612054030452814
2017-06-08,-0.003712026684951386,-0.01515799667060854,0.005360390018048096,-0.005084235988066518,-0.0033544488112307383,0.0271013363444795,-0.012378240823235102
2017-06-09,-0.007806897697033679,-0.005199020127197797,-0.0006595534565447035,0.006749835226556627,-0.0028792048463986983,-0.000827063568424455,0.0034424357871633096
2017-06-12,-0.0074885615475304545,-0.0037146003538791037,-0.00802615997369661,-0.009275838704460236,-0.0027265258820942436,-0.010441229245443986,-0.010738728035349221
2017-06-13,-0.011011372743158176,0.012366994951404768,-0.0037221062251324346,-0.008652868145002688,0.005701732182822156,-0.00954756464313271,0.00035398140065912226
2017-06-14,0.00011716131700461562,0.025735430822591058,-0.0291144030135122,0.004133141534563223,-0.007737757146738676,-0.013634832376711262,-0.003773578939234222
2017-06-15,0.0013104393989828889,-0.0098699781142521,0.01997147438592662,0.008412722895129319,0.00013117424333857286,-0.0073334277168388366,0.013447156500669551
2017-06-16,0.006735122061044868,-0.0005104104072611303,-0.01812014473364831,-0.016929585287965856,-0.0009702130625362514,-0.0011417671710896833,0.020962259854238486
2017-06-19,-0.0061449883483346325,0.005978631772523671,-0.008685833057263039,0.003240727936450594,0.009844602073934198,0.005860344312576883,-0.007451375116530413
2017-06-20,-0.0036971062378823877,-0.0001281649123503973,0.0007936685065487701,-0.004565752001029896,0.011720681036772141,0.004346836574756969,0.006448464028786738
2017-06-21,0.0029364063469454974,0.01055827362386177,-0.04017374588204529,-0.0035700873961276233,-0.010364657303343417,0.005207054874250367,0.01479577672855032
2017-06-22,0.0064983897180709155,-0.002442931587071765,0.003958737617833404,0.005244850816584575,-0.007129612574877799,-0.007098688740618311,-0.01097038970809726
2017-06-23,0.0028447016941478193,0.008524985774578912,-0.04725900608857771,0.005952330421576947,-0.016064862610806835,-0.0037727408557374532,0.04235128194932169
2017-06-26,0.002156479367500549,0.006451053880181358,-0.02398227204575975,0.0029487611114263077,0.0019919821499820773,0.0036295071359181944,0.023738726044857845
2017-06-27,-0.00741011834454941,0.001365998947799804,0.024598038004646487,0.015730742721084278,0.005077544025673266,0.003005575519599072,-0.0025942467949065717
2017-06-28,0.0019898898932312844,0.007426681505949069,-0.0022600669285548643,-0.013700742894150603,-0.003948228754641249,0.005209339876481482,0.00010273651087642203
2017-06-29,-0.002477445255276073,-0.0013432938738534021,-0.0314524701386082,0.003729009506100619,0.0030872732261392325,-0.007872186110838545,0.006903250365845854
2017-06-30,0.0025407514255952764,-0.006360144756637781,-0.01395406682781311,0.0006158758040903508,-0.011944569311102085,-0.009186477369948527,-0.0023474379360113227
2017-07-03,-0.0040712531521025,0.00257462080099459,0.005179633286889736,0.009848895252074122,-0.008057690705732552,0.004125568641018047,-0.008755933231335694
2017-07-04,0.007502742217807812,0.012342656846237405,-0.07826002276535246,0.006095451871759613,-0.00259460631530474,0.020347888169169378,0.003930415761902698
2017-07-05,0.001759253974343628,0.005209784125568662,0.004490970192125355,0.0006901069100663543,0.0013932400281949206,0.0016075036122629707,-0.012258206522825667
2017-07-06,0.0009171248261949621,-0.005802393164406962,-0.0002513850497347884,0.004545707660747908,0.002428977969585518,-0.0035451744905116143,-0.014819843811053094
2017-07-07,0.005466639308212796,-0.0010660034151346927,0.032577657491592193,-0.0033066527829630895,0.009079085451551266,0.004503498603767552,-0.0035061441168924906
2017-07-10,-0.004992140388015629,0.0003663433562497873,0.03675911037286786,-0.007573225302736242,-0.0023898807252340725,-0.007292656498670108,-0.008420002008720366
2017-07-11,-0.007524746045064886,-0.0047847301261903724,0.008978024591045058,-0.002007390325152553,0.0036594953507585073,0.004123985735100513,-0.006981645417366323
2017-07-12,-0.009101482504556429,0.0003509680265753466,0.031402380114168,-0.00774900604020263,0.0182302009374375,-0.0072991106775326725,-0.004183432834590539
2017-07-13,-0.0013938232356169155,0.0021116761069483935,0.03470140042634363,0.012638895182073276,-0.007817296050051355,-0.0075089435754751,-0.001490766544943574
2017-07-14,0.005302440964587132,0.0026261928970231956,-0.009667547914955076,-0.008153963926980909,-0.005792315969649093,-0.0006709909514234759,-0.011882313095711104
2017-07-17,-0.0016265333855373732,0.012931206364997862,0.01768794398334711,0.0011049631512438745,-0.005008719012793483,-0.005897755055925407,-0.006578535094673681
2017-07-18,0.003083980967584736,-0.00098053443075585,0.012521794675274379,0.00888550658712708,0.00042448293566008273,0.004642180635354301,-0.014915054378945077
2017-07-19,0.0010888208456243285,0.014800030853796154,0.0009859100597200132,-0.006572319192841198,-0.007124949258437156,0.010773918988907564,-0.0026421467721853722
2017-07-20,0.00018134104668474424,0.008479117504942978,0.01187954547289153,0.004473195352094552,-0.00306978573855775,-0.02410401770697663,-0.006035369227730854
2017-07-21,-0.0016905299932022423,0.005415991837392802,-0.017211241431442918,0.005532338385598337,-0.004294329885800319,-0.00851741036529496,0.0010511084090642448
2017-07-24,-0.0027338195847637346,-0.0008687446971142486,0.016873765792067244,0.0007675690008070328,0.0024457464354350686,-0.0002930101479003209,0.0014965235649641296
2017-07-25,-0.0013268742970246803,-0.008072618367465145,0.006063688707790626,0.005176403409788022,0.008568098308848547,-0.00475581604100592,0.001687893773055222
2017-07-26,-0.00016888971816535027,-0.007331796673212661,0.02432346597717942,0.0028157930070848106,0.0001971204685453918,-0.002825080548450998,0.0026495617148780885
2017-07-27,0.001386272418442478,0.004299629678142181,0.0033128458810674534,3.3243225618554946e-05,0.02581053442377723,-0.004200279998186365,-0.003574806214176724
2017-07-28,-0.0025299419492306016,0.0013462633024658162,0.027686321599348217,-0.020455209043618906,-0.02167392729930824,0.0018510866126887594,-0.0014835982752119733
2017-07-31,0.003714649148798301,-0.0018106357691235805,0.007966806723293985,-0.0007488080473931837,-0.008147808831593894,-0.0015427173940745203,0.005358034670760771
2017-08-01,0.0062570927883660995,-0.0011068791901704365,0.02902555388193846,0.010090577765619332,-0.0037610606234633887,0.0048935627358135435,0.00019280856052807268
2017-08-02,0.0036539679361951207,0.0009486400895735952,0.002141604384714289,-0.008418029933869392,-0.0071600034134969015,-0.00373210882738209,0.00021284278078058166
2017-08-03,-0.002183290731938468,0.0034556292891910648,-0.0031498113977530932,-0.00933974294915262,-0.0018521288260605554,0.0063772989639304355,0.0010456002663144625
2017-08-04,0.004190989856037439,0.008053151246629989,0.0021878918442347108,0.005768986157105014,0.005912758672610414,0.004453863451632054,0.0010748517979923102
2017-08-07,0.0037137985287623446,0.025694370463597183,-0.005562722493170156,0.0007272969667645968,-0.002227302044449367,-0.008858558961525173,0.0004886436867889179
2017-08-08,0.0037693015155808693,0.00912256231332622,-0.01314595509777135,0.0013863546116360762,0.001217021312627586,0.0031263813571955346,0.0028395305278695075
2017-08-09,-0.011946455992164918,-0.0021582358983183265,0.01900744525662639,-0.007880812391390603,-0.006440898612378668,-0.014191120758376996,-0.006361848028308017
2017-08-10,-0.002261158364555276,0.0055755086480396105,-0.02622021148976987,-0.008532111142755275,0.0035941390431055136,-0.006770728752999733,-0.008976289423837448
2017-08-11,0.0024039470109739384,0.006168728696417605,0.009879487229549422,-0.0002211181817193173,-0.0004541474998482873,-0.00895832122654106,0.001993874379976109
2017-08-14,0.003475508331393697,-0.002387683469850075,0.0007469119312796778,-0.004366983707206436,-0.002127593269950257,0.011991511566756955,0.0043627258938894655
2017-08-15,-0.002554348305890717,0.0021349912276926166,-0.007498607194395695,-0.014603590888585361,-0.005706856399332826,0.00017676014322438467,-0.00015727417683928296
2017-08-16,-0.0011099269357979272,-0.005301605913506186,0.04641752151802653,-0.02518538072910374,0.017231744666624076,0.009981648587050597,-0.0022970203023407075
2017-08-17,0.0037057351188804076,0.01281915761131104,0.004119979229546822,-0.008744264673755072,-0.0011202468931159116,-0.0037252111623056164,0.0005502436392843107
2017-08-18,0.0034836954979109757,-0.00011833425908225684,0.03130454229535841,0.02063759172158436,0.0022509172972461603,-0.002191893992084535,-0.019677002067966833
2017-08-21,-0.0011634995858118625,0.00898270058703493,0.054597902959935045,0.012925779781137604,-0.002993277121097616,0.0013185088137648454,-0.006488317598646985
2017-08-22,0.003812035510933572,0.002737440722990501,-0.0010433529605706699,-0.0010400762850046594,-0.0030357430752046776,-0.006791849144086354,-0.020590484526776295
2017-08-23,-0.003033051366902942,0.006380189931072543,-0.0023357276594024846,-0.004013955194348922,-0.007663438243811938,-0.007108068076178159,-0.01681889529030383
2017-08-24,-0.012392869122278272,-0.004143068597631524,-0.006453795538390337,-0.004378197980531554,0.0012912053874182575,-0.0034647299434667905,-0.0016046635258444432
2017-08-25,0.0004549825724566004,-0.007759177257003825,0.01530115686242366,0.013562359296254248,0.0023911459537400413,0.0008965937164041319,0.0172487994824806
2017-08-28,0.0010852094737607671,-0.004856371843887414,0.05936351959156288,0.007794490181663731,-0.00391882084394895,0.001932709103309494,0.015091269877642024
2017-08-29,0.004336080346744763,0.002552012206351123,0.0017497537439061539,0.008105086419931216,-0.007103589995076674,-0.002566592140388874,0.0019991125424186316
2017-08-30,0.008467403065472945,-0.005841830710842561,-0.002964909751565646,-0.007588663989816127,-0.007687717729279257,-0.0075488589972208114,-0.010598994536726568
2017-08-31,0.00046594650039471114,-0.012696114344262073,0.01254344260269985,-0.004831487235720416,-0.013138853873494226,0.004417011689927245,-0.004406806044046905
2017-09-01,-0.005735520318782391,-0.0020195986905422797,0.025235752352137313,-0.011736917460193178,-0.0012921005120825081,0.006084482643212799,-0.006486941027449554
2017-09-04,0.0008252695803526903,0.006965645776780473,-0.011673710621331922,0.005375722262481782,0.003744175862876252,-9.90004435309338e-05,0.0008464697523864191
2017-09-05,-0.000312290544386106,0.0033352766241606904,0.013019149707467724,0.0105268834960547,0.0017474958301671492,0.00360389292085102,-0.0016695446358729832
2017-09-06,-0.008742355008947298,0.004245986259864942,0.006740074804535998,0.02951484019966353,-0.007175585958363862,0.007051883888207504,-0.008760179401800672
2017-09-07,0.002096116438681498,-0.0040470448286845755,-0.018412886562889037,-0.013494278786063218,-0.0020962800980682083,0.0012945169465529561,0.03275720995257823
2017-09-08,0.005731932935905424,-0.0028535179147653657,0.020528325883611385,-0.00265812662791816,-0.004525807228108502,-0.002549025281799861,0.012032661834978434
2017-09-11,-8.963626369769101e-05,0.004333311117546737,-0.003044124985781318,-0.0010198512688414229,0.004590078452050499,-0.009381798503566711,-0.010624099758802904
2017-09-12,-0.0005050569763947414,0.007829332811699166,0.00999265931748011,0.014475692464456468,-0.01464740268540246,-0.003580402502233735,0.01268804859655943
2017-09-13,0.002213884388272297,0.0027809077499726066,-0.02611763021554882,0.009676626905870943,-0.005398035647040499,0.006437254760928071,0.011816152582994701
2017-09-14,-0.007015297683206911,0.002280494641236071,-0.00575896279321152,0.0010032168067438455,0.007980647136265492,-0.008224006313138675,0.0035352352571029542
2017-09-15,-0.0043055252734172265,-0.004749505524085048,-0.007075087081937152,-0.0018649030379673036,0.018235877611917962,0.013433494279433468,-0.011919379472631839
2017-09-18,-0.0017488442282776373,0.011538918758208158,-0.01773467369414609,0.0020795711180881765,0.043204459976602036,-0.0023577915450498344,-0.009887748146692918
2017-09-19,0.002821820463706729,-0.0018749106530399928,0.012289835680944427,0.010430895838355077,-0.006821877562019015,0.006085937795377899,0.00985854272788336
2017-09-20,-0.0019268536728773529,0.005466886826186101,0.012722996266159924,0.0013895234787071138,-0.008410245164844486,-0.00012454699911052216,-0.011336984689165759
2017-09-21,-0.003988104788597966,-0.004543163193811428,0.006262869794059405,0.0009315693064423268,-0.00539928748617238,-0.0004671895351506226,-0.0011765801914726444
2017-09-22,0.001053285293427723,0.0036814451674400893,-0.01026863785333048,-0.0032444962322148176,-0.00797176084377937,0.009957159939664985,0.00998616233173344
2017-09-25,-0.00039001524900603244,0.0017120643005794666,0.02352979532674936,-0.004062518428338746,0.0024763517410316613,0.012816405235072909,-0.0025049983026556723
2017-09-26,0.003075784041462827,0.0029128595089992705,0.00508567111060774,0.0024571752365663293,0.015734412406275523,0.004418914841233326,0.004415434668327837
2017-09-27,0.0015322454470592236,-0.008470273145603845,0.01064488048308034,0.001219473929268272,-0.0007911385280392586,-0.03397686727534147,-0.009562060037914016
2017-09-28,0.0033400491291572893,-0.0016300141330071703,-0.0012674960896460672,0.0033849444408682434,-0.020660141445208,0.010158676083317022,-0.009584113583690292
2017-09-29,-0.004147611135920293,0.00952826080433759,-0.0030608386235275653,0.0010193806063955382,0.007482763423888061,0.0044330958024927725,-0.0017137820768127743
2017-10-02,0.0071524869230471825,-0.00741761686862921,0.006876257863823234,0.010834043685287406,0.010853728625770399,0.0006356492981422822,-0.011629971936882989
2017-10-03,0.0021212195781325945,-0.002165883205863869,-0.003943509624217058,-0.002120299884007048,0.0030259894988037455,-0.006249236274093148,-0.0033467625422707492
2017-10-04,-0.00030225694259127076,-0.008839710999480572,0.007682092238765201,-0.0005872926738703886,-0.0035281009078769574,-0.010051681929038405,-0.0033491723746985023
2017-10-05,-0.002457605128682009,0.00923800953415112,0.00731905486860017,0.010451142543320089,0.0018151975671722351,-0.019381545498771652,0.0019324873366146462
2017-10-06,0.00353896694673326,-0.0029965103873798144,0.002559465806955297,0.01802910919885727,-0.00245825172907833,-0.02722247958266614,-0.004813129061394796
2017-10-09,-0.0010554932128093695,-0.010601839808413473,0.013826966562664992,0.005304663879881566,-0.023898764815714797,0.000103186084373214,0.023901878376951173
2017-10-10,0.010635598382531863,0.0010251362965379852,-0.003956411003698274,-0.004786107317664318,0.0007203129100021503,0.01913522448859337,0.00645486397888916
2017-10-11,-0.003981166970924733,-0.010307948770919687,-0.011095794085903023,-0.006202893375087656,0.006995674987682662,-0.018961106073578284,-0.004312767292104317
2017-10-12,-0.0008562263684925939,0.0029913297925433357,0.00019200264847727422,0.002429101744833209,0.00033080533564971884,-0.001237707159455253,0.0029022837741336702
2017-10-13,0.0009355230722372413,-0.0036640395738861474,0.005642755222658542,0.004170077358509228,-0.01984776810828049,0.02436989014659926,-0.004963525976819454
2017-10-16,-0.003101213855508352,0.006993064255747859,0.00012888055657615222,-0.007757207505153268,0.004343291524896257,-0.002237748072137689,-0.006316625640712654
2017-10-17,0.003075691308072148,0.00850387709994135,0.002244896802954714,0.006576143854650813,0.0006716600045476104,-0.00412225589737585,-0.020263891195164568
2017-10-18,-0.0036951079797687956,-0.0021661586134039843,-0.0049519445296714835,0.019981549445054512,0.034437352085779735,-0.0088795895457663,-0.020952829578253562
2017-10-19,0.004636305088414626,0.002096888805838508,-0.003575507790105631,-0.00815441208980341,0.019539722764234154,0.009193852233575054,-0.014593289531719157
2017-10-20,-0.005717357241443277,0.0068946116619956685,0.0025899026808925032,-0.003647308196688536,-0.02567541222104457,0.0006597679286447872,0.012362080751342064
2017-10-23,0.004141062206856344,0.0056902100244774914,-0.0057390526190386594,0.0062609354362698,-0.03232833488001226,0.007613560281423075,0.0003319027824445218
2017-10-24,0.003361831341448887,-0.0027103747817323167,-0.006960420654635904,0.000469628147943303,0.006636847640596158,0.004100230931428802,-0.003703621023807412
2017-10-25,0.0024299205216486335,0.00128046350859544,0.01616315046845115,0.005156418076152728,-0.007319593435215501,0.010470431617698719,0.009660800137541505
2017-10-26,-0.000302683253507553,0.00588993611560713,0.004570631732419916,0.001352476872787408,0.03272887490650872,0.03815252091051587,-0.01186347330597754
2017-10-27,-0.00804028543768706,0.009026071824934877,-0.009868098607725476,-0.00018098227165092213,-0.001955367587270664,0.008468310133910077,-0.012360191685593004
2017-10-30,0.00668386780851375,0.010608398258042908,-0.006492464585299851,-0.0019776433248592587,0.008858473088165144,0.007638697189936125,-0.011510673961098733
2017-10-31,0.006464280248524235,0.0028276016264009705,0.0007925780919855541,-0.0017340252067050714,-0.0185988690321564,-0.0016538107808461318,-0.002100003858879885
2017-11-01,0.005094337133315601,-0.00615205787134255,-0.006364318126305314,0.007058463981770147,0.0009256548443037222,0.002034017970229751,0.03695659513401938
2017-11-02,0.005496475141975316,-0.0013371330999891573,0.003144362982427362,-0.0035157129577675778,-0.01359684511522468,-0.00032016555382162953,0.016912897787341053
2017-11-03,0.0032113041765785624,0.0030799631928203623,-0.004882389737978175,0.011655275060668732,0.00895499328278421,-0.0048042701486120405,0.015744423743337108
2017-11-06,0.0016243466099091508,0.0007187817456583654,0.007026394213904864,-0.004558663114378846,-0.009362738621573974,-0.011780944024003762,0.019558692507802004
2017-11-07,-0.002129414983070167,-0.004871788775363749,0.007223988050264858,0.0025417189998019154,0.03121476346321561,0.017532491318311378,0.040858086902352084
2017-11-08,-0.007018146582224001,0.00572595013532234,-0.0005347446561492479,-0.007591341173940407,0.0030481728657524815,-0.0030492938284387015,-0.017091780556929136
2017-11-09,-0.004030535841340415,-0.0007096993826908746,0.00190012351565383,0.0009796940772332202,0.0023869514060058886,0.007103570193797692,-0.03584767830030959
2017-11-10,-0.0001128299130925743,0.0008567013671781816,-0.00035772354478437067,0.005214461866204372,-0.010376719665205657,0.00858251618926433,0.028928161940946405
2017-11-13,-0.004344518071877422,-0.013136072928752263,-0.002775098065580263,-0.001794556365390567,0.01075308336779817,-0.006300806662081566,0.03140195381080697
2017-11-14,0.011572857946864582,-0.003083337795967272,-0.002970957320159926,-0.0037931705781168216,-0.002848149828384552,0.009886265878773105,0.01723214924273539
2017-11-15,-0.012001377719006773,-0.004060831925362334,-8.373339969044507e-05,-0.0030093490094814128,-0.006024139034472785,-0.016073847903502563,0.03868500156243478
2017-11-16,-0.006164354323442698,0.0013963928181778492,-0.0029774886652220124,-0.0028652138854638404,-0.028710539234628817,0.013449194270427864,0.015862780924535004
2017-11-17,-0.00033132355112277606,-0.013938591627968514,0.0029780320436635544,-0.0002461740603153447,-0.00014101098883486553,-0.015006868750924975,-0.03418814918757381
2017-11-20,0.0021947759912279417,0.0020404439595403372,0.003085200052026508,0.006838863847874241,0.010160201234308221,-0.012452638022155666,-0.004260829890632128
2017-11-21,0.004510479557017097,0.0004775537249361924,-0.0023371254260848733,0.002053171331875134,-0.015533706691396462,-0.00460612833320975,-0.012132018684227724
2017-11-22,0.004261961511804865,-0.0008290720207754555,-0.002657435114100519,-0.0034665577831241062,-0.021996596038258466,0.00021658352230504203,0.008263126763211111
2017-11-23,0.007579801325870375,0.002954057948700791,-0.002845648858422618,0.005240153284962116,0.01425352228013573,0.003216555148558348,-0.016570431438433238
2017-11-24,-0.010923909333784197,-0.007017387172192339,-0.002274750222028477,-0.0008198690351122395,0.0044178556740071765,0.006159271732592134,0.0642737910238972
2017-11-27,0.008778158763847665,0.006277055081769244,-0.0013345301102889646,-0.010005921047357109,0.003946186767777218,0.011441792146085226,0.01187575567445801
2017-11-28,-0.0011098838186614128,-0.009787946558465528,-0.0007541489805457457,-9.675805146621212e-05,-0.00015326513650213642,-0.011396922826121751,-0.014672665082889301
2017-11-29,-0.0028561832952772744,0.002836380077830888,-0.004698602192600896,0.0019046328305948508,0.007735398884275178,0.006344828021505847,0.0008959683350156525
2017-11-30,-0.00021831863802463994,-0.006783997224904113,0.0072066318215971105,0.0032699359451626195,-0.013137809847593905,-0.0019081313219553094,0.001281548596867192
2017-12-01,0.004192510176282143,0.0025511100874055005,0.005451791110005942,-0.002124278049283306,-0.011288417332827237,-0.011721558532370188,-0.00650990201107237
2017-12-04,-0.0006056253867336756,0.011070483377533821,0.01490268346915394,-0.0051389591436282215,0.0008512212445816111,-0.0010014948509916664,0.011005359421291636
2017-12-05,-0.0015189282439339981,0.0016165140982922158,-0.004974428119747878,0.00727696561693586,-0.01281930682608313,0.001017191906160239,0.0037168484561860633
2017-12-06,0.002598718407722487,-0.005802040033109416,0.004919227683652031,0.0023987471230517213,-0.02616098852758776,0.005894196809001734,0.003934956424810512
2017-12-07,0.0008608191645338311,6.762434613700804e-05,0.005163525204816526,0.006735514185826309,-0.01125244522402543,0.016868941684048528,-0.016114209789563447
2017-12-08,-0.009026994596744038,0.00787011151512029,0.005491438112853167,-0.006545921028000659,-0.00142506883095814,-0.005908399220263811,-0.008880998391065239
2017-12-11,-0.006489159106102803,0.002105618963113084,0.002833552812071695,0.002617354381945802,0.004394114311954175,0.014393628210580565,0.012125253417627367
2017-12-12,-0.001781440780230408,-0.005394032615096333,-0.0003304430255305334,0.006817344002357329,-0.010782458695346529,0.005457655149327673,-0.008056011623146817
2017-12-13,-0.004553965163477521,0.003371055737987279,9.561182348603753e-05,-0.002621628645362019,-0.03012910876488548,0.008508760867179058,0.034769693922402124
2017-12-14,-0.002613732016875766,0.0017441611779763077,0.006287706603609289,-0.0020889517592507113,-0.016719036437566927,0.007231046307855324,0.0038761761513112732
2017-12-15,-0.0001040402134737896,0.00017376157733650584,-0.0045820879794584895,-0.002211689477165971,-0.007473288678600186,0.0013716693159750845,0.00547788926389797
2017-12-18,0.0015255093686335796,-0.0008476620700542742,0.005180215934052984,-0.005450014341651197,-0.004816165530405343,0.0027260611459753448,-0.020244858445407996
2017-12-19,0.005680509599779978,-0.0013138622737799933,0.011405439591452021,0.0031333851578906236,0.009987869688424139,-0.011428748492138053,8.444302170938532e-05
2017-12-20,-0.0012930783012458072,-6.22005334430785e-05,0.003912078199302775,0.004713964765758676,-0.0026235728851141805,-0.013570610924788581,0.00464021510118499
2017-12-21,-0.001460484034253386,0.001141330448501174,0.0010210966992029642,-0.0033522697553333303,0.01994480999656468,0.008467281010986386,-0.006179803702705712
2017-12-22,0.003952369407946848,0.004409351393685705,0.007402566958614145,-0.003531618131372351,0.007173611568949018,-0.0013727984704762187,0.013308114891136891
2017-12-25,0.0032719314467382662,-0.0026726485806518614,5.148146190600987e-05,0.0002519950321495039,-0.009517531970483472,0.008659456227765656,-0.000471040987817731
2017-12-26,0.004795803893167716,-0.004138743971416385,0.007085821094315321,-0.0042323978088978104,0.004305575037306237,-0.0029315556039053643,0.006737371809903071
2017-12-27,-0.0058543871224304225,0.0024808161044962804,-0.0048767163737899666,-0.0018389403679863149,-0.0026873202406090236,0.009419468501775441,-0.007335318685870057
2017-12-28,-0.005614310276633157,6.565712090975086e-05,0.0008767559698625109,0.004325969964757876,-0.005549752579487935,0.015449123847538736,-0.01256813447282288
2017-12-29,0.001941381863960316,0.0016822611239631147,-0.0029533843116268162,-0.004287513211552877,0.004358991914134653,0.001153685479441515,0.029825670824262438
2018-01-01,-0.0033432996094307148,0.012555328752169373,0.003975328355078808,0.0036962066849816648,-0.0014740926585234358,-0.005613539326856331,0.0069117740380653
2018-01-02,0.0036316577917938787,-0.0032063881653047904,0.01028214908142992,0.0019194452431987572,-0.0062072653758599,0.01198830325387141,-0.00041818132355068906
2018-01-03,0.0010137688614583274,0.005126632763010554,-0.004915780263663001,0.004331547108202829,0.005406676113851011,0.011458199474914091,0.002858944809272284
2018-01-04,0.006461119002668006,0.001832898428416495,0.0048744455922805595,-0.006371991075165625,0.008660626408186352,-0.0087435948086486,-0.008233330904916581
2018-01-05,0.0008814161039777702,-0.0025837832429028624,-0.0033709802617628666,0.004419100158460751,0.0029152397283783616,-0.014948430667418603,0.006439172183728071
2018-01-08,-0.00015045663535237608,0.007140543651250723,0.004565058882127257,0.001013883506634327,-0.0025549079543712564,0.0012042738020490707,0.002673058466206591
2018-01-09,0.0018671027496540897,-0.011294440736253918,-0.006453009858224155,0.0043574764296722855,-0.011331664081938994,0.0024303315187125564,0.005100181784491982
2018-01-10,0.00041658396845710145,-0.0002134346916742061,0.004540967495768402,-0.002859831021273114,-0.002872950592539638,0.008341448811838867,-0.025556928139438852
2018-01-11,-0.006841646096317471,-0.003372371686320514,0.0006602634848045876,-0.004895704410145648,-0.0035574003730350417,-0.0032233987394763974,-0.0054938975590328835
2018-01-12,-0.0028335321232875158,0.007176404034636105,0.006435978398001521,-0.0004097054232489937,0.0004738767778055724,0.007074653460411413,-0.02498708238480418
2018-01-15,0.008000149186439263,-0.006401431169828043,0.00734948192495564,0.0009884021027184886,-0.01988549213897088,0.014500604639559614,-0.00463192761756035
2018-01-16,0.003790905005518748,-0.0009810899568894883,0.003214891242971705,-0.002318599001553928,0.005871395404229328,0.01812077412714078,0.014810976594407612
2018-01-17,-0.003262059215271291,0.007738405844966512,0.006170223808947317,0.0029416932140355115,0.006569275237239126,0.009687432796378825,0.024794970554505254
2018-01-18,-0.00030190006857813207,0.012475691449764272,-0.005688467872549836,0.0009881865004297248,0.011529466790683845,-0.008001304596263917,-0.015061491750872236
2018-01-19,0.0028090104403508424,0.0034689794578426263,-0.0030717137238349753,0.0017888389385296605,-0.011820060021876497,-0.001238350723379001,-0.008386742988379083
2018-01-22,0.0034275276640230775,0.015950230667618453,0.0015735106127285972,-0.007102162013710497,-0.006705133121859547,0.0018638033083372345,-0.012104675539084078
2018-01-23,-0.0012112200266623818,-0.00498342858550071,-0.0054691376897117,-0.0031882767364610804,-0.009124867719209347,-0.007270646079596068,-0.0023762216210681053
2018-01-24,-0.0053530502527711675,0.007362994340829803,-0.003381587423797643,-0.005766184283777968,0.001176435465017865,0.009445376744466863,0.01820972967555961
2018-01-25,0.005822042557916667,0.011226155105954578,0.0065042151932920515,-0.0025135076326395812,-0.001776582248736645,0.013570713906615212,-0.0001951807833452315
2018-01-26,-0.0004904162368211211,0.008125187954750137,0.0017341505241610076,-0.0006611246147958257,0.0008612487154929752,-0.003587017246253709,0.0108921730698626
2018-01-29,-0.010223291806577056,0.026653325537816523,0.007850363678394442,0.007589448262843226,0.0061115589229458625,0.00017800488591128026,0.007094181890679746
2018-01-30,0.01302073876493116,0.007493462664739533,0.005189894238653518,0.0005156425621360167,-0.00016157384597637316,0.0020473093868033604,0.023719742012915015
2018-01-31,-0.0027751017438202405,-0.0006776996755437189,0.006253946713073407,-0.0020707576227438624,0.003398886970929401,0.006741119498761011,0.00543573190408083
2018-02-01,0.003178717248887887,-0.00902969334854035,0.0031497455555971887,0.003030200415914754,0.006669680178750199,-0.002486605254024763,-0.006667241079278499
2018-02-02,-0.006543749967780119,0.0011403809654213237,-0.0015945192802550667,-0.010331633793609424,0.001960582645901731,-0.004116638905332104,-0.010622935215174312
2018-02-05,-0.0010838468123689886,-0.013490870078343589,-0.0026616041123439242,-0.0070554664529166155,0.000724030693625558,0.005730046204527973,-0.006026599113646215
2018-02-06,0.0014706347837378307,0.008062243992440217,-0.001885832306933258,0.00561639959287595,-0.009099290119972559,0.01736364008340715,0.0017397864034247776
2018-02-07,0.0022188222892340227,0.0017300088706794536,-0.00565172079943026,-0.002623937506150752,-0.0026989005000074185,0.005920165415226977,-0.0032394403898274894
2018-02-08,0.005175355229384096,-0.0010325465062779504,0.00012148080205699536,0.0046820964073442245,0.004262932506610241,-0.0028554578698187253,0.00552373833703176
2018-02-09,-0.008095006719280267,0.0013932609735425629,0.00015509686386311716,0.004544112036901662,0.006786451034720682,-0.01001493377019002,-0.008545716176399832
2018-02-12,-0.007089696611711139,-0.0018285896616586563,0.001000860667094439,0.004585219804787339,-0.0011881278227380682,0.01403020715495271,-0.007260167007485689
2018-02-13,-0.004213499573065629,-0.0005967171698700583,-0.006799663718009393,-0.0014471050955968893,-0.005994237625240576,0.0034158989553441585,0.01306980825550148
2018-02-14,0.005473902012852463,-0.010126120299309635,0.002631468665073921,0.010525635981013104,0.005245980576220701,0.009393766593489459,-0.00040479891736035044
2018-02-15,-0.003872485916968416,0.0019073077712387359,-0.0012138607962396306,8.87000783347251e-05,0.004623962676675765,0.0022346762363793524,-0.00825478542589139
2018-02-16,-0.004455342992651221,0.0006241088809409128,-0.0036215259710212036,-0.0065187288905281466,-0.005944264805629374,-0.003448124716868511,-0.0027824937102503373
2018-02-19,0.0015174685289097065,-0.00210870385638535,-0.008314783307472682,0.012832800636071475,0.000231184704105632,0.009320870851456513,-0.003329578327964046
2018-02-20,-0.010092593929568858,-0.010912058540145448,0.002667087782972718,-0.007766378388248039,-0.0103137365359789,-0.0011213056150207003,0.004810314902952576
2018-02-21,-0.00010603514764006698,0.007181021219181249,0.013784909366676363,-0.0017843253086189006,0.003028519992103903,-0.011597424515662768,-0.011029852817059356
2018-02-22,-0.0011307320915855262,0.004062994386892956,0.0029489417235478766,-0.01006100520993319,-0.004618505721031899,0.000840185788930069,0.0030799784758768728
2018-02-23,-0.007382209540233742,-0.00132959879141302,0.006313254591541992,-0.0003438201992001326,-0.008073914250234234,-0.0028769534166536563,0.015772098580094516
2018-02-26,0.0003247898552913612,0.022222390765771816,-0.013099584346063535,-0.006320537049877076,-0.0010650151582351798,-0.0019064481112974342,-0.009783995722847895
2018-02-27,-0.0034406086824504416,-0.0034486230702085344,-0.0016909763206775755,0.0032574610768750416,0.0014156275759766928,0.004323783681814006,0.020444666889888653
2018-02-28,0.008478810585475359,-0.0025605136338872556,-0.0007853348405468602,-0.0013098028295788022,-0.0034599144949494184,-0.005222898018085579,0.005001817622579378
2018-03-01,-0.001853891784559699,0.013041534829361592,-0.007043239719337173,-0.011345197128335474,-0.004999014770532031,0.0017308216963281547,-0.008496504008771779
2018-03-02,0.027893070771390298,-0.0064967123778601026,6.65510935995775e-05,0.02107567435236486,0.002049072891699447,0.0015951902626447979,0.0019124286526397002
2018-03-05,0.012639567501045511,0.005367336474041281,0.002353347503400641,0.010286529856324878,-0.0007450138754698615,0.009299299067627071,0.007926990536669872
2018-03-06,-0.015448178688252698,0.0166823975586556,0.005064434881097221,0.008101805693463075,-0.004180130868820622,0.01262687355684021,0.008535167891175848
2018-03-07,-0.008120236445692269,-0.01612344119327694,0.0011571271654017938,0.0014225775038916475,0.0014870827371826505,-0.011514435303338256,0.015924770858113384
2018-03-08,0.0053422470226330435,0.008986381020307879,-0.0005687104079373396,0.005578543707085426,-0.009240215380151219,-0.0036039813165721145,-0.006243013960356878
2018-03-09,0.005904728676719168,-0.003104469422618452,0.002597983224641812,-0.003706050759178336,-0.005719267939096717,-0.0011835537414429489,0.008442968819744762
2018-03-12,-0.001673538072583998,0.0038008562541271503,0.000656378275295736,0.004628035204231899,-0.0006749230812470591,0.003747032589858478,-0.004723910613593692
2018-03-13,-0.016548597649883565,0.002340580750011786,-0.010534023708714726,0.006026354196722941,-0.0013044510015812387,0.0004930574113339778,0.0033006907545170498
2018-03-14,-0.001371086299247592,-0.010159564254030917,-0.027229030129308197,0.00801199929229587,-0.007593042339383417,-0.0073117877251318774,0.00214585345965895
2018-03-15,0.0004077445831108145,0.0006104061321210354,0.009710656623338986,-0.003897199728657032,0.0019007128106681625,0.0012885002607989002,-0.013533178950798025
2018-03-16,0.0033102130250304163,-0.004069597371933687,-0.0025371266516493814,-0.00014492325024928303,-0.0046746812019007045,-0.007022592124330132,-0.0049170319239486985
2018-03-19,-0.005629211833383519,-0.00602481720764193,0.005986583314296407,-0.0007537747574186845,0.003220630132422385,0.0037724408322957147,0.0023564063759408437
2018-03-20,-0.010698037698536464,-0.0034060538658922937,0.003710487811948916,0.02821926536374262,-0.002772258621322674,-0.004360375962324523,-0.003655965478733678
2018-03-21,-0.0008459769821518818,-0.00244603016417509,-0.0011683498277248118,0.012377540320725857,-0.0015259022945209688,0.0033904920043763558,-0.012270528891623816
2018-03-22,-0.0033026565888248567,0.0011101847403152535,0.015086192574486994,-0.01170896098606652,0.01071358373219484,0.0019755041068112034,0.001299324213423534
2018-03-23,-0.0059570696257021305,-0.0015600335018603317,0.003580885083759566,-0.001946288448368521,-0.00660271935888346,-0.0049734948701108,-0.004352049420418833
2018-03-26,-9.048001834684096e-05,0.009834320122183342,0.006083273196453203,0.01173544191797414,-0.002967740693465599,0.00539510372984619,0.005748820306797245
2018-03-27,-0.0004320377714153452,-0.010329977254087765,0.0018684039678343704,0.00470020602603603,0.001366505545220663,0.003998442986126145,0.004707731195673417
2018-03-28,0.007248468632908336,-0.002204916754753885,-0.0030778673348175185,-0.006036097586707704,-0.012670350957381293,-0.015533312849753664,-0.005207315175774721
2018-03-29,0.007044126414141724,0.014943981383218861,-0.002462779766745853,0.005062894214545728,0.002950185374820498,0.005143839097801369,-0.010249329014090616
2018-03-30,-0.0010638221595352941,-0.004334889539204177,-0.01398850805874562,-0.01027936774252762,-0.00359910251392132,-0.005327843498741297,0.007135232071831013
2018-04-02,-0.005724810214346058,-0.0028123194784459593,0.013659849354970922,-0.022927415581996468,0.002355545320287277,-0.0026517776764186777,0.01750037158300898
2018-04-03,-0.0077564628192057245,0.005309242876920793,-0.0033218824031447662,0.005834837026266294,-0.0031659322347038755,0.0034725893953702963,-0.0015878980866759866
2018-04-04,0.004895365588440853,0.0033299530321233926,-0.01516586049040133,0.010112846429615605,-6.599720579629767e-05,-0.0005978594684333844,-0.003223173899608693
2018-04-05,-0.006943625655013872,-0.00199865238299946,0.002192253951401253,-0.02472217880459498,0.007954394804438703,0.008219969080599417,-0.010613556657108213
2018-04-06,-0.00017402560865142848,0.005861339649109165,0.008752501165606325,-0.007106316429305337,0.01372141240264932,7.519010760769111e-05,-0.02413146343739389
2018-04-09,-0.005339046585401587,-0.02223207723544184,-0.006458826114596594,-0.024547764634397614,-0.0023311962930002814,0.004047365943831746,0.02922948265702621
2018-04-10,-0.005380983841900969,0.016910757836378677,-0.003583487261848475,-0.016655892237533734,0.0048178185669006035,-0.0027146568381768775,0.013485997535942986
2018-04-11,-0.0139552274902684,0.015109154312952478,0.0015488590059638283,-0.007344483833409557,9.552153252189908e-05,-0.002214968683886314,0.006289068264820114
2018-04-12,0.007375846074261956,-0.0076248688746912595,0.0017130021390511841,-0.07671123917099712,-0.005544310693785872,-0.0065768975725442325,-0.007308820454213913
2018-04-13,0.0028015461872719725,-0.014026659873364194,-0.00608671806706512,0.06050485954512485,0.007324122826798372,-0.005355984858534953,-0.015728030622554425
2018-04-16,0.0047532781104574285,0.005995523708844613,-0.002225464060906347,0.0252380395830344,0.001106391162398529,-0.005505446837821312,0.0033037904842467495
2018-04-17,0.014816799271192069,-0.009457966696893503,0.0015256800432244056,-0.01834456856937461,0.0015315954901788278,-0.0007336560719383542,-0.008851380364749431
2018-04-18,-0.005635586460456809,0.009480842283215673,-0.0017075577380724393,0.014315766666285045,0.0026433651924574865,-0.0019742235986318717,-0.0031017855538744156
2018-04-19,0.009833705229485078,0.00595765080433543,0.0007870906809578743,-0.010444543964847054,0.003975185397896778,-0.010768901207046431,-0.009666685353367023
2018-04-20,-0.01119877128792543,-0.012308969469622011,-0.0051722714260931495,-0.025968108354314606,0.0020873764849583445,-0.0005577979261371955,-0.003743923676498903
2018-04-23,0.002078356392718985,-0.00789685949278416,-0.0004214301269707616,-0.017495904652237815,0.006778373685230948,-0.0019145257152671474,-0.013454703506151437
2018-04-24,-0.004779466498204654,-0.008875152876625747,-0.004578186061340952,0.0039503394531923185,-0.002323557489326418,0.003138571464771383,-0.01873259512640505
2018-04-25,-0.00789032824711986,0.006089895398483466,-0.002144288029156327,0.030254011137381846,0.002520617098992042,0.013067178952481615,0.008424853062039508
2018-04-26,0.0017608349016793629,0.007058524204932765,0.004358621777439904,-0.05421598844200381,-0.001476515033656865,0.0033927215503207534,0.016700038289013026
2018-04-27,-0.0023901550867542237,-0.011712129806769115,-0.0015792757723840415,-0.04623999231953494,0.0022967378590514355,0.01260648732192142,-0.02338587781284047
2018-04-30,-0.002684389928383306,-0.005261798775853393,-0.0003342514996544443,-0.06001188032072149,0.008846106269427119,0.006487524657853138,0.00824300524778011
2018-05-01,-0.0002936732188993875,0.013107652583185532,-0.0007631102451001903,-0.003295222819647511,-0.0069522975729059385,0.0015661970790458502,-0.014723083923834084
2018-05-02,0.007392258988535624,0.00016591533480355192,0.0031661382353905167,-0.04190579184617959,-0.0015251325281228174,0.007216339794528925,0.026802788694164265
2018-05-03,0.01022006965277374,-0.00539528436617944,0.000781993572206671,-0.0026465631275184257,-0.004887287579760874,0.016262030261505498,-0.03698776302749701
2018-05-04,-0.002284098664922017,0.004548253106557633,0.004429281221527756,0.03927500929864717,-0.004171476705595364,0.008851997447106104,0.018915760477088147
2018-05-07,0.002656013024229666,-0.007798410277889948,0.012304194177136185,-0.00248750238876816,0.007007404715558605,0.002957565568643037,-0.02941513472868268
2018-05-08,-0.0036179940770768495,-0.00021410980988098045,-0.0028637801291635924,-0.019785080475782167,-0.011747103362596364,0.021908673220386043,-0.00011176857699434895
2018-05-09,-0.00324651878397733,-0.0034853326387026635,-0.005048913691965056,-0.023780316337202203,-0.0018789107659654344,-0.0029932213449796697,-0.042173506914352406
2018-05-10,0.00614991149167026,-0.010168007358344484,-0.00682580401535395,0.04695943407783339,-0.0015850987546537553,0.009319286934957156,-0.017422677638262697
2018-05-11,0.014673359412213094,-0.0020003114224803713,0.0012071525947518363,-8.986886743672756e-05,0.007227856443545582,-0.000864244290827467,0.0105100878400924
2018-05-14,-0.0096147043100103,0.003238077096945285,0.009998974842402813,0.02528677302187808,-0.005210637048278871,-0.004049001457660849,-0.0075770053596988475
2018-05-15,-0.006190389970352166,0.0053863239204093236,-0.007606225561974394,0.001723763703029798,-0.0007647725046977355,0.007650260318523902,-0.021615258683212263
2018-05-16,0.015541627512753519,-0.005890861783549324,0.0008692556655054621,-0.007822044651842143,-0.0022926957812793533,-0.0047342166617340056,0.01255807763780571
2018-05-17,0.0018879374817659788,0.02806421590267248,-0.014753860450836624,0.005743045771723975,-0.0006032574836343675,-0.0025945986318029646,-0.014819695202491214
2018-05-18,0.0010621127452976563,-0.004023032121570526,-0.012203301243467057,-0.0050136667336575826,-0.006274632788898045,0.010872626222401066,-0.012054989997857986
2018-05-21,-0.004500836843830109,0.0054333614848979415,0.001505255842049521,-0.03585943951438864,-0.00348846645984228,-0.003727596703316569,-0.015287628350306608
2018-05-22,0.0028461522520615698,-0.01635334103689509,0.005326917765230955,0.010926763984427271,-0.004687162350782131,-0.010850386357167277,0.008338600177193548
2018-05-23,0.00019346107908377365,-0.0012618502092092197,0.009815159789694106,0.03503531934681724,0.0063107478404792515,-0.002323082846192711,-0.00146010616802884
2018-05-24,0.0038515179341996456,0.0003682420019304561,0.013722283772566726,-0.0028476611451048826,0.004115398349477426,0.002918727180228239,-0.005950247356348181
2018-05-25,-0.0040460843937575805,-0.004021861978049624,0.018728689760914387,-0.004690230722731641,-0.0014677470059599814,0.004110810972407358,-0.01568795923546938
2018-05-28,0.010360748986893249,-0.00358425840702376,-0.0005873790185191248,0.007043694671596036,-0.000779643043346302,0.008967483636468947,0.0016309082198464485
2018-05-29,0.0038792359462034667,-0.0034688453243038125,0.007319008740319574,0.003484674588441514,-0.007147334844901834,0.014089228905445868,0.009209037413066603
2018-05-30,0.007262360844206039,-0.0025297505854071857,0.00032817685586127807,0.0007697898504232472,0.00992872978015847,0.002361289824208611,0.0068322886270947535
2018-05-31,0.008598314023936812,0.014444612916096784,-0.030864267151395484,-0.054777627115589346,-0.00012932140955357032,-0.000715761581577721,-0.018179998571559552
2018-06-01,-0.007855520087140607,-0.004631457452254511,-0.005972628391541332,0.010636601692441574,0.0004659648980691818,0.002915465495831064,0.021678414101365236
2018-06-04,0.0004043484457820436,0.0028171069503057054,-0.005884678363820243,0.02179424425928918,-0.0028330970952365245,-0.0032413780098937434,-0.0018754042336822027
2018-06-05,0.0022239430382543692,-0.0035406281814216183,0.004248521162329843,-0.007729715648746717,0.008468301390068066,0.005921637693667467,-0.0018487241261961945
2018-06-06,0.00013329440463041392,-0.004739714389254317,-0.015464992407463502,-0.02461961868870234,-0.01114742873997535,-0.0038341724242857782,-0.004599232686005351
2018-06-07,5.2472809880178784e-05,-0.00950173276694068,-0.012306585303564425,-0.020101303016513604,0.01617410080167745,-0.0005550455309188887,0.008071240443355155
2018-06-08,0.004157283520883352,-0.001559272261552197,0.0012042048908602891,-0.004041427822926517,0.001468840852989984,-0.004172699238262452,0.010600274886605185
2018-06-11,0.00356880764179221,0.0031072966658616218,0.0266143470315895,-0.010425940101530433,-0.00919175917106156,0.003064436999973294,0.013466833865017265
2018-06-12,-0.00293609735894234,0.007416294126460153,-0.008403351590988739,0.009535963569200985,-0.007493615283000684,-0.0012944505237930276,-0.00712898269830829
2018-06-13,-0.002816424508952453,0.005782459954415035,0.002334224980335157,-0.008860958911186267,-0.003194491415964475,0.0009208307141542323,-0.0011870872303863843
2018-06-14,-0.0020410747460957645,0.0009728757894533451,0.0037250356423887904,-0.023338450111535566,0.002247420020988388,-0.006526173821992491,-0.022155752158142496
2018-06-15,-0.011943705238787858,0.0028926716541137275,-0.0034216867288866452,-0.0008003212779836227,-0.0007561901567534147,0.0034066769741479303,0.02292864135483258
2018-06-18,0.0014793723882055246,-0.001391098956941976,0.003823749757338593,0.020225715019769483,0.0033555965304092,0.0021765727272865347,0.02327523078221556
2018-06-19,0.003008181962002146,-0.0006133216887303218,-0.0021195919757488924,0.015569197966522655,0.0016801219703637435,0.0028864973830814693,0.010594839971682674
2018-06-20,-0.0030873005214341787,-0.0007864645240376345,0.007940372113244856,-0.01457713010806845,0.00103541158428664,-0.012495233238548863,0.017298346052394165
2018-06-21,-0.006301064777597257,0.0015489662477649576,-0.0028699855581573613,0.023883010578984374,-0.015419956016741669,0.004160195040570061,-0.001449260008750574
2018-06-22,0.0006435416175155073,-0.0025677886540105195,-0.002572802183673069,-0.012725406716431685,0.005588871028981597,0.0021319210738753734,0.017706377628281183
2018-06-25,0.0011743287463517218,0.0008248935408979877,0.0033053267210698114,-0.006905617436931593,0.037551815175545435,0.0045462230186849376,-0.016058487639244827
2018-06-26,0.005621211206843706,0.002843016067059122,0.0062519643551777635,0.018556178354974615,-0.00405063523157524,0.006335640495559588,-0.00581673660010826
2018-06-27,0.0035875624061862273,-0.003750863902561168,0.0027938259010964685,-0.011944924423391751,-0.010132371651909701,-0.006237299947843916,0.011668594377410713
2018-06-28,-0.0004021848898584106,-0.0011323331787895406,-0.003002882182115388,-0.007486123731969691,0.002231719091009211,0.0004237692357493807,0.0020070354823796223
2018-06-29,0.003047347361350758,-0.001157837843109629,0.0031823085356127915,0.01367823574522034,-0.005761120961091517,0.00579117036855786,0.009261610521013796
2018-07-02,0.0008632195737919164,0.00046570603722355885,-0.0064026693396286635,0.009330599342416734,-0.002575636831805309,0.01702788912980586,-0.013115702017125313
2018-07-03,0.0003286003117965227,-0.0007768983843501576,-0.01018018298875051,0.017361678687934576,-0.0019513628801154015,-0.014355204336006861,0.0027163779695536555
2018-07-04,-0.004997943688883947,0.0006124527759059096,0.0049620171215839365,0.020755715596005114,-0.03296378511688218,0.009439213190320875,-0.009484213794870272
2018-07-05,0.005312373561407676,0.0018686507058998391,-0.01093091323895024,-0.010052274456952292,0.0034001460577543423,0.02078547146718091,0.011305606324594302
2018-07-06,0.005302555803306752,-0.009041099981168053,-0.00036337596357505014,-0.013695488461293034,0.021286879572163287,-0.0023657469854169244,0.002247222469288956
2018-07-09,0.004081912340383132,0.0008329369666783587,0.0009231850744705652,-0.012647314625703602,-0.012653278268216746,-0.0025564202156358007,0.031140571498471305
2018-07-10,0.009622014015537358,0.0169171706582949,-0.0050664232862080195,-0.00686331462324654,-0.0011179786237854195,0.003239093388089874,0.0015395720799401724
2018-07-11,-0.001265763365952747,0.0041245490796447985,-0.002810643451774836,-0.014704823952874924,-0.00879060641208978,-0.008054772982461676,0.020986467140886488
2018-07-12,0.0012706946500669893,0.004851943347231051,-0.007079640197285909,-0.01006348066540767,-0.030991417759363402,0.008585155233435185,-0.0027754468950363506
2018-07-13,-0.0011629658167810134,-0.004402489342996955,-0.00425955062455947,0.008407204059852548,0.02039580122503197,0.010979165349680407,0.006505060465592224
2018-07-16,-0.0015840124491006936,0.001732216524553349,-0.00274657558308539,0.005221444112702631,0.010614607594946271,0.005198148368502635,0.0010733321603524342
2018-07-17,0.005510227126356089,-0.0006053485020905494,-0.005941778931362512,-0.014065515376525803,0.009817406395383928,0.02931960185234137,-0.005486236314187254
2018-07-18,-0.0011236965030577135,0.0036126101615581775,-0.003392307558553503,-0.007088720663214784,-0.004602702574850919,0.00017418383031299564,-0.003702012868774207
2018-07-19,0.005141750415072264,0.0019586358024233524,-0.0025825750456034027,-0.010209337128880999,-0.022511981317834835,0.002245965439270175,-0.007297685328914872
2018-07-20,0.0013638181239876515,0.007509042874068426,-0.0024427605474999104,-0.008815720128529481,-0.009839631348469003,-0.0011195817551872263,-0.0038207644455833627
2018-07-23,-0.0031189947909907333,0.0030888705172494747,0.0021064857426726746,0.002521392968907779,0.014285925618460314,0.01851789056683735,0.005763131364292739
2018-07-24,-0.0038541848034111988,-0.005549684419135878,0.00010868996405997936,0.008637652684074973,-0.004014014175813142,-0.01888836032556193,0.007955331564832375
2018-07-25,0.006992259688125663,-0.0019241498096942867,0.004615798194025909,0.009445894839244854,-0.014891240293295128,0.0027891441575630866,-0.01090117856020541
2018-07-26,0.003873188373481685,-0.013187547639163646,0.006359333589946276,-0.010260215428232364,0.006931962065533814,0.00558581119600107,0.005737029231337184
2018-07-27,5.807017711997895e-06,-0.02890071334430732,0.004000837382043239,-0.005949823111900638,-0.04769951536769396,0.00448042350017263,-0.013128466432657818
2018-07-30,-0.00794864999623351,-0.011839553643389992,-0.0027362478325652184,-0.008725438523755211,0.011074235539577785,0.016849117086796823,0.0003499573300319944
2018-07-31,0.00011680604631341267,-0.00936851632243853,0.004265089081245256,-0.0001741522136481515,0.0034221423729308607,0.01863743859321874,-0.009332287349763164
2018-08-01,0.002459647638366162,0.0024702045172741095,-0.013332423066872792,-0.006804817044484433,-0.003035033719699676,0.005095584637418275,0.00345504916092213
2018-08-02,0.0006426422910222059,0.036683384669808895,0.007137766177318615,-0.005620650695092847,0.011759842243633729,0.009036940876569623,-0.009298728185256424
2018-08-03,-0.0009957064393264197,0.019568515846639625,0.00032597839250298746,0.0064338301315212745,0.014988548644018652,0.00863449114674366,-0.009974496257002316
2018-08-06,-0.005164761190787499,-0.015352530821998894,0.002907204337782202,-0.00556574136250726,0.00452752379210365,-0.0007510642202142672,0.005185371502518582
2018-08-07,0.0018589861786442133,0.010934357751555452,0.015125352950975758,0.0029540771751267202,0.010531533381319805,0.004842421427276984,-0.004208122401843562
2018-08-08,0.0004757463869244272,-0.010698539835873542,0.0007136901305394992,0.011619768878371335,-0.00993548538802543,-0.006873451859844274,-0.008627329684366717
2018-08-09,-0.0035755294623242458,0.005136186074284245,0.0007966787403060057,0.007224780437846628,0.004721935097950135,-0.003632288017061407,4.945314946971063e-05
2018-08-10,-0.002776933297315814,0.0047853345030741574,-0.00821403179490513,0.0034700582992400835,-0.0165564779873524,0.008983661401991604,0.0006826010718973448
2018-08-13,0.0007441457250934579,-0.0156821415612543,-9.764821489275084e-05,0.005192448168474919,-0.019115860118646806,-0.003329772653949625,-0.004543288287956032
2018-08-14,0.0014747373840577522,0.004421248349874666,-0.0026277625064912336,-0.003207902024001901,-0.003418929808144974,0.013575984276093045,0.000749772012263761
2018-08-15,-0.0004660759869273501,-0.006493271982723201,0.0033571228694403367,0.003206291911600185,-0.0033822575764998197,-0.008790426697529158,0.0015229042573522348
2018-08-16,-0.010820480289845022,-0.02773938026924241,-0.0014590289510118867,0.0018192569601815562,0.0011301107675557875,0.005904670077420379,0.012878146079643937
2018-08-17,0.0052276834701209494,0.012090456486242325,-0.005246400626950837,0.0008578368311367727,-0.0017470802649668961,-0.007241457522900982,0.004495056754258656
2018-08-20,-8.413277907600424e-05,0.01700199928866121,0.00019451867318415718,0.00552369679184208,0.004075376236317913,-0.0031824982651400295,0.007707135494699768
2018-08-21,0.00315547948226867,-0.020807016096499712,0.009520466521921173,-0.00015872211406259973,0.01658001860572073,-0.002939592951658098,-0.006793119703039553
2018-08-22,-0.008842315559317823,-0.00736124012958321,0.006958866388663446,0.0037597699595454536,0.008243024681513894,0.004001680335321176,-0.0010177801756786789
2018-08-23,-0.0033332822617477905,-0.004122676562932494,-0.006314037955136116,0.0007785768940378108,0.0009014724140669257,-0.005346927734806559,-0.009894141957701675
2018-08-24,0.002964770220326112,-0.008610602569089673,0.010501721444824006,0.00019916581711751597,0.0004963496848392234,0.012986970229166126,-0.0028872682629108555
2018-08-27,-0.006013095120892649,-0.016507490815742445,0.01007602252758403,-0.006629103408826578,0.027338303451459944,-0.010876878453847908,0.008909214593784513
2018-08-28,-0.023508306172825497,-0.010966639140177908,0.009311337978280163,0.009704283022410788,-0.0001492158276904791,-0.00055508566776473,0.0016073372387125375
2018-08-29,0.00927291247565969,-0.0020689530364955424,0.01076493367615586,0.00893388193189005,-0.007145055168802377,0.017078287701923295,-0.005119564725560235
2018-08-30,0.0037864859999405588,0.0020790504120159516,0.0012014278377172726,0.0034376676362829223,0.015362873790827722,-0.0069682022950149965,-0.0064001517085632495
2018-08-31,-0.012265541660815005,0.00019565043406993065,-0.00013662086477695667,-0.004868400263177304,-0.002360957411951796,0.0019642172438780526,-0.0006085027088697782
2018-09-03,0.003146106183457583,0.0016413325523999816,-0.014953964106016569,0.007036522377125872,-5.475286821270745e-05,0.0006383013569762493,0.007164747253160316
2018-09-04,-0.005330575897692874,0.009507154987325359,0.005698769370783864,-0.0005398351688352425,0.004534020850142506,-0.005679726590536935,-0.0011378407401601263
2018-09-05,-0.00508063058669613,0.0028409654224681477,0.0013442144314118154,-0.006946423775618241,-0.00796534536310123,0.0008840562941046188,0.0012606914349887262
2018-09-06,0.004061294265560473,-0.007235433878524795,0.005749971029747989,0.008481630237760374,-0.00019798176203346453,-0.0020210686560338297,-0.0075104527339577894
2018-09-07,0.005397766347824533,0.0078208985028673,0.005691546511204817,0.00358936820140336,-0.0019864990891386653,0.002876216982249572,-0.00263404324475582
2018-09-10,-0.0014755553700389853,-0.0074269168292636824,-0.000813175641777476,0.006110307695887189,-0.00022821303900405477,-0.0018111916050154173,0.00015640590346878433
2018-09-11,0.01273137888799897,0.014977102383838349,-0.004481699623851539,-0.005293685370149942,0.006850319810992049,-0.003280654636306181,-0.006474543924538198
2018-09-12,0.009622178552700762,0.009447912517023335,-0.002228419785333228,0.004617210301980704,0.013184565702635652,-0.015707237882297758,5.569135762589108e-05
2018-09-13,0.001076600189967334,0.006850749248411816,-0.003644121169197779,-0.0018260946959731007,-0.0014258180898565863,0.0003890535083428216,0.0036402083093368008
2018-09-14,0.007504226906243975,-0.015296071879823965,0.009334852258390031,-0.003221730092930961,0.005970525761897526,0.005061625436477231,-0.008356279564273048
2018-09-17,-0.0059494413484859265,-0.016736171673307612,-0.006894836243718612,0.0005018626033362279,0.0021576022267845037,-0.000652273122111251,0.0018551327583917034
2018-09-18,0.002531807809042045,-0.009842491180755477,-0.03469593263993791,0.0007585190317528804,-0.005107726852898561,-0.0028946847900721173,0.006317759185195672
2018-09-19,0.007411452121899364,-0.011116070323757696,0.010254760310757186,-0.001880442694272146,0.003513881485240223,-0.002098046716794219,-0.0006551987523923256
2018-09-20,-0.008073437915461541,0.012880673686723354,0.015987913593995054,0.006909988614453617,0.0021937005208780163,-0.009574769686692769,0.012873504501567616
2018-09-21,-0.000841261565487898,0.026947503560490783,-0.0201676917188083,0.006004598908306046,0.007540150696470916,-0.003210698424880766,0.00032344970775532663
2018-09-24,0.00686149804066199,0.0047027439848639,-0.0020207361113610597,-0.006125872169259459,-0.0022664173221035836,0.0023381117996975915,6.047609078494735e-05
2018-09-25,0.010146469744532732,0.05210669173195542,0.02376208026795797,-0.006300373130783566,0.004157726959307156,-0.0012383906288358291,0.007075860049846835
2018-09-26,0.004020112002849431,0.015237045273172819,-0.008973822875824424,-0.001714828368991806,-0.003813816183355722,0.003681221891790426,-0.0026919448360010296
2018-09-27,0.005994702827430375,-0.01403602985162963,-0.006429864868081823,0.0051702740220128645,-0.0007238761563321093,-0.014060576848314582,0.005158646376595603
2018-09-28,0.01804028611777476,0.04416546956180858,0.0011573015045981366,-0.004099754980747212,0.0009874398468499022,-0.0034200746804442616,0.001898174366424128
2018-10-01,0.0027703515319722617,0.01840163806764293,-0.006893155613356769,-0.012585348123505731,0.0023724879591106654,0.0008245917960199157,0.005191092397227601
2018-10-02,-0.0004540340764851389,-0.008138629269189268,0.010621313075513497,-0.023806752609731353,0.003607894651893465,-0.008116378069350332,0.009337266047108229
2018-10-03,0.0005285185134215524,0.02302245831171753,0.0010222602526778802,0.0050517344044225245,0.00044426901991015324,-0.008822269691404613,0.009668780804773219
2018-10-04,-0.0030466441267309984,0.015928858817295253,-0.012681249495130846,0.0003999406566955641,-0.007218311875036905,-0.00396448874251112,0.006084312404023998
2018-10-05,-0.0004797236404410859,0.04475615302359618,0.020595952318425977,-0.001756094207622417,0.0016063900753060464,-0.009163206118117363,-0.0017247260276817807
2018-10-08,0.002566948247959102,0.010358962312319633,0.011382168876991743,0.0027302552802472087,-0.0005348424399960548,0.003180733640574556,0.0030843467581416796
2018-10-09,0.0017542638128044572,0.0184716092307849,-0.005760652350031275,-0.0044145383691658255,0.0035185655347973943,-0.003172979492823955,-0.003988860440728153
2018-10-10,0.004089425751993952,-0.0029615775377758165,-0.002209533221062653,0.016104576043879583,0.0001502371312690537,-0.006787219714391691,-0.00802173583997046
2018-10-11,0.00015456370485731727,0.008583133396135834,-0.011939196467591468,0.008978059531383384,-0.0017328156203291886,-0.003373513790276713,-0.002887299592266057
2018-10-12,-0.004507916656711576,-0.016147930316544032,0.030851070705566974,0.006253781975132681,-0.001999992079627866,-0.0007897062550217016,-0.004297708079427221
2018-10-15,0.00688679126280237,0.001519796910564177,0.003060871812107434,-0.0008789617831066988,0.0022818672051609563,-0.0036914024611620216,0.000777860346471566
2018-10-16,-0.003969969656076056,-0.008777486635145734,0.0018145309275691833,-0.0036468539034855206,0.01772773654068413,-0.004794099914077454,-0.004563136820629615
2018-10-17,-0.0008315335566768591,-0.010958808188618755,-0.012346197255949449,-0.008612505953146323,0.005049595120269218,-0.0024484684760192016,0.011669466674847655
2018-10-18,0.002228417355054986,0.011826482058433244,0.006550688843034946,-0.0015033284480816492,0.0038170182635494545,-0.004364178172679874,-0.0030880820009349386
2018-10-19,-0.004346611417224401,0.01136596479606948,-0.012436131896245215,0.002873269766349793,-0.0035449936963595544,0.0118823671268409,0.0038932394418394944
2018-10-22,0.000841664865067476,0.02200166347861907,-0.01000742722448946,-0.0005847505928189133,0.013474424991130758,0.0053299539875428905,-0.0015870578858763803
2018-10-23,0.0001315073011481901,0.006234703094917447,0.005735280274150172,-0.0029212598080095575,-0.006487065326965028,0.011025578893850252,-0.0051937743314871745
2018-10-24,0.0014343612537981976,-0.0144611053296346,0.0008021364848271509,0.00042447405292299594,-0.005934769774628825,0.011073418515464672,0.0020207385530585987
2018-10-25,0.004320291517777692,0.00258952362871768,-0.0004733785120479215,-0.007484132237468798,0.002537825126300867,0.0037002090543046947,0.0015608270291638745
2018-10-26,-0.002787384189956899,-0.002663460324656732,0.003332433578792811,-0.0038401388544305193,-0.007186754703266874,-0.004003922164106048,-0.009093470560518598
2018-10-29,-0.002826615789214911,0.0030935981448180837,0.00919542700319201,-0.002590729514116278,-0.011680222245057175,0.004816571730932749,0.003325152896364244
2018-10-30,-0.012958055787517846,0.01929269281510839,-0.0031671094987793646,-0.004332011144877715,0.009300983384045823,0.0031379334125343863,0.004714150224387598
2018-10-31,-0.0043263695162308845,0.01669554364425526,0.0062729964343360145,0.0035014919449237562,-0.01566533520590068,-0.004862615909488002,-0.013451105332190915
2018-11-01,-0.005500920067460048,0.005828351500089718,-0.005902507006746586,0.007466640110021934,-2.754173161706854e-05,-0.009322529036978744,-0.004331245281793492
2018-11-02,0.0019700920029998093,-0.008526846544848298,-0.0006314290163044893,-0.004253398097696542,-0.005393034401442445,0.004448107559390806,-0.0070699752296148315
2018-11-05,-0.006708347076144446,0.044830519124510686,0.014078221035818569,0.004548081998849419,-0.0049402652673150626,-0.0013532286786563895,0.007848809153798314
2018-11-06,-0.009352923720374627,0.01556855516151148,-0.015609973620596993,-0.005743976307893892,0.004894641887696963,0.0012274184773522897,-0.001541474933299482
2018-11-07,-0.0036202522850263433,0.0016262758545674352,0.016400980040947817,0.00261913676178158,-0.0005736022022420236,0.0044222004968350595,0.004800188392240773
2018-11-08,-0.00553669418548443,0.006304526116514906,-0.00766046477705018,0.006324270236047033,-0.029284882564470885,0.006197435091084332,0.002031168918921995
2018-11-09,-0.002393063046418354,-0.025416196092117458,-0.0024415934463694828,0.007875029330278876,0.0004737848751883981,0.0033211830762728775,0.006724971808972039
2018-11-12,0.0009988333520157008,-0.004457331017823271,-0.0047471495023109385,-0.0019529759617374156,0.0002811334761627465,-0.006220177888266698,-0.0002513519234880902
2018-11-13,0.0015206421227126755,-0.003917805871335354,0.0047420891480686005,0.0009121520977536063,-0.0036118916344198807,-0.011070895280179857,-0.0031566340010175924
2018-11-14,7.166290461600082e-05,0.011795125637743936,0.00571597005891343,0.0006423076611960887,0.0005315966166393426,-0.001709463274477418,0.00419326998966152
2018-11-15,0.0021968684094027116,0.01609214857763579,-0.0024047369440998514,-0.0038802215646569467,-0.011742424319993337,-0.006413279972890428,0.0026470305413433563
2018-11-16,0.011807237769522465,-0.01689193132729191,-0.001425036018657606,0.00409999397318998,0.0006192349071261168,0.0029863909106957218,0.002503103623155249
2018-11-19,-0.0015457086283338901,-0.002173121231843155,0.00031796789304564514,-0.006507854816177931,0.007152161588221515,0.009222379555408833,-0.0021048276675116116
2018-11-20,0.0007404517616666639,-0.014772976708449086,-0.0024527849263983677,-0.010259485432287717,-0.011442457092146068,0.0021840234706864384,0.002770346917415645
2018-11-21,-0.004862790205767652,0.006397200503090319,0.02337466631881746,0.0010453413869672258,0.00684897440975711,-0.007813737432696801,-0.009728441272591686
2018-11-22,-0.00927468746550009,-0.003832826724581256,-0.00047801955878496745,0.001954395548307369,0.005089979503495196,0.006260735882783187,0.009479394288448831
2018-11-23,-0.0004897222345750766,-0.00018267495546447134,0.0192782913457429,-0.0029706042206561595,0.004913386373281139,-0.008724376539058484,0.005802452186656292
2018-11-26,-0.0021519542783119206,-0.007644152749357193,0.010726307864745252,0.004007179446326922,-0.013334501249720417,-0.003952707275047332,0.00825158073280277
2018-11-27,-0.002381102794060956,0.002381159811024588,0.008073093214409117,0.0012930406711912194,0.004225138292849105,-0.014115312309781108,0.0020464654800667814
2018-11-28,-0.0015614934479754772,0.0038344245594988846,-0.006111139788466795,0.008188972364891274,0.0006112036091216371,0.003087149034930886,0.012143183347703231
2018-11-29,-0.0009786234616502387,0.0083098117016221,0.0019988738353474422,-0.005813399531833234,0.0021723666533440644,-0.0010182808936125515,0.0013144681332119999
2018-11-30,-0.0055020169137485345,0.01929123051723196,0.0011118856445841677,-0.0048336221114021385,0.0011617306503488361,0.002421900396394013,-0.00479769472919502
2018-12-03,0.005193143570704094,-0.013286459012217535,0.000786097052097528,0.006041322854174269,-0.00692843688791192,-0.005212674371701924,0.003194660747564801
2018-12-04,-0.00039403033984619895,0.016262405385629234,-0.009749791613803222,0.007709649547649616,-0.00433782666406217,-0.008902238814604467,-0.0025495052235476236
2018-12-05,0.005521502884763836,0.0010327612087461576,-0.005812995911314893,0.0009053577250286229,-0.0023106336215023347,-0.019982825584797605,0.007514579182686296
2018-12-06,-0.0067765163572887895,-0.0036449095013076195,0.002311015096382632,-0.0015443782391263445,-0.000450944076904532,-0.004817544685190398,0.006716084607674635
2018-12-07,-0.0022211085585973384,-0.010119113440228275,-0.028554562804852336,-0.0007793169986607646,-0.01768533770641593,0.011348593788982434,0.004445352733221768
2018-12-10,-0.004007185653733675,-0.007840755835419879,-0.0023115677376388316,-0.0022297432306128684,-0.0016018975374540282,0.01316084491188176,-0.0015121164150082424
2018-12-11,-0.0025634169422508253,-0.01149238375621836,0.005315682821405928,-0.0006234248319429557,-0.0022762569898128445,0.02484008858946046,-0.005815932128545145
2018-12-12,-0.001115885379690976,-0.023137570696857096,0.01885213646522391,0.024683412069726303,-0.007900642134887717,0.006292044718059803,-8.83762457180959e-05
2018-12-13,-0.0028774199263281288,0.01438337789125129,0.007019507456096203,0.007403091267614943,0.004925061670589629,0.008339471667805496,-0.004805126326007522
2018-12-14,0.003031899655804858,0.0007854130196563262,-0.00645237767912914,0.0019211367372183113,0.003496536580360698,0.0014184676307619835,0.0015209780180081782
2018-12-17,-0.0006722531330495118,0.00021017955567354156,0.005798498996777618,0.005212763840833481,0.01845902917861784,-0.0014717286923078493,0.0009350069390611319
2018-12-18,-0.001410933434682268,-0.00328402507046283,-0.0024546003312134,-0.0055816412171116984,-0.006891341334955435,-0.009884421038452636,-0.006553708914165915
2018-12-19,-0.006256971327550391,-0.0037202349389807705,0.011944876880271153,-0.001364034463670776,0.0012123923876739963,0.002689903410406256,-0.0014287827797856455
2018-12-20,-0.0038222978910465483,-0.012224901949900297,0.0024500191443345303,0.005427599008004109,0.006411983181539659,-0.0012410363687367114,-0.00862708289505932
2018-12-21,0.0011347775545978971,0.0033338886448301508,0.006866722502803907,0.0016724155940348617,0.005064380683807176,0.005485098861592061,-0.007946403345060008
2018-12-24,0.0010476126832158897,0.009869892876099393,0.012350778381834087,0.003326786402252275,0.0005326244349790207,0.02943663286086367,-0.012218360535516967
2018-12-25,0.0014017754581905361,-0.006657818864144189,-0.005136692550933355,-0.0020394174252799883,0.014416105934348248,0.003175973141611491,-0.006416926254525162
2018-12-26,0.0019696563552093543,0.005761199901784637,-0.0028890203205262414,-0.0009330400987419624,0.002406604544694014,0.004246598376339691,-0.0068225579363980545
2018-12-27,0.001108025938025416,-0.005575727420919431,-0.007330362752664906,0.006983338120428585,0.00028612493496101205,-0.014751018606564695,-0.00690279730407198
2018-12-28,0.00394330948976858,-0.002697823679773564,-0.0026282231161589313,-0.005486227807062417,0.030038946534674007,-0.008480234589581907,-0.0018433436288942597
2018-12-31,0.006790747842599748,0.00446305430393676,-0.019813002281374312,-0.010569606632733597,0.002637466937578331,-0.01263957220279362,0.0024224457770155136
2019-01-01,0.0024700234478017714,0.0030148944315958664,0.0009524913940054487,0.003019009603021572,-0.0031493046702975947,-0.03824869340567096,0.01074459768288539
2019-01-02,0.00037346696976755584,0.0013460703658310618,0.007502724454975713,-0.004970657575721983,-0.005028552996757844,0.0368458041061332,-0.0008749841913866773
2019-01-03,0.0014114558174184906,-0.0008916539339480132,-0.012875595950918046,-0.0069853453877790316,-0.003801599162552691,0.0004581347408586404,0.014335609919840838
2019-01-04,-0.0013408624063311052,0.023301300065174602,-0.004114600412632146,-0.0038794806082443917,0.0019468042309026257,0.007332943278212654,-0.0005309267598780243
2019-01-07,-0.0011820371228248392,0.0054502887944795275,0.01147846132913879,0.0034104040644545347,0.0031177349225241092,-0.002657464349954215,-0.0025539750078591625
2019-01-08,0.0009473550564722458,-0.0031781444502740636,-0.003831219814850682,-0.001979323899467648,-0.004872497722685002,0.0019817043184407915,0.00403175311749858
2019-01-09,0.002886444461029076,0.012099271050404335,-0.0012942828337490053,-0.004258568536438439,-0.0014712559442386349,0.0051170564118504566,-0.008380223211892402
2019-01-10,0.004376835948098871,0.002680865367856248,0.010634117687539305,0.002946611108844004,-0.003999241704874325,0.00561719101423998,-0.003161229566365328
2019-01-11,0.001301935009913837,-0.014783817797263251,-0.011287857120511727,-0.0015444988007643939,0.005979109524939533,0.006513480096755183,0.00488244097375459
2019-01-14,-0.005697037820362499,0.024814238816344546,0.007629363716716144,-0.0036216440559515505,0.002641599333338187,0.013104957782025497,-0.006355930622940746
2019-01-15,-0.0016175304161914822,-0.011984645512113177,-6.933975120132247e-05,-0.007260257221880762,0.003354636947174737,-0.008714802296892372,0.006776298345107132
2019-01-16,-0.007448978661964896,0.004279876483277327,-0.00891599024782336,0.009250603879590634,-0.0024972247664125317,-0.007493191260383718,-0.005575133510896901
2019-01-17,-0.0037140973892830077,0.011915122915510827,-0.017036137375694857,-0.006872581310189824,-0.007759298208537985,-0.0040668291735874605,-0.007463635882822447
2019-01-18,0.001260960180795769,-0.003086196832485935,0.002053196377833147,0.006978293091537027,-0.0022100041124302433,-0.007118562292722847,0.0033062652071339698
2019-01-21,-0.0006226518525505411,0.011482818661610588,-0.0020626309692097188,2.938277315690257e-05,0.004362641330120126,0.0027613066078196863,0.004379106879734483
2019-01-22,0.0012955368958991662,0.00045049649796174415,-0.013382850541600664,0.008859168970183635,0.0010841545488906158,0.00976096882855864,-0.002063908291507414
2019-01-23,-0.0030004399091785095,-0.0011155602703247813,-0.018442885794611313,-0.0031380573742296604,-0.00476953334118144,0.009142565876748806,0.0044240748987948745
2019-01-24,-0.007252668308112952,-0.0028979052787922953,-0.008266447144489339,-0.010068140933288576,-0.007994538638661708,-0.005056267837709009,0.0033255650929414587
2019-01-25,-0.0029695566184164933,-0.006598600108486721,0.006152298858092196,0.0018101971673863603,-0.004120575679198951,0.003104935789607054,-0.004718731901659673
2019-01-28,0.0017354556911762578,-0.0019883310285973644,0.003964362233050482,0.011782488324591698,0.009420484831011251,0.000793078966154236,-0.00490416178434312
2019-01-29,0.0014299299860614134,0.0008506043681704806,-0.010707118320037474,0.00570329893936979,-0.0033575829473671227,-0.012091909048097862,0.004213117994797029
2019-01-30,-0.012032765424830717,-0.0016723936912344216,-0.005430135785645487,0.004771676910378154,0.010457915572505546,-0.004748104690773547,-0.004266137413503022
2019-01-31,-0.0010858386636430812,-0.010315379529409101,0.010263273205474363,0.005325645419549879,-0.0036341434418219135,0.009662408386064043,0.0019765583728455416
2019-02-01,-0.00022395524568902188,-0.0005985913115064789,0.005102335953065387,-0.011048846761950122,0.007253957466813806,-0.008433493465173855,0.009518917253614352
2019-02-04,0.005550711685398911,-0.0025745345352658077,0.0020111065181368745,0.0013229635956131453,0.001411087386946664,0.010465556871235343,-0.00011308269890083788
2019-02-05,0.00426536622236815,-0.008840535032217803,-0.0043456627567213585,-0.0021853264479388098,-0.0028475282010732633,0.0036604125361384176,-0.00574046080338417
2019-02-06,-0.0005491821399337736,0.008114435833617038,0.00113616088287145,0.004428122543212068,-0.0008725930716159881,0.004493420078304688,-0.004098455260749953
2019-02-07,-0.006725646167756991,-0.01587322169120048,0.003894162313407051,0.0022082527060555196,0.001043643293593613,0.006658286623239633,0.00018753853837263516
2019-02-08,-0.00214794512492303,-0.006128890147435254,-0.012631953380550304,0.019185263972405074,0.0027651637112089907,0.0071800247499133035,0.005120558790180149
2019-02-11,0.0007257485794447051,-0.0034380545061108514,0.013833974215395369,-0.0013133030990709529,-0.007407735279521325,0.0034149542720430578,-0.006630795381039739
2019-02-12,-0.006992104846438545,0.011171061964706313,0.013455762488345863,-0.002450675542520197,-0.0021723849310193682,0.002333304853851772,-0.0006090619215238145
2019-02-13,0.00107621238005081,-0.009262796904360784,0.01043650192085275,0.0095710365878733,-0.006476468796544873,0.015466272869349257,-0.015711652125781354
2019-02-14,0.0012999817852303774,0.003278729714798701,0.002386788416127491,0.00037367119323416387,0.00843270917937752,-0.001459278226374113,0.012637683497570286
2019-02-15,0.002017465722726585,-0.00034434920907151306,0.010980015018565168,-0.006958737647517411,0.007131751491188553,0.012366098629348277,0.002862741700587493
2019-02-18,0.006432960598702149,-0.006261632254458729,-0.002435064458413943,-0.005910563921331042,-0.0031806435622270786,0.0026296475073052782,-0.007251609143470099
2019-02-19,-0.008185504855434927,-0.0030170611462257985,-0.010443533646684681,0.003137226938145493,-0.007573375914359758,-0.0017999682530493812,0.017110496875511944
2019-02-20,-0.00147248068706855,-0.013304215061618987,0.0007197886774337507,-0.007041411774843664,-0.004550665669827861,-0.003833027031579783,-0.006258075778323005
2019-02-21,0.0024195468217280843,-0.0071218437298768075,0.000961226069928338,-0.0011365553327404901,0.006966393267655338,-0.007252300113913542,0.015261357602644902
2019-02-22,0.007609663595068273,0.0021443016662159027,-0.007492600782614903,-0.0006717016607752462,-0.004447304422693165,0.012467500868840688,-0.0009090288838323175
2019-02-25,0.007306642354609364,-0.007058045542453088,0.00561765005252829,0.005500402544040158,0.000981168925839668,0.004050066108502017,5.136112340769171e-05
2019-02-26,0.0028467497277189073,0.007923023764253516,0.0012050243318046554,-0.002010695944544928,0.006805428833804106,0.009269869325111316,0.00513075201360011
2019-02-27,-0.01411565220799282,-0.0053446273484577065,0.004514687535190081,-0.0011528466858968054,0.001156886816631624,0.0007206041845531856,-0.0014908801790056883
2019-02-28,-0.0015608484975402758,-0.015365906329817488,0.00809900144369096,-0.0013539693555459193,-0.0035765928907478713,-0.0037261896762563495,5.795873257149825e-05
2019-03-01,0.004112772928054211,0.006709914050929827,-0.0009726966748225996,-0.0015013767987923441,0.00804903097791425,0.0002700793106855166,0.008270029663386125
2019-03-04,0.0032330509675154336,-0.010363754553366324,-0.003740604839099372,-0.004295687292171466,-0.0012231666218839071,0.00820793754919357,0.007144608275607923
2019-03-05,0.0013385265753971954,-0.009666643615211096,0.002850573977258278,-0.0065190529297024374,0.0026290770067092326,-0.011094782068504125,-0.0009164744299382035
2019-03-06,0.000980310975860352,0.0020914901074001054,-0.004844325170658707,0.0024807659860900783,-0.0015509398820716194,0.008065205337832133,-0.00564420934849246
2019-03-07,0.005198118334989945,0.005116463964681059,-0.0032820243399527826,-0.0044602301476155785,-0.0009287343791824199,-0.008829037375978207,0.00026537625424423407
2019-03-08,-0.0033138951682368284,0.006399207710706447,-0.0003387190460059206,0.0028314185469974136,0.0021298699389965033,0.0007103033679590683,-0.0011528129553219557
2019-03-11,0.0030518650245047103,0.0029145725817816474,0.005365071636084875,0.0025710811253417953,0.002826571251323353,-0.007304394652177205,-0.00430785436496352
2019-03-12,0.010471888335567673,-0.01638974787854952,4.2464843820049925e-05,0.0019778393806833545,-0.005293364249972349,0.004256003504159495,0.004425908899008981
2019-03-13,0.00435274104349062,-1.975534826662563e-05,0.0020321982533957374,0.007421923003938815,-0.00621412841819432,-0.010994000606017632,0.00597732451782651
2019-03-14,-0.0053550119624585,-0.0021274225806200853,0.00102484359931493,-0.006407504121375221,-0.0007202460542110232,0.013220625570718347,0.002530375434186252
2019-03-15,0.0010609165531034435,-0.00345305136608509,-0.007853138628925095,0.013150158303616792,-0.001299560804522326,-0.011514259012701982,0.012731626358317821
2019-03-18,-0.0006685633118541613,-0.001165255392316481,-0.0019603251074053574,-0.01184168741662889,0.004532438020198147,-0.004079677447047732,-0.013550488560545408
2019-03-19,-0.004934865910622747,0.00754487491100881,-0.005954897084425399,0.003578992739980117,0.0007394256435614479,0.0016174813163853767,0.0005604272826005322
2019-03-20,-0.003971228162013631,0.006069673215742733,-0.0009568982288792737,-0.003361353089203101,0.000307314052592205,0.01206342578055607,0.022857887301820583
2019-03-21,-0.0030688701695247883,-0.001810181411537234,0.008131994661361865,-0.006076049885184125,0.006290498001121969,0.0029576318901850703,0.024194289096817118
2019-03-22,0.0017071313066771379,-0.001225131125337108,0.0012031039944390967,-0.0036494433265924753,0.005379372108892602,0.007647241528565334,0.004874773350656482
2019-03-25,-3.535281825678163e-05,0.0028429389058750388,-0.003978649607517182,-0.005290041331740448,-0.000745722811290988,-0.007986936914222418,-0.00415128602066966
2019-03-26,-0.0017034825994350746,0.006576935016975004,0.00044141714096039043,0.001962515924430138,-0.0002709072413677739,0.0038428035005831336,0.002445978066961524
2019-03-27,0.005223666741369628,0.0055019875457124265,-0.006365327922762463,-0.0005740393239914343,0.000488955954976155,0.0074461460766963436,0.0020977707211917635
2019-03-28,-0.002472561959278088,0.005484577851320556,-0.001036854971610895,0.005027428342725833,0.019898670738208533,0.003775711127493833,0.0029181139407778566
2019-03-29,0.008509105802279709,0.00017839434773752734,0.0005329607177201848,0.004193432110426505,0.0018248620216968026,-0.002233382303264983,0.000983982526402309
2019-04-01,-0.004084590239628419,0.008532673321221696,0.0015804631589074033,-0.004462090059109662,0.007374753511179965,-0.0031321855292833363,0.007980909509502166
2019-04-02,0.002278173114229162,0.008637404610609231,0.0014995325267372032,-0.0008343003195676116,-0.0009281043217245471,-0.00514195879698148,0.003368330374674373
2019-04-03,0.004144939968422401,0.0027365577952149695,0.003331857010294127,0.006249556610098767,-0.011508802355585558,0.0036006058142241545,0.021011357351522337
2019-04-04,0.00107744465999198,-0.008813394360888736,0.007634663813733193,0.004530315450457668,-0.007424479777293837,-0.016089776619859147,0.0019247196561894184
2019-04-05,-0.004075636045450328,-0.0015482104076571751,0.0018222867338497947,-0.006193607355371866,0.0020402134501900735,0.012133505657722227,-0.019534991691945593
2019-04-08,0.0002611554122022372,0.00977204447586474,0.002044606836578044,-0.0012692087853478384,-0.0027172180222674947,0.013280963840664189,-0.014479413469820682
2019-04-09,-0.0021345641453037623,-0.03061869173641089,-0.0022613146436167813,-0.003404713026022905,0.00032834812719445246,0.0019590638061544657,-0.004843781795480077
2019-04-10,-0.0018847211129866593,0.012135659121602313,-0.004210951775455325,0.0038024278819479254,0.003146107980864204,0.017783258472880054,0.0003215852705967579
2019-04-11,0.010702035466822558,0.000806244912315149,-0.00026867403985779897,0.0031460383317858417,0.0065436278821086715,-0.0018335828609342098,-0.003158549933899286
2019-04-12,-0.001871248346033936,-0.010202172827690332,0.004486081795437868,-0.004582373788989142,0.011506287982676564,0.024959727866332434,0.007447315974069141
2019-04-15,-0.0028941672598935156,-0.007149832964285152,-0.00010397536226142493,-0.011648728344949734,0.004150678440557064,0.03108260347710974,-0.01979506386100572
2019-04-16,0.004849476309163943,-0.018806382848806612,-0.0036173468020547907,0.012610148694234321,0.012982246074946338,-0.01205512899449802,0.016148266584853993
2019-04-17,-0.0035045592550675495,0.009032072102651422,0.004111663973354508,0.005991027392433876,0.006405180770654426,0.014123866412628288,-0.019121472449410367
2019-04-18,0.0039078523943095935,0.021383389223591433,0.00449517539829981,0.007282575705943448,-0.0020079302774966387,0.02381624614125861,-0.0026739435497820175
2019-04-19,0.00010223590787549998,0.012828062442554836,0.0019432950832989468,0.001430331180297339,0.010187412641593153,0.03297164646939698,-0.035861560268301666
2019-04-22,0.002560329318740099,0.013194268157032934,0.0022635552683204197,0.00031350083028489696,-0.0009872367815484781,-0.0180484491892772,0.002957905844987617
2019-04-23,-0.002843166295099851,0.013316120367429338,0.002051165686804493,-0.00011686888831257968,0.0049088627976486944,0.01932568863180163,-0.006539195481788092
2019-04-24,-0.0037142851688491477,-0.018451186595495203,0.0035505215644481467,-0.001067098000945964,0.0016898482497377972,-0.009743393620015002,-0.008632391669820468
2019-04-25,0.0002495165408280586,-0.010066958332128511,-0.0039554707232528925,0.00168571554222916,0.002064330635592461,0.011792706774316087,-0.008990808052122856
2019-04-26,-0.006314596389372981,0.01129212311629226,-0.00030551262750401194,0.011822822353591816,-0.002327215715511471,0.0033312548269225106,0.007577466768275139
2019-04-29,0.0031267440358744517,0.021797546238259465,-0.007775227336320038,-0.007639400007254171,-0.0027400093794671776,-0.010582238237610533,0.009757096090825588
2019-04-30,0.002408911395833531,0.003755785157088508,0.0032158637206789807,0.0019918371636667227,-0.003911546425387044,0.010692857041714698,0.006525396716352008
2019-05-01,-0.01747559810372324,-0.00015824781211021266,-0.0035410300117142838,-0.012306410060474265,-0.004029009349707772,-0.028185262688218544,0.019226935620523966
2019-05-02,-0.005604736545823277,0.00398872615078183,-0.0007076028954421741,-0.002261409161704365,0.004705368643425343,-0.0012775311154528083,-0.013285003225689727
2019-05-03,0.005669296862626209,0.00746290884706545,0.001877584228365566,-0.006922016107310474,-0.005790297662821633,-0.008857445476967183,-0.011886226601454572
2019-05-06,0.0011159127918637774,0.004189333348572918,0.00909457796357676,0.009829055715628348,0.005104366790541285,0.018579842393069007,-0.009251728940421781
2019-05-07,-0.0014739162144516563,-0.0026657383997647226,-0.005061027176445647,0.013242088143795395,0.017049418533444514,0.034153413911886685,-0.004142827172355373
2019-05-08,0.003383717362111422,0.0019661019795024163,-0.00048595827797548436,-0.001459632137094369,0.003677069860198131,-0.005087482229699259,-0.0007640169405904393
2019-05-09,-0.0014252333844684483,-0.024554459814504097,-0.009725144061786073,0.0016919786852139266,0.0077387698843196465,-0.000869117095685815,0.0019410729721424077
2019-05-10,0.006364570843741535,-0.004568595217137625,-0.009101668617000997,0.004897413216475808,0.00024667000483793414,0.0008775986083885228,-0.008865238435006004
2019-05-13,0.008041404601402468,0.006177705812445759,-0.0044081711567783306,-0.001733432360254971,-0.0023925021341702156,0.00822433930838164,-0.0016744567115721456
2019-05-14,0.001105888213415635,-0.004140674678817188,0.0012475002908107233,0.002308550442799147,-0.004096525989875277,-0.016494903922023987,0.0008848995721121935
2019-05-15,-0.0006876849953164645,0.014129178706368345,-0.003401984129097465,-0.003421448854177267,-0.0054315628111068675,-0.004126832230652594,-0.008710056535983618
2019-05-16,-0.00575506473267951,0.002555509030008462,0.006219668009761921,-0.002203979047992776,-0.010643576028151261,0.00947913848964795,0.006832413888383259
2019-05-17,-0.009402126779643227,0.004735885313295697,-0.002054339622059618,-0.0005880829754695871,-0.007445683798216084,-0.002722384858165057,-0.0031002307053719
2019-05-20,-0.0015613604173729896,-0.015466849181786126,-0.0006928323460150825,-0.00032125840643363744,-0.012206861090354498,0.0004652114721332061,-0.0045996944075960685
2019-05-21,0.007303605712632188,0.0016486942340242978,0.013474995306762655,-0.003388250559135327,-0.01042998155461192,-0.0043997957106194675,0.01766045347144894
2019-05-22,-0.014454107965760531,0.005800410943162831,-0.005766926399866454,0.005361105501038627,-0.01706973017661449,0.018881582121787654,-0.0018261192208219527
2019-05-23,0.004740731662550982,-0.009684364290084279,-0.01248484932086941,0.00013806320165350903,-0.016528979900153208,0.006349209632726465,-0.006033333576043732
2019-05-24,0.008307345937605093,-0.010886283959722593,0.004202525243426865,-5.329642885959433e-05,-0.0038567049845195742,0.012960963493427702,-0.013297562935590276
2019-05-27,-0.001165186030705786,0.005653280965833433,-0.0011799989582374308,0.0023385971561813066,0.005465472130937013,0.002547430604425971,-0.004147145073043041
2019-05-28,-0.006422303545862708,-0.004698582217543888,-0.004890864740671693,0.0035387471544546475,0.015433531087960998,0.0012338152373539276,0.0020617056140341803
2019-05-29,-0.0009416802232289833,-0.008114453053832743,-0.017584583020235817,-4.0356347793251634e-05,-0.013529403900647228,0.0011781501898732517,0.02026092369294638
2019-05-30,-0.002675832991246606,-0.000268182014082037,-0.011290396425527904,-0.0024347890700049013,-0.007464532581103314,0.00012107099740698013,0.026340761462854915
2019-05-31,-0.0011679800127711577,-0.0124967069411142,-0.005240035789729126,0.0020542410342495997,-0.007480249556523237,-0.00692649582377209,-0.004539495455427269
2019-06-03,0.011626973237756645,-0.002976288452573236,-0.012091085113106984,-0.0017830273647074968,0.006490222113033218,-0.008551996571734307,-0.014841534860157634
2019-06-04,-0.005168890987722915,-0.005250961773714174,0.0066470891250634285,-0.005166122625564762,-0.0025899248928417753,0.001044215142608156,-0.014094750471397017
2019-06-05,-0.0025323454220859934,0.008815243061452122,0.009849283659891959,-0.005191281498094224,0.008061503935171523,-0.003410602698625991,-0.008956671008475896
2019-06-06,0.0038786986582069923,0.0009974012822917939,0.011553163924609094,0.00220729417847838,0.015741564947097254,0.0027716422109244675,-0.00047727849782488026
2019-06-07,0.004417175629123838,0.010719809897879464,0.005380255632020282,0.005205237599789811,-0.009213311051830412,-0.0015376009993782148,-0.018266267636445968
2019-06-10,0.0051314991157606,0.003898362397855247,-0.010847608441078986,-0.0027424934724277995,0.014765063891710312,-0.014204090732102891,-0.005914035707419069
2019-06-11,-0.004506768435878488,0.008465804753951684,-0.009990084411235476,0.002513677379131033,0.008940754068309884,0.0026061935861276574,0.036062331844974906
2019-06-12,0.006418759434549973,0.009689916345017511,-0.024176171312281024,0.006548161848444352,0.017194710438335654,0.0007680172594328959,-0.014105064254858126
2019-06-13,0.00251964738983362,0.003979784117470738,-0.003006671056566835,-0.004093250878011896,-0.03072398423598775,0.015187682164493895,-0.0006543711065836856
2019-06-14,-0.005108513480284787,-0.008179337796152927,0.002997157666475717,-0.0028642910269373848,0.014162519065036955,0.006519565606347566,0.0016066085844865774
2019-06-17,0.0031270393278601755,0.0010505779486438248,-0.0014652867818850041,-0.0006819960436744484,0.005818752136443483,-0.010236022566815793,0.036273457932668986
2019-06-18,-0.0017884443866308802,0.005239076219944627,-0.011010789798091088,-0.0023820860507636787,-0.0030396592919874252,0.003642910906942073,-0.013288905586155579
2019-06-19,0.012994071638001948,0.015775184724830707,-0.007661377658246171,-0.0017118073922378226,-0.013440675291813612,-0.0026960608765937777,0.00784899970157763
2019-06-20,0.0032444187142922575,-0.010798447622885805,0.019354086864622012,-0.006516995911446038,0.0072466426630359675,0.0008171418995805205,0.00845560117122188
2019-06-21,0.0005496061376302391,0.0037225575334265044,-0.00013149314419486676,-0.00394749989948384,0.005194108627830749,-0.006717064250087139,0.02444936539686978
2019-06-24,0.0031760081794603994,0.010999807247931549,-0.0051920016136599665,0.00827667795687145,0.0036642259523320684,-0.0034343510525029148,0.008191868813717813
2019-06-25,-0.009317948235653057,-0.001924301084856387,0.007130025276202649,-0.004693507712487642,0.006247608443990452,-0.02010446356133061,0.006510476400071909
2019-06-26,-0.0019109550218344604,0.005181025793013428,-0.0022169646379870778,0.0013869320479704703,-0.0009292044234205917,0.0016527975203003897,-0.006351370472563262
2019-06-27,0.004815759688810241,0.017464928643114695,0.009566128352545878,0.00036769914471954785,-0.026890562703616,0.010692341257357851,0.004353917038187565
2019-06-28,0.0016029778056409964,0.0021224867383739876,-0.009098532750080292,-0.005846212411109229,-0.006974743156854862,0.00040356978543532415,-0.01877895813282121
2019-07-01,-0.0019275707273199427,-0.010007494238176491,0.004941916149034567,0.011517985282318398,-0.006438142581694219,0.0016687106342894882,0.009576249781720666
2019-07-02,-0.0064830024021755054,-0.004364924475279187,0.005969365488556161,-0.0027666013393651393,0.021247944462617345,-0.0136783252851736,0.004302078829886506
2019-07-03,-0.012323067372723751,0.010183059686044122,-0.005783129616764492,-0.01112099730483615,0.00363923108603963,-0.005424626957630143,0.010571964466807386
2019-07-04,-0.006954993895294312,-0.0099035340291458,-0.002455042320614011,0.010162328014256114,-0.006250836097489502,0.008404997505548878,-0.010863381592941678
2019-07-05,-0.0013887710266838646,-0.0053360852339921746,-0.004259377218681759,0.0004815660733868271,-0.023155489135286863,-0.002385135859255794,-0.004827066489644677
2019-07-08,0.004758258385923118,-0.008289573838935877,-0.004115888123466083,-0.005571479519272957,-0.0017989564450706776,-0.009328932757170925,-0.016601413903019932
2019-07-09,-6.762142258756604e-05,0.027700636585043594,-0.015835581978144407,0.012128574337644662,-0.005203968368322413,-0.00940446742717525,-0.004199756707977886
2019-07-10,0.001682703444550301,0.014756582646943487,0.006127478536353768,0.011031475372036028,-0.007398586709140959,-0.0019136020454934648,0.000711938201804183
2019-07-11,0.0034117773285135154,-0.002366536520210005,0.0038790205815865527,-0.0026134582671053248,-0.009482354413988203,-0.010078965283548121,-0.00940973257717112
2019-07-12,-0.0018945025457801736,0.005764284038484372,0.002596962219319771,-0.013669073039818755,-0.007788375641870176,-0.004417465381117732,0.022743615579039433
2019-07-15,-0.00041025311082872274,-0.010421876275608609,-0.011923921658404307,-0.008441981671671449,-0.01785469566608373,-0.005662835553574052,-0.012533023153132154
2019-07-16,0.0003575692995924909,-0.013068360758010699,-0.0043870944996074945,0.006477155629659618,0.0017497309258098905,0.005476548918678288,0.01688736910167772
2019-07-17,-0.008814411462085663,-0.004772990923807771,0.0006709550515217123,-0.00017734059298552123,-0.025113198782660717,0.01064533811621969,0.018677551028566223
2019-07-18,0.007097332342412026,-0.0077333384047628805,-0.014285352759649074,-0.0004613876952401109,0.018159417092546214,0.0063237364339362315,0.010039661115897026
2019-07-19,0.0005369716463014046,-0.0011537183036010145,0.00427173698113898,0.0061041114838272185,-0.02748322310382188,0.009771331637840512,0.007335244265790977
2019-07-22,0.0032410777492355206,-0.0051702438893154925,0.005466620017659305,-0.010946301639709364,-0.007955243554987678,-0.002778256504203891,0.013006769721557631
2019-07-23,-0.0005707146615395237,-0.007728507896588979,0.0002539453486236663,-0.0007512399131553304,0.0002521583234217453,0.007863882732080881,0.002072509250697573
2019-07-24,-0.009833047099480338,0.005687810891640009,0.001946143726292357,0.001817230744646549,-0.009540416763651418,0.016826658116399395,-0.013219538762246635
2019-07-25,0.0008666850766321432,0.00240000088598703,0.005048035812156415,-0.008537805431543326,0.003795386021023187,-0.0004968854774210936,0.004032756420024009
2019-07-26,-0.003911755174259538,-0.006985401877594522,0.01226263066120978,-0.0030663617877033037,0.03639499461378837,0.0009485414817733581,-0.01064226450459674
2019-07-29,0.0065063849271408845,0.006783858359780881,0.00427126077133313,-0.002046600848880115,-0.01167124716829265,0.009954684507834972,-0.016051352626530676
2019-07-30,-0.0003194263148271529,-0.002192017389795355,0.003887134731999996,-0.006627203541118998,-0.015923059822581555,0.005357942520990138,0.0017940938526086832
2019-07-31,0.0013005900537975408,-0.0003748647207739297,0.00046195456369931454,0.00837310047258301,0.006481997167808926,-0.00047320436557278745,-0.007313538745902038
2019-08-01,-0.006729332687454537,0.001509274410537479,0.0004697433862066655,0.010998639304283245,0.012372788717513595,-0.011756054800298704,-0.008284909591412712
2019-08-02,-0.005349283381097087,-0.0037494628803110383,0.0008190895385805546,0.00970070743651249,0.009968874791926697,0.005900071010404295,-0.01795795344976986
2019-08-05,0.0037184851521524613,-0.018142124648209242,0.007536863950844745,-0.001665455664673111,0.0007223480166668593,0.001028990929773505,0.02483966966641313
2019-08-06,-0.00349914064806711,0.005932446745559321,0.005570042572738566,-0.0006926605829180048,0.022635400575103996,-0.0032193818073693943,0.04181538129778772
2019-08-07,0.0026878400182892967,0.003652979874009191,-0.002412908402245906,0.001191751708965525,0.003021116160826278,-0.0008775620597568377,-0.03432376728738628
2019-08-08,0.01748593268814963,-0.006113081787923093,0.0005767143596445834,0.0014316692429697225,-0.003838661517208221,-0.003818036346528511,-0.00951661947385763
2019-08-09,0.001219516775304976,-0.02171442189608891,0.004111731869921545,-0.005162846419934373,-0.016265170996018805,0.005693504682345913,-0.006663949757557422
2019-08-12,-0.0046658955179611885,0.02144301442047863,5.161898263684602e-05,-0.0013041672354851986,0.01342487615951264,0.003934263149288085,-0.0020494694900011303
2019-08-13,0.00492502382669073,-0.00031505385268902874,-0.0036150405081625888,0.0014217245086216004,0.019286187922945754,-0.008622810772063607,0.0053370249997230475
2019-08-14,-0.01302622981372701,-0.02534274556103098,-0.0008702727114520547,0.003572887505351985,-0.0076118208731168376,0.0005696979829234632,0.023990041110079283
2019-08-15,0.005184439398577738,-0.0008850014012508515,0.015930193802137733,0.0032446449452576045,0.010893252544232965,-0.003396675123844233,0.0038989005632625454
2019-08-16,-0.0027720833335305255,0.017247528883375496,0.013601094532264282,-0.003277576596341875,-0.014864503975523666,-0.012013696301540665,-0.00718238501706285
2019-08-19,0.003562284873823698,-0.007091819218804723,-0.003016628518927253,-0.0030841203302163825,-0.01808291295803067,-0.004205182715653043,-0.04031945086320485
2019-08-20,0.002085247842933047,-0.015020140895232157,-0.009716215896542578,0.002087337920538936,0.0036465147246477763,0.016025944018221727,-0.0014291204892682165
2019-08-21,0.003036439646648637,0.00998444992141225,0.007866761035758058,-0.00037212976732719735,0.011626731523877455,-0.000864515131034545,0.01020525958149942
2019-08-22,-0.0031699845704144256,-0.004816089068916645,-0.006827543149305385,0.00115172700141215,-0.003789364897104677,-0.0022816836161921937,-0.01690458627360509
2019-08-23,-0.002750958823843981,-0.022234098484051175,0.004334699957031117,-0.002693766184730598,0.022600356594866224,-0.0031524966535894927,0.016440340907764642
2019-08-26,0.00021657756420971562,0.03008302426672491,-0.005984934540323175,0.0031801246155937794,0.01768320341510425,0.004035138192354712,0.006196135649340593
2019-08-27,0.0062182655356775,-0.01622388208924976,0.007732171236539483,-0.006708967390513248,0.012628714635535892,0.0036092653154235843,-0.04019213818978785
2019-08-28,0.0019260245439768583,-0.0006560595610397139,-0.00848128154726886,0.003281665857442407,0.004115839485034099,-0.005214326515838802,0.04214293817593631
2019-08-29,0.021671353711731414,0.04223851458683987,0.0021168108934510803,-0.0024834652519761685,-0.0037397875885334343,0.007128920499328224,0.03478875359817192
2019-08-30,-0.009455475997707082,-0.00891410926985603,-0.0019427109717522855,-0.002673096532817144,0.014178164968651435,0.0020085789980271514,-0.01747692329204395
2019-09-02,-0.00581077826241917,-0.014045965043339829,0.005286294589479703,0.002720312351884109,0.027473598550085635,-0.012810470685314634,0.0038482177652924927
2019-09-03,-0.004502000969985522,0.027492085608142428,-0.00041388723517156494,0.0022579545698996053,-0.008994800805393877,0.013113686735063093,0.010895897227405745
2019-09-04,0.009180996950668397,0.01383119756005512,-0.0007655557129240328,0.004185394054654353,0.010223630451023587,-0.004063298770036699,-0.01516373775407147
2019-09-05,-0.005173703763290457,-0.007292647162913122,-0.0059917436640040175,0.0006583382483730015,-0.010476380069451972,-0.006564545982599441,-0.003425002851967621
2019-09-06,0.0032651754909860005,-0.0006524313554593248,-0.003956848132140151,0.011001048174019604,0.015204865088207101,-0.001979186335118597,-0.02781225190711639
2019-09-09,-0.0016114019939354517,-0.012604541964395656,0.0014693896125868207,-0.013174806726551568,0.010812809886314008,-0.002207321272080195,0.019154975060125295
2019-09-10,0.005416114343977297,-0.007674335539729156,-0.0012920656670063662,0.007320714760506578,-0.007753591863011198,-0.018780611762118926,-0.02580617235780732
2019-09-11,0.008204158341959877,0.015852074485962157,0.002436724574065857,0.0005565640357554874,-0.0018076012143726573,0.004541559778287549,0.004705181385167792
2019-09-12,-0.0017303267395458537,0.018917010079950204,0.004145104400929866,-0.006574811413765323,0.002291206968249987,-0.007156115230581819,0.011274862550338063
2019-09-13,0.004960706878158243,0.006148015875684284,0.0016740783633642786,-0.004006928642719492,-0.0067089739547477045,-0.020994248143726735,-0.016181685949679777
2019-09-16,0.004288699290667789,-0.009200354025367967,-0.0030238868251676763,-0.004931807348356093,-0.0034488632283712017,-0.016690385072795584,0.04571239592805115
2019-09-17,0.010792303893766515,0.010538976371986442,0.0035915193575268138,-0.01725673541323762,0.0208036385282267,0.014328898783669558,0.018756163393039444
2019-09-18,0.012240646430106238,0.0015524477468859504,0.0006649937797291064,0.010234707449105122,0.006297411593960638,0.0035669785885117816,-0.009190830068011892
2019-09-19,-0.0010324089575313973,-0.02257226935778172,0.004136205200391615,-0.0046649315881611845,0.001195914104652663,-0.00839939726273183,0.004476839437718727
2019-09-20,-0.002353826816281509,0.00175133009390286,-0.0037468842683008622,-0.016047177111244215,0.0018925951314167268,-0.00150475979218898,0.019366917526889856
2019-09-23,0.007543991533697064,0.02137695559191426,-0.009410440142431678,0.013859999334478243,-0.00012794531466384123,-0.000799474576927747,0.04216371393683101
2019-09-24,-0.0037485062439017816,0.00303015891214105,-0.00023240454635609025,-0.001925447763097647,-0.0047361345134965,0.0022837823434411087,0.03423589124441405
2019-09-25,0.004814687368453393,-0.009358369423703956,-0.011403443383148465,0.0028887356046664796,-0.011365678888299965,0.02096064800520026,0.003672544083881608
2019-09-26,0.0012203024927047081,-0.004897397871127672,-0.015868188070013996,-0.005102542952923421,0.002758778466834155,-0.0029348171570057827,-0.0003498515264340017
2019-09-27,0.0010436214131281975,0.004888720434225292,0.007367956638188635,-0.0008802270095795964,-0.0005436377336610536,0.017212996675557937,-0.006568620947119256
2019-09-30,0.003509586385322843,0.005229711143008515,-0.011444911481186688,0.016859735684152003,-0.0052118212529572655,-0.005192646959678881,0.01941047745363003
2019-10-01,-0.004527492741468351,-0.0034600154026876474,0.0012222759584932916,0.011357035784674977,0.006852350935363887,-0.020930857122444853,0.026521697146977424
2019-10-02,0.008807510186485965,0.0024976582390037164,-0.006560447243023459,0.0011241339309577478,0.0002103536898373305,0.0051657399572073446,-0.0060619321842604375
2019-10-03,0.0013671283910941657,0.003018131913441149,0.01636991925270016,-0.007423792555573327,-0.005548579815495295,0.005275732050735739,-0.011435726612664553
2019-10-04,-0.0011773414079944608,0.006635595045200937,0.00025581657960898816,-0.005180688414632164,0.018764057976110995,-0.0014077621125271403,0.018011009001843995
2019-10-07,-0.0028118566944553723,-0.0037022374138304,-0.002605401014925265,0.002742020486600563,0.009202879157325886,0.019610337846086224,-0.012131217542560205
2019-10-08,0.0006345196823378721,0.01322259408563207,-0.003963740368500414,0.007963135210674854,0.007540209017897817,0.025225125601419866,-0.0069736515439763275
2019-10-09,0.0044984493523943184,0.006521732117491381,-0.005948305494207783,-0.02161659219845728,0.00217199060765159,-0.017483292700421506,0.00457417772004456
2019-10-10,-0.00032923688558300195,0.008088963668817591,-0.002846062794450893,-0.012198763944808441,-0.0009057059936372658,-0.0058219490164520245,-0.02409487462337342
2019-10-11,-0.0004357157532836933,-0.011159349652425437,-0.0038486995848651807,0.0022927757189545235,0.0004873371389120415,0.030103217100462487,-0.01616752837551252
2019-10-14,-0.005335979640851628,-0.009716287571725527,-0.016058533062644025,-0.006575433451209748,-0.015464479130168123,-0.005175390318740476,0.0031771567878332812
2019-10-15,0.006533888343298628,-0.0023093410252812657,0.001141240711844212,-0.009933079898177231,-0.006019119180619374,-0.00848906620090772,0.007414832063719014
2019-10-16,0.002093263912429187,0.0023750885324557787,-0.002241730477011464,-0.030358601643392633,-0.005416317308017598,0.015949437459801773,0.009434707901362135
2019-10-17,-0.003310331270741436,0.0052351751084112825,0.005839372527322164,-0.005348973739577572,-0.002795720692693779,-0.02798264830038555,-0.005328007891576729
2019-10-18,0.00971001373386665,-0.01165567182779264,-0.004777563408921937,-0.010146306368818055,2.2715434775792122e-05,0.021116162609191066,0.00011696506302894028
2019-10-21,0.0007617807927403804,0.008736016102634504,-0.012914393188396727,-0.009817951359152234,0.0014847044320589892,0.007544648576125548,-0.001643624433564
2019-10-22,0.0031200568412729918,0.00047228784405117124,0.006506053054700015,0.001859254649590883,-0.0014198185392980515,-0.001986060418090569,0.031819609029089854
2019-10-23,-0.0033444842718007343,0.0033490525282963432,0.006133292778206368,-0.052173046906744,-0.008131204184632361,0.021314747693221284,0.00032902959486322964
2019-10-24,0.001399017437827277,-0.002514116407613916,-0.004064977237079842,0.020668606606719077,-0.002060455383293917,0.0005984908722521896,0.016577139548809603
2019-10-25,0.0004967414566179688,0.0009661567060819823,0.005520495362461083,-0.04275520841891718,0.0033039759695352214,0.018705681789089854,0.013287627190544953
2019-10-28,0.004709137212252254,-0.0027864851957453214,0.00779281387126043,0.013207208352357116,-0.011579628817109585,-0.006587879289864478,-0.020521940450469983
2019-10-29,8.847276337415714e-06,-0.015146539309288437,-0.015471557873808259,-0.034208847919067954,0.00406120883327683,-0.0035528889788745037,-0.005401973576686811
2019-10-30,-0.00341937311596308,0.010080407043930298,0.009130833172900837,-0.022459000231828355,-0.011385431333736486,-0.0008805215514559116,-0.016878430425226194
2019-10-31,8.481745375201609e-05,-0.010793910520686777,0.02419877244902498,0.0022230995487646666,0.0019206163177774016,-0.017139004161306187,0.01168451183703381
2019-11-01,0.00048781502887157414,-0.0019237075054859781,-0.0025989930717370967,0.015122605922958778,-0.004119354456607428,0.008366751763610233,0.003901702434820421
2019-11-04,0.007874782984298997,-0.004318296312278204,0.006804246255914991,0.009215643005758183,-0.0008945294583737126,0.005689899589546144,-0.007725696518543883
2019-11-05,0.000721350311399914,0.008953494305394705,0.002175317911566179,-0.025433147029400655,0.008847979982061039,0.014712571531735313,0.005160321744560824
2019-11-06,-0.0037494564894338315,0.0071017591462761214,-0.010958185110007311,-0.013947368571203739,-0.003519343466554528,0.009294494401539026,-0.0005052938009145616
2019-11-07,0.0037943850905852654,-0.0017433920136982872,-0.0037120574032321893,0.026597816176072087,0.0069535770161568925,-0.006135724332034877,0.0031608963966239154
2019-11-08,-0.0008546373320833667,-0.0042115272545828536,0.004283919994279515,-0.042289418524100994,0.00196380900223494,-0.0027170613737092972,0.015262504093529436
2019-11-11,0.0012221542407012352,0.0023294502127768494,0.00887641122998956,0.049125914327785965,0.005045407545437482,-0.007399107723918075,0.0007169627749066938
2019-11-12,0.003260982535492169,0.0007277641735975583,0.006928585056812138,0.017062242860866546,-0.0019512221235372805,-0.010561962883443392,0.017599129117972828
2019-11-13,-0.0015742565938855074,0.008264944915736478,-0.011506879931135262,-0.023906609808482946,-0.0037414239839899414,0.00019890926916501806,0.010343703772733099
2019-11-14,0.003549616452298693,0.006704695314591672,0.009786948671905944,0.02616043460204765,0.00819901021903469,0.003934896913144868,-0.006302802733708564
2019-11-15,0.0045819224425944095,-0.006507048476022484,-0.01143848567976663,0.012754311718188359,0.006889818134845464,-0.0026106117356860053,-0.007887290960907102
2019-11-18,0.004912849059828645,-0.008304125712578846,-0.00961332323212444,-0.03463952982215988,-0.009263433642251804,0.001884065795901708,0.002130406789872146
2019-11-19,0.005534536959338975,-0.010765033840603365,-0.004746710518436871,-0.03343332173244021,0.006363143800601172,0.008977634142967901,0.010281878080844348
2019-11-20,0.010908875854334461,-0.013787564465694535,-0.006909787453474225,-0.002897245889796505,0.008351708118738062,-0.0005990157332929466,0.009315247085005886
2019-11-21,0.004390406433907987,0.009008735092184104,-0.0021149018794060486,-0.034128702326506256,-0.0038988913943649906,0.007322247318367724,0.007809908513881066
2019-11-22,0.0034867442616840372,-0.012326104074204274,-0.0038367432673873203,-0.03503359180177769,0.0015476375656710113,0.012460134735366763,0.010212867176545801
2019-11-25,0.005312008290236736,0.026908979966711138,0.0017367795743639318,-0.01901511861973416,-0.0026562732046438464,-0.008731400210674391,0.030605546887972655
2019-11-26,-0.007996894476656661,-0.015549661032102034,-4.468828060983296e-05,-0.0069033139827527805,0.0033934687885598244,-0.0034896789937813202,0.006428733251367621
2019-11-27,-0.010583361398295682,-0.001198205141642838,0.005036980645757865,0.015251141970741918,-0.00873203764443346,0.004203825060659288,0.005220985494274393
2019-11-28,-0.00015526645709405422,-0.004681369139420073,0.01528986568864689,-0.04846899101534955,0.007312091945737102,0.0016533355785401968,0.0072046596131068895
2019-11-29,0.0077516549840588546,-0.02351935036674659,-0.001553262597675492,-0.10524895029453417,-0.002488872587071599,0.002839005006079767,0.0024958791817361295
2019-12-02,0.00556366493041261,-0.00391080378801341,0.010681659772228335,0.07033293653007706,0.0012336441253691962,-0.0218495612602466,0.0035061866476258094
2019-12-03,0.002730326669247833,-0.008320436980048041,0.009032697048307434,0.035824343969066606,0.007378452967155493,-0.02074296811371222,-0.008784963377166742
2019-12-04,0.002286176774149811,-0.0017290372348632594,-0.000807494107456652,0.028226538297371925,0.0017853598324117715,0.006870733124220196,0.00906744555047655
2019-12-05,0.001633963384786242,-0.0044582343226800825,0.003219084295200795,0.052710643829422164,-0.0005821963177111067,-0.013911124107580351,0.01706917975927422
2019-12-06,0.009366693470025441,0.002206475721177203,-0.0032792753145606196,0.0139693163617522,0.0022444704417993676,0.022889199073895205,0.0031013938255855305
2019-12-09,-0.002742678427093697,-0.005272427099350199,-0.010135492954975485,0.014363574663429898,0.0044973251643555924,-0.003466530601060349,-0.0008735802767115006
2019-12-10,0.0033978247481183765,0.004545999847457551,-0.007007960308432961,-0.007029680276831475,-0.0019467506280549769,0.012164866483585722,-0.0030256223089751254
2019-12-11,-0.0001797519249570706,-0.005189478665510498,0.0017848933741389577,-0.0065125700103179284,0.0013971605925772097,0.0002673552470966424,0.004730800985567003
2019-12-12,-0.004886682757190279,-0.014035717257394591,0.007763871500127009,-0.023339418391368678,0.0051878344102291,0.007838651552221469,-0.0076894570498939555
2019-12-13,-0.0009357095755220978,0.005465349196334285,-0.0042510920743135255,-0.012559677589182536,0.012776046674068849,0.00012232090340335886,-0.006632347740461833
2019-12-16,0.003601616602785575,-0.010223121597100333,-0.005294650047287248,0.017528176251785942,0.0011563386083332057,7.985819271614551e-06,6.699807356351255e-05
2019-12-17,-0.0012835231712412872,0.01430076545232252,-0.012256432812743627,-0.011765118311115933,-0.0029861177949008135,-0.02665530799044813,0.006809674828139738
2019-12-18,0.0018688910821839638,0.0206585539480759,0.0012718362323233892,-0.028449104579626776,3.421046713922511e-05,-0.01800664543024152,0.004296009751885607
2019-12-19,0.0014115068776757783,0.0027811567214666285,0.009603436587739489,-0.049723934601092014,0.004393400969338765,0.003002475910355972,-0.006269298605109256
2019-12-20,-0.0023514530885427815,-0.004819260964978886,0.005139075611778735,-0.015437524930586479,-0.0018647674266575906,0.0034088731523250764,0.0099678272683867
2019-12-23,-0.0013458560498503373,-0.01070128922116607,-0.002652004704978926,0.004614491429707726,0.002430646336961224,0.0056870397007155165,-0.00033398416591347936
2019-12-24,-0.0018516250454867341,-0.010125989340584916,-0.004391274286159998,0.008686066714074053,-0.0014102510592071786,-0.002546757745996256,0.006928117923167529
2019-12-25,-0.003685725706357141,-0.0024654418040617244,0.006769716027116935,-0.033915281401068115,-0.01423662759723328,-0.012250997433994137,-0.006095837017196177
2019-12-26,-0.006377044103913103,-0.0022512956473317285,-0.0031873388044942343,-0.002095749848156657,0.0063244774220036154,-0.014447085518716969,0.003510970767930381
2019-12-27,0.006002950141591697,-0.011378833743618595,0.004308360125952058,0.01548320879474213,-0.0016196261469261807,-0.004963472457917316,0.007842952874549272
2019-12-30,0.008191949093791395,-0.011331045355949464,-0.007087950383934845,-0.03498804307058465,0.009250846671058346,-0.011926028510175348,-0.004791806204012015
2019-12-31,-0.0130444895487685,0.002092726953105124,-0.0038161170782911175,-0.022944803921399626,-0.011479527666857257,-0.002399330693775998,-0.009808542744700423
2020-01-01,0.003157429924256012,0.003912505823067489,0.003380974737694035,0.01786948930411918,-9.855186692137251e-05,-0.015907075995582543,0.0050397252903272745
2020-01-02,-0.003274698583908231,-0.008167742368795923,0.002264332274432244,-0.009450151129701921,-0.0024391382729787225,-0.013182861298906633,-0.004128250322330606
2020-01-03,-0.021491889740486776,-0.005432861030747072,0.01658315369009419,0.012990449813762484,0.0015835528651376822,-0.0026847740172825625,0.005397599701396607
2020-01-06,-0.0066144493410860514,0.0027103873396035236,0.0005952181408002255,0.02297636355966384,-0.0014884927104663413,-0.009289924674558182,-0.00030490503461605265
2020-01-07,0.0035108366279042076,-0.0038205287954963564,-0.0017890800756577541,0.008638681129922665,0.0034173214735738373,0.014954348306450654,-0.002225053692771381
2020-01-08,-0.004041394336890352,-0.0057818955753141665,-0.003023081718163449,0.0073017759359076,0.003955665924718409,0.0006284178417931553,0.0005862905203785886
2020-01-09,0.0032534285691570896,-0.0007595404712263383,0.0011880130148592964,0.006030855967742959,-0.004703873351059173,0.0007473294206964813,-0.0009898701027343392
2020-01-10,0.007488377688845004,0.003124055338398365,-0.007296002556003667,0.0074582867254954785,-0.010788561813583914,-0.0003986765034279927,-0.0006015271941306927
2020-01-13,-0.0051914277190431785,0.007346267225115821,0.005522718409407341,-0.027948131903496473,0.013875643790774056,-0.0007926891010533168,-0.00566295797326506
2020-01-14,-0.002680767714206775,0.0054739025259405985,-0.004559263040076777,0.01436124207946244,0.013195022510552138,0.008772147997052462,-0.0070070609107126605
2020-01-15,0.011285457396063363,-0.005448848514273394,-0.010881628937116163,0.0026074529953846594,0.008586892911806188,-0.0020576451137427087,0.0019280654502731762
2020-01-16,0.016804460207841918,-0.01205095505529571,-0.007209806843558586,-0.011410131652413957,0.02210576991274748,-0.014313849842706006,-0.000673800018905234
2020-01-17,-0.0077689133057381645,-0.005847949217651293,-0.017835364845939925,0.019723307779497812,0.016800087117889627,-0.0032545022218712525,0.00850967876867238
2020-01-20,0.01297647160392396,-0.008965834511931392,-0.0025936716868137557,0.0061061512884607065,0.01664167820620413,-0.011266570268038888,-0.00582433636498792
2020-01-21,-0.0005216205632256663,-0.006980297445566424,-0.004538333952011617,0.03564137814060869,-0.0016620971144752055,0.00650223085739735,0.004134082481410799
2020-01-22,0.0035438538616432793,-0.0036110190616582055,0.005769028886307046,0.004986584400516986,-0.0025093716501309563,0.01504530488139738,-0.00247954584283243
2020-01-23,0.003531178268175966,0.005777464153396627,0.012106597360308198,0.011768755364869458,0.00285114965730667,-0.0009004766558284075,-0.004492641010054736
2020-01-24,-0.004009455622068885,0.007909025943903586,-0.009881137309163658,-0.009215188283558723,0.00416697025853791,-0.0016412738542116332,0.007277286066201174
2020-01-27,-0.0056793870460181955,-0.015788268497622885,0.00067843737342873,0.010727883237566568,0.008596084825467414,-0.003326100010415346,-0.0031689545346376725
2020-01-28,0.003285824619515814,0.0020306023912385696,-0.006708182371894729,0.003440606698962476,-0.0025668768089328765,0.0029158919171534473,-0.007198630725268235
2020-01-29,-0.0010077817551774975,-0.004797734196957395,-0.0033397973688385103,0.00566740888145845,0.004670627328327126,0.005953304917292047,0.005726407963782858
2020-01-30,-0.004087544869038861,0.00022062711533249807,-0.001438519443915239,0.009680277698786877,-0.0029515978906671228,0.001164526640943507,-0.006774240957639693
2020-01-31,6.219471135807415e-05,-0.012199902919484784,-0.01310341666573361,-0.008483328647506505,-0.007104191288492698,-0.002801444447173976,0.005334743630356749
2020-02-03,-0.002793673616969749,-0.002506610614109862,-0.0009633030029414103,-0.04748141531785245,0.005190183528881746,0.017847601362621562,0.0027365251684896078
2020-02-04,-0.00103319957734718,0.01182224736969751,-0.0038790046217047117,-0.006380768444139541,-0.005202638857827609,0.000660100145422591,0.006187753604890207
2020-02-05,-0.003222456224202494,-0.0033757474689881475,0.008652369563359,-0.002543351439435028,0.005587939667341489,0.004966288844519513,0.005501732555051848
2020-02-06,-0.0015312069255938284,-0.00469189119531342,-0.0038800404722474035,0.01341665935586973,0.009768004448657617,-0.002896729481832976,0.0029051190582984835
2020-02-07,-0.01143348533341551,0.0015483543598505442,-0.002751947687611387,0.005394362713086281,-0.0057601450647117814,0.0006279795839034537,0.0011793659389925772
2020-02-10,-0.0005926972240661899,0.004844211029828612,0.01399812007070117,-0.007660071785481196,5.9177560125162255e-05,0.004546074420990628,0.002399878528648613
2020-02-11,0.006516933249575831,-0.009498631420713671,-0.018137823711725707,0.006382281723380918,0.002800525873289434,-0.008386207929847348,-0.0009310699569597754
2020-02-12,0.006522384697835716,-0.0037107326175070147,-0.0002585959593189127,-0.005333239178325436,0.00013716162426745583,0.014051768442362507,0.0026366386426213014
2020-02-13,0.0021093510115398613,0.0018444443776245514,0.002856524498654179,-0.021607439823516466,-0.020607313786818775,-0.011542382495737682,0.0023660196300988976
2020-02-14,0.0003620307490556313,-0.002000400554932139,-0.0005954013749662307,0.002492884682096494,-0.0024906503986379513,-0.008618463584252058,0.0007952541378503484
2020-02-17,-0.006813792933194846,-0.0015822452513676187,0.008674955932939488,0.00045743209767306725,0.013553122689940852,-0.002818477627392457,-0.0027750201800217536
2020-02-18,-0.0022050959052855707,-0.0076406017288074635,-0.0019589480874788053,0.002325800445209718,-0.014969204127657674,0.008683885078834799,-9.473526156695e-05
2020-02-19,-0.02451243646455308,-0.0022234813163563806,-0.02079192925883614,0.018048491427669438,0.004299279197733134,0.012816121380851938,-0.0021924907115265417
2020-02-20,-0.005388143207608406,0.0024936387462785145,0.012188170075889918,-0.007825978817883189,0.006614310546085619,0.00334922000016291,-0.0022978889707250425
2020-02-21,0.004949721156226968,-0.012010352537308856,-0.022347691915826744,0.005849704327228154,0.007848559138226513,-0.004698486062694347,-0.025425636323415487
2020-02-24,-0.006183722614974872,0.011499521014068143,0.002848021602657272,-0.0048280628812039945,0.006258774074622846,0.007743656549039554,-0.00426303285110924
2020-02-25,-0.0009019092599790778,0.010098976192410642,0.005401293525241393,-0.014256941822484477,0.0019524766062250266,-0.0034617898950985034,-0.010535599856723319
2020-02-26,0.003824460724725529,-0.0008592273415314704,0.007493352874141138,-0.003450594625372212,-0.004811173267097656,0.003278515052955759,-0.01080687354894406
2020-02-27,0.0001723500296348594,0.007710714403938947,-0.00775778123204595,0.004345753163893696,0.004865929535123057,0.0022210149362491887,-0.007589651028815122
2020-02-28,0.0013664990094779661,0.0002668856899178249,0.006253150857551277,0.014924443346608947,0.008510828116900595,0.0073597367103852415,-0.0031642978428356233
2020-03-02,-0.0015101417758590328,-0.002040765226136804,-0.00153766375865689,-0.001943198286745098,0.0045332966631912944,0.0012878359337253386,7.794269888792229e-05
2020-03-03,0.0037762619250612203,-0.02760188309352504,-0.008413234517379676,0.004320548653885752,0.019744796431663172,-0.008814702039815717,0.0019759157110855498
2020-03-04,-2.3323940748457135e-05,-0.02036531898713186,-0.0029447133973109097,-0.018391957915633198,0.00042553943856832603,-0.004360629229010249,0.000947126721820765
2020-03-05,0.00024571684094520165,0.013495945021698902,-0.011323154682523078,-0.007524392427490551,-0.007830615876819956,0.00536667304723694,-0.000954318810913856
2020-03-06,-0.005360433077922347,0.009636056134006307,-0.0028691496103540478,-0.006805151106310656,-0.011697414468779218,-0.005688272118259654,-0.002128022410689979
2020-03-09,0.0024816734840546763,-0.005853739613205456,0.0001747223684802722,0.002153569782785238,-0.0012818094338120029,-0.016160140826303716,0.007588307921674107
2020-03-10,-0.015215902386827023,-0.0005416855753494729,0.017793734569898887,0.005446793699474156,0.004986554271594617,-0.0021406215505041593,-0.004984718421235026
2020-03-11,0.00452867214317812,-0.013280354399653693,0.0022634066747109823,-0.0014073282843956735,-0.006447219812423924,0.003019242865375918,0.0011712534028296764
2020-03-12,-0.0014898863763584992,-0.0008899419894393282,-0.006059354533783632,-0.012946837347315276,0.006218387114989509,-0.0011305759659362101,0.005589687837565985
2020-03-13,0.0037270518942227153,0.0033166807067789256,0.0032364916200086752,-0.004668448270047245,0.006147640598945013,0.0001309731137607467,0.006555806456568694
2020-03-16,0.00011320914587550077,0.005637678840567747,0.009586318163036435,0.008686574872426078,-0.0034795268570011486,0.004337557937659191,-0.005579002302020641
2020-03-17,0.004539519778059926,0.0051651172267765935,-0.0031356802965544998,-0.0026260613566026695,-0.006668036312119099,-0.02230966092697981,0.012344981656913612
2020-03-18,0.007397796879724929,0.004172539020808981,0.0029767776479747575,0.0019276342598422782,0.000461032252738924,-0.010515149610593019,9.564930818321752e-05
2020-03-19,0.0006445456640805453,0.0018793512630842562,0.007102031683916591,-0.0027293986788051623,0.004333337675599424,-0.007079707701506422,-0.0122481442973015
2020-03-20,0.0037872311122386475,0.0058576480341220715,-0.0011243508807829324,-0.010305067881728481,0.003908057281314818,-0.003400008682251358,-0.00722762783259874
2020-03-23,0.004289255553445178,-0.000656833855398317,-0.0030390492394905344,0.002711013238152538,0.0021916105839076957,-0.0005083875397380169,0.017765462049128596
2020-03-24,0.006591736864215192,0.008449778317233557,-0.0025612068505251537,0.01295274829674563,0.0042008859296894865,-0.002939675572145372,0.0020998211568779303
2020-03-25,-0.00870018739320502,0.01680757004976042,0.007602253404394705,-0.02144009164184616,0.026240741738495926,0.007694629991718162,-0.0030481915620771036
2020-03-26,-0.0018879434884260797,-4.119966354036008e-05,-0.013024593129770248,0.0025501839638967074,-0.016351088768704752,0.006738708999559891,-0.008934706662745949
2020-03-27,-0.0069935151035061165,-0.0022510734359641247,-0.0035561978552420713,-0.017761072639594904,0.00917649154364151,-0.009692654140145113,-0.005676147332550982
2020-03-30,0.0034930524854707703,-0.006325102625123812,-0.005687098210259865,-0.007667666870622354,0.0020373049415322955,-0.01964354651835541,-0.0009089129854072382
2020-03-31,0.0034231344080880508,-0.01945551666655913,-0.006954872871080278,-0.011876352663091588,0.021491189194435295,0.004281622097842366,-0.0009715551570393645
2020-04-01,-0.0007796612849020213,-0.005279543758531333,-0.012321701156275244,0.006584470606664051,0.009375619235691654,0.0007233342207717668,0.0004830509849006553
2020-04-02,0.004335088063684454,0.0007176416257611203,-0.0001450165507037968,0.00775824249762269,0.003854958637900167,0.004122061045514249,0.00963912259667413
2020-04-03,0.004228807862913125,0.006085657719015072,0.0004015763333065946,-0.006251735933652444,-0.02479249808844923,0.011221911065124672,-0.016589233777612084
2020-04-06,0.0005459056022827222,0.02010338105894585,-0.001816033047224834,0.009319361229329772,-0.0002612515518665141,-0.008950932159220541,0.0013012313034447152
2020-04-07,0.0017588453824846073,0.0027167477446016883,-0.010167812212867184,-0.010992296000546707,-0.00808768113544637,-0.0035668763198603006,-1.2719593176004346e-05
2020-04-08,-0.0013054377156693133,0.007933317256612568,-0.0013433791877202781,-0.0037405453556162154,0.020931468493118915,0.007418383731993374,-0.0032171552566150306
2020-04-09,0.00823423835100085,-0.009688566500721613,-0.007509199468328215,0.010599172566312272,0.003830561946355035,-0.004706565255188194,0.004139193674723763
2020-04-10,-0.002840429128410062,0.008766765727550254,0.009821416559818724,-0.003991908078915354,0.012492099383980085,-0.000776987449714069,0.003035627806217324
2020-04-13,0.0034842732883628726,0.002446621473928229,0.010474553650314772,0.016128236642528843,0.00040555754748011226,0.011707668963428182,-0.001907309731165157
2020-04-14,0.004768512238770834,0.005580951570938519,0.004775940521839546,0.0007003090308304938,0.02301604320302708,0.017323370939581577,0.012080244798860362
2020-04-15,0.00397642450790586,0.004924707632255677,0.016169399835699292,0.01145076798940077,-0.0031119886172418115,-0.0018098167477714456,0.007612461969506924
2020-04-16,-0.0023106976859734625,0.006284729935951736,0.007485526453234856,-0.001481909720542587,0.002817175091238456,-0.005328361041327133,-0.00033369382206140834
2020-04-17,0.00435435869475148,0.0022453864250228097,0.006699582907673564,0.004113782918425574,-0.00031591959566234335,0.007398044141046721,7.994243855867565e-05
2020-04-20,-0.013200484909091075,-0.0049408773391716185,-0.0026197092107689483,-0.0050615034788144865,0.007824077368251714,0.002453572358631912,-0.0028052699166485778
2020-04-21,0.0031612150064129966,-0.010081548871065465,0.012683187390881548,0.007087772148255769,-0.005913921136308062,0.0025269137368164555,-0.0018220182671822515
2020-04-22,0.005691330073750253,-0.007688911563787935,0.003360956474441102,-0.008790829695154653,-0.00853044600370716,-0.005350113503366767,-0.006558749021263721
2020-04-23,-0.007863594602513442,0.0028953750704019243,0.002925506643688269,-0.005660162941090716,0.007031982094487882,0.0052253576499562285,0.0046663660973572515
2020-04-24,0.001337946782639353,0.0003058421630397193,-0.001072881901714049,0.0019098220227277472,-0.0038075255680434287,0.0037015641281012636,-0.007974942940098205
2020-04-27,0.0024247577699892473,0.0033333049419174295,0.004527316697480633,-0.009525870472322714,0.020186023866927767,-0.005359221570659987,0.004786126466953489
2020-04-28,-0.01093481545118902,0.000750734905589633,-0.02943373743877369,0.001906846602870258,-0.031208092363599765,0.0030014996232052647,0.007472139165011083
2020-04-29,0.007527640438934379,0.0059792101278733365,-0.004044539871010445,-0.006982977008570649,-0.0011649249019206089,0.013217795182741866,0.0012659249633425523
2020-04-30,0.004572105547154658,-0.002335630527316982,0.003554271735927754,0.0034116358778843135,0.013200657194785062,0.01048075763680588,0.0031872565013860007
2020-05-01,-0.01005179269660942,0.0018402827743014087,-0.0008026326597581718,0.0035586549386852923,-0.0004811963125018268,-0.010280750752420948,0.00419448353797854
2020-05-04,0.00626723564323847,-0.002438233889541294,0.017115207673880348,-0.00141354065345659,0.0023385570601419854,-0.00026809685389845965,-0.0003798347242139104
2020-05-05,0.0034765809647759292,-0.007613842669691464,0.016515075691613455,0.0031372521295427074,-0.0014462253123782177,-0.014691678998511648,0.012693108475208782
2020-05-06,-0.0008077205177592758,-0.003110508104669006,-0.004040424556818691,0.008057865136039124,-0.005431785975177926,-0.017195340482631428,-0.002490058661526206
2020-05-07,0.003173746324609568,-0.002007129143555211,0.0021952875093762133,0.005582028791297032,-0.003020589103334463,-0.001366194352457688,-0.00267655169811043
2020-05-08,-0.0034372280485870225,-0.00383229287810489,-0.008520337283291778,0.005009220186228717,0.010940420465311186,-0.0037621207983366007,0.0034182033150776006
2020-05-11,0.0033821851144661594,0.006122090522893574,-0.004417704321190841,0.0025044730237030605,0.002664094959962705,-0.0077651060853431726,-0.0053143659574291
2020-05-12,0.004732066002164363,-0.006106487522418824,0.007267183198410442,-0.0008731648625596163,0.0010546590896786106,-0.013510045009376904,-0.005397035444957352
2020-05-13,-0.004528234431430268,0.014965247796458112,0.019126363715382656,0.005891141647427221,0.013314108389035769,-0.00654091843296708,0.00025109497991312383
2020-05-14,-0.005282588663128359,0.0009033230568711717,0.019005256030389366,0.0032691724613300114,-0.002947883950862469,-0.012718848586860908,-0.007170280828753395
2020-05-15,-0.0019212019519860874,0.000274034972064453,0.006427842003391948,-0.0005878212364791721,-0.010723682682300369,0.024492484973510743,-0.004935585765855983
2020-05-18,-0.0005356564433345769,-0.00437021500217042,-0.011966198187296082,-0.005815968597390888,-0.014610585696744866,-0.007881665314693313,-0.006894907723029182
2020-05-19,-0.0031890746185342304,-0.0005417626634560554,-0.005921089395342486,-0.0012823872491967592,-0.0002936747783497809,-0.0012621112693240455,0.006309919112280452
2020-05-20,0.0036562303724112753,0.006797188071872422,-4.229455230361642e-05,-0.0006212340179701586,0.004431333842285723,-0.00614991618185995,0.0009399241133002094
2020-05-21,-0.0013026574191838398,-0.004110630569969339,0.0016291140058014657,0.00011163332855365708,-0.0018749774723386136,-0.020651686161039916,-0.001773380946674067
2020-05-22,-0.003385752752325211,-0.008645233950876055,0.0163964812184246,0.0050685269073192565,-0.0067179402082589166,0.0028435307013072713,0.010553910266841991
2020-05-25,0.0028882631088774265,-0.0004434569245565483,-0.001268865820492689,-0.005696652067674881,-0.0017487652376564032,-0.006577287232634074,-0.0037415783949768834
2020-05-26,0.003796961427544875,0.0001472682606227158,0.0017620350361511842,-0.006100869879720456,0.004790907473666809,0.016220211070027774,0.002825156167917295
2020-05-27,0.005571864840434546,0.0022647076010472627,0.004862783757855076,0.0018586016078510786,0.013400988475954279,-0.01717262000133782,0.007806658628360464
2020-05-28,-0.00016767309691267327,-0.0030888636177905395,-0.007156354961095032,0.002924714926215374,-0.0021617272563662976,-0.010693986958509429,-0.0008320600323736578
2020-05-29,-0.001809173788409274,0.004172395447350891,-0.0038516224154703897,-0.008811821443536897,-0.0007553708239136368,0.007747541721779709,-0.001457675774597351
2020-06-01,0.0021000631100785345,0.004299271776323705,-0.007974249325204252,2.536293925302075e-05,0.0041410138792752245,0.013489761116049048,-0.002768632452136726
2020-06-02,0.001044025391839048,0.00035061073043329355,-0.008144666426915994,0.004108251263872264,0.0010104359613985268,0.011099866950249174,0.006399564812517731
2020-06-03,-0.00024446709778664,0.006329659847762335,0.012004466347474083,0.0024728300654565344,-0.009540828499718925,0.00215021887722691,0.007962287089357848
2020-06-04,-0.007858829983022493,0.005098220972096802,-0.0047612576644197584,0.006476104005936538,0.0015839890912410933,-0.00926049747556136,0.0021598564030318435
2020-06-05,-0.0007285964090541354,-0.00030631139094601257,-0.002625318115008259,-0.003758694524511233,0.0023352692045702146,-0.013605790121846264,0.0009391883709949148
2020-06-08,0.0072401514030441,-0.002928162131904169,0.01431433861104386,-0.004287777533980888,0.001696889844664814,0.010940004985371,-0.0033789323163525863
2020-06-09,-0.0011182847132573139,0.006131641525957672,-0.023856985548659844,0.0004584830465556855,0.008695980827884836,0.0016213223156347713,0.003907767073093019
2020-06-10,0.002379221503467428,0.004049146749652584,0.004110259272161286,0.004185927597131161,-0.005002776530576014,0.014285486525842807,0.011515141894362264
2020-06-11,0.0031581020892047745,-0.0034873326336235843,0.0014479920614836942,-0.010292249291757647,0.01769588054144049,-0.0058520130410321955,-0.0034525606844350953
2020-06-12,0.0035992731501579803,0.012759960080812153,0.012829251683115328,-0.004046035852848407,-0.012503756623594526,0.003840877279251384,0.003628707431962707
2020-06-15,-0.0025608778866841645,0.009476289605999767,-0.0013644827663542227,0.0072330849279270675,-0.009076892513319527,-0.005614258466608544,0.0014526580208951128
2020-06-16,-0.0011273449758757302,-0.002238742023876222,0.020406714589901363,-0.00196780214832869,-0.0026803587975959757,0.000790813456353203,-0.0018392746516582357
2020-06-17,-0.004513505005892388,-0.008623113030905665,0.0023210142300161556,0.011378275102481796,0.004974809422471876,-0.00034600670374449594,-0.001453260038212994
2020-06-18,-0.00831779244356138,-0.00527074525599671,-0.00041954297249929904,0.003867587553462259,0.00091184226123622,7.328858052507805e-05,-0.010293453015346975
2020-06-19,-0.0036400123736299687,-0.00828560080151678,-0.015451748345194024,0.002356419014509938,-0.004864897542858215,-0.0021865163847393557,0.008912528579253834
2020-06-22,0.005165811746460219,0.009609829904643012,0.009259977156095481,0.003867794079388623,0.003005020939356962,-0.002450429824794135,-0.011901383755241716
2020-06-23,-0.005149141861798174,0.008672241014465107,0.014504643827020982,-0.002135408932725781,0.009257990447437735,0.0010791912903992088,0.00720825589470117
2020-06-24,0.009990240824765616,-0.008587497665282617,-0.007315652335018534,0.01000132347409531,-0.0010556567732242523,0.002939467685910824,-0.014070406277146365
2020-06-25,-0.0016211180866481374,-0.008724085665763269,0.013096601302542381,-0.005471916544517634,-0.0013441744688975114,-0.0011780484356885496,0.005396529355430045
2020-06-26,0.006027922316701557,-0.016884399596797526,0.005163932778180401,0.0018056996992685233,0.005705157839825458,-0.0017968437892595444,-0.016738292091467672
2020-06-29,-0.004918356173490646,-0.0007764896943749844,0.0021715132656456413,0.005186903213055526,-0.004298335548772183,-0.005689909623711755,-0.0070601128235930665
2020-06-30,0.020482883345818166,0.0018874481948198667,0.0054003654681382875,0.001528372350977173,-0.0010943626515960891,-0.00104273245764477,-0.005996088253209678
2020-07-01,-0.00043266163892134696,0.006859077139419734,-0.004896135582083754,-0.0032427796660163353,-0.004374363894932256,0.006832545138322209,0.0047027945147595585
2020-07-02,0.004387392478175662,0.0005958389356911652,-0.005006913188148527,0.0035376431614036127,0.017857426129793953,-0.0018575263774867187,0.006533858183091944
2020-07-03,0.003120818616495593,0.004797865688746415,0.0018649010503026936,-0.009720361430035776,0.00472647711734095,-0.00613422432658418,-0.008008109446652898
2020-07-06,-0.003463356866880113,0.01387084129111129,-0.0021337505977462776,-0.006590615767336721,0.003823936511620807,0.0022946323891667353,-0.007861632185833481
2020-07-07,0.009864220165345904,0.0016988395723913688,0.014064023994873175,0.0018961459643572225,-0.0012562179062827576,-0.0032216961298061103,0.010422718193375122
2020-07-08,-0.0038740478901964047,-0.0005596506523471285,-2.807247034205369e-05,-0.0015982046305156002,0.006204053850156658,0.001620983955926316,0.00660826718694814
2020-07-09,-0.005072580365326704,-0.0018391118342329861,-0.003012554299882579,0.00013739168397392638,0.0014517692902264883,-0.00449935339781864,-0.0066834733221201115
2020-07-10,-0.0019713841439825343,-0.0013993121013101877,-0.014802009849985644,-0.002268475991859247,0.0025503470643800743,0.001701157821458752,0.00890432266819657
2020-07-13,-0.003351416174157763,0.015234557587336646,-0.009251916950292543,0.0011077694003401345,0.011584440461147764,-0.0005102046482149776,0.0034423502213122223
2020-07-14,0.0005047246100300277,0.004570614302792636,-0.011920312038468711,0.0012057108208480868,0.0026777602871107587,-0.0018078821412847949,0.008934689755488268
2020-07-15,0.00553412244375474,0.002092408179646835,8.560044880085773e-05,0.0037206788416124493,-0.0009591016240621511,0.0007543539050062982,-0.011914216795707621
2020-07-16,-0.002561150833736662,-0.0019114235042066428,0.01072974339566104,0.0013656407171085442,-0.00508693887363954,-0.002994463331998755,-0.001573691806909
2020-07-17,0.003778001674280612,-0.009828337433810353,-0.007264831709306856,0.0036194197531596354,-0.0032234688400852706,0.015625805674259818,0.015675464669102912
2020-07-20,-0.0022115161974776607,0.0022849291713429943,-0.020798447268730678,-0.0008554081858926752,0.0007635846810327158,0.0030154914374049945,-0.0015493521078048034
2020-07-21,0.003426594015577189,0.002968331423974537,-0.013558238351842894,-0.0007207978856341963,-0.0007861139427554926,-0.0020498101701277812,0.011068569092363256
2020-07-22,-0.0038873921670868968,0.008391396418415957,0.014776443294125195,0.006500185611983362,-0.0044877692353039135,0.0016490302379291912,-0.0036520224109734315
2020-07-23,0.0050402104130587095,0.002427101894696253,0.012891230377897779,-0.0005552368229757442,-0.0035599745908152756,-0.0027447627866471484,0.012285255761688686
2020-07-24,0.00033497845386945736,-0.006534424170727251,-0.006464371216011908,0.005225890623553739,0.0017896110923558924,-0.0029287005206013934,-0.0008186400898777157
2020-07-27,0.0007260251968056811,0.0017404548015339141,0.007886392196772481,-0.0021433104374394664,0.0017036795172388213,-0.007468611357681953,0.0047573855551706614
2020-07-28,0.0012543083779918693,0.014863937925487588,0.005178458080795973,0.0008285360062993654,0.0026761150430027374,0.0049747765504618985,0.008736022072225617
2020-07-29,-0.0037237221921655158,-0.006901228764085019,-0.0044321518320717705,0.003926499687819859,-0.004460312759751273,-0.00803999933080568,0.0010277107545146361
2020-07-30,0.0028561427354620444,-0.0037530716764777694,-0.004960097565974119,0.0011161267007883265,-0.004029806619789695,0.018342117783942107,-0.0006768139382923283
2020-07-31,0.007041025175545264,0.002373489396892294,0.006356679656876411,0.0010206052239132418,0.011635337645233642,-0.006267796293430502,0.004486795234656959
2020-08-03,0.003665796082755156,0.005330178148470046,0.0020770562881232643,0.002336732045553597,-0.00435844370571466,-0.017445720947336867,-0.018679732801137817
2020-08-04,0.0030896415845686966,-0.011302385298546623,-0.00035685455656060374,-0.0038838500660380556,-0.01611070294886745,-0.0059366047194711145,0.007429572116306469
2020-08-05,0.0046914180670709835,0.003958647633665806,0.0015389706329447766,0.007277197967062447,-0.0014106633256865014,0.0001675750004012685,-0.0026579112927169884
2020-08-06,0.004239175960524648,-0.003264165703119303,0.005411355318098936,-0.005983160432036143,-0.001975973469778488,-0.008179344625679121,-0.01344821236193551
2020-08-07,0.0019360944196513902,-0.006383836523333818,-0.025931999686312754,-0.002670015431072684,-0.003181841610896223,0.01064673129573091,-0.007715623860495907
2020-08-10,0.0016239312905615344,0.0017039391722076102,0.02032566208296727,-0.006872244202706544,-0.0020109758931123566,-0.003719641637710321,-0.011318671525891966
2020-08-11,-0.004175813477722507,0.004013461874195389,0.004613157392040767,0.004989156755968406,-0.007200434337501922,-0.009030326645661764,0.016896736299745644
2020-08-12,0.0034040277592719756,-0.00042932637924852484,-0.014729517467732137,0.001741053550148295,-0.0005407337934454733,-0.004254871733398818,0.007206418767345365
2020-08-13,-0.011080666870370392,-0.002386739887087945,-0.017468137820680733,0.011581414698949456,0.001392383411568177,-0.009903286819721253,-0.005796769163871301
2020-08-14,0.005175556464259217,-0.0028424616636951268,-0.007479856863979442,-0.0008821108433911383,0.006145826201578397,-0.0029652662212579736,-0.009107001177776347
2020-08-17,0.0008871052965756266,0.003275026515811239,0.009383848689834202,0.0019505540921942348,-0.008785049006257364,-0.006825143673648962,0.0030308946559475807
2020-08-18,0.002943137148778741,0.002517285083581853,-0.00498842213913746,0.007943967750191135,0.0031283307124123716,-0.002771400427976173,-0.024205970828595567
2020-08-19,0.005156304746553692,0.0016702758294444495,0.004156032529641238,0.0018358622195639137,0.005618936411485371,-0.0012442610326859468,0.00031285433113763304
2020-08-20,-0.004145724227561746,-0.00500964571180067,-0.020224931844416604,-0.0010910506430956857,0.0019960601291755036,-0.001025690524944259,-0.018954905573454556
2020-08-21,-0.0033911266016586456,-0.0023924974742860505,0.0036785778698988133,0.003515862833169461,-0.0009648592249823826,-0.000859066954235181,0.015266460272814189
2020-08-24,0.005327677223624096,-0.01084011516772692,-0.006614237498421616,0.0005515980069672505,0.0009834600865496527,0.007067058007722284,-0.005748783889175403
2020-08-25,0.005618733511310525,-0.0018314180442927477,0.034279639715479,0.006999595660507024,-0.007535115567844736,0.0027217760151278486,-0.0018788941667722842
2020-08-26,0.006071038644830872,-0.0033941811009192985,0.0015903557518934504,0.007777625462930362,0.01268611286627852,-0.0016728435559443505,0.007372435147716201
2020-08-27,-0.0056368933604531235,-0.002567982598661073,0.025547100296810864,-0.004517062105842914,0.003362545280616243,0.005221538527837179,-0.012430369401596673
2020-08-28,0.007384504937408374,-0.006907932122407697,-0.003973946181333518,-0.0058313506173136125,-0.013320970282022141,0.004223612650031628,0.000311807712863744
2020-08-31,0.00032966625338734425,0.007371966301338605,0.01828356329402463,0.009306112976332723,0.00773013908151657,0.006341267739848782,-0.011729071375862286
2020-09-01,-0.0016715389185568343,0.004134440130756273,-0.012570807892934875,-0.003735105880203925,-0.01602952984754853,0.0010400782590487944,0.0027405777669553114
2020-09-02,-4.109200026283053e-05,-0.00538872168845556,0.015918474645013225,0.004763120621328593,0.004560192003976897,0.0031522265306316074,0.009889898846354028
2020-09-03,-0.004858194085495888,0.01247195875985881,0.010105924033540619,-0.005230680180245618,-0.012141119358677286,-0.015380533357019326,-0.007416479598699573
2020-09-04,0.00038043744090387045,-0.019622908630736943,-0.013342097253178599,-0.005340214771000425,-0.002408512859043339,0.002369078362108633,-0.01891740329211708
2020-09-07,-0.005764166028835286,-0.010121094691660434,-0.021258189241571378,0.0005522412318468042,-0.003164947924809627,-0.010471141013091802,0.010236110894226049
2020-09-08,-0.003931814576232688,-0.031793133858614465,-0.001158695455345917,-0.002270071117614189,0.00418563080725128,0.00586851401380538,0.012916604011258425
2020-09-09,-0.007955565774913154,0.007545327646407268,0.035299843024516296,-0.007890620327486898,0.005764851269429305,-0.002220800290214938,0.014430005167479555
2020-09-10,-0.00031866567661777655,0.027999696225989263,0.028375056170202296,-0.00438189603025224,0.002842020030123353,0.009327837161338339,0.01261207128414995
2020-09-11,-0.0002802347884465456,0.002287813080709208,0.0125210684042303,-0.00625125859976989,0.005022058643752627,0.0056773397137028685,0.010595320440589168
2020-09-14,0.00084748870929214,-0.010863856736533619,0.014454894124673727,-0.003107778627800493,0.004103479624077014,-0.003478846492834261,-0.009993565730037663
2020-09-15,-0.0011738705165137604,0.000683288573878028,0.0006239971675654181,-0.00189638302459467,-0.03174235553608633,-0.003262705197549623,0.0005971610814468839
2020-09-16,-0.005683772719507292,-0.0010777646310956544,8.762302405699225e-05,-0.00714180427708732,-0.014670919006683813,0.008952743701442452,-0.003038712848617622
2020-09-17,-0.0008803062738733043,0.012746864266702487,-0.007087340456070733,0.004124273624531009,-0.00010721866769265735,-0.007700976781835683,0.0004246908937305124
2020-09-18,-0.00038006655910661477,0.024449372543037053,0.011166381593657421,0.0025826010534693807,0.0037580753012678046,0.006568933154628717,-0.0019419180343723831
2020-09-21,0.0014412977027148993,-0.006623757160650011,0.009486744902621986,0.011802068817317525,-0.015594554264058837,0.012144085513960597,-0.007896941727991418
2020-09-22,-0.002966300087276676,0.0018497284400993035,0.014785884620171719,0.0011520165693506138,-0.0011891399854463607,0.002363421595707559,-0.0027076034973417397
2020-09-23,0.0008098262904621844,0.0019308567445356355,0.01413225035336031,-0.0007460801710790368,0.0043734322189443705,0.0025977433593284906,-0.008103115256880723
2020-09-24,-0.005701487140144353,-0.015939995353523456,0.010370025074953654,-0.0010059707716561811,-0.004824071242209561,-0.003557033285324543,-0.002193936023809797
2020-09-25,0.0020783170928942002,-0.004773320608896979,0.005759453874598503,-0.012145210175872698,0.020956480258896553,-0.009568043928377071,0.007808702500828097
2020-09-28,-0.006280586014065074,-0.016706076632801575,0.007811766270209225,0.004996456477401041,0.018932181390871803,-0.001237110059023782,-0.011309862506320253
2020-09-29,0.00925043282838347,-0.02111194809830409,0.000992830592480283,-0.005687823727371642,-0.0054674796441994385,-0.005749408405223166,-0.0048562072438055656
2020-09-30,0.0021683192484848197,-0.011280769232650204,0.004314330392309869,-0.0014648006354970908,0.0057003693264964595,0.005599801046573163,0.005996613632857353
2020-10-01,2.6590348970757413e-05,0.002564301470426795,0.0019077766243950944,0.005046937938651476,-0.01608739574306294,-1.2616483738674078e-05,0.00634459891584169
2020-10-02,0.004991699335187474,-0.013009063132164649,-0.010894227665533043,0.000401790829329322,-0.00115235830414122,-0.0002415070220359017,0.01840715677896398
2020-10-05,-0.0017632861436096777,-0.014064411584320601,-0.0008817533907557101,-0.00012347168761105704,-0.03403559505855206,0.0014875304333417925,-0.005827907835527675
2020-10-06,0.003357724717407248,-0.014588752558304392,-0.011081828818653584,-0.0034023669664417933,0.004913993661979442,0.0015060265947965427,0.0034133713662082513
2020-10-07,0.011939424191434747,-0.032347421376289216,0.002678227348786537,-0.002337905940020497,-0.010786912511000548,-0.0030544408254317965,0.00196434500422886
2020-10-08,-0.004185898529645924,-0.012972242578193438,0.011666443009480628,-0.0032041433167426087,-0.0021518213571321454,-0.00504934806035971,0.004556422401643391
2020-10-09,-0.0054021573844381015,-0.030877953138714092,-0.02675529122675167,0.008381302567779601,0.028415442666197895,0.0019329894790808915,-0.009858533558897067
2020-10-12,-0.00397999459356224,0.0076381476442481215,-0.006925317439527008,-0.005826304416349116,0.01680234996102843,-0.0025826954759056416,0.00696868119816151
2020-10-13,-0.003204849964308958,0.00824090966244278,0.00198849270025381,-0.0028697216919599125,-0.01328508965221968,0.00410619646557451,0.009474897197236432
2020-10-14,-0.0018611145394915578,-0.011690898516735382,0.021100476617670352,0.000906852527388896,0.008456601137828925,0.006814411194197269,0.014344234904586022
2020-10-15,0.00476219145379621,-0.01625550655684108,-0.0046089446758745415,0.002231919872443282,0.013288538769670923,0.006183713655372217,0.008554702670030726
2020-10-16,0.0012375470923817905,0.01617051114479831,0.004627217241035161,-0.004669534926379467,-0.010236338568114772,0.0003471461203714135,0.005589719949087618
2020-10-19,0.003034270496859041,0.019893892459939475,0.022143247636593786,0.0018074498007977547,-0.0028888872432278312,0.005865472752555279,-8.007843764720667e-05
2020-10-20,0.004059041589368203,0.007082618345408244,-0.008601322718949013,0.0012379587580673866,-0.00789942589171483,0.003941837865984743,-0.004908024834071102
2020-10-21,-0.02080908025190451,-0.028871826943698,-0.0012819870470988251,0.003093518064794399,0.0027062248571887285,-0.0009139420594559355,-0.0003494842606582349
2020-10-22,0.004761260705817889,-0.01824448866099098,0.0026811992937095827,-0.000804414246484597,0.003269988211784878,0.005963091390362376,0.005566480390869359
2020-10-23,0.002540487251147653,-0.013690641832388453,-0.0019946280557086,0.004134952077481235,-0.011901430381980679,-0.006012899514699305,-0.005890660376772823
2020-10-26,0.008619610250079342,0.03310430989045343,0.001368073016798054,0.0009811580305659421,0.010377712172362913,0.0033499611436633493,-0.004481310130131548
2020-10-27,0.010022932668968917,-0.0002470252725236088,-0.009051062484299911,0.0017955342813086327,-0.03819017371205202,0.0047104813777192585,-0.00486431994678504
2020-10-28,-0.0025200813576428754,-0.0001317490229508119,-0.0006247329658934995,0.011436915830061295,0.011373719463753287,-0.008666063973363336,-0.00642424487536963
2020-10-29,-0.0017801810209014891,0.005970984500914008,-0.007536165427997564,4.533523258498168e-05,-0.026243055654407238,-0.005488950959752402,-0.0007068880794697551
2020-10-30,-0.0024392589379402547,-0.004998710740183682,0.009293091566830199,-9.281539406831257e-05,0.02697773954897637,0.01517367954396312,-0.006895759249813284
2020-11-02,-0.0032710046688464783,-0.0029583159695612572,0.01454245711721733,0.0014408320302656647,0.013743208693656875,0.005540846568403815,0.007790916159983371
2020-11-03,-0.0014836800167223455,0.006310288637548643,-0.004592100134615852,-0.0008455705159128671,0.030073809480159953,-0.012080028597198485,-0.005220036174206244
2020-11-04,0.004224945409958991,0.00603260313341115,-0.009818447530602837,0.00018848146369524485,0.0010694754746830154,-0.005662739208567337,0.017832454053458097
2020-11-05,-0.0017609021656746291,-0.002796961350391378,0.001215036705922856,-0.013895521363894152,-0.001665446172658752,-0.006251573699479804,-0.005885800618059879
2020-11-06,0.003210835570793928,-0.007765402977425651,-0.006068613823424904,0.000869284728095131,0.004647776454008859,-0.011387117374854799,-0.006562691923722542
2020-11-09,0.01414394697279062,-0.0002870061149699605,-0.00046930552699376535,-0.014894893997300209,0.002579866053192572,0.004651947846549706,0.014339018649682475
2020-11-10,0.010446234803812623,-0.0013194602181371546,-0.004496557292466976,-0.010273624343535605,0.006075567821249724,0.002851635592113776,0.016862732597768756
2020-11-11,-0.00072089262304157,-1.1735611991412542e-05,0.0027323549363362826,-0.002218913969718651,0.006097119717669957,0.00035251966274266335,0.00931518411725732
2020-11-12,-0.0029681271073380387,-0.014292264664128179,-0.0008348920800642496,-0.006742016671927,-0.012019179579252283,0.004338445773710939,-0.007563022674515631
2020-11-13,1.4487577611503541e-05,-0.0016289413092945742,-0.006954744508537004,0.007769322855425591,0.0038308743270853637,0.004476443241465265,-0.005401094808609965
2020-11-16,0.0015090264816278788,-0.006196389614314271,-0.0017385441237313928,-0.0032290576075837316,0.008299351317291771,0.004541181401467774,0.0022504976282026155
2020-11-17,-0.004362436723499643,-0.017017209923309157,-0.0013752218740999697,0.0032459069763310505,0.004303695298077909,0.001238347069647676,-0.0028871311461715473
2020-11-18,0.0021929518620159142,-0.006752536758887591,-0.004611444333244529,0.0016455231651058475,0.014480296755956518,-0.011892692705730595,-0.006509249935621866
2020-11-19,0.0008143312974694744,-0.011739564945599985,-0.0027114981427996485,-0.002432339304542376,-0.009202165932500818,0.0005946795319742398,0.007920938774778246
2020-11-20,0.0009339441315122743,-0.013845769189684248,0.028026781235761154,-0.00885631619806394,-0.00511746361871532,-0.014294978605294191,0.005778354593800022
2020-11-23,0.0004780109349632953,0.013440717902970033,-0.006685843528417792,-0.007968969734201385,0.005604254423435253,0.004102807597705762,0.00845812933405727
2020-11-24,0.009524605711176956,0.0010646127388857657,0.019081583257246838,0.0035108984188739756,-0.005526888263569995,0.0020349611377010655,0.0048563074805390545
2020-11-25,0.014613586323982172,0.016053279395767308,0.0004120282927999012,-0.0008112198424276163,0.01168525042016544,0.019855116708052654,0.005828936875063905
2020-11-26,0.005733678144963565,0.006614855802611096,0.005126316051159267,-0.027292792662318086,-0.007618124893904036,0.004224258736584036,0.0004841296669803524
2020-11-27,-0.0028269996038136802,0.0010643430344943817,0.0024033757368878113,0.010366158671003649,-0.0011921227425581488,0.0067644197530176385,-0.000738341559085271
2020-11-30,0.006102637308923196,-0.00035517373334674273,-0.014114529537168076,-0.0005681258339052716,0.0013780765028566348,0.01059971640400018,0.0009769844196538286
2020-12-01,0.004124371940041492,-0.009685407628379186,0.017224844426084292,0.008076375961071738,0.009623020022355721,0.005645502467532843,0.003031769961728974
2020-12-02,0.0006438164613681146,-0.007254886299588084,-0.005290843428618035,0.0019333801814510423,-0.0052626995499071485,-0.01335592567169644,0.0032393322437754635
2020-12-03,0.004893812571222842,-0.003325824072946982,-0.000977584370015308,-0.0018175635095102989,-0.00012064321800054871,0.007307161486136342,-0.010810025017346682
2020-12-04,-0.00017253098520601402,0.007345858264055317,-0.004527154192083528,0.009699507179618755,-0.018679627576902943,-0.00012401284936369158,0.010492734852090364
2020-12-07,0.0031447367286706954,-0.01353892611799692,-0.01514866983929856,0.007263505022152825,0.010191254854144806,0.0034915241607063005,-0.0062955466419046405
2020-12-08,0.0020592384232438407,-0.002789362820381817,0.018978369194884093,0.0013034394497211542,0.004506076729418561,-0.00048201491763414674,-0.00042297479588880154
2020-12-09,0.008692306450240158,0.009093025417914914,-0.0031309970340291688,0.008051747582316885,0.00015046145288267072,-0.0028036745938715144,-0.01546661298765712
2020-12-10,-0.008174380896928542,0.014157209548697425,0.005636107979688249,-0.005594379315197087,-0.004610445699183848,0.006888806422830684,0.003259426816379498
2020-12-11,0.005096944737695142,-0.0022083157207095725,-0.0065120267963667535,0.007844872668447016,-0.004009972511677318,0.011195472410641998,0.00045528747881369363
2020-12-14,-0.001969617409299508,0.0025473540208489653,-0.007006628965540616,-0.004013388252545153,0.004909303762769056,-0.003455258222501974,0.00024859316135460125
2020-12-15,0.0014833497132400472,-0.006497529260429621,0.006030656958737294,0.02203231712213586,-0.005206324494269962,0.006646850268090629,-0.010155135980572752
2020-12-16,-0.0015877198661815495,0.0047942184561319875,0.013427884693681072,0.01112160092447833,0.0076095849992698595,0.006070017851244171,-0.007683682602231741
2020-12-17,-0.01197383276918099,0.0014171705197823213,-0.004151217832495364,-0.010748998377515412,0.004839951802783874,-0.0015250214075983861,-0.011943019246334653
2020-12-18,0.006412768489081439,-0.002993029581407681,-0.0016193415893629094,0.006836320565227669,0.0032459781943295434,-0.0033278677518992,0.0019951635204380554
2020-12-21,-0.0016230686540517538,-0.015888592680671117,0.0035903792687141597,-0.00030091634897484265,-0.0011577983588199623,-0.00031888291893264107,-0.004877885914791709
2020-12-22,-0.010709100870189852,0.0049961932287506,-0.004945018698448412,-0.007841873365511388,-0.006906815948820398,-0.011936405816683761,-0.0067986447600311434
2020-12-23,-0.00217328988492759,-0.006511929116968868,0.00027806844128075014,0.0027695247474045083,0.007001271136428691,-0.0011962885866161023,-0.009812920129862332
2020-12-24,-0.0029115635491629437,0.007731388768737838,0.007900431118439069,0.006197173411290788,-0.00046588194432312335,-0.0015131891451902553,-0.00011230660472433143
2020-12-25,0.005595001311966902,-0.006646072874236256,0.01079872559625896,-0.017566032158128207,0.005817490093956916,-0.000952519214594725,-0.005398466913441581
2020-12-28,-0.007899706849331101,0.001982814993709773,-0.0009822371498665649,-0.0010463093593705932,0.008580383857672071,0.0002837997372180689,-0.003638548325461147
2020-12-29,0.002084797784189001,-0.015599391685298267,-0.008388597035775542,0.007464529956289155,0.0029130474538429734,0.0025672673079377316,0.003580640740543611
2020-12-30,0.000760701432868776,-0.01515656760612135,-0.0011382265573629928,0.002817378131752158,-0.0032989125183701803,-0.012396956583574049,0.0011770855010250375
2020-12-31,-0.006863193416981237,-0.002538820847350662,-0.0009737460238872145,-0.005035845588576625,-0.005217270775332003,0.0056064606710046335,0.0025280410677935546
2021-01-01,-0.007143232298521025,-0.004229455134458526,-0.007656615040527738,-0.0053310991266285095,-9.128763978552392e-06,0.005222995883324211,0.007949474579355317
2021-01-04,-0.004717120003125952,0.008212079534858082,-0.01899693134481424,-0.0011882324552036476,0.001240634530621974,0.0018501853760994698,0.005013511533990258
2021-01-05,-0.0026077616523271837,-0.021008099069995775,-0.006005660791839881,-0.01696678400809493,0.001574627927014974,0.0095347801964713,-0.004230616625212048
2021-01-06,-0.0029527431904829765,-0.007955867552738962,-0.028911330618216265,-0.011988055270819595,0.009137165399099704,0.004164340938190835,0.012809525504611249
2021-01-07,0.0037047237322670153,-0.0018337566563503523,-0.03306858288962997,-0.0028142506422053405,0.002450706047870388,0.013032457481559385,0.0009114919920839004
2021-01-08,-0.006671910284717689,-0.026705827633278972,-0.007503467734151632,0.0034458867318419625,-0.002226948659982071,0.003954088477431815,0.001288234317484154
2021-01-11,-0.009725856410884979,0.002357851841424696,0.003709857274404019,-0.002067480293678065,0.017103967912976862,-0.012086790380083144,-6.44687504637271e-06
2021-01-12,-0.0010367267758856489,-0.004301783671871981,-0.01938334764740451,-0.008347436878449558,0.0002618118029459332,0.030010916921562453,0.0023550397309888955
2021-01-13,-0.002851498026496221,0.02954854789292585,-0.012523083497033115,-0.00018542185305649267,-0.0036304333324893743,0.007533246098354487,-0.0006541593895023382
2021-01-14,0.0007668776447404568,-0.016252329244920056,0.008232851853373071,0.0025835823384062744,-0.011457402820302463,-0.003118976286639696,0.00412312661690167
2021-01-15,0.0013653832205423044,0.005908157280322851,0.012031761846894399,0.0030784429781104275,-0.005980227686885383,0.007808834814808323,-0.0022957385816483817
2021-01-18,0.00014922565319427244,-0.027049213197829044,0.01711371580439912,0.029853113617335253,0.004541277311432052,0.015285010859036757,0.008949524320279947
2021-01-19,-0.0016533349775729306,-0.020964716070750577,0.006239850739181267,0.02075399673511949,-0.00437567853998458,0.009375419552610816,0.006689557493390695
2021-01-20,0.005775983863292919,-0.012689814671537101,-0.003073688840869262,0.005210795839671452,0.012285335118687818,-0.006766564069120054,-0.0035000453944844015
2021-01-21,0.012771634262621009,-0.0029545073715572146,0.031089586035601902,0.009985205425856323,-0.002732784371444337,0.005540359507385397,0.0016183149822291633
2021-01-22,0.00016421457393074287,0.011350983557553816,0.007523539607423472,-0.007448064784052148,0.000696457940837901,-0.015860172076334514,0.002620631366143559
2021-01-25,0.0025650745792313275,0.00512812864552712,-0.03472329973159198,-0.0018097568866420125,-0.0026334701668000514,-0.007861323537627952,-0.0020019993162198745
2021-01-26,0.0034825830299415233,-0.0009112806698352637,-0.020191963761750045,-0.0006705399136447616,0.00454298746748897,0.00011448355425193034,0.000907373587503037
2021-01-27,-0.00313175204811954,-0.00980827204987365,0.007390661260726996,-0.0003534596525608538,-0.01584190842347239,0.00018222119409919715,-0.0021550556236392578
2021-01-28,0.0018724725913798353,-0.011168862125621322,-0.029743738042948338,-0.011444826542775555,-0.010012612851636774,0.008019426666669174,0.00662402402188015
2021-01-29,-0.0018359770335685045,0.009017702389126471,0.004185741018297943,-0.010994161061139792,-0.019521191070889853,0.0071599772058892185,-0.004597926877859325
2021-02-01,-0.00424445433496417,0.0015994196987259663,0.019706376834451932,-0.0026935129019980174,0.0049288061257053645,-0.0030209443450381,-0.0032052787904284672
2021-02-02,-0.0014006399480770303,0.005632346714228151,0.019368423715475234,-0.005216050011966882,0.0005889357649931431,0.0010238100641403202,-0.0007078358067413037
2021-02-03,-0.019456568296553706,-0.012539745869218178,-0.01448568085967931,0.002845234128689583,0.002534897560883088,-0.006540733414465243,0.0003802912911394585
2021-02-04,-0.0031792108674998424,0.007862313136034523,0.004854390948151137,-0.01937027055138704,-0.005027103304698962,0.007533328705400182,-0.0010924646884635028
2021-02-05,-0.0045523676293929205,-0.0005519460265954482,-0.019815374128870484,0.015133655795552672,-0.004335586091088898,-0.004518123438893896,-0.00530859705894313
2021-02-08,-0.005862029664377197,0.002602969407150377,0.005770778090778597,-0.002429087634997274,-0.0010999531220992325,-0.0033615494185097053,-0.011354246576170082
2021-02-09,0.013203656800434305,0.005106778361940753,0.004788657392892576,0.01764033722964079,-0.008650602958458577,-0.00541408565719079,0.0043846889024070825
2021-02-10,0.003126119652519892,0.012413043918215362,0.011755137656115966,0.0011067390866984377,0.01588266784979004,-0.007568381403750384,0.001774048287387397
2021-02-11,-0.0010935889245713422,0.00472805146610084,0.01829846465805655,-0.012427761406763124,-0.001507495146284252,0.006197413425365214,-0.003629470168227962
2021-02-12,-0.0029784121783745484,-0.0018157453889556007,-0.018136161143996035,0.0007242072637900688,0.008659230113129288,-0.008913437953585904,-0.0003883767058815196
2021-02-15,0.006328230338305694,-0.004286357618472293,0.0070270938596586185,0.0032025300429346466,0.002232456851156251,0.016237133778946554,-0.005842976944805462
2021-02-16,-0.011124042034362402,0.00229713932375303,0.019246756597954745,0.007498989194555851,0.00804621014197063,0.0008044904651489594,0.00612630755948376
2021-02-17,-0.0119557570996909,0.0005049293112600782,-0.010996540988425103,0.012412924522342515,0.0001240656793869433,0.00138970298920434,0.003018253069964024
2021-02-18,-0.00200202247527946,-0.0015012150279503625,-0.0028318593255721265,0.008479983340270728,-0.003623948600551163,0.008377141406688469,0.004183607389324125
2021-02-19,-0.0007150061508172498,-0.0006030234750448309,0.0009602133669507168,0.0015097309383902719,-0.002387573675679882,-0.013512708236113915,-0.0001126613771216817
2021-02-22,-0.004067610227498803,0.0021697374832721013,0.020660648390321303,0.007241218940074832,-0.015257726868249121,-0.009871155790368477,0.0016162517589134737
2021-02-23,-0.0010801594251014322,0.0014118599840147713,0.004661139219673487,0.005324805758316939,-0.007367378686785463,0.00044405607197460506,0.006180914731384443
2021-02-24,-0.001442561849857199,0.003609780850764561,-0.02010923247462493,-0.0032518298294059063,0.0028851370876763105,-0.006811590079243167,0.006043056673145496
2021-02-25,-0.0065401585814692225,0.0054737933922650115,0.0028195952670645895,-0.013418874470889916,0.002540963820691552,-0.0024950594699894397,0.002799801049887132
2021-02-26,-0.011240604483882359,-0.001498506714308548,0.0015397810887618404,0.009889900789637878,-0.013858553283223623,-0.004305515291578722,-0.0056122837553544205
2021-03-01,0.0007654776420179892,-0.001485647404631905,0.044853380799506466,-0.010881435836558338,-0.006287165297867352,-0.01311579376607789,0.0017050092691644004
2021-03-02,0.00023150697474334426,0.007665137276384401,-0.01140693387077009,-0.0022196502764826515,0.010902610851008685,0.002652111185452174,-0.0031803725544853924
2021-03-03,-0.0008088973655427984,-0.0014751224125325862,0.006705720027873106,-0.0014258813819960257,0.006691277139513757,0.009128000386016084,0.0015577594867649206
2021-03-04,-0.008313036621747726,-0.005130919435649891,-0.009868560632158407,-0.0013086945867489999,0.007669383938480103,-0.008077984702134142,0.006945087613631024
2021-03-05,0.00868433606462202,0.003827241612937885,0.005847395309146458,0.002567685371484878,-0.0029095186969172494,-0.0220673121564178,-0.0029128477582682248
2021-03-08,-0.005146493264099741,-0.00861587834047382,0.0010083857071947562,0.0022923056338985176,0.008647520425115232,-0.007216601212408532,-0.003628033169975238
2021-03-09,-0.00038756522447871977,-0.007742215450639066,-0.0003288360348374376,0.0009264058443179905,0.005136478654875163,-0.0012853935874037757,0.0029659695232072555
2021-03-10,-0.003107761490166937,-0.0029700609817151433,0.0069147970465806684,0.0007508008342637181,-0.0007132739997715106,0.016770972488193377,-0.009819103047425037
2021-03-11,0.00011094868761328968,0.007823499151315982,0.002280887706292494,-0.004419789331365072,0.004956083870326759,0.004568518744186024,0.0031086519329514553
2021-03-12,-0.0010186216276987963,-0.002358641542262938,-0.0012419700521891187,0.004404796007354244,0.0019040073521426602,-0.003910552602270832,0.006371400439397858
2021-03-15,-0.004239100546930787,-0.009983158853065012,-0.0316987268434365,0.00039184936702780197,0.0006026465497458337,-0.0005963157533432824,0.00565982477477869
2021-03-16,-0.007651502709661623,0.0029783502829490434,0.03329801669644013,0.004847572007892488,0.004364851794495105,0.006963657883769551,0.002028396741176091
2021-03-17,-0.007669479107081021,0.007818939534806732,0.01130788591702201,-0.010497674860059288,4.464398010181533e-05,-0.006877825945737983,0.0053318509707844875
2021-03-18,-0.0035345153961792914,-5.091935942592669e-05,0.005583855410600516,-0.004299606029830351,0.008860984199024992,0.022532256333700006,0.002448051508584347
2021-03-19,-0.0004657259466565973,0.011523429329913223,-0.013820186247180222,-0.0033692171603964954,0.009923028443812295,-0.011755173079748759,-0.0042180972574668765
2021-03-22,-0.017270971270943535,-0.007901241917772254,-0.04769396161652668,0.0012116646646767595,-0.011139827908145784,0.010985537426510185,-0.00459570001097642
2021-03-23,-0.014777484818353935,0.008453859574866558,0.040612263264757,0.0018426539228252492,-0.0005436800506036866,-0.009780472889683306,-0.00415340864039327
2021-03-24,5.4984368177735255e-06,0.0029774011611261027,0.006360299286361791,0.01799158979051893,-0.0005737408099477453,-0.004641527895746904,-0.008113689472446794
2021-03-25,-0.006191925752343546,0.0009982358152429488,-0.01273773014478595,0.006215483219881784,-0.0027395376044455026,0.002876787664976413,0.004719391872033935
2021-03-26,0.006773027988322645,-0.011637014936594647,0.02303489839800846,-0.0006089869382126375,0.0013276912132046737,0.00735534659174418,-0.004977072799387226
2021-03-29,-0.01592570268568593,-0.0003723440897037046,-0.022232086485669978,-0.002824019964530885,-0.003474833828296788,0.0012819316060274624,0.0016450977558585453
2021-03-30,0.00021038173945255292,0.019909202446178952,0.006903028489366681,-0.013565644122376411,-0.0022011173967122263,0.003184841297185152,-0.0006102191129047662
2021-03-31,0.007463976261284802,0.01703500276066529,-0.005655195226586735,0.013549856237142681,0.002225022860689582,0.004187426943681294,-0.013211844413728496
2021-04-01,-0.0016016143189388737,-0.0010865909321236189,-0.008925728829248247,0.009276670290080941,0.006353040165289564,0.0011310191915613183,-0.0020636023101995703
2021-04-02,-0.004882428148677559,0.0041407094851617565,0.01276925909566897,0.007509833804826616,-0.0010671343958524268,0.0054974524212426995,-0.005325243886621129
2021-04-05,0.0028304491421398837,-0.00382981364661558,0.014134541736606963,-0.0003931921017414003,0.0056326482329447855,0.0016364788329301936,0.006281175644620192
2021-04-06,-0.000323001458241334,-0.0016830073528454007,0.01006411121254475,-0.0010983619806328644,-0.0038929253859966684,0.010715883218700145,-9.354315525197064e-05
2021-04-07,0.004548977478554754,-0.011378189447781562,0.012804003817678582,0.012235685041901902,0.008077076141725105,-0.00016945609766147603,0.0003760217904167321
2021-04-08,-0.003713154470692569,-0.0010027104793860785,-0.012047400539679544,0.008157253117521125,0.0030697130411175603,-0.015664079676855448,0.004256410756073269
2021-04-09,-0.0045540746541759295,0.00563155021765988,-0.017861625980126247,-0.002775448199998548,0.0010302358828681729,0.0075445237309797845,-0.015231455779185074
2021-04-12,0.0005571999594496415,-0.000990859224583603,0.020972309826750263,-0.0008890299304571496,0.0025588628533492236,0.008617522447252737,-0.00290735350712798
2021-04-13,0.0035310911828226946,-0.012813984614447332,0.013787288119786535,-0.00037219635902109035,0.0024517509416499073,-0.0013590165247184857,0.010059658251337826
2021-04-14,0.0012770252903005238,-0.0022570758191421784,-0.011915509860818527,-0.004487565648868206,-0.0008283367779409654,-0.006197285549869232,-0.0022487108541140726
2021-04-15,-0.0007923996981143807,0.007565901931265177,0.011990226570103135,0.003667978036863216,0.004549357037241509,-0.010518211817455304,-0.0017545713118182907
2021-04-16,-0.0023798623254175735,-0.0022983594945707115,-0.00952528000430781,-0.009148018271564496,-0.006315265136613881,0.0025598263193763533,0.013080221461445147
2021-04-19,0.004607385493372394,-0.0031783754660931504,0.02583673163049386,0.01024966117499834,-0.0058006441214740875,0.0012366222665862576,0.014580657798878923
2021-04-20,-0.004382825396883012,-0.0006603964667864263,-0.009042827272582805,0.002475096688122024,-0.0006114564111020583,0.004770856242951862,-0.004975973186100353
2021-04-21,-0.0005708397016429868,-0.009110239212057798,-0.05093323791139164,-0.002792487888706806,0.00626170143883996,-0.0016687389128362585,0.004883938805109477
2021-04-22,-0.0032099371536667334,0.004207110774173897,0.009689893843327312,-0.008418816224909637,0.012240516170966484,0.004608243005821612,-0.0011805670070810406
2021-04-23,-0.010709568257393411,-0.0025751551047009037,-0.021310427724320652,-0.0038281421522511224,0.007541843479808444,-0.0030093761142565823,0.012389318755099537
2021-04-26,-0.0004053890211564347,0.004596196026485125,-0.009157128420505402,-3.726534955732354e-05,-0.006243489157291995,0.005023269213346241,-0.011110755917700508
2021-04-27,-0.0005640912805775683,0.001291565357324782,0.009970810112404697,0.020273321279002814,-0.0007225892605146362,0.0020552115367412473,-0.0030947352381413486
2021-04-28,-0.0026614846584268916,0.00590343101473316,0.050081366215338693,-0.0005455056479384189,-0.009779207795589622,0.0044108316318239365,-0.007239044066874856
2021-04-29,-0.004331395201151453,-0.0039655474492395855,0.006785068526415249,-0.00887245096939096,0.011536870138128295,-0.0007389733240632362,0.002078727933214124
2021-04-30,-0.0008938112919781464,-0.004386837013243913,-8.840882789314027e-05,-0.004961110887528279,-0.01896714681384113,-0.01639375653164693,-0.009616491038488441
2021-05-03,0.008104305355885692,-0.0071443532082061025,-0.03255427741145308,-0.006478418786858963,-0.013342001408679175,-0.006310256198946542,0.00033057407181403793
2021-05-04,-0.006955342194722843,-0.0021975277608631445,0.002095831066394973,-0.0020619186545066566,0.0026276346267738457,-0.005790657841663979,0.0029983295281768244
2021-05-05,0.004059605899347375,0.0042177570118518215,-0.024949494330137125,-0.002501654505300267,0.009880653413590538,-0.0013397246707410682,-0.008783791443755039
2021-05-06,0.00979895778619538,0.0015329358822854966,0.018829276080979628,-0.007533226177049925,-0.006459498012081779,-0.005513494649504927,0.01724649443525975
2021-05-07,0.003495744674748466,-0.0027982193787891123,0.02536598686612466,-0.0016208001368003143,0.004228263405210088,-0.009789691703345932,0.0017618198787001543
2021-05-10,-0.004060809159892767,-0.004060748308518192,-0.03298936346299541,-0.012776836720164858,0.016030961506959943,-0.01372349806371077,0.0030889595165054734
2021-05-11,0.007124666014966055,0.0033109312876860126,-0.003996616601122049,0.013672140025296174,0.0058872645775424485,-0.023444415268923713,-0.002509583461369881
2021-05-12,0.0016745711502306724,0.002589814147418157,0.0022903016321844244,-0.0015008892717311374,0.011808712493611926,0.001429818619624496,0.006389946867288171
2021-05-13,0.006050961319285472,0.0040464070639202165,0.012913694890642194,-0.00040012846394777774,0.0005248790200659907,-0.009531796315953661,0.01042478517782449
2021-05-14,-0.010334994706032562,-0.00031903577476187186,-0.002729237584417516,-0.0006218115558241537,-0.006966571153775018,-0.004104085160061112,-0.0024157085036451225
2021-05-17,0.005690369731906105,0.0009684603982060094,0.007723777704300522,0.0062544771585137165,-0.016471003880230605,0.005386569461745996,0.002580113954008115
2021-05-18,0.004243554300826289,-0.003097539285883929,-0.009530086575461293,-0.017923596222297822,-0.0015406288205531656,-0.0019512222231795205,0.008256835376519547
2021-05-19,-0.005515985776866293,-0.0034365724791411696,-0.0059048651469488294,-0.009127713483891072,0.01788903926063417,-0.005240015203010161,0.007394554762431955
2021-05-20,-0.002707754327519614,-0.0002334410858253615,0.021249429495806903,-0.0009127125152862263,-0.01543507825067007,-0.0018434432358719378,-0.00029153487587402064
2021-05-21,-0.01175016310333099,0.00921462301449352,-0.01095484273394737,-0.005250558736617282,-0.0014892938118570315,0.006714449716395286,-0.0059441115835827145
2021-05-24,0.004796536690995612,-0.003845543066347511,-0.016817403538996575,0.0080815969066563,0.005113116639041267,-0.010701208922555813,-0.008969661112192209
2021-05-25,-0.00328861984497857,0.00455080650231128,-0.023110421414002325,-0.001663058616821434,0.008431763670481271,-0.016504964179185577,0.0006256052919741302
2021-05-26,0.006962410381144755,0.004474176194013279,0.0049337951936915285,-0.012215837518895527,0.007893416082109367,0.0027966837541218443,0.005391696936134966
2021-05-27,-0.005166921921307315,-0.000559902093890365,-0.011161073957223855,-0.005006174738658873,-0.004422176665712167,-0.0026236057901370836,0.005223514171374688
2021-05-28,0.004045346471672233,0.0035151507953789705,-0.01725273907013151,-0.0007794501721497891,0.006861984610672776,0.02476296129885481,-0.007902977815120973
2021-05-31,0.0015352784363962691,0.002741232030506194,-0.020706118700315815,0.015331441433338557,0.004936339292371083,0.012752548741717643,-0.005430242219621755
2021-06-01,-0.0012406481374888046,-0.00038820316074328435,-0.00029650637310495295,-0.007158083228806558,0.006982591149127719,0.004399281506043658,0.008150970411147354
2021-06-02,0.00523451611190242,0.0005792568300462732,0.0015176005227344237,0.0044139293556819895,-0.0024619662475418736,-0.00654132728405083,0.0015769447355634878
2021-06-03,0.002892688982885047,-0.0039288466195070496,0.015941453538902254,0.008571617749894553,0.0013161830530662574,-0.0005691034449286456,0.009232446566521432
2021-06-04,-0.0033988293072608916,-0.0012263031097417922,0.009846575403781936,-0.003398160588895789,-0.002088166347616315,-0.0010106407555889262,0.005270004603649258
2021-06-07,0.009853856081859362,-0.004232525438829305,0.0062971477289419705,0.010165802794842855,0.00036703067871620326,0.004644214870308908,-0.004541187755600158
2021-06-08,0.00814759113564197,-0.00012755241727363723,0.0015267057080575297,0.0022177234598884403,-0.006872040149152813,0.0013357192218020721,-0.0017997541700065962
2021-06-09,0.0018774323291568362,-0.009720009402108206,0.00900107738023776,-0.004855953394742804,0.0006665663845984625,0.00020464677453436712,0.0024788070740315864
2021-06-10,0.003221868287820338,-0.0026342945607788085,-0.013509480290663223,0.005170230501261386,-0.004563419388818782,-0.00781252205057816,-0.0006704897677023697
2021-06-11,0.00861176403618554,6.616814549869837e-05,0.012451756467297175,-0.007374049264146752,0.005354571395024063,-0.006904520814930408,-0.00031278077519293005
2021-06-14,-0.0026951528785872296,0.003969017890843961,-0.01388056199937722,0.00017324709919820216,-0.010276855668513921,-0.003863919716722124,0.006901264014928903
2021-06-15,-0.003349317671640079,-0.005572415539531629,0.010520949090027737,-0.005518454516207262,0.00716875425147832,0.007163747866057231,0.0068168631202007255
2021-06-16,-0.0013807549851501475,-0.0013395898301479647,-0.025367883902943932,0.004655609607649235,0.004224223220519063,-0.001648066491347879,0.01225343074193042
2021-06-17,0.012536633794715382,0.0019226636562877312,-0.010948273677235432,0.0019843940664223533,-0.003190074902182275,-0.003929696946852544,-0.006602833951228882
2021-06-18,-0.0064581666704138846,-0.0031832639289088764,0.008825423418348983,0.00013904279559292778,0.004624151270341815,0.004653456088397496,-0.0014869507121667547
2021-06-21,0.00547379409800902,-0.0035619130337201403,0.005890590326406439,-0.0013004476866927419,0.00671360033207964,0.017521519647432933,0.003054272559448509
2021-06-22,0.003659654768980291,-0.0002485694683213632,-0.0013362946969222007,-0.007646251240367446,0.006716321252620864,0.00780810370602585,-0.003431819761458597
2021-06-23,0.0024681261807328846,-0.002631226896961696,-0.0011197923159089612,-0.006076061865725247,-0.004716049084249683,0.01436404485752878,-0.004571478157461482
2021-06-24,0.01123673239612088,-0.0007583937869090806,0.012888445956453403,-0.002358164240704697,0.0019869279113732133,0.0019634351681459775,-0.002784100414593109
2021-06-25,-0.0028707366401503212,-0.002263749322193699,0.022986206398096242,-0.001349160708137622,0.001562029396961213,-0.002948197159994915,0.013758304106271683
2021-06-28,0.0014334865387359342,0.008994849058740957,-0.01869073768728308,0.002121160343920045,-3.5598613243052734e-05,0.006941231089634694,-0.0026323800032423362
2021-06-29,0.00340501149919527,-0.004016175268328791,-0.016202263172951765,-0.0050554257646834334,0.002276262992627968,0.008207959192224985,-0.005439855736691241
2021-06-30,0.004539550168510245,0.0044169308720496915,-0.016943994207337193,0.010540065589945512,-0.00683341995834051,0.002586280814932283,-0.01192056923594982
2021-07-01,0.007333879634452433,-0.0007498969947005283,-0.014691972002297332,0.0003239754666878854,0.005431575021999477,0.011757261137452337,0.0025251933071953553
2021-07-02,0.00606755366078108,-0.002055989545292402,0.007661361520273882,-0.002991582303945206,-0.0029572455766730663,0.0059182749629007585,-0.00042844050531259763
2021-07-05,-0.0018529846293553335,0.003846016874675225,-0.013108729548045017,0.011120027337052705,-0.006059838673643798,0.004965209887965022,0.0011484035262885155
2021-07-06,0.005405024269437597,0.002283510350956408,0.00401093100802535,0.002237525354951444,-0.003198852943557877,-0.009252553600901214,0.006913350392480246
2021-07-07,-0.0022658276355932423,-0.001084114626681075,0.012630258965010762,0.007701497642313054,-0.009972723919990864,0.0029791579482747084,0.001244405181756267
2021-07-08,0.002564787929126762,0.00035955326794649293,-0.002398147106614355,-0.0024470965275646753,0.005549666678731919,0.007097638090811115,-0.006839507460822001
2021-07-09,0.003587929321434346,0.0035470165162552847,0.002303500002098686,0.0026386573590392883,0.002219036611975903,0.004886186600374382,-0.0030568227866015762
2021-07-12,-0.006738809713857213,0.0011857624945851703,0.010217251128463722,-0.002214461193958998,0.004304678973117138,0.003884688697889288,0.010335979435813747
2021-07-13,0.011718763138714988,0.009974684062593032,-0.007199146119652299,-0.0034575240468281356,0.004155745487333977,0.009407101081698972,0.0017374861944531896
2021-07-14,0.00692471795334436,0.013404150197015166,0.0041293049221992435,-0.003048587635541719,-0.010491947760211744,-0.004779173432781991,0.002912053949592554
2021-07-15,0.002315381466115054,-0.012363971301335921,-0.008226073277364214,-0.008102321314009342,0.010744867127163849,0.0026963145431376134,-0.0013217094873515872
2021-07-16,0.00013578813616801344,0.0022084917563028714,-0.003810234716606707,-0.004712189273495973,0.00589996551382749,-0.01117861844207825,0.0035827661812445617
2021-07-19,-0.0010239471284396104,-0.004348098113864819,0.005075350558934326,0.004066410019803867,-0.005480037952028549,0.00471306305303206,-0.0006499924562915088
2021-07-20,-0.007442053959907044,0.0037872576249116598,-0.00402636883263692,0.0029725431372523104,0.0012578461954023316,0.007718814287922033,-0.0021982182561501363
2021-07-21,0.009021059642404461,-0.00440345197950539,-0.0043816605592398,0.0017166271011007663,0.006170469074955614,0.0031304861829211687,-0.00791430490287223
2021-07-22,0.00520601758085546,-0.007277479346673605,0.006121989756612197,0.0017217340497356153,-0.000555852248740309,0.006648258932818544,0.006963197297593168
2021-07-23,0.0008456770542925465,-0.013437185930468946,8.502525412448168e-05,-0.003865252859315168,0.002596192253498944,0.0006321882927568232,0.004617841658151793
2021-07-26,-0.011396752225723068,0.0061413224992747945,0.0032367055418936266,-0.002361840666777603,-0.00033470613337098937,-0.00039471796178409664,-0.006843229429625328
2021-07-27,-0.009249058298400416,0.01031725446000579,4.5369501165737245e-05,0.004269355391201686,0.007208253403378517,-0.002323279706921277,-0.012933900660706385
2021-07-28,-0.003069382212482967,-0.0019443264808041269,0.0050734235027433605,-0.0018291676346028547,0.007709168257430578,-0.000663356450038694,-0.012801607714596474
2021-07-29,-0.0025084894695633158,-0.001634054620200113,0.008711677332626391,-0.001467365247289992,0.002470013230885389,0.0001411449830611841,-0.007075183794839342
2021-07-30,0.0061465157468542555,-2.6880909703458488e-05,0.012893116880983149,-0.005067883215804817,-0.005394642210086768,0.0036093921594034144,0.005591046384467763
2021-08-02,0.01694271380313245,-4.408344610692659e-05,-0.0011082920060205568,0.0031909134988375837,0.0003168516627124846,-0.0008041500914019912,0.0035883860871433505
2021-08-03,0.006461938211109498,-0.0027662272732288107,-0.002842497524662634,-0.0030144268511822386,-0.0017729811732679606,0.0031102840352010483,0.004648671094680828
2021-08-04,-0.0003472704164390741,8.687143134084849e-05,-0.0053403335868881805,0.005575021617252087,0.0018110542761089325,0.004997098625994021,-0.011850600022714127
2021-08-05,0.0012350672961735562,-0.0028043214556375123,0.005789186148353681,0.0031514798359273052,0.006183021645919658,-0.01996499509582885,-0.007429612839837768
2021-08-06,0.004293127645596849,0.013131381464367379,0.018900440188936322,-0.0002030957514847959,-0.0010548977425682326,-0.007388381729467994,0.0058961932737925824
2021-08-09,-0.004049837755493547,0.0066818923779071735,0.002961029183877596,-0.007451200568130615,-0.002545051637456475,0.0010574885537248538,-0.0073439586841752705
2021-08-10,-0.0005403930827085672,-0.002817863982142177,-0.004977470981329752,0.0027564619809964824,0.0035848037028570977,0.011361668373003973,-0.014164832367939086
2021-08-11,0.008766083956017667,0.0054911740517323455,0.011499238760366667,0.00397787744552059,0.007228160429597193,-0.00022415482645665613,-0.004802528930226608
2021-08-12,-0.00745388428476984,0.0017607858958630092,-0.0002952644857358781,0.001732471770784622,-0.007364093388219765,-0.006604682997301752,-0.005740532527486357
2021-08-13,-0.0021975704984721835,-0.007061120691878979,0.006691683514001794,-0.001281795196437215,-0.0026122511944572024,0.012738365931876614,-0.004723555943033198
2021-08-16,0.00021667465249283464,-0.0037654788517267495,-0.014097461380957882,-0.003931309556580109,-0.00854076769967195,-0.014398146147505638,-0.02965925526268783
2021-08-17,0.005945811025976567,-0.00045344683257389045,-0.00505684594052893,0.0033642502235987385,-0.0023671445803453515,0.0068995371069081185,-0.019889798967218705
2021-08-18,0.0007255269376571639,-0.012965773127219329,0.0034689524167771644,0.001412073880605888,-0.0028976724639085466,-0.007782329496574749,0.01444105308756161
2021-08-19,0.005344401202527321,0.00839853216138119,0.005052399503965147,0.007916993641756109,0.0018442793755157577,-0.007070631147029275,-0.0025939115088035257
2021-08-20,-0.005063250342960375,0.00403683006457274,0.008249505894982927,0.005824230080619126,-0.009346042087857638,-0.016916563381195217,0.014257631437112887
2021-08-23,0.0026720440986691277,-0.0023558166642043956,-0.010479510644123608,0.0008444529782342231,0.00541431482122243,-0.018190752189091056,-0.00148985465809757
2021-08-24,-0.002435014309382253,0.007610032496073958,0.016104354657463835,-0.0011476396113909483,0.011824367610700954,-0.01715063634199876,-0.005802014833347036
2021-08-25,-0.002694510207510117,0.00859543767866105,0.002141838364645159,0.0005977098011297319,0.00487296779173273,-0.0009303066821857422,0.01665302219012518
2021-08-26,-0.006005351864918407,0.0006260998821864505,-0.00023468542533681746,-0.003461279232551334,0.002302184575538091,0.006294761627720419,-0.01143973963427763
2021-08-27,0.005967927121451593,0.0016785029736210541,0.0012252369922195342,-0.0009365236913227298,-0.015121074259115902,-0.013612238430089936,-0.018243585158535004
2021-08-30,-0.0021005272432289227,0.0026164247932128596,-0.015596011913627016,-0.000811479014337164,0.004923823835080961,0.0010002049754094446,-0.007376095929889624
2021-08-31,0.0022954511967990306,-0.0010970998362474552,-0.009906365868582456,0.0004999054014103268,-0.0035387105864650905,0.026986806912418525,-0.005100922960555714
2021-09-01,0.004649992806067336,0.017150800759736663,0.009152163267288812,0.011724799283092294,0.001888910744655077,-0.0034522941973031303,-0.0032429026257911084
2021-09-02,-0.00031784608316867447,0.011949895750994687,0.0068949035553141445,0.005573858289554213,-0.0035103861376998818,0.005508546592158884,-0.007397103372943109
2021-09-03,0.006119947753356638,-0.001049841236802054,-0.006424333993570533,0.0008042150154468421,0.0025850418913531356,-0.011577556406227592,0.0021420947525088605
2021-09-06,-0.004457111108551124,0.0039434995839640885,0.008859560392246418,-0.007195473446963636,-0.007280614584788118,-0.01547820363480671,-0.00019454836389515832
2021-09-07,0.001139636487263039,0.008320648176485326,0.0051197731641129335,0.004367858974158599,7.589192743046308e-05,-0.003376201654203021,-0.001207717481374674
2021-09-08,0.0017210996284502378,-0.01566534997412119,-0.0034871306967616186,0.005248425614126926,0.007294583295910921,-0.010408433301393778,-0.0017851252706577465
2021-09-09,-0.0005279143741035866,-0.005716735704893891,-0.006313594909720166,-0.0006402453416320326,0.009671222863090655,0.014684230896180228,0.010744856695616457
2021-09-10,0.001975999683337742,-0.006681574051944121,0.0006291033854787701,0.0006494683567366722,0.002141151013504788,0.0008827522151795818,0.012957415627592866
2021-09-13,-0.0019719891655389115,-0.00014493889944681455,0.0018197781195867463,0.00973219401982902,-0.00038996684921951014,0.001188088993625812,-0.0008540036217610893
2021-09-14,0.007611180425082617,-0.004537745285675795,0.0015875535912756472,-7.14141847177118e-05,0.007423032105542278,-0.0011725242996688935,-0.007082300555719369
2021-09-15,0.014108901451071366,0.020920189627342472,0.002762103786127665,0.0018605642938479584,-0.00328187797514436,-0.0001455788385732729,0.0005416014574083377
2021-09-16,-0.0008111362331027084,0.01819352743665361,-0.002270086562946239,0.001022523023956398,0.005275436189485641,-0.014724792148925397,-0.0007703446248230171
2021-09-17,0.008646925882456672,-0.002092007851501127,0.013937847100483413,-0.004210403386976691,0.002375072140711863,0.0014481252289240132,-0.002043279258393862
2021-09-20,-0.0019280907967128013,-0.0016492707740401028,0.004729839221498611,0.005546467681607907,0.001269567042688962,0.011356021295076808,0.007367481586282223
2021-09-21,-0.0016396040274421005,0.0037067167661559335,-0.006571582704348828,-0.004473842487363478,-0.004759432889537572,0.00800782388740567,0.007388783947774944
2021-09-22,0.0016417209199114527,0.008447539299498798,-0.003867666452666117,-0.0021149232043171434,0.012769302857012018,-0.002345611670286981,-0.020780406322506585
2021-09-23,0.0016932198223979249,0.0006365515944164062,-0.004329158059923595,0.002436296109530328,-0.00024898452161621756,-0.019917813436117857,-0.013898051835841484
2021-09-24,-0.007396351654595997,0.008383100522402305,0.005862654026812691,0.005269363790182907,0.0025593700449249406,-0.001657040310070656,-0.00222750393497509
2021-09-27,0.0034952568933633564,-0.002679049113083977,-0.0111541033201723,-0.004023532346332298,0.0027713724086213887,-0.01612112059923378,0.005517492293607861
2021-09-28,0.004754317279403875,0.0063845888065729595,0.006636239951696912,-0.0017380883511224886,0.0008379254030311416,-0.005151255273496219,-0.004661929961729346
2021-09-29,0.004046279047901763,-0.009139350887057454,-0.005545000363333947,0.0016006233216182368,0.0006665207998955276,-0.005162433028098173,0.005486430223086843
2021-09-30,0.010470561686552146,0.009048546921642189,0.013809246304067265,0.007452920605537347,-0.0012784855709195104,0.013327016220631526,0.012042463902159357
2021-10-01,-0.010275170321469745,-0.007213155128414297,-0.008656202854283868,-0.005384419580646178,-0.00231677077476091,0.004095128926475228,0.006025626150688034
2021-10-04,-0.009512427682380215,-0.016929234659623475,0.002957713160174082,-0.0015308751220146303,-0.00671932605739119,-0.002237344602146828,0.005978892491264786
2021-10-05,-0.005070619983063903,0.004761170178952886,-0.009837290200280874,0.0006589825615357682,0.008133076978809873,0.006072330855378246,0.011526863140747206
2021-10-06,0.0021274447880639457,-0.0023529513528320733,-0.0012036180863619404,-0.006814499163898221,0.0029643032579062603,-0.005093544890271072,-0.028437315191630317
2021-10-07,0.00820583145729706,-0.009479934268569816,0.009441242713281327,0.012156828788664578,-0.02241710827182706,-0.004132866249146444,0.0073999442963703236
2021-10-08,-0.005655076203011784,-0.010560932711779766,-0.004027663057913199,-0.00375464822447485,0.002005228299455354,0.0014111956272708647,-0.017200079008582694
2021-10-11,0.008310489958651992,0.0026147603774263482,-0.00047984882959367946,6.869773450291113e-05,0.0007456176396674523,0.005454134465087406,-0.008081867715572073
2021-10-12,-0.006035340430598187,0.016178770112505313,0.0047882440060175255,1.374977080178295e-05,0.0038734897653479646,-0.005301279746177608,0.00579160786165568
2021-10-13,-0.000240762024052616,-0.009594289221783256,-0.014343151839558782,-0.0021162525145771577,-0.0016581014973678504,0.009383863162256001,0.009782553699681914
2021-10-14,0.003517914530605441,0.0025669908427738207,0.007586876219173442,-0.008599775500507629,-0.0004430146943752738,-0.008082543022974028,-0.004434907873772459
2021-10-15,-0.007815634799229065,0.003950622121570068,0.005804238107646663,0.004457403362334107,-0.012211196900786108,-0.0034464989443972853,-0.0012682489112023293
2021-10-18,-0.0030829264882833596,-0.0033591940843570862,0.00530631203096907,-0.001930166343521908,0.0022982874116222797,0.006495973199100948,-0.008269958259602736
2021-10-19,-0.012888593438773134,-0.005922582584340842,0.0030363765777306445,-0.004325339695552232,0.008245519439031821,0.006572919985541473,0.0033419959822352167
2021-10-20,-0.0029713150082189914,-0.010703732810034334,0.0034403430544519904,-0.0007353257089333056,0.0082176648419619,-0.0035659550016298946,0.012977025010167599
2021-10-21,0.009469641456741073,-0.00673869680043541,-0.0032750378105365183,-0.003966321698089492,-0.0074747994073538545,0.017127257697110362,0.014706378925087988
2021-10-22,0.0019799790438260172,0.00032738523545101315,-0.0015191376821145233,0.0017339408659520351,0.006154365877333326,0.004287602303216607,0.002492893058180458
2021-10-25,0.0017657122150546438,-0.0028365994198117973,-0.0032561508363678393,-0.001439420621745827,0.0032334358443285127,0.008013312474347882,0.00468900888436169
2021-10-26,0.0009777742382255266,0.01724647839841506,-0.013647783653720394,0.007433579963526759,-0.006076330009586964,0.0007545308757475795,0.005335684487226616
2021-10-27,0.0005412342971872094,0.004919848284173662,-0.00536362984813811,-0.0004279683677488576,0.005025010032560309,-0.006647185838728641,-0.00712134440867028
2021-10-28,-0.010526260703177793,-0.00021573009514678964,-0.01899407069902281,0.0001935978346264816,0.00887177093094048,0.002853052345124793,-0.0159397576001208
2021-10-29,-0.004708774764635484,-0.011208682199002864,0.005017582225756857,0.001724450830434666,-0.00556671767945354,-0.012003906374480275,-0.0012683828619534734
2021-11-01,-0.0015558623189049596,-0.00041044203824743767,-0.010557731043757308,-0.0036718275270554435,-0.006106960102564559,-0.005336194857011232,0.009548050603659857
2021-11-02,0.0038120332398819015,0.0023456864734894604,-0.0019081180938878713,-0.0016768200940388428,-0.012668910759694054,0.0030859202108590614,-0.001702692222745703
2021-11-03,-0.002337698761593373,0.011800506368174176,0.019526530503405633,0.00833146460811316,0.003960944423354758,-0.020989662496719817,-0.0013309494097769753
2021-11-04,0.00456144183710628,0.0021960319681138033,0.004975359486976954,-0.002861161043662165,-0.004448182297023683,-0.01605630259994495,0.017774402355664503
2021-11-05,-0.0053416462240729835,0.0119210034973315,0.006580204617664583,0.0016588445161136863,-0.00965010877966769,0.010867859348893632,0.00319718360769979
2021-11-08,0.00389586148862087,0.014161811691180621,0.010827815093191202,-0.0029973373882148328,-0.0016553087547579739,0.005998521373805259,-0.00030848027371102046
2021-11-09,-0.0028900726992783995,0.0030728390721810753,0.0016491901388091226,0.0018295731034864554,0.020067492934879562,0.0013811622290395029,-0.0008485659088712489
2021-11-10,-0.0026469903849921303,-0.013392229975488149,0.0009607948249020503,-0.0013838048919769675,0.006011727740305456,-0.01364063475189327,-0.005505127227128707
2021-11-11,0.005629937545928753,0.0019056289049465484,-0.01686492121076716,0.004518597689608019,-0.0033168937199273447,0.0009696262947481421,0.006762617945033902
2021-11-12,-0.0020069181492372136,-0.02132887079832,-0.0010851595150703538,0.004147896412146908,-0.0010718011972218914,-0.00542164366117166,0.0010153942388981423
2021-11-15,-0.01224788056715563,-0.008568209983633597,0.00682963606523225,-0.004291143507847776,0.00818232642739505,0.02147636172936452,0.01566304547766696
2021-11-16,-0.007700857072168477,-0.008133553296882005,-0.00028854744498917626,-0.0009980723178165988,-0.016392013562203673,-0.0037031296542249766,0.00673835408914073
2021-11-17,0.004983955992080231,0.005611226757248512,0.009759765951098051,-0.012474170657227166,0.006110995203604438,0.0015472428206884314,-0.005973509833674861
2021-11-18,0.006210762904821485,0.004247719816737363,-0.0005605235738750437,-0.010091671250679054,0.005757402558975406,0.0014175706604372235,-0.0062214044166611585
2021-11-19,-0.0007942480143991285,0.01342970180599578,0.0025637608752723633,0.008380098291023956,-0.008616404153498201,-0.0008887300893257549,0.004901780044019786
2021-11-22,0.002685142421704228,0.006900006680637198,-0.003657244219274669,0.01098599085201099,0.004672465915263077,-0.0008719280490466776,-0.005574824621127884
2021-11-23,-0.004493085929971686,0.013240159050361746,-0.0063188187278102066,-0.0069811225849303465,0.005045248780841307,0.006180352461500638,-0.011113705018204694
2021-11-24,-0.0005927604605160905,-0.013638482903640824,-0.01181817620977101,-0.006407185532037989,-0.0004190582276858283,-0.009305271576389348,0.01670765399272256
2021-11-25,0.0043568479537316246,0.00421665844302773,0.006049881752776585,-0.0008599399464159906,0.0016304533372102214,-0.0027748991673045226,0.011450357978712349
2021-11-26,0.0008543304997612527,0.013562206573430536,0.0012158212409438232,-0.00017205986805723667,0.0002510845896362365,0.009431961682892441,0.014338681141288582
2021-11-29,0.004075335636019695,0.007523158206162752,-0.01041286003065783,-0.002211002465936833,-0.0008449956943579118,-0.0022517802467536,0.0008261470448456858
2021-11-30,-0.0032911828459267546,0.013533459077958426,0.005868022951767037,-0.02555733185889683,-0.00434030860905837,0.015154729551657947,0.010343555377812908
2021-12-01,0.0055623527705526326,0.0021423076341981822,0.0035148479823466088,-0.009012304137683277,0.01499295430905338,-0.0012106186858789282,0.01252455211105732
2021-12-02,-0.007385160487582594,-0.0021206466451041467,0.011760549640163374,0.00861330409128587,-0.0015098244404994797,0.005076678979476993,0.02436214837674124
2021-12-03,-0.0060478903285662,0.0037324029304980915,-0.00937633175965769,-0.0019150185979494268,0.0032839692972022995,0.004789676646102286,-0.007213868781023237
2021-12-06,-0.0005034394093862596,0.0040763949846108595,0.014467650230058202,0.003865605333768386,0.007199904102187535,-0.0025214610886879455,-0.0018088243988660453
2021-12-07,-0.0008988475206752672,0.007102763922952047,-0.03511025128437603,0.003233955377650507,0.0009928359757642444,0.004423007559504282,0.0036585150667054487
2021-12-08,-0.00014301852376076365,0.008517100273365944,0.000629205025929575,-0.0133640761389246,0.004308517862635544,-0.009202752755247571,0.005999679018493833
2021-12-09,0.0017962155616152876,0.002179723890734047,-0.043761607035722135,-0.006006431365509658,-0.019821617345970405,0.01311004117924773,-0.00592085637907219
2021-12-10,-0.002687477701743771,0.009198875205504995,-0.016904786844973332,-0.009569949054745095,0.005912173120049276,-0.0016142490443415214,-0.0018440436991120396
2021-12-13,0.003692251861075188,0.0031899183178333546,0.0610746539526153,0.0012480495595302622,0.0030118248544246497,-0.0015248956826416807,0.016428232040978763
2021-12-14,0.0012177693994715332,0.0024165081014207285,0.033459899296905876,-0.007206555437329955,-0.0021510230403327174,0.0009425143471526856,0.010413748018844772
2021-12-15,0.004811768459053905,0.01640909879274156,-0.038386279974001444,0.014693905558708283,-0.010366932835666939,0.0024960889753664877,0.002450459545987772
2021-12-16,0.004456822162835004,-0.009376596205586769,0.018194070368810742,-0.0034886435662606612,0.005916071956848562,-0.002655144414918837,-0.005022914411811601
2021-12-17,-0.000359253740932733,-0.0025899008689638224,0.020908741240568688,0.006639505720363308,-0.01488423092786469,0.0010186684834944642,-0.00990959077900378
2021-12-20,0.0037997406635117015,0.005118497158246514,-0.02663317671552792,0.01975328285933912,0.02269160159002203,0.001999268388948956,0.014744763960331538
2021-12-21,0.0008206900895197884,-0.0028375993470196223,0.009154925112854389,0.0014476042446407895,0.025359272919338607,0.0051555865615330945,0.011450572244607306
2021-12-22,0.0017262411584073759,-0.010134332026733889,-0.005071670883692591,0.004827638688868798,-0.010085755081806962,0.0006585837344247037,-0.006636846537710434
2021-12-23,-0.0007017688785015667,-0.00010299287738032637,-0.008127197720236738,0.0097213158250059,-0.008554137912741896,0.01004631164750255,0.0003718068686426086
2021-12-24,-0.003613349780306491,0.004012394825977593,-0.01948027664402287,0.005932729848351992,-0.006835778127404815,0.013686021293786033,0.003299834652894405
2021-12-27,0.005276494210304985,0.01678677089569466,0.013471216187777873,0.008237359376700053,0.0034158893965789924,-0.0010252741708863336,-0.01107033258913054
2021-12-28,0.0013391125723716249,-0.004737200001388416,-0.013858099699451256,-0.016891817816695395,0.008706988034319336,0.0034541271910609466,0.0020674283035688637
2021-12-29,0.0034180836849451854,0.002567883905911174,-0.012929896463544822,-0.016310666283516257,-0.004124916578208853,0.019667336629167302,0.00500736177765573
2021-12-30,0.0006767942900713183,-0.007876808369073488,-0.003260752655081484,-0.027241208680249946,0.003621184875309538,-0.0042862830190733515,-0.006600872783883083
2021-12-31,-0.00021116141283447103,-0.014052827680624904,-0.016372943359996908,-0.003844659754195193,0.019886137676046155,0.009248381265885772,0.005462221052985321
2022-01-03,-0.0065865665636284515,0.010384386923392148,0.004747308116652998,-0.0076167390540158066,0.005993625656304751,0.00490847000981284,-0.0030165109685836157
2022-01-04,0.0031823481806779216,0.004382017093486277,-0.00945180371990608,6.108681572044372e-05,-0.010197798512517217,-0.007204748916611107,0.004983182951598934
2022-01-05,0.006343233839859671,-0.00868779463708152,0.0037516449738401176,0.022829692365705197,-0.00519263057812845,0.0015745800851672137,0.001194344416316582
2022-01-06,-0.002334582021744847,-0.008973532019087533,0.013088450864009756,0.00259625206615957,-0.02775438872082785,-0.0038905319897254236,0.004304472637645052
2022-01-07,-0.005595201642284627,0.00854728123968946,-0.0036553338961259935,-0.012661591611893366,-0.017286617378416264,-0.0028635156793158007,-0.004068229732040761
2022-01-10,0.002797320914357543,0.0015909478348704101,-0.018029500907252003,0.008122162115062925,0.008544401516541433,0.010752913124530668,0.003695550162339236
2022-01-11,0.0021104604112299925,-0.008887993810342975,0.007273725102758885,-0.01008914078092535,0.0020944667592790052,-0.008254049595906832,-0.015924963175190265
2022-01-12,0.0016716418027408887,0.006218783848413455,-0.0065655764603729854,0.0004314964718997921,-0.0042896538283364195,-0.00018668137535451945,-0.019420762286121458
2022-01-13,-0.0032395944816130443,-0.0022648919088573694,0.015373286232916707,-0.014520971118556257,-0.01748890896102658,0.002462077623472403,0.002697997210295107
2022-01-14,-0.0019057151626667506,-0.020034278191811694,-0.015056025165518992,-0.0012411137572188992,-0.0010442212831582084,-0.01101041975984542,0.007778169368494254
2022-01-17,-0.009508281620913585,6.595907946759548e-05,0.021416133583152884,-0.004897801947879432,-0.004691038852893604,-0.009928741692736814,-0.007052537839880883
2022-01-18,-0.008314958209334379,0.0003964552548288934,-0.004273520846733243,-0.003657216417949761,-0.0020370286610864657,-0.0013136177610510093,-0.004858216369591226
2022-01-19,-0.012304187639373777,-0.00455220830597734,0.01072068309673322,0.003247432883175617,0.00478710364709565,0.0010735909199635636,-0.009076320820512651
2022-01-20,-0.0052715016844571945,0.00889188454378698,0.018388880109827387,-0.008915052141938898,-0.0047307453426590805,0.0009318576602589175,-0.012216716974193322
2022-01-21,0.0049034076033214165,0.0033035233720654714,-0.004585132322179497,-0.006109279428818974,0.023679374163705136,0.006705509938596449,0.0068358197884199785
2022-01-24,-0.004553155604568707,-0.009498685207527762,-0.0008369914756735822,8.212794474360626e-05,-0.0026939450605576567,0.021201893565193967,0.009391754365253606
2022-01-25,0.006545456005023995,-0.006447649863140783,-0.04344587541806348,-0.01064096124006315,-0.010482128343729033,0.009491383067740642,0.01856407028517006
2022-01-26,0.007505882810773974,-0.006338860576351002,-0.05089510025850603,-0.009419347183304672,0.003722788947436936,-0.009584976603197683,0.004900211888053151
2022-01-27,-0.004692332095589599,-0.01902677277383894,0.017136851868980955,-0.018318527142996584,0.0019589298763385498,0.0015433559563737104,0.0019970116088243763
2022-01-28,-0.01130342265542698,-0.014035199550669277,-0.01755786838511328,0.015516306705144589,-0.004612683754386256,0.007240256338900559,0.0012605488631995242
2022-01-31,0.002540717647093565,-0.010112546365426108,0.035990209482489606,-0.010839078576974937,-0.002219999466421786,-0.0040783189222955395,-0.003085029132117755
2022-02-01,0.009038159928887452,-0.0005915076970070132,-0.03499987116274381,0.005487022706739285,-0.0016763472669216247,-0.009732821833868921,-0.0021478464948385236
2022-02-02,0.006241000783766066,-0.009346699123029552,-0.007747935498985963,-0.0052302180275090706,-0.006716801664475225,0.00355193282716303,-0.009125579408732574
2022-02-03,-0.00020040315506263535,-0.0042198616318938975,0.04227588426604274,0.0027932299487662114,-0.0035936991591327097,0.0025143688484955498,0.0004201574876977018
2022-02-04,0.0056635326710131875,-0.0067478730354667915,0.00691355339891506,-0.0036643831561776145,-0.01249996129314826,-0.005754384584252015,-0.0015976654179334884
2022-02-07,-0.0014974566082877588,0.0004285592327183384,0.013813430264856418,0.01770056867573102,-0.004150370669940186,-0.017764108069828484,0.0004688229543052483
2022-02-08,-0.014043365441507185,-0.009757202948959489,-0.010900099598984529,0.014679048907231372,0.012018865451726517,0.0026546458556435063,-0.013855090767521132
2022-02-09,0.009218004523803143,-0.014112913415643304,-0.01788190574798248,0.005942807052973008,-0.004406111404885699,0.02110734524617629,-0.0034869978871102597
2022-02-10,0.0028787070373727185,0.0008292840584563758,-0.003641558121681386,-0.011211512908576322,-0.0012771955741149945,0.007183178510204331,0.004163741130339344
2022-02-11,0.00120180923935199,-0.015222239691403334,0.004593769516716016,-0.018087651644504064,0.0038641561266663737,0.005073392721296646,0.0031381395582066227
2022-02-14,0.004513795945604816,0.003886510125468591,0.0028454820334582664,0.0014002498121258894,-0.0036295533482455294,0.008364295362047186,-0.017429767286417267
2022-02-15,0.003743555511458057,0.009625288882540757,0.00015846172295486631,0.014671952664516904,-0.0023278965877784586,-0.004032825873082569,0.019479755667360057
2022-02-16,-0.0010337356575122448,-0.003059453557846763,0.008098759814588668,-0.010024603876038487,-0.009724861042684637,-0.003353028109951324,-0.012550967150908593
2022-02-17,-0.0025075740973754673,-0.0032690411244205957,0.031110635823023376,-0.0039832894714982555,-0.0007947972934747641,0.001992178876888827,-0.0012817259651987315
2022-02-18,-0.0006164465670366393,-0.009974209800572304,0.020441784120023197,-0.004528247562244117,0.003911700755197595,-0.0010697831653551115,0.010590633279383135
2022-02-21,0.0021559147460462106,-0.0051170331385845804,-0.026944069784584704,0.016081087978287594,-0.0010505389131996127,-0.012678552350862151,0.01027404494473669
2022-02-22,0.006388209373469999,0.002243253555640536,0.007118331488978546,0.008096083050482096,-0.002424357794204552,-0.0050754835978778015,-0.0015253545135650332
2022-02-23,-0.009787261090749268,0.006974527624675135,0.0067148109844588095,0.002098821956860176,-0.0007117074965519073,0.008085956515854347,0.006423911029316751
2022-02-24,0.002449844984890402,-0.009835395044435105,0.010964869402894007,-0.0015644966896317342,-0.006391569060223451,0.0073660803410104565,0.008294276034480753
2022-02-25,0.0007199412493833063,-0.00901866608514378,0.007210203828702875,-0.00632593928850339,0.0007305259574907366,-0.002464329834530101,0.0034415281757239438
2022-02-28,-0.0035857226778998326,-0.0016184101413755096,-0.005478195841813914,-0.0013602852174105947,0.0025104470542246524,-0.0038204008398591517,0.007123527679785068
2022-03-01,-0.0030873304824289224,0.009673743434291228,-0.008194006431273736,0.008502969991940165,-0.004350803194517487,0.0017360464453329732,-0.012003819405979372
2022-03-02,0.016664424429996542,0.011662130361134556,0.002530228722277567,-0.006093121656158796,-0.0017178313636440489,0.0012693667244347265,0.01305153383742576
2022-03-03,0.007382130578185462,0.01061011949512487,0.005273075378601872,0.003526762544395478,0.0008264861314382612,-0.008268165650067235,-0.015867023982914442
2022-03-04,0.007817155570077023,-0.001703458015545514,0.024814334006164267,-0.006190471902711712,-0.002670496157187529,0.004694989039906556,-0.015079216228516998
2022-03-07,0.006745107763487381,-0.0026317045741627624,0.025240853676160153,-0.0012378423132783961,0.0010788425089919135,0.006700628857335628,-0.02038333929139382
2022-03-08,0.004924095004914211,-0.0007574038623694143,0.013706120094328304,-0.006065469718105777,-0.00415701251155724,-0.0014724897255069145,0.009430478266376597
2022-03-09,-0.0015006036814684245,-0.007118164939367188,-0.0021402119583972755,-0.0038608739722238664,-0.0023785673652723795,0.002737549682198179,0.016064178841504257
2022-03-10,-0.0024515913464249438,-0.012829539270607818,0.007756324080450036,0.026977594978684714,0.0005319651872655936,0.00910778847091718,0.01977409238315627
2022-03-11,0.0020143392042805946,0.0139361446655775,-0.005056280678965136,0.00652268984335337,0.002707992918183325,-0.0016973333852874238,-0.008515202717066312
2022-03-14,0.004783138780713725,0.013505192154786594,0.0009113240632858288,-0.005783129485280422,-0.00421758037876954,-0.01792729449786818,0.0035922580127972508
2022-03-15,-0.002812868838496755,-0.021087685900631974,-0.006365311815294119,0.004909897021765924,0.0007647070854481854,-0.013134113163120704,-0.007234837247848382
2022-03-16,0.002570509406545756,-0.0002725769390074136,0.011065712887977372,0.0015476050897007502,0.007783951924819723,0.006442393309587622,0.012472208343813188
2022-03-17,0.0019436998616521135,-0.008753819315999604,0.01572459293337677,-0.011787240651111473,-0.017678673325067867,0.0025367590439511465,-0.01325183055524088
2022-03-18,0.005113704182094538,-0.00796055345632667,0.008781281504288195,-0.0015995354580475118,0.0012098096581089307,-0.007969858641870614,-0.006129667156952416
2022-03-21,-0.0001612873384137964,-0.006759391690084538,0.002929692225876699,-0.027349468453196205,0.004962403364564727,0.0009565669781272104,-0.015513953769667242
2022-03-22,0.0021498581684999186,0.013584373131801743,0.014935809208597384,-0.005401844659061835,0.003392583662812156,0.005560622747794417,0.01076796999753429
2022-03-23,0.0028973418348697865,0.0008222668457644657,-0.011162225583718459,-0.009923700406179766,0.009496200053262401,-0.009970599885677068,0.01773564768139851
2022-03-24,0.00660465494965118,-0.0018944664428711974,0.020949994172727835,-0.02845641139516883,0.00014069109570141112,-0.0072044983239107655,0.024376761437931587
2022-03-25,-0.00589010524146439,-0.017589775193921603,0.00691451443437265,0.004409932878194909,-4.9803901294595025e-06,-0.003576743487370175,-0.015809518784226158
2022-03-28,-0.0007346997526295887,-0.002460187922841863,0.0024775973375338978,0.018857349102134404,-0.00044079402902151197,-0.00832253037618799,0.010170950708994502
2022-03-29,-0.0009595088615654131,0.003076115050878326,-0.002247008515165153,0.026741643671813878,0.0003950256932208903,-0.015133426740517179,0.005416055553909268
2022-03-30,-0.0007201513027323598,-0.0043336689446408375,0.006888245142967428,0.06360004123145918,-0.0012794612848736017,0.01164372921837825,-0.010916035106140956
2022-03-31,-0.0023972216656229493,0.00901135311217938,0.0005859404738472716,-0.020064071011499394,0.0022750180145952805,0.008576926213203771,0.0072521849605545665
2022-04-01,-0.0011024042708065286,-0.004531546136734078,0.0009619469981077893,-0.01257377169992049,-0.0026225129539864758,-0.003718464344389854,0.004727068215727332
2022-04-04,-0.0035665035923945505,0.010873259206293886,-0.0032430395904680383,-0.010330782960260914,-0.0069914959866057965,0.012669393091696948,-0.0012241530772173026
2022-04-05,0.0006183632547180824,-0.012998008652097407,-0.0014937475742595062,-0.00018311720893304478,0.005189508914201151,-0.00731825227911748,-0.005437479382384079
2022-04-06,-0.002322287266427004,0.0007029816738334813,-0.005178478945948445,0.019334300942914957,0.0036870683767478707,-0.006933967448983133,-0.0069120377457281765
2022-04-07,0.005642109735671158,0.0018011765671984855,-0.0010280167740965582,-0.007214802309839405,0.005077205810594386,-0.010866424246844763,0.0021815238441177955
2022-04-08,-0.004563766777850158,-0.0035829923420952516,0.0028037650987151105,0.003282625880451183,0.010581085655215657,-0.01213592161435089,0.01149813664597573
2022-04-11,-0.003452937396646777,0.005834756886347493,-0.0012581025380267521,0.004535051660870681,-0.0013417192583836288,-0.0012221560622574666,0.003225414257604826
2022-04-12,8.767114707715964e-05,0.004712437562320041,7.432870529916678e-05,0.008162583024984427,-0.0019101715446163468,0.0004848262948477406,0.02312306041222633
2022-04-13,0.0012567535284900835,-0.009353012366057343,0.002175485117892859,0.012224689540291139,0.0026702857682348556,-0.0007624450453801518,-0.007851256709684168
2022-04-14,-0.006086571239543481,0.005495584158468905,-0.008882161266485533,-0.016738294413309776,-0.00017331707497896342,0.00463031291292282,-0.00808951294038519
2022-04-15,0.006243464460258979,-0.0032051966250906693,-0.015942821982433172,-0.002790628601274279,-0.005360408252451011,-0.02687526963733877,0.023768552782923016
2022-04-18,0.0011421912706674885,0.008368329415798613,-0.012927632111678806,-0.00983377700848818,-0.0016134142574779154,0.00017836994124292274,-0.011779828207815944
2022-04-19,-0.010490848770515076,-0.0006803741455456764,-0.005357246750190141,-0.018115575164295593,-0.004924780745477007,-0.003731279156513146,0.031470862584635384
2022-04-20,-0.0008014073368434139,-0.0037122276188412285,-5.1203132059544836e-05,0.009579965054037874,0.008793842672238527,0.015918712911701317,0.0038942468107025395
2022-04-21,0.008821174663247626,-0.0014532185566491,-0.008413461161299481,-0.018349026684782065,-0.014780521647612394,0.007084030655612166,0.027190940653504334
2022-04-22,0.0016655941975497824,0.0007696424575806501,0.01336886218964221,0.00778650642551254,-0.0007554516295309534,0.0020610713244853525,-0.007418777793940699
2022-04-25,-0.0004478508932440887,-0.003989810833084026,-0.007499405153754262,0.03124979397070418,0.012789165957538911,-0.008116523840449474,0.001769271742597703
2022-04-26,0.00190791579233366,0.001034432145001381,0.010195069567149011,0.013852452409167949,6.239409060887235e-05,-0.008472359553299455,0.019951164347784052
2022-04-27,-0.0025071779674492515,-0.007771565403961823,-0.008791019918672578,-0.020041223443304657,-0.009409486217792813,-0.0030441036162294536,0.0034373455268684153
2022-04-28,0.004042376611908019,0.00710157602208023,-0.002066816651145967,-0.007098237264131047,-0.004626548641668149,0.004739010025428428,0.0170064902340857
2022-04-29,0.004538677668600608,0.015097470102950233,-0.006077006245519933,0.014768579251899084,-0.007335374094977665,0.004887483979138472,0.030153148788697334
2022-05-02,-0.001174200850030778,0.0011040442691205145,-0.0030276316365869826,-0.0017254018459410625,-0.0019945249529564426,-0.014690589917290024,0.0002865061264696013
2022-05-03,0.007029489335929239,-0.014579950906406493,-0.0005308122133138011,-0.009029476101876944,0.0024965478895424063,0.004118552327516272,-0.032979890820595076
2022-05-04,0.0025197813914576467,0.004193191765947047,-0.005087997187057879,-0.010470277995238166,-0.007180504826104433,-0.00992164164511953,0.01914923424989111
2022-05-05,-0.0005285416715174929,0.013653428235036544,-0.005965665832451117,0.007884539291447657,-0.0028974890978055575,-0.02718033799200367,0.006606800045537072
2022-05-06,-0.0001742255638283077,-0.0007729078118386776,0.024360128958673594,0.004228946241620676,-0.004828572963907383,0.003186345107509113,-0.008607081188982218
2022-05-09,0.0007927049337289857,0.011677729903583636,0.007320091605408643,-0.00030206860831690353,0.0032341436583588484,0.013549582657042019,0.026225707370193644
2022-05-10,-0.001857819630248431,-0.0039893263338993176,-0.01024717543810991,0.007822986532026616,-0.005453858384658515,0.0011606450360339036,-0.01466193022092636
2022-05-11,0.002420171455805854,-0.0021237138627200358,0.013004005541120973,0.007207530570410268,-0.003449203688324859,-0.0007058886804624622,-0.00019997333861179327
2022-05-12,-0.005550475767179062,-0.008757929131929753,-0.0043583785109993995,0.0001029555888632409,0.002955191396166638,-0.0020367455785627498,0.041448803935739284
2022-05-13,0.00836068930236697,-0.0020078333359575392,-0.001755387123790881,0.004630929467483144,-0.0016719891464091197,0.0034953543322915194,-0.01170312171054987
2022-05-16,-0.0018209365183859973,0.0033582124942990624,0.001585243232350302,-0.003964058404083272,0.013757943378395716,0.0026770260290112464,-0.02077565130307248
2022-05-17,-0.003684833507796716,-0.007736075375382844,0.0045649630991749165,-0.023424543067951855,-0.010533854949818856,-0.0292955521613649,0.015753282695513352
2022-05-18,0.00014393734507659578,0.005694517148197962,-0.006906700330100496,-0.013298322195079372,-0.0008652550206643979,-0.011602728916306754,-0.022660999190472632
2022-05-19,4.002377548226532e-05,0.006940828397169577,-0.005572318620829216,0.011914151353366171,-0.00409574902577583,-0.005479081201221061,0.0212051280204389
2022-05-20,-0.027015662016676677,0.000638993728418946,-0.004103174619065658,-0.005938072481336899,0.0036313945251444735,0.017012567548726425,0.014417371304670402
2022-05-23,-0.003555283677473114,0.005795557568883598,-0.005719136976282729,-0.008584985332649196,-0.009018336242298232,0.002296066228025149,0.006255051924132204
2022-05-24,0.007416110355021173,0.0024456237394171187,-0.016165772877645472,0.007265546189761129,0.018631929757279356,-0.006718531633906801,-0.025591365963611768
2022-05-25,0.006724074294216261,0.001581146432329138,-0.013796470638801921,0.006062956824634655,0.003942160233636499,0.0046663266682996744,0.02906411139397304
2022-05-26,-0.0056000153886569546,0.00027829341055946537,-0.01058025807733633,-0.01187386269099829,-0.009868167906332357,-0.0024997759867248968,-0.00888772120128237
2022-05-27,-0.0025887066753895096,0.005015738188258326,0.004463962441865047,-0.020003161474205503,-0.0056800672833228335,-0.0010666897620428474,-0.0003348425617320862
2022-05-30,-0.00604565162611421,0.0006826825967830241,-0.004810097591912125,0.00718544603014765,-0.0033857755161878504,-0.003848326020310789,-0.011573930312428185
2022-05-31,0.004899549276714752,-0.0003831320214082336,-0.0005977498035018769,-0.013237109774768968,0.00324807325906916,-0.0052484232828664485,-0.0277865338475625
2022-06-01,0.0007830457000803903,-0.009963086112169797,-0.003665823933469755,0.035090052649648346,0.005567316634948695,-1.3215190786106963e-05,-0.0030405474180119053
2022-06-02,-0.003867622608041218,0.001245548318031741,0.003272261328073812,-0.005358599246716431,-0.010467289744843546,0.015780054891357555,-0.014710648089305684
2022-06-03,-0.007910170262078159,0.0078062070212006176,0.003508757776431951,0.006651954169519917,-0.008525299483627739,0.007503237520032739,-0.028890596502112145
2022-06-06,0.0029694052444703325,-0.0005150534672804749,0.00410699936036973,0.016135485376379415,-0.0035397946522860127,0.013618068123226208,-0.020303707485531692
2022-06-07,0.007318849834939006,1.9866114244356108e-05,0.0032524831739255784,-0.0003023389565193106,0.009442105659683687,0.0038417994836717983,-0.010797685627835566
2022-06-08,-0.0008481118470582693,-0.0013092271641818433,1.0194521093393654e-06,-0.00038601399129421505,0.0005378346780266567,-0.0008149768737126801,0.02202070328368696
2022-06-09,0.0062182765732698,0.006308800074531841,-0.01061609483665655,0.007650542870104517,-0.0033804479425825337,-0.0029697862555302652,-0.030742805303148726
2022-06-10,-0.005303546751163035,0.002285673589782734,-0.000347692004813926,-0.007824373007458219,0.0018450614350421332,0.0038057115648779927,0.002360421316589999
2022-06-13,0.002617619232996316,-0.008393456787513569,-0.009097240576515743,-0.0022946308914989348,-0.00707358791559795,-0.01711837715418163,-0.008510324215988492
2022-06-14,-0.0025078775933469453,0.0005518377214715213,0.0012675052931950808,-0.0012471285961235434,-0.0019826698929518052,-0.004174779483062009,-0.008682388872009608
2022-06-15,-0.0023242313256482162,0.003068811991803355,0.007133838111274296,-0.012819394195520074,-0.003042098049866593,-0.0006626693953402416,-0.003969710484457603
2022-06-16,-0.006856549954934015,-0.004578838123458119,-0.006306784263660686,-0.0071771082669345836,0.003415472694681947,-0.007994640579562822,0.022161852928846298
2022-06-17,-0.0004069848544752405,-0.002697851960936867,0.012862921907229862,0.01246296927301848,0.006920282260525304,0.0024723583760170044,-0.004932191451535614
2022-06-20,0.003080301579860469,-0.0025265598429005855,0.005218297506447113,0.0004971326332779058,0.008753630176582492,0.009220345077616173,-0.012328590593781998
2022-06-21,0.009175844003535464,0.002033280258016043,0.004508608727362283,-0.004527876363278393,-0.005289866696073459,0.003985646912635715,-0.01850231108982136
2022-06-22,0.0044149203386121385,0.0009497450343998812,0.009539424989205876,0.008134949137096972,0.0026924073994914915,-0.0012593086060954449,-0.01746878321451634
2022-06-23,-0.004939288498514955,0.0015002445131386704,-0.0023682377525897033,0.0035843868567688917,-0.00013364678151718467,0.0032821610941597187,0.030236611708978033
2022-06-24,-0.0015289819091953497,-0.0037274090652533293,-0.0029697478330854552,0.018056075952151675,0.008201330714087825,0.009573709565717943,-0.010552643790827442
2022-06-27,0.002286415779977398,-0.0002993666260389433,0.0059151322585055035,-0.0001878510003780335,-0.0009147163783244948,0.003528985548209383,-0.007595691251539849
2022-06-28,0.0018515892357325863,0.0007309935312420849,0.0011804352027800892,-0.021248704087198172,-0.006511605587506103,0.004813750386537215,0.03253106117789881
2022-06-29,-0.00847637088268532,0.0009178041875096748,0.003289537962523048,0.011527611601122608,0.008036335456140678,0.0059408454156484655,-0.03778108187052446
2022-06-30,-0.005152575444458193,-0.003066814777311691,0.009256953064628702,0.005440460785163773,-0.008664906565019004,-0.0028470456023993473,0.03223961362473213
2022-07-01,-0.006472860102301809,-0.00270646761460474,-0.0051583115774197635,-0.006877993474812856,0.013373133163235688,0.003523318083676351,0.006521961617154124
2022-07-04,0.0002072124917864967,0.0025159779462774635,-0.005387961369243558,0.0025152965370561354,-0.005307642849069425,-0.009611919946682026,-0.006038711567389244
2022-07-05,-0.004397763583160215,-0.00041804380034549685,-0.00028252123985340877,0.0066484791641406,0.000803397610186127,0.0038176526639563573,-0.059674703633137816
2022-07-06,-0.005190419979944917,-0.000248145876072177,0.004856486741148868,-0.008494469325830525,0.010808560706563736,-0.0018257527770613002,0.026164637913861755
2022-07-07,0.000675117205305251,-0.006591964804291851,0.003222283502423417,-0.006084690090288315,-0.00212883156553989,0.005921888047406903,-0.018118418644341775
2022-07-08,-0.0014136861965647338,-0.001880487047768942,0.0034219891163039017,0.001915995490480485,0.0033232537718958445,0.0025647081598804623,-0.011529190842150396
2022-07-11,-0.005552594850970025,0.004738287572542259,-0.004903063922446496,0.004602733851171988,-0.001702029739351383,0.007492230414704201,-0.031523950504542535
2022-07-12,0.005391848438233849,-0.010881048888999897,-0.0011497390500360652,-0.005487991127186109,-0.011612388056809314,-0.015302844875824574,0.007282973029118607
2022-07-13,-0.003162990003157402,0.005690553957291272,-0.005407252044494579,0.0031271562770632776,0.018255759126478244,-0.0029789101738302627,0.03235944805583467
2022-07-14,0.005840974134059648,0.0016867407792418257,-0.0028617870191379835,0.0022378762977482147,-0.011448687220282163,0.001119239671836253,-0.013704499642000498
2022-07-15,-0.0061619291586155,-0.0011370732786293608,-0.002513655090912552,-0.017291925884599456,-0.006226611490029997,0.011058590540787137,-0.015022430584012994
2022-07-18,0.007128332802809171,0.003287393153183257,-0.002973319003392484,0.0002716588928583224,0.0016261342276786654,-0.005028494001063316,-0.020064500883707512
2022-07-19,-0.00029923413560698815,-0.0022428619999779677,-0.004416691002191475,0.00023015403490397055,0.0028244232443945015,0.003997898872684784,-0.006426914130059804
2022-07-20,-0.0034260093350164974,0.005167057707584726,0.010771707336656089,-0.009452051134032562,0.002886251203832066,0.002987028923922901,0.015551745520722752
2022-07-21,4.820520324332846e-05,-0.0046402718309161576,-0.017209810953207148,-0.014486763089065406,-0.0090068115051477,0.006388979431537973,-0.02808296225469145
2022-07-22,0.0036758229261701736,0.001089302406128864,-0.002229792475472628,-0.007694686643040876,-0.004359682840076054,0.005582776227377848,-0.008879131723564727
2022-07-25,-0.0024781738619345994,0.0004769263065380485,-0.0017303267581470472,-0.011131161087639957,-0.0169966905208865,-0.00020026607239380078,0.002702951012198883
2022-07-26,-0.004912498981906431,-0.00012119613337448477,-0.0005297313411771553,-0.0017201475584202265,-0.005323954639806008,-0.011155159939451518,-0.013580921489273525
2022-07-27,0.0029780348226981996,-0.008240706384946783,-0.0037879812672220897,0.009619019258153965,-1.160827916905782e-05,-0.0005799987036558423,0.02706717257501795
2022-07-28,0.012139651183143349,0.0058053869003638955,-0.006914251612972316,-0.004727688112289806,-0.004809735475032788,-0.01475880269862188,0.002834398101492095
2022-07-29,0.002761452834803849,-0.003888563262913561,-0.003445526450373244,-0.02211002144218267,0.005245642239945315,-0.014827441274989372,0.015340191995469474
2022-08-01,-0.0064305381022070575,0.0050946617560826,-0.005124684874863855,-0.008941451834341705,-0.01656804664634935,-0.011704223206543891,0.017837918165336634
2022-08-02,-0.0078096367210341066,-0.0011063054775508408,-0.002839283434050282,0.007532078480037115,0.003095779245156442,-0.001644604746606256,-0.003141852444029433
2022-08-03,0.00576626689512145,-0.002381987437514601,0.008693925917071946,0.010140286810128359,0.006459077053972496,-0.0031888580960784496,-0.020894113105006322
2022-08-04,0.008446975211796725,-0.0015093282784235476,-0.0006883013291352524,0.02313273928078537,0.0028733887031063515,0.002274003743576996,-0.007769036472828014
2022-08-05,0.008631180760191162,0.009255204478452406,-0.011781386832443348,0.004997470413647161,0.00759388577111695,-0.0016893613559851002,0.0073377917325574225
2022-08-08,0.0057491784221610455,-0.002304385944413857,0.006600730090538876,-0.012114676437342166,0.009462150942721563,0.014396450611423427,-0.012790022953899083
2022-08-09,-0.00415464740679276,-0.005776139964019949,-0.0058667530393429375,-0.014563715059070483,0.0036478191027464204,0.01579758427675401,-0.013468655338843314
2022-08-10,0.002927833625600252,0.002993818342444646,0.009376788725251928,-0.024425397324234797,-0.0020754614583839335,-0.0014894168475843017,-0.023897609372686295
2022-08-11,0.003163874847183763,0.00618311247739795,0.0027990615769342723,-0.0005557506557948355,-0.0016003615636527326,0.005586146608945425,-0.004299768473223406
2022-08-12,0.0025712989849724257,-0.0010047200551709244,0.006803646776003975,-0.003914516522269332,0.0034896760187104513,-0.0012967104241906062,0.0012572061886047614
2022-08-15,-0.00031986731937206085,0.0032536915499432675,0.0013006919672298829,-0.0034764760533008104,0.00940541801321441,0.0010411128532208298,0.0007594086869895691
2022-08-16,0.0019471534007804913,0.005106241555524687,-0.0013238629446989771,0.008514615650861838,-0.006587844953169253,0.001270901212579896,0.005883534378925811
2022-08-17,0.003228943813033895,0.0014705045690462909,0.00038771615679503895,0.00025617647011705254,-0.0054160050187626475,0.005253395855607583,0.017836510998328833
2022-08-18,0.0047191825312848665,0.0024002927222870653,0.003144835589568002,-0.006172136520673248,0.002120769580935444,-0.003116770361986156,-0.022127138593185082
2022-08-19,-0.00833376901523766,-0.003841514345559363,0.0023871349368187545,-0.0018244881867577713,-0.005091113303641209,0.000532179930015516,0.006322597270954489
2022-08-22,-0.006000496228677035,0.004140608365486436,-0.004919752100182191,-0.017219417585589945,-0.0042559408640007405,-0.008966817114640948,0.0198734823491664
2022-08-23,0.004727280907319495,0.0010605036544486112,0.0011228070839175667,-0.006746129658110587,-0.00214964108195735,-0.005119020481118693,-0.023982544375186845
2022-08-24,-0.0031734341560847187,-0.001981362066968098,-0.0011702559348378634,0.018659037064151184,-0.000785120749992841,0.006275836994778838,-0.02845849986359571
2022-08-25,0.0013232742550792606,-0.002526800388737145,-0.008405380838236207,-0.002458750185878587,0.0005886621257085735,0.011474249927673034,-0.006284489677120903
2022-08-26,-0.0005479880425216906,-0.0002623735827410123,0.006284701784520942,0.013102452263194907,-0.009642752324966228,-0.012012231629006229,0.047185263731703016
2022-08-29,-0.0032922916982016937,0.002807689836251988,-0.008218265916658663,-0.004614143054422625,-0.001218320061775123,0.010157632079169941,0.022437536451195436
2022-08-30,0.00879065490842641,0.004755601543875585,0.00044851139132090376,-0.007976035279123968,0.0012367589960185267,-0.0038409956056027926,0.0037209803679216107
2022-08-31,0.005336044876605225,-0.002416206317116391,0.0016207427937163367,0.003602147210734143,0.0011646583450986394,-0.005647849906615003,-0.010437874991993135
2022-09-01,-0.003415253147714664,0.007438923560153167,0.0013145839737845556,-0.02001244208176616,0.011012014965278715,0.012895796888380483,0.03120529213789512
2022-09-02,0.006081596430476437,0.001657241211690519,-0.00046438176611378833,0.008990202810896662,0.016255907894440737,0.013706522754704404,0.0005451796670472298
2022-09-05,-0.009134213873109759,0.006335196330879533,0.0039380644256513195,0.002325678534248342,0.008304329131776022,0.0005997152704715436,0.005948287021674014
2022-09-06,0.007409178778709917,0.004943168833129772,0.0010601650777175625,0.0019757680911754102,0.0008230133346447471,-0.003993830917088522,0.004605766592524367
2022-09-07,-0.0017806845313569997,-0.0058618461382513596,0.008559253896144942,-0.006296652493518559,0.010543078888520874,0.009518154134581392,-0.0006777899277975744
2022-09-08,0.0029446291322159437,0.005061188496910927,0.0005978045571381002,-0.007502790123272252,-0.0011711276977424984,-0.002528820955677434,-0.014210238213271584
2022-09-09,0.00041203254976536176,-0.014976366756557481,0.008049886145868525,-0.006334427006831574,0.007920266241650417,0.012466784662254187,-0.006009954694350716
2022-09-12,0.008561345072967864,-0.0017796452400852844,-0.002192334429627153,-0.003940648337549026,-0.006732034540256356,0.009059535106284175,-0.004932305583390695
2022-09-13,0.001348651172074544,-0.002199708912227625,-0.001776656371388843,0.006669933828748087,0.012947308352040457,0.002946926576262462,-0.0072977183466625024
2022-09-14,-0.0010334467231416476,0.008383035008232917,0.001966627891572919,0.010670572656979847,0.014618487410789666,-0.0017180694337976766,-0.012606029752880927
2022-09-15,-0.0015877782750771464,-0.0015561369363263067,-0.0016117435060145039,-0.010078999125378978,-0.030520057240502305,-0.007825442106214312,-0.01531855055065719
2022-09-16,0.001757705898663538,-0.012651270175322925,-0.001037424811962766,-0.008276500378691836,-0.01811624883372161,-0.0020190648621518418,-0.008602135328467403
2022-09-19,-0.005404920000564885,-0.003489656554604585,0.0034206936595701314,0.008414064817966164,0.0002597741607113292,-0.003558589895753429,0.025296138622826154
2022-09-20,-0.0024109519389048898,0.005616499706709839,0.004111225376819448,0.011351725563451603,3.187587945835455e-06,0.0062502934847188055,0.00638303230037878
2022-09-21,0.0024129261876861575,-0.008298505530173292,0.0013636379675662734,0.008974619312248893,-0.005367104789700182,0.005651740972722808,0.004633776790725219
2022-09-22,-0.0017759748496652692,-0.009026131071612539,-0.000406067967451132,-0.0208738742791415,0.004156846115985333,-0.0032148981352451826,0.007352154830260714
2022-09-23,0.0036034681977853557,0.004172163099961547,-0.0015531900471411329,0.0013468186853621937,-0.01734811617537881,0.004026610604101894,-0.01711568116113148
2022-09-26,-0.00310977750454285,-0.00833031538236456,-0.004408693613947286,0.013699747091419728,0.0037726177699850816,-0.010040683473074614,0.005972447000783914
2022-09-27,0.0018208785608591657,-0.0038338803515652773,0.0025956657644509687,0.016349790169459665,-0.006731815346223721,0.0010630704486871228,0.003709148406516923
2022-09-28,0.0010834761060660994,0.006242720322647183,-0.006234760314445346,-0.010331435563011325,-0.01837864708709613,-0.016331046268573002,-0.0032548973209384695
2022-09-29,0.007965633391306095,-0.003262553432675308,0.0018914819715175092,0.02044137186497603,-0.0007223274652820551,0.004456835348548792,0.012036589194349393
2022-09-30,0.0022675254472872726,0.006640151783192195,0.004581843365432375,-0.0001173312414851615,-0.0011285253885144752,0.008081680183239955,0.015434998653137943
2022-10-03,0.005814645246328195,-0.0006015209443031841,0.00134152670538423,0.0019292352141312245,-0.005580980433983915,0.011028641877483264,-0.0019488634362377377
2022-10-04,0.0033356229885025145,0.009742697605354074,-0.0039723790167584625,0.010597787316149963,-0.0028947747038089782,0.0036671946588198853,-0.002700626626808988
2022-10-05,-0.0025114275036336752,0.035770450707987754,0.021656784674047636,0.003253430679054045,-0.011428753559106195,-0.016775245222953906,-0.00012565766156488227
2022-10-06,-0.003674309356827459,-0.0024661871185998083,0.0003925525629870505,-0.003639337704879736,0.0021838179048802326,0.003925867340362779,-0.010362038802626612
2022-10-07,-0.003379326965104555,0.004146253510903302,-0.0051964368821711135,0.0023287056395106284,0.02272537909998195,0.00010350332855049227,0.008112240215246402
2022-10-10,0.004327677235698576,-0.012152426785839075,-0.010184239424711772,0.006325630252415911,-0.009909740117189099,0.023151659389164164,-0.006240145506973475
2022-10-11,0.004464627729009756,0.009789379358462497,-0.008351330412591704,-0.0053388349140099855,0.014754407392144788,0.00024442728568548815,0.018435894335804785
2022-10-12,0.004006811417895029,-0.0027981605801752165,-0.003406444182508624,-0.0043207113581339995,-0.0011893923387945246,-0.0019951202622633985,0.008767299051553032
2022-10-13,-0.0010284857750182737,-0.0005858807874582234,0.00964573671496799,-0.0010892891981066943,-0.012674625582863322,0.0077800057883641825,-0.006789931583289932
2022-10-14,0.00033288119423784194,-8.590889952400684e-05,-0.00867312213815199,0.007574017507009097,0.001422960846792059,0.009020582245718735,0.0038295598906472102
2022-10-17,0.004846084994518615,0.012316761279758497,0.008974158404965023,-0.0014263245343108927,-0.01536371935808841,-0.012813697803105553,0.006354723227863312
2022-10-18,-0.000989576989734756,0.006612683751356437,0.008502858175694992,-0.002817469097490111,0.010971132995150424,0.0015721399587586618,-0.0037241837151072744
2022-10-19,0.0014455986562059181,-0.004715695657398385,-0.00994194422204323,0.002327151231924868,0.042100712103573114,0.002058612045188597,0.012574104215735474
2022-10-20,0.0021325506386099024,-0.003611663905467859,0.004014783863834138,0.0049054388713330385,-0.009389099574295111,-0.010007776733363614,0.013421848702888537
2022-10-21,0.0019188491377022236,-0.003287600842305052,0.015547724975536983,0.014862668270406021,0.00481415307456245,-0.009428689999052348,0.015468717020176907
2022-10-24,-0.0015804418365386657,-0.0008580605267027237,0.011563880959738622,0.0064840964069946255,-0.048484832940451035,-0.0005907656813784868,0.011894330363023177
2022-10-25,0.0012262291900732502,0.006209558676711203,-0.008373275297812748,0.0025104042574764706,-0.001684609926360248,-0.0005319117593468006,-0.005604191863386482
2022-10-26,0.006358303950710607,0.014179149586699845,0.000840935578802174,0.001757330038597881,-0.0013244444986868955,0.0034271892005275115,-0.004866768802805281
2022-10-27,0.0024111737580163584,-0.009617716580349255,0.004633475560641605,-0.003408599257414673,0.012826726542142362,0.009329605817182415,-0.007005252918770698
2022-10-28,-0.00415822765493171,-0.01196435707051708,0.004234514100083708,-0.005321329588502679,0.0038690515004865308,-0.013858973383573659,0.015152830115503021
2022-10-31,0.004533610287531045,0.00022264191096252,-0.0026961600446275724,0.00999016329793721,0.017485449611148868,-0.008229008544137875,0.005526053348023466
2022-11-01,-0.002446379397074591,-0.0010884413072975256,0.0008395121282768609,-0.0014571617211105406,-0.016401763545383533,0.005294276053039007,0.0036752412924397305
2022-11-02,-0.0031830065960525727,-0.000743221806179666,-0.01331988710726067,-0.004720154581518975,0.010247660207285961,-0.009345243027488358,0.0062047285321929855
2022-11-03,0.003246893536926106,0.004974222433807262,-0.003590169025103276,-0.005972960649356326,-0.00989050259814314,0.0005012655855304276,-0.0005948242897372265
2022-11-04,0.007949812529538781,0.0015470142197519187,0.01118260047793395,0.009623415742302176,0.003702242232901823,-0.0006561764432123235,0.003258749879358167
2022-11-07,-0.0019638852900012204,0.01260991926963331,-0.0041703596448884475,-0.0009001289492162468,0.006834515818684315,-0.0036985027927267182,0.0029898117376898404
2022-11-08,0.0038007958563647643,0.0024640150388899997,-0.007252619169027303,-0.003090919783661033,0.024127381868616675,-0.010478413323582418,-0.0008929882176094783
2022-11-09,-0.0019946179039899495,0.006017443201520858,-0.003719994540479575,-0.0001960365354883137,0.0028236054332183556,-0.006505164967086851,0.0027956024130854117
2022-11-10,0.005259335929586903,-0.0073875049331073635,0.0010429794331541086,0.0019369945579593938,0.0021662394210109352,-0.009460501052578832,-0.013776439145416987
2022-11-11,-0.0026144974125718924,0.00685671009467467,0.004111195372571373,-0.004958200957973099,-0.014662770377984809,0.011709462913738195,0.007879530848216076
2022-11-14,-0.0066903576589449724,-0.0014225400920198322,0.001854848470186328,0.0021990971348583043,0.007814320363836485,0.0017570215155792168,-0.006414327509771628
2022-11-15,0.002047547371536601,0.003448918602249912,-0.006033731673772519,-0.02127718921971676,-0.020796413249909735,-0.0015666689852818297,-0.007370897105731058
2022-11-16,-0.004084013310703503,0.0023731607680516726,0.005563101044699334,-0.010092706107863043,0.01081346409519754,-0.008234457840595464,0.000154912175949181
2022-11-17,-0.0014276401257112094,0.0034335915225352214,0.005119616669866946,-0.021380378414959485,0.007073421746309969,-0.0020583965275546945,0.003317868242906092
2022-11-18,0.0035655579886935368,0.0003084896044488563,0.004712062041526253,0.004561112945156209,-0.020242797445515465,0.00026536558678279433,0.0015141184310571991
2022-11-21,-0.001930193607457731,0.004463168456871973,-0.0038844315498015526,-0.0010447903304049147,-0.012791728828065403,0.003527719647331027,0.0038310320388613398
2022-11-22,-0.0018744234687311523,-0.006795625049701266,0.0034149341221213925,0.023657684493920295,0.004936196841923056,-0.005813391376372961,-0.007552284749429902
2022-11-23,0.00012230951546333006,-0.003060119149440162,-0.006999497517819353,-0.011676609633633754,0.010434647543321317,-0.008406380851586659,0.00454744675752916
2022-11-24,-0.0037368203177959134,0.006137354995730433,-0.00020212126855243925,-0.004010733298978935,0.003413306409133758,0.010711180316168797,-0.0022053098884215936
2022-11-25,0.0013119894263224098,-0.006456577250279665,-0.004705718287178528,0.006893418278377939,0.00247816386624128,-0.005633463835537503,-0.0029172801692363176
2022-11-28,0.00838250592230152,0.0011434322665195477,0.0013930786105661953,0.007335236056032852,0.003971105023141411,0.01246238852846563,-0.018118747294350222
2022-11-29,0.000556194434465487,0.00509515789849773,-0.0037878307926665473,-0.000999997519404127,-0.004940993598856906,-0.0011938548842395256,-0.01554810684667266
2022-11-30,-0.0013782474145128127,0.0008078665719865711,-0.005359493588561516,-0.011695786000259036,0.0006929948962539918,-0.011474748772002451,0.0024060197255354617
2022-12-01,-0.0016615597088990646,0.0022194504499895656,0.009709899717721755,-0.004930985879289189,0.0012117681065506513,-0.006595204167232374,0.012989241338036854
2022-12-02,-0.0017214749560433167,-0.016363617021108143,0.0035044081628009447,-0.015105500174434397,0.002470354762518536,0.007669798407003631,0.0017040361528337278
2022-12-05,0.0042419244339732464,-0.0016369745926585742,0.0012677486925686302,-0.012394431994340302,0.0015343982085100254,-0.006494037580272197,-0.004283093350268796
2022-12-06,0.0032257326221563497,-0.016657261834387548,0.004199226452852725,-0.0030128770616473545,-0.0011262898285658287,0.00561752655699519,0.020623616285477278
2022-12-07,-0.0009478406498502293,-0.0005229073533046599,-0.0031683789694696815,-0.012235788629176719,-0.0005496530720873112,-0.006382381420280604,-0.00370008832022875
2022-12-08,-0.008948312836000883,-0.0007476106680516701,-0.0029022637708449508,-0.006236073422867227,0.006106923235710125,-0.002927801340840525,0.020366084679377443
2022-12-09,0.0026604407164604873,6.375881138527374e-05,-0.0018705023411342819,0.014066842698681947,-0.005807086371401565,0.02336631210915384,-0.0010051875266476426
2022-12-12,0.0027735655622160237,-0.0034046517509375086,-0.0026644023084231813,-0.010418522953870038,0.0013890307930327214,0.01825639102631089,-0.020537723300867283
2022-12-13,-0.00561053636170871,0.00110403692109626,0.00300723321582992,-0.012810071187526932,-0.009012133739354148,-0.0016066591860200744,-0.000859782700792376
2022-12-14,-0.0030331912115588717,0.018052461942571086,0.0008839422038144376,0.0031407028661201877,-0.004004807347130439,0.0009273279976065431,0.012546685290543976
2022-12-15,-0.003530745927504291,0.003844428064108618,0.003723492304849321,-0.004628008754655974,0.01407065084188981,0.0017338372951975903,0.0019877701028221456
2022-12-16,-0.00828556046910398,-0.01121758502385266,-0.010609845049182361,0.000815029055214475,0.004960839407457135,-0.008022626152385526,0.008126858425779267
2022-12-19,-0.0009882532850947485,0.0018619152805215626,-0.0045908305157756416,-0.011938933813207863,-0.001453230444051934,0.007071002551966284,-0.020785229155004362
2022-12-20,-0.0001859170112048195,0.014375099248829813,0.002559155663373517,-0.004602720515273482,-0.008435714405199506,0.0002518300099332687,-0.022746353916721376
2022-12-21,-0.001971623455789298,0.010687830348033644,0.006602466748512682,-0.003746756814160294,-0.008495531079294119,0.0014094823276291487,0.00504886535388672
2022-12-22,-0.0024249587050367374,0.008223606250834396,-0.007275466921390293,-0.015900479448018326,0.002689937928835168,0.0024408350941609457,0.0040719392397621425
2022-12-23,-0.0020301376781511706,-0.008421576017169101,-0.016559236285963314,-0.006843987757416386,0.0023060671089833477,-0.008400981424211203,-0.002791835405965018
2022-12-26,0.0012810107169017304,0.00786848051269292,-0.00232881380186524,0.005888755341043592,0.00034706688472135964,-0.007549508643288369,0.012312208986420662
2022-12-27,0.0003031483765819564,-0.002312880121331324,-0.015000179607662596,0.011751848427538163,0.008237307033860875,0.0009003592855093973,-0.010065442557776158
2022-12-28,0.0018010602393259715,0.0012092074893211124,-0.00813035036776632,-0.005385050457819101,0.004026601009732189,0.0009800265631491978,0.0015831440771067824
2022-12-29,-0.003272454600271938,0.006336079989546711,-0.0013884137130277848,0.0025317959068163424,-0.0015238251996257158,-0.015758272203370786,-0.00995773573445208
2022-12-30,0.005612801570837282,0.0007687281436242835,0.02349404791384385,-0.007232241377195244,-0.022972068007353717,0.0023111600186414717,-0.006800988717515936
2023-01-02,-0.0012822231702126698,-0.0002117414361234178,-0.01471496223633304,0.0016068168785509241,-0.0007950024967300345,-0.0029659041157054852,-0.008143776124260442
2023-01-03,0.0002812680112657365,-0.002424432623643093,-0.009473880429202249,-0.006432739023606525,0.014473007753041346,0.0019635928920738693,-0.007966217369544257
2023-01-04,-0.006704886600179937,0.0008864327979825954,0.007397607843618937,-0.006812464915791338,-0.0022246375768409992,-0.0025397684115925382,-0.004717182542400205
2023-01-05,-0.0006695055363135832,-0.0020233804886338235,0.01014994731713786,0.007648006316551446,0.008183323460945814,-0.008680816958886391,0.0023764704986835032
2023-01-06,-0.008835020845543431,0.001998834962975589,-0.0029266131754175466,-0.0030610349741504134,0.017666456570919153,0.0059616646738209714,0.004646705678309728
2023-01-09,-0.006579604604867883,0.0105234379903001,-0.013829325623821527,0.008712186835166886,-0.0015045304423715233,0.003121262124844641,-0.008059048199096659
2023-01-10,0.003122563807327361,0.011392127567384868,0.013218766637770238,-0.014361354144789598,0.00498237594893594,0.003563907430597168,0.0007373516774730283
2023-01-11,0.00520660018299967,0.005894683116359549,0.0011755171662058575,0.00441827092332181,-0.0005438674833931433,-0.009995090956183936,-0.01039877474001642
2023-01-12,0.003309524686786091,-0.010051820951853762,0.003439061620166876,-0.007374289434173995,0.008718287424716918,0.004038555278534824,-0.005276311242584063
2023-01-13,0.003155408022829551,0.00506333053879341,0.009581089736776764,0.0007229387145772227,-0.0030079014522731507,-0.025481502567393993,0.008719370773708001
2023-01-16,0.0006654745819840098,0.0010885096859257657,-0.004069861567115735,0.007827590375438552,0.019162211173574407,-0.007749183761881667,-0.00024706910750899535
2023-01-17,-0.0035316676737160058,0.005064438134452942,0.0061927628728577575,0.005501886654176198,0.0026797507106621887,-0.013138326524654164,0.005968262570292095
2023-01-18,0.017980524708937243,-0.012100961302324936,-0.010073021965634029,0.007546522874604499,-0.0005419848385602243,0.021089898551375476,0.0030756252336504313
2023-01-19,0.006150351104359653,-0.008027006733365257,0.012092183747703203,0.008075368115641439,-0.015699853389458385,-0.01212533041941469,0.00019562044442080566
2023-01-20,0.0021097888569822595,-0.007011348074317253,0.010552255731487235,0.010389545062650196,0.003630359953628018,0.010356735061487937,-0.002578358348227181
2023-01-23,0.0002838468165630242,-0.0001763847592339026,-0.0012259720696690167,0.023030087535812555,-0.0023238716472046813,-0.007148847725947051,-0.009024588550127147
2023-01-24,-4.846956706126581e-05,0.00848394399182422,0.012329602061639869,-0.0002698237108944915,0.0030710267411384073,0.02476324534140596,-0.02033231547685953
2023-01-25,-0.002163595564298727,-0.004656177577971812,-0.007405774904730992,0.004654082915439331,-0.0003161051033470114,0.0029388460770613,-0.017314520075093067
2023-01-26,-0.0026449513684498145,0.007636085477990671,0.0031076597089497973,-0.003977720683785417,0.015757175262071405,0.00534653756465076,0.0008721119499881284
2023-01-27,0.0010400992066922348,-0.0016855914437064656,-0.014761863506249704,0.004288484278305178,0.030004348704367464,-0.0016823766964132862,0.01821303379776045
2023-01-30,-0.003748106671072854,0.006674448977960644,0.0019017280866667787,-0.011137550593376844,-0.0196983773852971,0.017791417657068848,-0.011218375929904555
2023-01-31,-0.005007286823405776,0.0007299325825504983,0.01246173312786257,0.00114340868057113,-0.0035068526358658517,0.009588480362411151,0.009106808036699776
2023-02-01,0.008639048069403113,-0.019842622535943433,-0.004158034207255231,0.0029897548091346116,-0.0040828158364892096,-0.011584177253349884,-0.0025147683822926634
2023-02-02,-0.00489074552701933,0.020975838171080206,-0.012979763333595027,0.002310178019471726,-0.0014101461741677975,-0.0034420800152820674,-0.011706026991949258
2023-02-03,-0.005471673357394773,0.0015523278576051879,-0.02366107812346466,-0.007581713588383939,0.0031046344228320456,-0.005535538147668724,0.008284011098705602
2023-02-06,-0.0052209648665968575,-0.0017905814933153901,0.005475734291233828,-0.0008079957424271481,0.0024405649077029355,-0.011326333584472463,0.004310007614096235
2023-02-07,0.001685638369777739,-0.004195837728112009,-0.02322232950076671,0.003641989118936093,-0.011470475431857571,-0.00869049544925809,0.01001502541626917
2023-02-08,0.004701048127538167,0.0025570877087571146,0.02278487969213644,0.0015965391349315947,0.007173828493887662,0.006191584396833505,0.0012879397448629993
2023-02-09,0.0005863957154782456,0.010346143226161822,-2.2907255322767258e-05,0.00195728928312268,-0.011980052500438081,0.005379374394079673,0.011449034194663737
2023-02-10,-0.0038512216962631575,-0.003432632856593907,0.002991924605198361,-0.0035438487347105247,-0.0006568482348291926,-0.006131439281341793,0.0018015120455174235
2023-02-13,0.00879231685571399,-0.0026228171436112058,-0.00509379325301743,-0.0060312039406725,0.00253967839540611,-0.010294804371055124,-0.011772963545276988
2023-02-14,0.0033708187078386386,-0.05107976372296183,0.01752105390346592,-0.008572220671584065,0.0008667360694171808,-0.005262614157255871,0.003981453649927002
2023-02-15,-0.003529496036692084,0.03881251563759496,-0.019814132402432374,0.010823751070754329,-0.00459263019184048,0.0029299985172954353,-0.003814801918915467
2023-02-16,0.002723271846991657,-0.003100613360733698,0.004966414514346864,-0.008570458014639345,0.00581973734425824,-0.00041787900369972565,-0.005882569810002546
2023-02-17,-0.0018659687384410776,-0.01121291375374506,-0.05013587104564102,0.003624427163310447,0.0004363220976675227,0.0035318102701804377,-0.005085912046405697
2023-02-20,0.003679036433212952,-0.042227712582129706,0.013400562510030517,0.005839378358916455,-0.0031282821521196997,0.00818962582805325,-0.0010870913832218582
2023-02-21,-0.004620014353214607,0.011279763959979776,-0.013014932176335372,0.005196628374715587,-0.002988091947106995,-0.02740129283033524,0.002334434126293524
2023-02-22,0.004301516070183801,0.012457583658179925,-8.864586241848564e-05,-0.005435472112273197,-0.0050507034203307,0.0014002487547245708,0.003267291721132822
2023-02-23,-0.0016595586367209151,0.007419924024419321,-0.013504419868061328,0.0028154992066698283,0.002413037314038776,0.0030744502000415136,0.0031783783986271525
2023-02-24,-0.00100787263954947,0.031893563727132715,0.010508697514216724,-0.01090272570055897,-0.005348386425578314,0.0052276856131782444,0.0028818906645156957
2023-02-27,0.004416347879493201,0.013327036073402397,0.008708907163157422,0.007567939959698343,0.004083800407078065,-0.016312835579483903,0.002281508207302139
2023-02-28,0.0019969840463670745,0.01383787378150734,0.008646812517423523,0.002955128151953897,-0.004630695720674682,-0.00211130251180073,0.003971930542200484
2023-03-01,0.0015126375523832518,0.00010374752291914116,0.005958843352200254,-0.005100458898968165,-0.006659432278107422,-0.0023298118348122564,0.001568386835511978
2023-03-02,-0.002496639660684357,0.027704318518597174,0.0019222630782617727,-0.006949687831123354,-0.008521665317071795,0.026514367082894407,-0.0012671341954223064
2023-03-03,-0.0007320595647648457,-0.005938418191472121,-0.0016500531043225084,-0.004640839107633294,0.0004303503012463076,-0.013658879254782272,-0.009946167444548232
2023-03-06,-0.004959905862072853,0.018793704638930868,0.0022786711492752154,0.002742660103773747,0.0028196404971651975,0.0008815937757039878,0.002569986772186959
2023-03-07,-0.007907491590898005,0.007662308684723883,0.007140131363682377,0.0035769474430829037,0.010970609383006659,0.00012102069107182855,-0.006865686936471687
2023-03-08,0.001019831107780241,0.002398801319817045,0.015608024262522998,-0.006777647473830549,0.004462328044857189,0.039075672327122384,0.0059332424407765585
2023-03-09,-0.0015159245898920693,0.0018870905027058836,-0.008220995860549193,0.005794861589947599,-0.005245060191922095,0.004917689418176712,-1.022828428905467e-06
2023-03-10,-0.0025627917258024845,-0.00646993117565214,0.007559525709797878,0.0036869694071341623,-0.00345862621692731,-0.0028800792376273195,-0.011567259744677719
2023-03-13,0.00672859505695824,0.007460026322941271,-0.004960258068264097,-0.0010460304028168492,-0.001388184647686859,-0.002212363148500721,0.008722150279724412
2023-03-14,0.0018195178805459006,0.003348689206970459,0.010781893426936551,0.009250213946685067,-0.007512549383914495,0.0007628249124699008,0.007701815596178809
2023-03-15,0.008658918537903999,0.0121076612415996,0.023443741213969572,-0.004457357937210052,-0.015618113437667155,0.009041328959269526,0.004549103827840519
2023-03-16,-7.167531104909594e-05,0.00034483042531444254,-0.01845506247166458,-0.0007974643279844869,-0.009120330855504327,0.007442259009635275,0.012186791221180864
2023-03-17,-0.0024753204137395748,-0.006632217464537643,-0.012622050839799451,0.00985655839047881,0.004784414539727984,-0.0030026487394376427,-0.007281080772671979
2023-03-20,-0.00037903829967779424,0.0042130280442078906,0.013089355698395054,-0.0013105070257114298,0.0038431992480615065,-0.0037745830594628524,-0.008385829722158171
2023-03-21,0.010725792136100601,0.0029984538419992146,0.012983520784858892,-0.002355995913328317,0.003828992853905135,0.021290539500578874,0.0021472991270440347
2023-03-22,0.0064763759540137755,-0.005044568305389191,0.01724019335338582,-0.008580478020748654,-0.037988495785897906,0.0007793856165151386,0.0009280886257440629
2023-03-23,0.0017616255984700669,0.003370873693147562,-0.004271873618139788,-0.0209807847386507,0.0025463954349165233,0.010000098394661164,0.001821244229319002
2023-03-24,0.0035496326372675955,-0.021286986995661988,0.013681979207794863,-0.00183249541726851,-0.0007916578955001673,-0.01120380506859066,-0.007784637337775386
2023-03-27,-0.003628173726937723,-0.01720975640791894,-0.004753555749985583,-0.0013690146865510118,-0.00224686223200713,-0.0010191433780455377,-0.005463398687502397
2023-03-28,0.002738600957999788,0.006000812478824114,-0.012785854762859632,-0.00037182739616534367,0.0061867964781160455,0.003452354217454581,0.006316037887784473
2023-03-29,0.0051140652362651196,-0.009169216186735156,0.004643582388515932,0.0016034951446198147,0.005465944691198095,0.019433977644904014,0.0028182788038691874
2023-03-30,0.0027225171060428818,-0.02760325196533484,-0.005984093245893505,0.002506731851245742,0.0052461774132978355,0.013420431176565563,0.01695418608164201
2023-03-31,5.16524990610742e-05,0.011515296475984378,-0.004956079586181069,-0.014998285136050189,0.005074088637345886,-0.007200806641509371,-0.006135420010713824
2023-04-03,-0.002652951214858337,-0.01026889333260519,0.013683085295764638,0.0049469185665049235,0.0006839180031132336,0.008707532792355551,0.0025325621551263505
2023-04-04,-0.0004264876742555986,-0.0021086144968610805,-0.00485371551736598,0.008283584057597524,-0.008766068475237667,0.005330820549873131,0.006653662742426498
2023-04-05,-0.0018166563860751652,0.005216574285063724,0.0058609076868654415,-0.008758285305418174,-0.0030980563475482468,-0.009753132111955108,0.0003172691084776052
2023-04-06,-0.0033289760975785338,0.0007905841611259762,0.00277072809630656,0.007838600641116366,-0.0014065502707048627,0.009372913989125325,0.009138145251131163
2023-04-07,-0.003646028216693728,0.008758486394012575,0.003601314493998607,0.00785650349368161,-0.003182502211496173,0.0046232427419434395,0.003039374465429678
2023-04-10,0.0018150938591149958,-0.0055450849912360945,-0.005861830724837662,0.014956290377018072,-0.001051073712862721,0.0028541305671776745,-0.0012994081951686145
2023-04-11,0.00269872487511772,0.011453507311198853,0.007733503291697203,0.01618138858456679,-0.00039838407321921883,-0.002196385354356026,-0.002226766204960287
2023-04-12,0.002734890471835299,-0.00333968490567287,0.00565553160289317,0.0006371801510879017,0.008497310575068107,0.010871206247075169,0.01744953145787883
2023-04-13,-0.0007355975832545403,-0.0064024423128419185,0.007076023296255216,0.008010452812542873,-0.01079745569432238,-0.011823497529827543,-0.013692165751124629
2023-04-14,0.002326652677015491,-0.024217203184844212,-0.008589655487561815,-0.009381468917953812,-0.013807754362901811,0.0016757500228568062,-0.002762597139031199
2023-04-17,0.004752933477152252,0.023726417182761077,-0.005772233091136093,-0.0038972342722577427,0.005742382230864329,-0.006414852182315355,-0.015902778026058387
2023-04-18,0.008027574993647504,-0.014125017809991623,-0.023663262912135618,-0.002165022495877846,0.0071347034356073384,-0.00837638334605466,-0.0013676223249437537
2023-04-19,-0.006050752176529184,0.0011806103757140893,0.006583146798336157,-0.0058037278689299,-0.0029762259775897876,0.0034262147088660656,0.011187293379670536
2023-04-20,0.004627244106016328,0.0027146229367255113,0.005494086933641168,0.017671087419216646,-0.007991258088000372,0.00985918057847529,-0.0034085313289918067
2023-04-21,0.00499732092852067,-0.0022998785520434183,0.001174047599460308,0.008863105837226078,-0.003461647706849628,0.003936412639517645,-0.016386228903565305
2023-04-24,-0.011863999264033278,-0.009501843173953967,-0.01417186659209345,-0.008054178260350951,-0.0027518359501037914,-0.001981989922174242,-0.0035404857263711693
2023-04-25,-0.005231591324326631,0.002233674147019454,0.004349578738427368,-0.003484279531895609,0.025102706454349692,-0.0020408876353457416,0.003320080595781919
2023-04-26,-0.0018348305250199444,0.0034652488223514896,-0.005045661726915853,-0.005603927595792045,-0.002370565878780212,0.008711292075588625,-0.01713463824067146
2023-04-27,0.001110453840546212,-0.009650895011207042,-0.00813328724076805,-0.0126411405273669,-0.008098622752511307,0.004204193362038175,-0.010737225160506885
2023-04-28,0.003304350578177202,0.001658101843992804,0.0028838548295775654,0.011634224622530241,-0.017178264012751483,-0.0036841465551314813,0.011499040269603389
2023-05-01,-0.0006258262859962832,-0.004141658061891701,0.01228689198245641,-0.0011111579603718242,-0.0015806381611654066,0.005129210089614445,-0.004597971249649974
2023-05-02,0.004336299114080428,0.005976355871263578,-0.009585934406464566,0.004479535153254162,-0.012553516858671877,-0.008570861249565624,-0.013040476999764282
2023-05-03,-0.002174290159583583,1.0533280653242215e-05,-0.0036388220721548232,-0.005672519330100432,0.004105448732252328,-0.012861377951199215,0.011984501338592067
2023-05-04,-0.006857786569911522,-0.00425200426512448,0.001942915912196309,-0.008061739408744575,0.00024022007459201188,0.007626910829142704,0.001111942779676436
2023-05-05,0.004215902977860687,-0.0029147822806665307,-0.028745281595387775,-0.0020204587232700018,0.0017219855173529438,0.007855969105771047,0.004543628389736767
2023-05-08,0.000391044354349884,-0.00018845037423177691,-0.01066842100275687,-0.0010453139072570926,0.011900202494479695,0.003428022288191315,-0.00491234400184133
2023-05-09,0.0017857492489429434,0.006960641382645964,0.01738168716305563,-0.006900219956795813,-0.013391176725733863,-0.01836843658583571,-0.0027315498881020405
2023-05-10,0.0014848544255059927,0.011712458234235681,0.012899596270942922,0.005482853220424763,0.0030548602707085263,-0.010627037460343708,-0.0021236569399363616
2023-05-11,0.00024276399954453168,0.0025594812816125355,-0.0023145324690255465,0.0007879169346251508,0.0032056909293477413,0.005572490405943333,-0.0053455601616629435
2023-05-12,0.004831627113278881,0.0011559719223868611,-0.024142270226415793,0.007381261088599952,0.009376912381749302,0.013383067999336145,-0.0008114418935560241
2023-05-15,0.0015533056273619927,0.0027514025560222825,-0.03662251237613291,-0.009176449029671307,-0.0029239870697052054,-0.001727207167665082,0.0036625744658538143
2023-05-16,-0.001750274203371533,0.007510537831838531,0.030399456569744784,0.0031071326493227573,-0.013315122042953889,0.0030404284613876485,0.001804460664551627
2023-05-17,-0.004506139718150872,0.008563851611608395,0.017780103717746562,-0.010786789435118689,-0.0012463562139287073,-0.010000693069613856,-0.0009237346455801718
2023-05-18,0.000809104268934178,0.021934922272857205,-0.005677228547684251,0.017953190536364884,-0.017993801352511222,-0.011451085452614031,-0.01333332303079622
2023-05-19,-0.005632405493035884,-0.004310202506145467,0.010618974802763907,0.001651618376018815,-0.010070512070711954,-0.005639566808088923,-0.011089410355463514
2023-05-22,0.006698447992249685,-0.0027636748425256146,-0.006569161602855439,0.0035182564165374655,-0.003189364550487465,-0.009019883316850144,0.00694321027304059
2023-05-23,0.014495523282205179,0.009332411162056997,0.027062627286381997,0.000749069198270933,-0.0008153459680819945,0.009503517424772604,0.015593702717076458
2023-05-24,0.0010393658294411828,0.02020920777400549,0.013007134717314598,0.012679302470243044,-0.004141905580690065,-0.0038586426024948403,0.011835534148843783
2023-05-25,-0.0014689513878441258,0.020222942377325845,-0.017363231998483927,0.0047365713340596265,-0.0036043000365629544,-0.013808510661840797,-0.004907221453204448
2023-05-26,0.0005785350862942124,-0.0011954518904479586,-0.010036582931637634,-0.0036807210261847628,0.005993730952059849,-0.005620299641294476,-0.00717883412687831
2023-05-29,0.015653709919820964,0.00607543951657525,0.003231861952977862,0.014032036439338936,0.0020086427814921593,-0.0007116158571616406,-0.009805691603786762
2023-05-30,0.008131718056586279,-0.00495095207934521,-0.02117097449968426,-0.00976550580019884,-0.006529578660855747,-0.0015314112742235257,0.008013737894776506
2023-05-31,-0.0008893940049360538,-0.003499464645693986,0.0053018402485597695,0.0022989496383257623,0.01071572316726933,-0.011344292877733008,0.004315946610828068
2023-06-01,0.0005666343764252507,0.0036928602445892218,-0.019265089559716835,0.0013611605282496375,0.0062400032315350325,1.0181104007005693e-05,-0.0011132506245310936
2023-06-02,0.010388147610814006,-0.013207057938482002,0.012317622184248454,0.017911998105614724,0.00576053422392769,-0.015033042297005769,0.00443433438868713
2023-06-05,0.005434404789964425,-0.013626198731960032,-0.019385141249952883,0.010821135688225998,-0.009200282217972368,0.0005672974612035704,0.0018807804460489153
2023-06-06,0.006001628092713257,-0.00464597269961067,0.00950775824176297,-0.0033912502087795646,-0.004317711103851715,0.006462636801365371,0.005981296373440787
2023-06-07,-0.01058709342670382,-0.0038916243890004146,0.00620383069129367,0.007270680155869526,-0.0027998985271490626,0.010894596307861265,0.00568526928235783
2023-06-08,-0.00538897564054967,-0.01976691288469014,-0.004387812833497738,0.009134428393536146,-0.004163785383608068,-0.0009801125710824756,0.004081784208854643
2023-06-09,0.009384678179759316,0.01650758274025678,-0.00407685181711502,0.0033372990112594996,0.0013057451486789104,0.018257434530894057,-0.011386136930038784
2023-06-12,0.0016982227123126744,0.00012340906317397272,0.014985693258113235,-0.0035677859572782527,0.009787846841844902,0.012020577244767409,0.007015253378955965
2023-06-13,0.0011983511798864604,0.024479646441650644,-0.002641472161315912,-0.004909809116186161,-0.006715856112991888,0.010597684957088287,0.006720188032835111
2023-06-14,0.001703468721482167,0.00417383759648,-0.010001566561247534,-0.0006288234341152844,0.012143176152727224,-0.0009334759616477668,-0.002218867133204282
2023-06-15,0.003892800112275482,-0.013085869237659954,-0.0174765336458442,0.003910168481289569,-0.005284049391102449,-0.0060401393938801185,0.013839300358016482
2023-06-16,0.003769526283615924,0.007428744209171663,0.012736712359564542,-0.002186854625486935,-0.0012103248165295827,1.8976728989135454e-05,0.006084851339485477
2023-06-19,-0.0009756244232095498,-0.0014348233373855802,-0.03830612034394684,0.0011143743473649287,0.0006120577447735753,0.001424152036818813,-0.004594113365031921
2023-06-20,0.007657764115517565,0.008715869662936039,0.00761084323667481,0.0074029107574851765,0.003996653311386362,-0.00401550030305326,-0.004503471593739856
2023-06-21,-0.004009366560764777,0.01240023724883696,-0.009333427229139862,-0.013956749533615876,-0.06001228796329012,0.008466702109244892,-0.0004386432494225453
2023-06-22,-0.003668592999814779,-0.009483793072006735,-0.011411909460455118,-0.004294604787594105,0.014069080259982802,0.0002737048100237995,-0.010004755326126349
2023-06-23,0.0031977966093785686,-0.003960593684595873,0.005968991336114685,-0.005200491558185517,0.0037053256932412745,0.001818178400761839,0.0004235860345131233
2023-06-26,-0.007509455181628968,0.0023220798819281706,-0.013755852497191764,-0.0025132744868097104,0.01314357995775409,-0.0020400808868165305,0.02198158003187424
2023-06-27,0.0001393361524025299,0.0031678724095431324,0.012431821416215395,0.0025410741439425037,0.006521557614491622,-0.004409457824903149,0.001829822296178543
2023-06-28,-0.0010911681128521992,0.015682499654908533,0.013903555573663498,0.0025456083302211907,0.002383875097104226,-0.007047074524473869,0.01429805469171795
2023-06-29,0.0026985327127704785,0.0018797934982536625,-0.011674835822018797,0.023661647267680105,-0.004254443610641081,0.009753455339537453,0.007893882842797323
2023-06-30,0.0035555419016917835,0.008274638382862149,-0.0061265740327955875,0.013729752915557947,-0.00047055373608725215,0.0010286669277858689,0.0019992370659432665
2023-07-03,0.0019460404380521534,0.008124027313462137,-0.010388385804974531,-0.012272451248357201,-0.019973431291160297,0.003632760549526172,-0.019181955124976186
2023-07-04,0.004399354383585771,0.010040334823629355,0.016898599541677002,-0.010742604581738936,0.0037137436824270886,-0.00232427075277379,0.0008718101105636264
2023-07-05,-0.010952441622317947,-0.0071208864197310285,0.01648264982808021,3.320491843977447e-05,0.0074035195485233395,0.004822321424578327,0.0017171733102925577
2023-07-06,0.0031488240068853566,-0.0017240002457219817,-0.00445854959952547,-0.004510669397479446,-0.02370130318956859,-0.002841574666873213,-0.0037481808631670437
2023-07-07,0.0016628297451264885,-0.0032361903657678634,-0.011005237083182387,-0.030313156982243808,0.009196491528219157,-0.010769104100000485,-0.0017509116610235059
2023-07-10,-0.0011057153863002413,-0.0032558739102830432,0.0036398232334226015,0.003210709205706855,0.0025956219009426037,-0.0002677245134404732,0.003929512456729842
2023-07-11,0.004934231121306553,0.0016646128201962844,0.006536744349887086,0.013398343304701642,0.003911876641919504,-0.0034048546560620204,0.003864242350374457
2023-07-12,-0.001924961194172915,0.008138850258864948,-0.012775530121328585,0.04438083659383537,-0.00047974122203433894,-0.0026369372661374066,-0.010380995240388264
2023-07-13,0.006801689339971112,-0.003115991479701132,9.64126104142811e-05,0.02291590910689588,0.002871641528234916,0.006165172544525482,0.0027061204661674595
2023-07-14,-0.005725174724590392,0.001425426259735315,-0.0005423539169564168,-0.003991636461366399,0.006365811198453059,0.008333239304457576,-0.018550827159020566
2023-07-17,0.0008996572662001652,9.853622442786866e-05,-0.006853984012924063,-0.0066127129330206666,-0.00844346249041727,0.004975893689657385,0.008993573423642988
2023-07-18,0.011020842290361247,-0.003806944881918449,-0.0046858977880014155,0.028608099358536653,0.0032017693430423017,-0.004448246870863385,0.00416852448602251
2023-07-19,-0.004432722604493031,0.0035953666322444612,-0.0017697753642622013,-0.0069700118680513816,-0.002520548634961901,0.007848383072342821,0.0011761263812495358
2023-07-20,-0.0021713844910635784,-0.005205756633626128,0.0147732752580838,0.005034837642750183,-0.008062202453791292,0.008238458354901109,0.008733058476737507
2023-07-21,-0.008020672613050698,0.004707523551220764,-5.445837772989219e-05,-0.028850520740390552,-0.0024934757508124177,-0.0021186368704481087,-0.010276999831128382
2023-07-24,0.002795104587866259,-0.007409465743804371,0.0016382013614420151,-0.005587423704120032,0.0156771306046181,-0.0036874383528235745,-0.01251378162026826
2023-07-25,0.0022548970067671364,-0.0010464535372554454,-0.011443462708029964,-0.022969370934494464,0.0006486565281189282,-0.000785114049760528,-0.008985340497462304
2023-07-26,-0.0003441013538747908,0.006381830604116379,-0.008845951761604659,0.002077429282928059,-0.003493332164865084,-0.011016924472966243,-0.011598633517924596
2023-07-27,-0.0022665029766937806,-0.02903231745204328,-0.004694206809301386,0.024836023758346894,0.000980786898689528,-0.004742638815758832,-0.0022567769629286767
2023-07-28,-0.003912257698804201,-0.004516777978216763,0.016403258503737448,0.021072714073649336,0.0011822365688116227,-0.0039039434415162172,0.011602291878663365
2023-07-31,0.003315579092331113,0.006751243132054527,-0.0029931926133484324,-0.019767012052165356,0.007121009446681283,0.004566132342701776,-0.0020877093144884276
2023-08-01,-0.0056815490980079535,-0.0036436527123297094,-0.010767317734343657,0.01218171287026951,0.002808137467838692,0.00038020637378001504,0.006809662267176683
2023-08-02,-0.007682148098159549,0.006078372258963564,0.0031110697703260557,-0.017863107853691496,-0.0009052476989390818,0.008153321321262223,0.007490513091408071
2023-08-03,-0.0006796394524855594,-0.00675102760932149,0.0008336671505805522,-0.013603769579936545,0.0011461878117983739,0.0019525928387968162,-0.006259718392304682
2023-08-04,-0.012172838038651422,0.00589379616797202,-0.00606574109090634,-0.008364607838430517,0.0104737698619798,0.0033873928327762684,-0.01501015258754007
2023-08-07,-0.006000038841146476,0.006902573971522907,0.01041701937332197,-0.0016130126650015016,0.002505341457790238,0.005762748649492392,0.01282765564047136
2023-08-08,0.005328888329657373,0.00490587686799497,0.0005317450770016016,-0.012114928212180371,0.005757319324950407,-0.005740290275985885,0.008531982950259386
2023-08-09,0.0009551803421770346,0.01339927405228102,-0.006519508572805308,0.015952424929648407,-0.00495900696503963,-0.0019627825804462576,0.007258776449004068
2023-08-10,0.0006536654527372185,-0.00034800314823961985,0.004057159741050172,-0.005870202798312153,-0.0012646072761715178,-0.004521186407549479,0.003650831283705343
2023-08-11,0.003571398137118734,0.005520435438674257,-0.01058181312277116,0.00641533489428869,-0.007815155393779505,-0.0017477629706004662,0.006162390834469364
2023-08-14,0.0007107317306439305,-0.01025450640903451,0.004922341799475515,-0.009695815760617033,0.003945080236219394,-0.000591791758471942,0.006454223091387084
2023-08-15,-0.008564177064403789,-0.003523760939143125,0.003653447787424723,0.00023324541538910352,-0.0024700743074621678,0.0037002455342392757,-0.008416405514549604
2023-08-16,0.0005537893376752494,0.0025366316791570194,0.008562693150025962,-0.02677860064527153,0.009186074499896493,0.0016372304544135117,0.0006758943008470529
2023-08-17,0.0032905623248326277,0.011716456502310579,-0.004660412306566196,-0.0014554836181615515,-0.0045373889695908215,-0.0036905966811575466,-0.008422624776701993
2023-08-18,0.0045740144733495,-0.002613398255787716,-0.004609459754049319,0.008626552362914267,-0.002527717737253266,0.005137544702902629,-0.003914315023763554
2023-08-21,0.00010984615517898777,0.005402774322062547,0.000358199941623485,-0.008455737902797219,-0.003844614588046214,0.00408719548147195,-0.00574992676234661
2023-08-22,-0.0069820783615935165,-0.00023986240918730074,0.00018431781478346778,0.0006495959281549219,0.004745768777881997,-0.0014607770106244663,-0.014627590200896096
2023-08-23,-0.003299313475890725,-0.00942576499447074,0.0033693981805785313,0.017221947785071152,0.013855536068288784,0.008553528290658257,0.004428114703008634
2023-08-24,0.0005870218449360387,0.0023863118416631653,0.0031017061700015997,-0.00027341255809616624,-0.014359954724157239,-0.00225095234760253,-0.00793847192255989
2023-08-25,-0.001682532575035342,0.0012445342486878633,0.0033603300527094027,0.0030168089640323506,0.0027314128766765815,-0.0037381531945027448,0.0017246384918560248
2023-08-28,0.01065766006211258,-0.0006494847062574905,-0.006105717242146524,0.007742898360622744,0.0019499568276755894,0.0004347499788910439,0.0052261962395521245
2023-08-29,0.005620218757900398,0.015006859909956172,-0.007469313868249047,0.003917378163060402,0.01230569832754646,0.008311492474840245,0.011500002784536893
2023-08-30,0.0007411976736316884,0.0032925307799863243,0.011574960686212764,0.023413778512386654,0.008398662600301402,0.004189091283809266,0.007499981100920555
2023-08-31,-0.004283472771771138,-0.008232880912959976,-0.0020912116766220474,0.021755733796713736,0.013440390319013708,-0.00027481855392246836,0.002268368021251686
2023-09-01,0.0030303965439735635,-0.0018613721088538019,0.005651421156965565,-0.017835365982993102,0.014195054970106652,0.004628143390448328,0.0036152158642605947
2023-09-04,0.005924771907093956,-0.0024575444417864307,-0.003570073448533307,-0.026777317654549795,-0.004783809842837925,-0.006271619683386366,-0.00464510061561017
2023-09-05,-0.0015132407228399503,-0.010620600480578425,-0.002532207122513397,-0.000311692426342802,-0.011988424098527531,0.005075363124407693,-0.004422109339644752
2023-09-06,-0.0005141710536547752,0.015301135484426309,-0.0013507864473911002,0.00271524813299157,-0.0005494748677108278,-0.012482739494387845,0.0002700046116865895
2023-09-07,0.008400558367604451,-0.009457518587958697,-0.0025728913420471145,0.021375339197641393,-0.005151789430525124,0.001504869424804699,-0.0063807337393361
2023-09-08,-0.004234707654779545,0.0027025419072241375,-0.01735735922251929,-0.02208063845445628,-0.001866760740187052,0.0028045568512080647,0.011490365290177938
2023-09-11,-0.002231340255513645,-0.005854333126274213,0.003471682164768845,-0.012505836933411459,0.009155401667980444,-0.005535349884206954,-0.024843628000881263
2023-09-12,-0.0009675993441433684,0.0038847026736376585,-0.00526587851280967,-0.025197609527768956,0.002928450567138153,0.007003578120801904,0.004651422348262193
2023-09-13,-0.0015964697714014751,0.011154350849054136,-0.0019007047763937425,0.03493826756113181,-0.004209008147102082,-0.016221683098214066,0.009604618899901315
2023-09-14,0.0014430579898147256,0.0025085710170209773,-0.013193877872780924,0.005524050503705489,0.0009788460712717446,-0.010388853188871396,-0.015799524173098062
2023-09-15,-0.0022795728125464022,0.003427890074785715,-0.011532852434960222,0.001539729623989919,-0.0045942158511165735,-0.011999310686915765,-0.0007088834723294716
2023-09-18,-0.00786891486162397,0.006651854117054963,0.006179493415711746,-0.010956697460128893,-0.00032645126888026463,0.0019538616722433967,-0.015162480207516532
2023-09-19,0.0015985267849121041,-0.005586280186783178,0.001824959128261339,0.0033396679748776094,0.006712203282861926,0.0008559513087167447,-0.026912944040300493
2023-09-20,0.0018355611021423639,-0.00023496117376536356,-0.021390005632995635,-0.026004733637604385,-0.01814355650761176,-0.02233066933964788,-0.03512986543570849
2023-09-21,0.004672737478739585,0.002010324022286706,0.009063086903839153,0.001965423590391406,-0.021775329964395247,0.004251427451531052,0.038427034396576853
2023-09-22,-0.006133596117981707,0.005068244015403051,0.00790933620278976,-0.0015114214886677915,0.018765015024810015,0.009284930849265306,0.014674020134899466
2023-09-25,-0.0009521150140755072,-0.00030327489888551737,0.005261832562675297,0.016460028401133312,0.03035604428225101,0.004791175639878599,0.002542920955990595
2023-09-26,-0.0028466572999069116,-0.006923565195090313,-0.0020880147307967807,0.011529542259113491,-0.011832505823195897,0.0008637015860497459,0.0034587385415764896
2023-09-27,0.003978183729633434,0.001827000392957263,0.0033756397965487984,0.011473254244264368,-0.0038436879915319864,0.01096632386473927,0.006520018236446192
2023-09-28,-0.0027489425832261005,0.0006596068464822491,-0.006633876421486844,0.021872760526217394,-0.010624006992194289,0.0033452836089260867,0.0071895620138555305
2023-09-29,0.002452840224398333,0.00026951677345450425,-0.001068744431955635,0.002052157099095465,-0.0022132909247822474,0.006289492685569296,0.0008397751427101221
2023-10-02,0.008681898806523572,-0.0009381046351303768,0.0063721810759193205,-0.0012619948668443968,0.00459333527606368,0.007563865232623704,-0.0072084825623779875
2023-10-03,0.004185030029829864,0.0009894335084838445,0.0015393551565220584,-0.011507316899321048,-0.006926612863243673,-0.007558287771109524,0.017700316951270192
2023-10-04,-0.003454123964504984,-0.0046304354464669776,0.011532799236388684,-0.01150240238397957,-0.007323987060463045,-0.01979010529239481,0.004288506771637799
2023-10-05,0.00267101711238279,0.006383608118056847,0.007051728282426425,0.014446598663293486,0.0032966731189905305,0.0068746277023211755,0.014813951105415916
2023-10-06,0.0016596624870199841,0.004800168535607159,-0.01155216426232828,-0.02551861696833318,0.005261519483584914,-0.006614710020935406,0.0192916453658505
2023-10-09,0.0037247910189863215,-0.00024379045639735,0.010819450646408215,-0.01121085755622429,-0.01931608479422671,0.00479244479184782,0.005186401736991324
2023-10-10,0.002061609801331563,-0.0093513562022505,-0.0015076647596380438,0.007105822500961665,0.0029726263847173477,0.0066797704668575915,0.00718374334047413
2023-10-11,0.000428670918454469,-0.003678046174580408,-0.0002010025411474872,0.005314170325839123,0.0072101601597340335,0.0076480945988412685,-0.001988367973610509
2023-10-12,-0.0017100117040076913,-0.0016061153460800418,0.0011280092815285747,0.01837245759013411,0.005391718359781842,0.0030924539848599516,-0.03521379115337808
2023-10-13,-0.0029908165485759857,-0.013922084328355809,0.014583959629348907,-0.020690222078536085,0.011068845466352744,-0.014183408411829681,0.0011964384235359227
2023-10-16,0.004184160161378825,0.002090615668009699,-0.010851426985423197,-0.02867800168361532,0.0012620642966406314,0.006627101447340331,-0.0376730151314614
2023-10-17,-0.0013483271162257784,-0.009978438783571514,0.0034490868606162095,-0.015531200904230269,-0.005679721081578235,-0.005921406717893823,0.02608645922638707
2023-10-18,0.00498072769247943,-0.007523325390546336,0.005334176452653949,0.022597124758918098,0.012954085679076792,-0.0013088092745361618,0.01774248216640739
2023-10-19,0.001730788718567057,0.0064033807296945845,-0.0033133780845000975,0.009675555499757028,-0.019778086018066937,-0.0013452925986313998,0.01586115138108364
2023-10-20,0.012451596058481194,-0.011770940113436195,-0.0006795666141883825,-0.005634878175126939,-0.0014580027136795125,0.011251109128998935,-0.0016520532221031118
2023-10-23,0.0028794630523813684,0.007074395041384566,0.008534838996707313,-0.0037465956382626868,-0.006370679321718402,0.009902939749434002,-0.019209836468967022
2023-10-24,-0.002604044790059499,0.0004401751754318491,-0.0024555013568589757,-0.013153327619025212,0.008896561042552856,-0.0028118592178661378,-0.007987826340190974
2023-10-25,0.0005596000639060642,-0.010163288449488696,-0.0020874930021831657,0.008547623485793715,-0.0177098118062035,-0.027864950244773617,0.0077087195615739386
2023-10-26,0.010377101821163158,-0.0057921738035151705,-0.0015863959525152273,-0.011997203736446348,-0.025914158441508173,0.005555625215483117,-0.03251983371451048
2023-10-27,-0.0021932063290374037,0.01078056859187787,0.008615829371504218,-0.006695466062960471,0.0006424973201929949,-0.009331607078447622,-0.01302194549507363
2023-10-30,0.011265172315842448,0.019690168415938906,0.0002998846226845809,0.004702908707485358,0.001348472876538128,0.0029729220993043536,0.010508264239891183
2023-10-31,0.008118178096425177,-0.0008167824307570323,-0.007250525730919278,0.006726958819864754,-0.00022528435041645675,0.009965433148415142,0.0054479184546351676
2023-11-01,0.007933771540075853,0.004547432266924919,-0.013817517019638573,-0.028757539265337816,-0.001157342807493447,0.0019449658419592813,0.0025106336860316165
2023-11-02,-0.0038977199950983705,0.0048335569720546565,0.003350242958508203,0.010070953155954836,-0.015992335834877084,0.0014382365109996958,-0.005928034391438092
2023-11-03,0.0033300555969289483,-0.006240780726529582,0.001004978711964799,-0.0075490088903009045,0.008074951844642754,-0.006073045824625696,-0.02472295602775969
2023-11-06,0.0052173812690632735,-0.0011855118834374746,-0.008013254024374035,-0.012861602434743024,0.009182266994502065,0.005478933211180454,0.020711370266028838
2023-11-07,0.0033502720659477924,0.0028276057784566164,-0.00809935530396673,0.0032733548834268113,0.0013272828147323746,-0.014156236602533064,0.00856192441866277
2023-11-08,-0.0010592593587206976,0.012907086398850909,-0.012591204921778178,-0.015793933480129904,-0.015399398725436159,-0.018232920280070907,0.01092787985867089
2023-11-09,-0.0009878556840839823,0.014469646479325292,0.0017294432947415166,0.006518064860831226,-0.006096050038443046,0.024397055926076508,-0.0030412101447119234
2023-11-10,0.0027665347336131058,-0.007742481074519164,0.002959752882678118,0.008855288482008597,-0.002354796041842622,-0.015717298775800928,0.007904868080274918
2023-11-13,-0.00820794678360468,-0.0047629769137486145,0.0018864969460535693,0.003080034030303534,-0.03219557996439093,0.006548434777472297,0.0016296319819168934
2023-11-14,0.004954644375609483,0.0016820951326773968,-0.006400897364431798,-0.00403924986705917,-0.007519248985711426,0.0034360259491234436,-0.017726606919319918
2023-11-15,-0.0014096484812712083,-0.0023170186410297736,0.011639203607038053,-0.007821204604767564,0.005947035532320194,-0.006255431551584205,-0.014387539546694535
2023-11-16,0.007442547070517895,0.007349252183891116,-0.015365995276419152,-0.010356735649620176,0.0017017113566142677,-0.0006132790998813484,0.0036327534611224435
2023-11-17,0.00778804789153148,-0.004684358161044953,2.8750295484241077e-05,0.015996161967425763,0.006003242854792881,0.0016686425512180629,-0.0152301840321609
2023-11-20,-0.002066952791336647,0.00568110659850887,0.0008853938208388426,0.0034638907463609807,0.0010872091327529224,0.019048040283642917,0.005816021188553548
2023-11-21,-0.0033864787520602,-0.016671315667735158,-0.005108137559614226,0.0005459907846674583,-0.009947948359450856,-6.475002139448495e-05,0.009543930943133994
2023-11-22,-0.0010483172745673745,-0.0006164483019182,-0.0013846227053932385,-0.014704125588190578,0.0024959320304311352,-0.00360716385067583,-0.006240552797710797
2023-11-23,0.0013382429131780645,0.0023884861021316564,0.011532000158659069,0.0026585232509220885,0.009752006977499178,0.0038235578050855703,-0.019479581186870678
2023-11-24,-0.002335878483809691,-0.00476901327676776,-0.0075174541424222925,-0.007357857661800202,0.01546042460910172,0.005289097417875017,0.0009798403167326278
2023-11-27,-0.01587702524848569,0.004610064344723014,-0.001697822370808769,-0.010553215178982746,-0.010035605673564013,-0.0042982840869632746,-0.01790628066614975
2023-11-28,-0.00442190105627467,-0.0037793949060668116,-0.010362702519665302,0.016652301227430163,-0.013364493140619016,-0.00023758783497293407,-0.004209430948953437
2023-11-29,0.004613957574838122,0.003380138578895125,0.0024581572356874425,0.01828190210729299,-0.014316073449529974,0.0010968807835494917,-0.005931298269541707
2023-11-30,0.006457410782571696,0.008212330570326163,0.0021560430033392506,-0.01746197961859694,-0.00974257575022455,-0.006850761520079816,-0.016909160777861268
2023-12-01,-0.0006409566038182072,-0.0022261029614814437,0.0009537084669153756,-0.007718235965753238,0.038679877701916464,-0.005632317935512067,-0.00023821567873485902
2023-12-04,0.0008606749658115887,0.004561136960432186,-0.01688356079863065,0.027271218144624878,0.015550357420375338,-0.0024572672123203978,-0.01001509907287002
2023-12-05,-0.0013705895694844617,0.00400723457256909,-0.02009868642080058,0.01053336644838603,-0.009193197327287699,0.005322867746974387,0.0730527576832438
2023-12-06,-0.0034515129787226814,-0.00306898288484092,-0.0023931546007936707,0.005607638152469876,0.0019133604127193288,-0.0006480247413921527,0.035672901653416016
2023-12-07,0.0015931414278416774,-0.0012133508147478332,-0.0009152660547150752,0.01406488324630315,0.01790517636305567,0.005409914477604309,0.0014196705660233235
2023-12-08,0.005862707850600688,-0.0028360722044605048,-0.003189420222103254,0.0036247944924482213,-0.008651800230295773,0.0004968701259835284,0.01185140408664331
2023-12-11,0.006706334478000122,-0.0019057469434188518,9.905822497331564e-05,0.0125919426745832,0.0011352774697738347,0.0012525106754825116,0.020504365573812085
2023-12-12,0.0021023757292770043,0.003379696020648827,-0.0023311559229647204,0.005478545629949402,0.04352251025243969,0.0016100387951610905,-0.0019496787630802514
2023-12-13,0.0023529828240577122,0.0012090273114725531,-0.002699946684565612,-0.0028234634968890573,0.004431886501389885,0.00642225847072638,0.004011455035256891
2023-12-14,-0.007431366277184188,-0.00037905606241398903,-0.004200358868978898,-0.00467276668932199,0.016025537617808047,0.0006627257148570954,-0.007966727710999594
2023-12-15,0.007203273096642848,0.013709138347622643,0.005242095855613965,0.0030131098244322793,-0.005478070749481873,0.008591542509727063,0.0031176219158634403
2023-12-18,-0.0025983036579715103,0.003474090349338356,-0.005547800136978786,-0.007509489233646232,-0.012234392050734386,-0.0020983987439544454,0.025577198034889854
2023-12-19,0.0048728129083677385,0.005950591763912015,0.01371730259234954,-0.009828901522202439,0.011584970463156154,0.009203207146509006,0.025635681430668706
2023-12-20,-0.0009199674905184698,-0.0046192761475117895,0.0031462933521163843,-0.0011823868720686197,-0.011467647357277646,0.004219086442494149,-0.006211258268621179
2023-12-21,0.009199427463619948,0.000252220732213571,0.0042885579366718106,-0.0026993910708662094,0.009776108709433923,-0.001678861240311136,0.019815007665541527
2023-12-22,0.008557968157059125,-0.006766141167409124,-0.005201765215204927,-0.008413555610796448,-0.004241634111113378,0.003382048104358186,0.02689277142767384
2023-12-25,0.0012432755519186439,-0.005987244821318926,-0.011604105313614865,-0.009269982581874303,0.02857815135183468,-0.0046193262800057,0.022868489362791917
2023-12-26,-0.001017109921462075,0.004527193982988351,-0.015290064924227251,-0.011893073897642341,-0.01304193162029409,-0.001515304328684442,-0.0012557946258082223
2023-12-27,0.007272621698794052,-0.0034488506202840913,0.011586282417326328,0.012178329858270994,0.0017440566722264116,-0.004415976163009793,0.018285194164780822
2023-12-28,-0.002897018846876821,-0.004231527768772505,-0.008095511790627228,0.0052332736133536345,-0.0015025843068990933,-0.00479937174993592,0.01795266433181913
2023-12-29,0.0030181045672942786,0.010674495355955294,0.002848669866342008,-0.0006406719176812744,0.011706388092579637,-0.0008637015004627649,0.011952162697166788
2024-01-01,0.004861900663073003,0.0028128496441999717,-0.002918259534463357,-0.00011864773721366764,-0.004568272398777289,0.00952563932187077,0.00611311825649437
2024-01-02,0.004475212366355843,-0.003292198669916157,-0.014350243621692932,-0.008181511794159635,0.0017740823656008308,-0.004129259109361381,-0.0033940870289698674
2024-01-03,0.005801608095904314,-0.0006111205282327679,0.019234593907142036,-0.012532802166400996,0.00824896022177505,0.0028269156226726367,-0.002683909680960937
2024-01-04,-0.0002950614536327697,-0.00834194812490184,0.002499111533515904,-0.0038073669328070555,-0.002878199953685562,-0.003062979346192592,0.008080639253005653
2024-01-05,0.004200896053924356,-0.0032047670563840744,-0.004946443654646723,-0.0065490717860789026,-0.002605077019669696,-0.005196364924492195,0.013291194078910735
2024-01-08,-0.0021686910804713327,-0.0064428066021218,-0.011124470070203762,0.01037861940309967,-0.0016190210979747115,-0.016674998675985455,0.005454349952048915
2024-01-09,-0.004331383540388371,-0.0065119633863276755,0.012180712255395102,-0.003930339115536983,0.01519722801103022,-0.0024384285759354238,-0.014861976747910698
2024-01-10,0.008671852161332271,0.0003378822768977398,0.02113865430402667,0.0060756656039676026,0.0006618127943056358,-0.017325729316224663,0.0028683684336261502
2024-01-11,0.007670089500198387,-0.001271351504642236,0.011675704152640196,0.003985309884216215,-0.00925121684797232,0.0013104705544577982,-0.0024492097053272727
2024-01-12,-0.005712966343992344,0.0007005728148578597,-0.0015978768286567524,0.004025245251168184,0.006629793956019349,-0.012814651284506038,-0.03534965947310381
2024-01-15,-0.005958177995911893,0.0023430676328298652,0.01623451225754907,-0.008240786443319102,-0.014102767421332913,-0.005174887481343751,0.010375713955193456
2024-01-16,-0.011307006459270031,-0.006401734613541041,-0.014309947917559063,0.0024538859040097467,0.003689860956511087,0.0016167858329091773,0.015717491028605805
2024-01-17,0.0004914964191966132,-0.001639119043839571,-0.008074490951588001,0.010785923741633743,-0.0063672192090811425,-0.00027779040103940035,0.008782077905153507
2024-01-18,0.005472870042175273,0.008532741937077669,0.004076513932049303,0.002931865919014053,-0.013063954437824545,0.0006624446513736123,-0.008410146060592474
2024-01-19,0.010730379701493958,0.0011060810696673982,-0.009772598489771458,0.011689988512452848,-0.014352011782670584,-0.013423175339205813,-0.01225127555056464
2024-01-22,-0.010378073815462234,0.0002491855085162927,0.0029804202588664163,-0.001203537784099388,-0.005803135596873408,-0.0025150022449844426,0.010890025964529933
2024-01-23,0.006598731118009941,-0.004337143121162553,0.0006519516613807503,0.006170587760600216,-0.0019865147250337145,-0.0016750875872411602,-0.017563755564040637
2024-01-24,0.007154992052882293,-0.007070897465337268,0.006657935429862233,0.0027336027145290305,0.010145640045048466,0.0019614603012971517,-0.005782541049728538
2024-01-25,-0.0012787647878625883,0.0037711277135388417,-0.005346692658152451,-0.008675356975004388,0.005339342505998892,-0.0016883474808331814,0.00035453381275820663
2024-01-26,0.010226486845075565,0.003120707240715563,0.004587399927318154,0.003518857326659232,-0.002964799720203403,0.005642925916777867,0.0179637292694465
2024-01-29,0.000508550573039704,-0.00518419927707914,0.0010105884598749166,0.003371618435104437,-0.004949506550818026,-0.003435255181933856,-0.005207040600808492
2024-01-30,-0.005707422433084194,0.004238118199816244,0.00667489778542766,-0.0005255238859643807,0.01841295711587515,0.011133000310005406,-0.03382886661281415
2024-01-31,0.005112850064854299,-0.004533145803828867,0.0028960890793742087,-0.006752225202737869,0.01598989648408973,-0.012471859622728235,0.0021368620425965294
2024-02-01,-0.006083225035760802,0.0049992196245965395,0.013964881614148897,-0.0033576601703640845,0.0001310016664709943,0.012941161289709185,0.00085404942447194
2024-02-02,0.0005547024855836938,-0.0008623716134980177,-0.0006919319139342428,-0.0019667870565207453,-0.00188817712034607,-0.014089746164968242,-0.005393246857680856
2024-02-05,-0.00421490792489276,-0.004420613146214274,-0.0052833366212432275,0.0003949739706197107,0.0038153905720674525,0.010792280838314008,0.015496258397093008
2024-02-06,0.0029968816372621817,0.0018953211864650463,0.006854147246706994,0.00457404405344615,-0.0036515050357514268,0.0044184566951059765,0.0024784069161308455
2024-02-07,-0.004696869829976941,-0.0017126453324678027,-0.002162963664974603,-0.012912583422187861,0.0014676567978319944,-0.0032313391198143405,-1.7211997617352824e-05
2024-02-08,-0.0012576828863268665,0.0010861265652053749,-0.0034200649217412155,0.0016858469723973776,0.0012382275514059792,-0.001868809605981448,0.019959060704167097
2024-02-09,-0.0005371080875491813,0.015249717593066536,-0.011550309775774916,-0.0007430532162420644,0.001991017708076108,0.007324346901397093,0.010891554867995213
2024-02-12,-7.91885675841278e-05,0.01811165370049301,-0.007699349208282427,0.003417874641918668,-0.00011822790877681411,-0.0045583616340208084,-0.001375413971915011
2024-02-13,0.0032212167313508413,0.008429768957100247,-0.018573798275863956,-0.002831568295946776,-0.0035817815394905183,-0.016214297557687638,0.00925942441273899
2024-02-14,0.006676090035266175,-0.004006612050494192,-0.007096633668454732,-0.0038067381134751837,0.005202492304703546,-0.004180857144868665,0.005662875001021106
2024-02-15,-0.0028223407689615693,-0.00020036001367527387,-0.0017388278045471905,0.0005621613348604305,0.005589504923589566,-0.020998671176220014,-0.009926697435560067
2024-02-16,-0.003294471562454334,0.004221199457826387,-0.003930668702213106,0.005929304923492896,-0.0029406529813922073,0.005159391961693272,0.01167264409455196
2024-02-19,-0.0015768858506621452,-0.0007554809560925992,0.01568399143254628,-0.006478116978752458,0.004994928729359123,-0.004040027723939347,-0.0015332030992789157
2024-02-20,-0.012806939326835264,0.00838892768820201,-0.011224711910642752,0.0026506422582972225,-0.00047853079773667675,-0.002632969485446794,0.005761000302661392
2024-02-21,0.006793732990224048,0.005633076605310979,0.009346817907416665,0.004793866807864092,-0.014409916251242437,-0.004165654425065672,-0.006700627633673367
2024-02-22,0.007668902539899304,-0.032308268693189916,-0.003725828186683029,-0.0029373825685175695,0.014640282286510693,0.0004627283437913067,-0.007206914533600054
2024-02-23,-0.0008986864071385051,-0.007127827495331466,-0.013325481026867203,-0.006027020978513469,0.008782175407890133,0.001794480673034222,0.005451754196463391
2024-02-26,0.0013050647264644952,0.001963654986566209,0.004325984726917302,0.0013524036211254899,-0.00875672183107141,-0.01736348440754843,0.00011889680061021444
2024-02-27,0.0014579396940614193,0.000696094178486879,0.01556616156291717,0.004372005976451401,0.006455882329556963,-0.014208251587533903,0.000992323271960328
2024-02-28,0.00047837788631348944,0.017379488168636145,0.008588625451983963,0.00034411209686004645,0.0012466449760939237,-0.006709892540997278,0.005760020532644531
2024-02-29,0.009774382983594438,0.009558365420788986,0.002913700593091427,-0.0051149089070065285,-0.00015533692958063459,0.0005914626190506466,-0.0014489048963995253
2024-03-01,-0.0011564087940919327,-0.007258304255888213,0.0029736900572944354,0.0019878388244186636,0.01828107607108894,0.00012969897213012648,-0.005416667602739571
2024-03-04,-0.0033364645619373486,0.019213111100846423,0.01146064361192782,0.008562805125212156,0.019437580420565835,0.009410341333675841,0.006564845071578089
2024-03-05,0.0048006716557854,0.004958669912312598,0.023498939994526156,-0.0026010025482588756,-0.001991325379306037,-0.010271235869722338,-0.0072727304671901406
2024-03-06,0.0024957882302176658,0.024461607488325918,-0.0017852717059631041,0.00021830979053126236,0.003105352071911768,-0.010042937729873682,-0.001484234355512389
2024-03-07,0.00475492914604995,-0.005147333168145497,-0.01362357125202782,-0.0003188347658973396,0.0028562345916050675,-0.0017793853542231093,-0.007812315298646286
2024-03-08,0.0049955171379786195,0.002186537061074658,-0.003534046929111808,0.007649451688211807,-0.0004248202479741404,-0.011901569842142372,0.00668951876652288
2024-03-11,0.0047536794584717304,-0.004790474853956827,0.006096496056870543,-0.0007250852059081577,0.005931315267654165,-0.0013622471580081437,0.004061421986443979
2024-03-12,0.004787295257105351,-0.011401405230110117,-0.010736019509870243,-0.004617078603264941,-0.010228628686196856,-0.013100980674892924,0.0045876027536770276
2024-03-13,0.0026433163328356195,0.01195254229870895,-0.006673968321995092,0.0003122793381118456,-0.00677264767396486,-0.008165067777525016,-0.0024101513729943213
2024-03-14,0.00037058134413282833,0.013493405593636466,-0.027327004282778285,-0.01174396439899102,-0.002716269050286503,0.004862348920772375,0.010440930531609082
2024-03-15,0.000858404912063862,-0.0021885552140713934,0.015906751225706145,-0.0043183220142584714,0.004178494459451613,5.822438269923764e-05,0.005494734608530917
2024-03-18,-0.0025617569113833465,0.010230692835486633,0.014326995077899635,-0.0011384368876443398,-0.0009266762249992226,0.005452183629805496,-0.0051663135406734735
2024-03-19,-0.0008503285353142867,-0.003208188302330886,0.006778851855661672,0.00022883472587514365,0.004307223122121424,0.010930274510844344,0.0010667410624494457
2024-03-20,-0.0009305090879731371,-0.0138886905399094,0.019038707311714188,0.0016209649493373018,0.003949927627997054,-0.009729133739949073,-0.01205712531507526
2024-03-21,-0.010405980091673001,0.03341208975099805,0.009374427818638629,-0.00046521268183856906,0.006742653568231621,-0.03502454987217528,0.013173808430330862
2024-03-22,-0.0018409440030557533,0.00743944811946832,0.0023480351834521593,0.0026664102272019505,0.010612895881951911,-0.016815802634817512,0.0011423253974757483
2024-03-25,0.0014342325296708303,-0.01857587612777043,-4.810145850519662e-05,0.003813852158835113,-0.016802506456193748,0.0023102711178807126,-0.005939194427339713
2024-03-26,-0.0036936644249242934,-0.007538356945349162,0.008265104386050213,0.0022584553436030357,-0.011310071205005228,0.006948723813363443,-0.00013983521095895977
2024-03-27,-0.005144086966916868,-0.010207776581750358,-0.009439427072873955,0.006592431229103516,0.0053369233831465695,0.014562000268765168,0.009095455408802616
2024-03-28,-0.0015209550084316602,-0.012516997528225986,-0.017509240026879248,0.000991059691061007,-0.0004967014374496774,-0.017670576224504398,-0.0003079590841678976
2024-03-29,-0.003405811788022341,0.0031064519849167455,-0.024117052516553304,0.00489223748921667,-0.002505488508333581,0.011421081832738262,0.001291641068481899
2024-04-01,0.002232564128891166,-0.005337589819425261,-0.018623363911006892,0.005235045749307243,0.004304589795901308,-0.0025404311061532248,0.006219953864684863
2024-04-02,0.006527849813959968,-0.026331915562500342,0.002508998869077353,-0.0006800777146560773,0.0013188212811420699,-0.00447664116563381,-0.009503346572000039
2024-04-03,-0.004910791703881758,0.0019086103479857934,0.007132219093621772,-0.0013582002149420235,0.0003360477468623587,0.015543917337393704,0.010938133865908056
2024-04-04,-0.004807077662774351,-0.0013661117322554507,0.006236093986427777,-0.003928815667983993,-0.010422190908472177,-0.0006846546491398784,0.0012818555596324263
2024-04-05,-0.006728432371768529,-0.004106957432971231,-0.022400041620770243,-0.004484386608727884,-0.0007246748325952236,0.006168456707077937,-0.011300950211334752
2024-04-08,0.00692027895413369,0.008377181254933062,0.019629032824243168,-0.0008361445600789715,0.014296767008316369,0.0022175532124198024,0.004801931307356116
2024-04-09,0.00027882315659230443,-0.004078353178054739,0.012604918562719673,0.005035982870974299,-0.010897762406274712,0.006724487658249903,-1.1209513330949908e-05
2024-04-10,-0.000252010657879654,-0.009602586869294456,-0.02537774903714494,-0.005743513533253005,-0.0024203766266632,0.002401554417003749,-0.006293879428864252
2024-04-11,-0.007416963619180908,0.010009219488288089,0.012822708127192814,-0.003416374621650782,0.003933316275179242,0.008963343316010751,0.004514074457405933
2024-04-12,0.0012896523970936174,-0.024084106782221462,-0.0013992912781897729,-0.002611338273656059,0.004118824954446047,-0.009057070534079368,-0.002544160231844947
2024-04-15,0.005879834150136711,0.01007255009036802,-0.0034741756931153675,-0.0018861777325227976,-0.002304147759501908,-0.0017473466562519795,0.019921397610503783
2024-04-16,0.001357808469747683,-0.014972212293155812,-0.039649881665923654,-0.0069071346408016605,-0.004047173424769602,0.0011581169412043003,-0.013443139162114435
2024-04-17,-0.0017039971639045083,-0.01270930205543756,0.0037138165405145016,-0.0024224543783173103,0.0031255113424073174,0.004697925598720529,0.006278647633411721
2024-04-18,-0.007700234723422575,-0.004470954459406206,-0.003973683123248521,-0.00182979741371621,-0.005233589196532028,0.0058206263297336846,-0.01652436779971186
2024-04-19,-0.0009335171484634984,0.015042105677883708,-0.012801906364072337,0.007954776405953613,0.006452882135511756,0.004102460354515955,-0.0008906049784550525
2024-04-22,-0.0002965114528335347,-0.01910588234110668,-0.010552144494674452,0.0009463314488228936,-0.003282824355264553,-0.010421021334165512,0.00810314465413505
2024-04-23,-0.00062965650171969,-0.010706195460198024,0.005906015035834677,-0.0021037463383643423,0.01573951012203339,-0.004813436622434679,-0.008585169217586688
2024-04-24,0.0015599641990383226,0.020688953845302876,0.008539623474100599,0.0030048888076006325,0.02337250439065274,0.00743054494413896,-0.005065668318480719
2024-04-25,-0.0001922247427978059,0.000683950604982765,-0.005497924470439343,0.003823463492313587,0.004563801294271007,-0.0003128417890927564,0.00662000605943462
2024-04-26,0.0011371877692940551,0.04158163331512555,0.024570652864573567,-0.001240400916770186,-5.3591031408217e-06,-0.01501490922349722,0.0008450021065176543
2024-04-29,0.007947016681329145,-0.015581040659195257,4.487607174262901e-06,-0.007322872990405649,-0.0048793741466129975,0.006668186223432578,-0.003953766218145178
2024-04-30,-0.0021460197774435742,-0.005706575217639731,-0.00453707283202047,-0.0006410388164041689,-0.008792130313208704,0.004489509614250915,-0.004911400541131672
2024-05-01,-0.001959789013232765,0.01687813358632791,0.002724413839108491,-0.002095761527283514,0.0016345466412265607,-0.0019403764538017656,-0.003399331983978124
2024-05-02,0.0010625081780287068,-0.028155174172288966,3.448205807032535e-05,0.004184007250028553,-0.009750834982479863,0.002685566833539781,0.012589933828907848
2024-05-03,0.0053855779832784915,-0.006277231368244511,0.014832374525041476,0.0008389187139021574,-0.006701351674435779,-0.009940877291289738,0.008182491818583815
2024-05-06,0.0032275551743739805,-0.033491244267309185,0.01346070582536738,0.0016169753417656619,-0.00148240522510447,-0.0069618825446972465,0.0008749669200849854
2024-05-07,-0.003342674240997198,-0.012432393583252606,0.023768053268781238,0.0018578157578569424,0.02063691420598987,-0.010873481806471238,-0.0019570606393681735
2024-05-08,0.0008140122372416111,-0.05536905016459935,0.009270204449087875,-0.0017706394857075404,0.0030801979385719084,-0.029277670882382124,-0.0016382803173264544
2024-05-09,0.007600242928229506,-0.015255352487247286,-0.007223028493653801,0.0018831673292547544,0.003519249065150292,-0.007690519153313482,-0.0005018517405571383
2024-05-10,0.007316582883219343,0.015193603137581854,0.0054103145076593445,0.0012986702835034896,0.0027665559280692755,-0.012582658955027594,0.0034414751177215945
2024-05-13,0.005353840252583381,0.006623095726008565,-0.0023157793459729886,-0.0019057858841557383,-0.00720136754716089,-0.005270198744857409,0.0025251451249258695
2024-05-14,0.001986667218448956,-0.01854537403943634,-0.016813110494354952,-0.004402314530080942,-0.012832149289931899,0.021539426643147258,0.0018495653484852266
2024-05-15,-0.0010890745606556918,0.004791929430808586,0.0169729775961569,-0.005233388351911129,0.020260780025763248,-0.0015760821420115023,0.006954635862348006
2024-05-16,0.008717666535170867,-0.021006827444661952,0.017771652465768787,-0.0015867742614866036,-0.0076835485039507935,-0.013708853092950248,-0.014224612510123009
2024-05-17,-0.0026840608866720737,-0.011713266232708108,-0.005997853223853602,0.006187409040356091,0.002198462365750848,-0.006468705776990504,-0.0002655898616810572
2024-05-20,-0.0007018764666087624,0.016724930528643333,-0.004002087471261146,0.0022809600427854777,-0.0034825041867350163,-0.01688486663961788,0.004253771559702607
2024-05-21,0.0027978344892812,-0.018033189163582552,-0.009203462354283713,0.003724490499504972,-0.005024461671535235,0.007883016411440597,-0.0015113731509819412
2024-05-22,-0.003704202435352756,-0.012945931286011939,0.001832370691893087,0.0008668968583282644,0.009727546959877974,0.0019440280175374873,0.001987604018040545
2024-05-23,0.0006468615779792916,-0.019607601636972977,0.0018002299051507837,0.0008103646836481491,-0.0004053626320486419,-0.0036862071571386115,-0.004770374248307692
2024-05-24,-0.008277884391289694,-0.002746940024813563,-0.013862832893146416,0.006465601474618125,0.01114840316724216,0.00669273066697405,0.010835126870531963
2024-05-27,0.0063536218325578025,0.014716735691839735,0.002247640130883021,-0.002319866906869758,0.008254531238796084,0.011140734304591662,0.00969725220018177
2024-05-28,-0.0053100992815319535,-0.013334958850303428,0.0026512671699664434,-0.00857708119950394,-0.008535640517380552,-0.007954368055412574,0.000813614365253785
2024-05-29,-0.00581809962152041,0.01063098059494464,-0.003801736057293383,0.002909177387748746,-0.013784311795071834,-0.004329502728646556,0.002120437790437378
2024-05-30,0.004952002566258462,-0.01969073676089205,0.0049348750095425655,0.001969548561921978,0.004539554338870078,-0.033862560133132824,-0.003918591515596157
2024-05-31,0.004626084890534673,-0.00556127793637807,0.008635605167763393,0.0026630770288163805,0.002372630958326707,-0.011894956178177466,0.0084191431341551
2024-06-03,-0.009230109325282752,-0.01695250321750839,0.014804106593830801,-0.008121053255495088,0.004495781372028866,-0.005686878513824239,0.0015274637936963271
2024-06-04,0.008189957519493734,-0.007451415888393717,-0.02992020877159879,-0.0026416360112754287,-0.012694972759982569,0.004905233092733508,-0.018428605220806894
2024-06-05,0.0022518484762665113,-0.015602537031255258,0.008991253809069632,-0.0036767290360746534,0.001969395931249541,-0.0016541353601001979,-0.013156326222641311
2024-06-06,-0.004441538320540987,0.037828388791991664,-0.012029644307395556,0.002495945632574611,-0.002154660636985169,-0.005173617537670015,0.011041976416456697
2024-06-07,-0.00684193079731367,0.0016003362913688114,0.006000269654673509,0.007691918261113693,-0.005374315221639691,-0.012085893495845221,-0.006617048573332394
2024-06-10,-0.00045442689000990135,0.002029947413183689,-0.012652621405641839,-0.0005331441664325414,0.00696973899715473,0.002763999286637367,-0.021868114525929606
2024-06-11,-0.0029325708026606734,0.003082631381343458,-0.010631649331128834,-0.010240025093169677,-0.004135153622019643,-0.006161271578328376,-0.009588061353949337
2024-06-12,0.003017762414414952,-0.05455887350495821,-0.008251450396961044,-0.0028437174001654697,-0.01385322390585317,0.0021701559774661024,0.00465782230847279
2024-06-13,-0.00042801822827859124,0.01815901710754911,-0.0008695206341196684,0.0006451846933578909,-0.004466720236370772,0.0018806422147034652,-0.01964252150271043
2024-06-14,-0.012293251317925252,-0.05039817980587821,0.025639288233305055,-0.002164220415923352,-0.0039310796364474335,0.014857732085143818,0.003271755370273646
2024-06-17,0.0005782722334817974,0.0013671440547787827,0.022247678999155564,0.011053491786238006,0.0020915094645107303,0.00317365189124617,-0.02144222199689327
2024-06-18,0.002029023362693349,0.019201961203037833,0.004299457531033285,0.0050101368808982485,-0.0054974712926599825,0.00217954380483027,0.00784740618182946
2024-06-19,0.005176388454033101,-0.014793645719075583,0.00032848723973309067,0.00896692311800949,-0.010578016394174643,0.0032838160420257936,-0.008131904043482442
2024-06-20,-0.0020640288719935606,-0.008125334335009225,-1.745434498183464e-05,-0.0018382144033921271,0.010291214801806954,0.004603024523798376,-0.005019593455152406
2024-06-21,0.0026854373506823505,-0.025365744343015396,0.0036274213724557807,-0.0024473218937926698,-0.005940567793197197,-0.004197037058362066,0.0050420824205303395
2024-06-24,0.004302788312504077,0.018235402258584374,-0.00040614289903868347,-0.0019240238078709858,0.00037509842983759616,-0.010828434297077364,0.014042426625778199
2024-06-25,0.002323182348679152,-0.007606560724926934,0.005552092910888469,0.005789295763566618,0.003127858011713481,-0.011690956796326464,0.00788252384748491
2024-06-26,2.4548052807133837e-06,0.021597246080281324,0.0007692176007361675,-0.0029408724407121774,-0.007910024819445895,-0.008358136245165763,-0.0009340675424560624
2024-06-27,-0.0018344355912837075,-0.009489566247618923,-0.006927197850983722,-0.0035110030227248727,-0.007859176768357184,0.006260296989482902,-0.0008148298740681735
2024-06-28,0.0032844736367741803,0.009342465835378488,0.005129501060586262,0.0011737392861341826,-0.007791477515536518,-0.03266867350887731,-0.016254960725708815
2024-07-01,-0.0016564430501127237,0.006523134560843645,-0.007763522558566878,-0.019201091259768446,-0.003648741220409574,-0.0019445972075367295,0.008795993975422202
2024-07-02,-0.004003950997926517,0.018190912628445556,-0.0010285700274379013,-0.00518659621551977,0.0044884210768635765,0.012944018899409349,0.005209622607916119
2024-07-03,0.0019793013078279542,-0.014692887585794278,-0.0010351515930606106,0.0018167405970431823,0.0021836908367757982,-0.00022925826313986876,0.005973491077611375
2024-07-04,0.007350282723287345,-0.005071835362860804,-0.003614797786082411,-0.008347379438248518,0.006278618502776758,-0.0016320532817193168,-0.010527275335027331
2024-07-05,0.0033473378951542525,-0.014973170167975976,0.002923948983725961,-0.0013979157531193885,-0.0038446967021757636,-0.0003845500155268507,0.015604365589247573
2024-07-08,0.0003920412403842358,-0.0031670022956138484,-0.011236680368739347,-0.0007037727980065872,0.02980933140114145,-0.0206651005688094,-0.014396915507872666
2024-07-09,-0.00678056919425535,0.02095528912657411,0.006011159076891197,-0.01275363019430486,0.0036629046672266683,0.008717876139539593,0.013864448543596756
2024-07-10,-0.0009580287911595107,-0.005735917080268317,0.0008597200490268324,0.0032266731005609005,0.009957616992963249,-0.004878922986630949,0.014296670081393922
2024-07-11,0.0017830631833195688,0.008915497299784605,0.012031990551917154,0.020754244903712443,0.013954181778959162,0.00930825977385322,0.007627952835722546
2024-07-12,0.007084511743312584,-0.0009419059823551162,-0.0029324906883712322,-0.004011401097589986,-0.001752073061849613,0.0017132170106908243,0.007975857469759127
2024-07-15,-0.005149858583105345,0.0026960564557862326,0.003446797145482747,-0.0068679215684986795,0.002622248040956266,0.002131196611649919,0.0032595452127832693
2024-07-16,0.0015084075676654119,-0.0071286741969807,0.008946549912415577,-0.002405371595967789,-0.00047201424303102536,0.014891711231027508,-0.004093749564550967
2024-07-17,0.0006748067122374418,0.0030968393303609913,0.0027216213692948478,-0.009479973203540623,-0.007095593505412334,-0.0004436422756395031,-0.012126522605809547
2024-07-18,-0.006643037137851393,-0.0021011013870592754,-0.01270053864474049,-0.007873839493474701,-0.003700149847887378,0.004133098415231923,0.00328817410549843
2024-07-19,0.0073850423721211885,-0.0010502487392979466,-0.0036931250880788153,0.012472384844217744,0.00558477374536546,0.006933069387598995,-0.002758116506296149
2024-07-22,0.0016225642004456674,0.001633375875090238,0.011461387842422965,0.008463401332966709,0.004322711247011462,-0.0030015437150945714,0.01302501896486961
2024-07-23,0.005477700321670051,0.002064996694481561,0.021822601329602325,-0.0029913812301911227,-0.0015174120408127144,-0.0182354572933416,-0.029260990399235357
2024-07-24,0.002768477673852886,-0.0170331522800523,-0.014893537018138262,0.019111238927782142,0.0270691467432878,-0.001403199789836909,-0.00030285071325578014
2024-07-25,-0.00048607678612899355,-0.005461257208087182,-0.01580837432674901,0.0023904685900814683,0.0008707837942758915,-0.006497360543616718,0.016746192853695035
2024-07-26,0.003756132177769313,-0.005560044983367257,0.009384428903027623,-0.0033589677884383433,0.0072004551709623004,-0.0014131403653970499,-0.012573771401429503
2024-07-29,0.006355993697296369,0.012508136082073015,-0.004475075910722344,-0.00045230196348453023,-0.0013341601000229511,0.011511666792093138,-0.007355939470929969
2024-07-30,0.001733758166718327,-0.004163257378604714,-0.010057503258019088,-0.0034757446112366097,0.00837505085828096,0.007073248928790424,0.00039733186755704666
2024-07-31,-0.004444471591093439,-0.00930849286016502,-0.004320707070518485,0.0008619894511846305,0.0037664223535385866,-0.008892831968239513,-0.0063394184554237025
2024-08-01,-0.0027864069869476525,0.005215850776349493,0.001918598231304896,0.003740842532719669,0.0007218424578194483,0.008647050829971074,-0.015361219606283897
2024-08-02,0.0029407082651662936,-0.0039500330381212105,-0.0014702277888268016,-0.003075350246652163,-0.0020343818226722394,-0.007832071403307765,0.006156321634931892
2024-08-05,-0.0002467515945365936,-0.006357200335079619,-0.005026955578895442,-0.0005076207842335831,0.00042631125081633983,0.004582436426392866,0.02566120589588733
2024-08-06,0.008567068881970648,0.0028561439747000874,0.0047048067763548005,-0.004705348323158266,-0.0072650044626208395,0.0011482696691552797,-0.0026172006196478774
2024-08-07,-0.0018622186438603807,0.007767696941820072,-0.001572619982136145,-0.0006065477489983988,-0.006430414108098877,0.0025490063224856995,0.006786007161362184
2024-08-08,-0.004640270876102284,-0.004724014207348622,0.002237647402340496,-0.0027667022106854853,-0.003458686906367533,0.0043219019802755105,0.0058287550607013005
2024-08-09,0.006767860823261764,0.010958286847061252,-0.005832388532185774,-0.00011449165499399686,0.0010758496884112768,-0.0056793573909247426,-0.0017393676280059852
2024-08-12,-0.0007118940170691965,-0.004024606281171242,-0.007330192943777953,0.003939156683327626,0.004261083865889894,-0.009208504116346074,-0.00022091241618580338
2024-08-13,0.0001248320992015587,0.003102256030889195,-0.023768255299026396,-0.005333935107087066,0.0009391615580217947,-0.0040401996083881935,0.004923543223290157
2024-08-14,-0.001994877639303271,-0.007308026317413318,0.020267759911717535,0.008187314000431357,-0.014788346001171902,-0.0022560642206209238,-0.004243457419231101
2024-08-15,0.00397897900428226,-0.010075914476495938,-0.04223365406307517,-0.005473058962283322,0.0014604281409277926,-0.0018649209436647914,0.004964686458802031
2024-08-16,0.001658298997597131,0.0034265964338288987,-0.015551723098534283,0.0100891345978963,-0.017745670323751774,-0.008817010511366453,0.011138349136126121
2024-08-19,0.006322853005217439,0.013465558836472193,0.016382037567145385,-0.00030801314448592197,0.006606400519200795,0.0032966061633573963,-0.009950713442055507
2024-08-20,-0.0002910861687039735,-0.011430159550869363,0.01632549367559607,0.006239608652541482,0.007480890902758828,-0.007215115753710993,-0.002861940896568934
2024-08-21,-0.00691125011607072,0.002516017956358063,-0.012997449165318191,-0.004495835652197617,-0.004462624945185658,-0.006949490901013663,-0.012792322064578684
2024-08-22,-0.003703044743409523,0.01337104568349371,0.002548878952475717,0.004074245923731305,-0.007619549838436135,-1.2933181601272472e-06,0.013576168620586578
2024-08-23,0.0047492334900765786,-0.008935120778382937,-0.03337289618211235,-0.004245317639044001,0.005083185895569904,0.018175351277017453,-0.003387972590005085
2024-08-26,-0.0019069126162341488,0.016257611449225065,-0.015258032361298742,-0.0037284212244328963,-0.007167505132558636,-0.017206669326648997,-0.007383800909606967
2024-08-27,-0.005287402424135006,-0.009498039213959074,0.014181337172016256,-0.006715415885425554,-0.002156649946448001,-0.011271498702463124,0.015778020573201882
2024-08-28,-0.001054457403568044,-0.0014656537257922043,0.007933341741284676,-0.012217622604012388,-0.005215336640269214,-0.006759123627357007,0.011848260102757677
2024-08-29,-0.0023993279440893086,-9.31159368128768e-05,0.011682236010600276,0.0010371759125283888,-0.023491282380306608,-0.0019518318543029,-0.007768591594745097
2024-08-30,0.012077747874143596,-0.005605054332495935,-0.0066162736436310475,-0.005229398659055924,0.0026934052070942027,0.00523432488198767,-0.010229178883552228
2024-09-02,-0.005183926836068042,0.0025274795465746983,-0.004484203291583355,-0.00032601549147067717,0.018952461917447105,0.010953659247255741,-0.0032089245954526153
2024-09-03,-0.0028783208893985064,-0.005331485440477031,0.02454914272136675,0.0084912737255518,-0.04722470290511626,-0.002969272116599658,-0.00763078746631945
2024-09-04,0.007863247957589926,-0.0008834774242717666,-0.003505755533086443,-0.006692079432368374,-0.006926070666295061,0.000231968141413566,0.011060676408613305
2024-09-05,0.003905331257315512,0.006453746407066595,-0.020665272633078442,0.003143995049893639,0.015183970008572648,0.003409999032975749,-0.005239144689017763
2024-09-06,-0.010923925461710135,0.0037766448118913094,0.012881455525639017,0.003639132607701488,0.007352512276931133,-0.006049289546537735,-0.005241768589744562
2024-09-09,0.003793738434728671,-0.00902573243379834,0.004636946606962339,-0.005695544782136041,0.006629570348310215,-0.006967436660291486,0.004198511854063681
2024-09-10,-0.004951652188430521,-0.010098508357160084,-0.004967899613057691,0.004196496526167897,-0.03119579219985993,-0.003991257455659686,-0.008883100246688282
2024-09-11,-0.004925659348947935,-0.0016072174263498744,-0.02059782240568841,0.009364826639369857,0.0015364533650387533,0.0103783184894822,0.016522596980424416
2024-09-12,-0.00043105320182767863,0.00045746244500490543,-0.01630631715547574,0.0026522026935956594,0.011106680632222381,0.01739444771584609,-0.003191759559502627
2024-09-13,-0.002070094244955802,-0.0036474556759875684,-0.0003276672527228154,0.0018434442231818908,-0.014956623646750863,0.007082807245866953,0.008193768752165409
2024-09-16,0.005310437477164416,0.0008634158708789566,-0.014889736075815941,0.0015353214239519136,0.0014347428254916652,-0.01236329228080105,-0.004989574451223657
2024-09-17,0.0016689007132413489,0.0020875914299606237,0.015214673342100126,0.004559222729221138,0.0009386535451916735,-0.0008021845452556687,0.016413192652805577
2024-09-18,-0.0022797051845921774,-0.011053814537388238,0.008650141091781575,0.010450198040635097,-0.0033482044746903908,0.01258591018617585,-0.011975224511138131
2024-09-19,0.010807094189605244,0.014656916433359812,-0.00681760473456135,-0.004438044917078404,-0.005716690202979673,0.00035891779699957847,0.027143154286868434
2024-09-20,-0.0027094708977992246,-0.005951765139212926,-0.004400263125018281,-0.000168084408180464,-0.00547594468057879,-0.0028786897633494733,-0.0005139583402087655
2024-09-23,0.0018928901852905715,-0.011045307877203864,-0.0264829921117284,-0.007641587490305676,-0.016231946415889875,0.0022908892677033503,-0.005678888110933681
2024-09-24,0.004290684442535835,0.005205478999354128,-0.009987792688860086,0.002239929798456265,0.01608336553625383,-0.01525184408336414,0.01855833331170041
2024-09-25,0.0010069100754392685,0.005886220303662558,0.00852301721614344,-0.0037903380372198885,0.002233853997669373,-0.008083662974631744,0.013834852212543393
2024-09-26,-0.00033301278204424126,-0.008487684745744987,-0.035809619364195897,-0.0027791042526469226,-0.00797596478384754,0.0015760114721974166,0.004577344562395828
2024-09-27,0.0035481576372695892,-0.003496518623858691,-0.010520942389881062,-0.00033573893091791375,0.008451831220747281,0.007101811353861998,0.0010760716521305558
2024-09-30,0.01136201170291789,0.002399205574963772,-0.007234578939044222,-0.0005665369640190799,0.004438797173914714,0.005550136049911176,-0.002959404381317503
2024-10-01,-0.007984252595674524,-0.0008506865367358241,-0.014569380270533464,-0.006575332024713272,0.01346856550655037,0.008458573762101212,-0.01566027356481657
2024-10-02,0.0012647699726093533,0.001923428485280823,-0.00470818292637793,-0.02166354679848047,0.007932370395244642,-0.0027762881146680867,-0.003652091440729562
2024-10-03,0.00039792910438935257,-0.0017656028361382147,0.026689458519901173,0.0024463830128231235,-0.0007916963385276853,-0.0037515626566682943,-0.008129767857039387
2024-10-04,-0.005979097565602515,-0.00289442323376758,0.006418094440698379,0.000877029610378098,-0.0013808799009442784,0.013946910649871877,-0.0011347611889372235
2024-10-07,-0.004970717785401956,-0.0004845062067343357,-2.0191711031248084e-05,0.008951787347631992,-0.003459118522792884,-0.0030121351953011936,0.005895990548806358
2024-10-08,0.0031052212707142644,0.000510999982490753,0.017561101240177752,0.016044431827770052,-0.0031756955738275303,0.003261547288198085,-0.0010860105977767865
2024-10-09,-0.0031821700171663736,0.0058120169749633745,-0.004582979446260587,-0.003470085794291763,0.005254455318872336,-0.009264681779106953,0.013855858650975675
2024-10-10,0.003563286396451239,-0.004812870110583777,-0.029690511689617723,-0.00723191464369145,0.022018550312721732,0.009716105373343116,-0.0025691740837309293
2024-10-11,0.005308497123904238,0.001707578870065373,0.01981419749817674,-0.003875847820603749,0.0029988317479539843,-0.0033562218053244126,-0.01239713494799222
2024-10-14,0.0013243222015217216,0.0020359005776384885,0.013986741096842998,-0.0008344933769191115,-0.0012563009461743742,-0.0006104217857743823,-0.0006071152433060619
2024-10-15,-0.003988158365419874,0.001762384333566961,-0.02589116658490869,0.00863771856932249,-0.0007891031910851426,-0.002272388029635531,0.004009091996890851
2024-10-16,0.005974454744607401,-0.002502474023029497,0.00890853127400817,0.0030177345841178546,-0.045241241044434985,0.008081185327994402,-0.00622240693659924
2024-10-17,-0.0014807615207033352,-0.0003258052943663509,-0.02161274256354512,-0.0065638833367965875,-0.011634992079084572,0.010445094199078594,-0.00395016663980752
2024-10-18,-0.0049723814845127464,-4.6985906734301946e-05,0.002782453849035722,0.01022218252978916,0.02046235595817883,0.006859204038473451,0.005606225979181375
2024-10-21,0.0005917045004490014,0.0002932344452028179,-0.021083944882593006,-0.0038512503696334355,0.013682282584454454,0.014966141267829833,-0.008386392858094295
2024-10-22,-0.009392914380005592,0.0023943198172792,0.013552830851509635,0.0006134459141584084,0.0011825662197847552,0.0037254450381993738,0.0035840201745802784
2024-10-23,0.0035946367369783833,0.0047702354488884015,-0.0187460341326579,-0.000784897656903064,0.0001683065139976452,-0.002126692404985369,0.013407876849139131
2024-10-24,0.0026426389239224655,0.0006733292023497579,0.021647359088765736,-0.002612187287852731,0.0011453492448794758,-0.0014362865928338475,0.002200539997928215
2024-10-25,-0.003891474079350307,0.0003643323622402958,-0.017028815208878972,-0.007339314887718551,0.0019767187710535558,-0.004764235343119892,-2.8591840044834866e-05
2024-10-28,0.002135236910846649,-0.005962016964334229,-0.03667738797829004,-0.017171887387931444,-0.005046826701451603,-0.0012445918273735162,-0.013235470531120721
2024-10-29,-0.001541426825504227,-0.0053894055960697,0.027869507036444332,-0.016444691804534103,0.004270797111106964,0.025032605472715085,-0.011028292928281117
2024-10-30,0.006626875758476264,0.004514353304959039,-0.004695443051007062,0.011685195945452578,-0.01178935226352796,0.009678112438382219,0.009924736165562097
2024-10-31,0.0020714275929697443,0.0014814058131758566,0.05830931690318823,-0.004796037890938121,0.004946407937683107,0.009515772160146,0.006355502209619013
2024-11-01,0.005736551398598403,0.00048695182876831456,0.05311657569621617,0.005108155362416915,0.0007546215653525998,-0.00210935053977656,0.010032136222432356
2024-11-04,0.0037816676176856564,0.005457673453584286,-0.040192395475474804,-0.006548148553428722,-0.0017573647565604052,-0.0011930870897592426,-2.7959430854996484e-05
2024-11-05,-0.005632924673118793,0.00205694336369526,-0.0013261646084101798,0.0016441205115990806,-0.006922146290163355,-0.0021287477266521437,0.005935537642979984
2024-11-06,0.004921713012952935,0.002307992285470819,-0.0007817608964567808,0.006383313334127855,0.022949809138692538,-0.0005696085347119909,-0.008407030236709152
2024-11-07,-0.00047815634569560873,-0.0034258154024085236,-0.05792747795652538,0.024414772883304982,-0.006207388962756965,0.0008926854052521363,0.0023055190300649486
2024-11-08,-0.00328679210592587,-0.007232027218774943,-0.014413104737093372,0.006033662368318811,-0.008801593603704036,-0.014255323164530981,-0.020874902202956912
2024-11-11,-0.008591376678944017,0.006887092229415121,-0.03387817167199132,-0.006003658218725478,-0.013115630762814426,-0.0008834113004460524,0.0346578350442223
2024-11-12,-0.0032704661134347534,0.004045662927014268,-0.027727851691195446,-0.00688871400209477,-0.010617668075344328,0.0014206952989636382,0.02153010205625695
2024-11-13,0.001472389106140006,0.002641071356430671,-0.007131467088930411,0.011086573415036964,-0.0025109420717121743,-0.015592051530833585,0.015863067562924497
2024-11-14,0.0010149788855606707,-0.006824469886331536,-0.012119829116228208,-0.013399770192281214,-0.016046499693169767,-0.012952944064371948,-0.005393720793831527
2024-11-15,-0.0013972931847395233,-0.004586638659859852,0.008489965590441306,-0.005345830797385759,-0.0017040842396269557,-0.017778419712675114,0.00720437383078921
2024-11-18,-0.0027597577943757803,0.013492275314359111,0.01517941318456018,0.0026677515139860307,-0.0015850126177650555,0.001863005834257603,-0.0007310876418484551
2024-11-19,-0.006173466114246262,0.0064674127994168865,0.012649290164974496,0.016988019256529156,0.10191818211000926,0.007138272315912268,0.015401396891481997
2024-11-20,0.005250904551830032,0.003921412653772609,0.031161755265701554,-0.0038407733061589636,-0.0015841300413903696,-0.005781434309335857,-0.010888184464501089
2024-11-21,0.006730571816862443,0.005483257363284244,-0.009750251197038312,0.0020585451651174954,0.011833093368695109,0.0008693691050607853,-0.0010761082172843228
2024-11-22,-0.002335040584396701,0.001318980736628242,-0.019631659580281936,0.01458921503185531,0.009862983309599945,0.0074081188813447385,0.00300826146939656
2024-11-25,0.0014058194676565621,0.00252441354029828,-0.058730537660244844,0.0036714986682316684,-0.0015843689677917123,0.021577088923349374,-0.016580927728108805
2024-11-26,-0.0012723536072148053,0.005329846462068959,0.01890156939692904,0.00017709387679155716,0.00034888275360426223,0.0050170837001566205,-0.0012154122739626142
2024-11-27,-0.01403829474934154,-0.0028559305012105817,-0.005268341045728121,-0.004476127103826453,0.008689229210017576,-0.001404273181694895,0.0055897538071220726
2024-11-28,-0.007643140314455077,0.006543459215685869,-0.037348822633772906,-0.0003849711111901625,-0.0063873157869459235,0.003031792028846876,0.007385114413385657
2024-11-29,0.0011246588458365897,0.004732701739731718,-0.0021566465939248758,0.007765496345579774,-0.006027083354921656,0.001580139345007211,-0.012289742096441245
2024-12-02,-0.007025416969401762,-0.003309344306198524,0.01987300937593528,0.0017070143428422316,-0.024463671978891197,0.003412072173344586,-0.0025141998693634345
2024-12-03,0.00210754736242169,0.0029566112540449223,0.014011253308359504,-0.0015866633651002533,-0.02104422907126307,-0.007767424152993833,0.007983472839507531
2024-12-04,0.00021120071485025298,0.0023611611838951514,0.006436273189196381,-0.007875794164392304,-0.006712221332441551,0.008822897745951689,-0.0036641820918977487
2024-12-05,0.009149024852563426,0.0009394306733624276,0.02741321338887838,0.009851619494152235,0.004878921935349008,0.006655626251835515,-0.002277281407044617
2024-12-06,-0.007324437265639315,0.006356144360234182,0.04213439923279953,-0.014796722680977646,-0.008575766173050677,-0.007133820637833698,0.013007408660952284
2024-12-09,0.0002222137658653106,0.0028405781405406554,0.03641628257699597,0.004501758815954218,0.002106095133251751,-0.016249668189272096,0.0010670519508382795
2024-12-10,0.0020867151424832833,0.005790214192864434,0.018550184976750286,-0.003624044720384923,-0.04446938528375005,0.013860469391485717,-0.002747519559176323
2024-12-11,-0.002364743723470479,0.009532731300073222,-0.012157614018942458,-0.00504256485973009,-0.01812431252607817,-0.004727756408432582,-0.004886973075479615
2024-12-12,0.0010549691866046556,0.007447420504669277,0.018621236354749538,0.004385310565622999,0.005076227335274979,-0.03569232305446954,0.005196009603994759
2024-12-13,0.001466013540409406,-0.0018534253849998227,-0.0180548992077048,-0.0005948636957295546,-0.02804463564073234,0.011464173158101281,-0.0013372679565328573
2024-12-16,-0.0020986780744866617,0.00801334282598724,0.02709814773078793,-0.0009637160694860246,-0.0026942631472381914,-0.004498107464882244,-0.005261216383526198
2024-12-17,-0.0018454364836778532,-0.012486456725932552,0.015503660164361633,0.004730823649736291,-0.013400431603618436,-0.007807005022137821,0.004778152423473842
2024-12-18,-0.0058260399127629025,0.0007182885534266293,0.016393377128975938,-0.003304769048033249,-0.006323338805983409,-0.01135087923908625,-0.004606609569124874
2024-12-19,-0.0006091561441952238,-0.00847796380383418,-0.015815224259067798,0.008109011267023012,0.024563106213103654,0.010417596701293112,-0.003330641730777052
2024-12-20,-0.0025544534078178784,-0.009257717842959928,0.0027196957016745317,0.0056763153785733345,0.003579057965935416,-0.012108399745565934,-0.00039216285781762253
2024-12-23,0.0043449996732505426,0.006517243160097014,0.07177265703673046,-0.008458858762487089,-0.001391896017479669,-0.003062125932070052,0.004597573873226704
2024-12-24,0.00275349507522829,-0.01226947283999808,0.023515239856605055,-0.00044028564727850017,-0.0018998376670732906,-0.0014471144242361208,0.00037146605619222084
2024-12-25,0.008439095355261437,-0.010521520266024726,-0.016686143556819775,-0.005319769293248709,0.006576204564641678,0.004337853096276825,0.007893270720948887
2024-12-26,-0.002719895971943593,0.012360210061060329,0.03937765111203936,0.008914810510340609,-0.021869997319858427,0.0034483880380627857,-0.0005718108520032096
2024-12-27,0.009844414933304721,-0.005963284694548266,0.03833953597540147,0.004137207051462182,-0.012109357348252841,0.007833794497662087,0.0016384762894316375
2024-12-30,-0.0075864347007650315,-0.008810512046265446,-0.007250518222784645,-0.0016018429801230502,0.017501464841432127,-0.007435973389182626,0.020934615222237354
2024-12-31,-0.0017663677463364165,-0.01597469025394992,0.012049944038494674,-0.001353067534921517,0.005719262126768392,-0.004474043020367739,-0.007556247999956742
2025-01-01,-0.0048099995779864475,0.004271825266164091,0.032110706011616315,0.0014317168992528792,-0.006541523251449686,-0.0026448067347999795,0.001267606884767609
2025-01-02,0.0005172579746483291,-0.02166415352678729,-0.013080386877216549,-0.004244228327527491,0.002697696585445013,0.0005965450852746205,-0.0010723605453425622
2025-01-03,-0.00021438171686773638,-0.012092587902410998,-0.02907292336839352,0.002875675192274158,-0.0009481732215139187,-0.005717799171338603,0.0015051010149605719
2025-01-06,-0.0010834190945141755,-0.0045430770563630795,-0.01502430455680765,-0.0035271113031445397,0.0014195869746204386,-0.0007589455754643772,0.0015906163044407651
2025-01-07,-0.002979035715966795,0.0006767384153363437,-0.053714690215594205,-0.001222906995466575,0.003289301000867419,0.017324502302139732,-0.008099053946860859
2025-01-08,-0.00543466484797606,0.004616659375547441,-0.03843351240407867,-0.008005984584250366,0.009608853835649344,-0.006629927766655769,-0.007306396439897573
2025-01-09,0.0136852353985244,0.004425670306222552,0.028701549710401925,-0.011465405035965997,-0.007061533686215289,0.003461260444621272,-0.0026077742924766343
2025-01-10,0.004756240204937452,0.004412823391683051,0.03018176974656007,0.00034799794334983706,0.012483810800776204,-0.026568603386777273,0.009433622006589834
2025-01-13,-0.00035844686860199784,-0.01574901508608665,-0.02676453251531853,0.0014196064489996876,-0.022721486656224497,0.012174112566587205,-0.0003162291652412339
2025-01-14,-0.0053829326237738945,0.009284993687421247,-0.018325846449119568,-0.0014288034508167893,0.01898735832500635,0.011904431992906724,0.003864465337528647
2025-01-15,-0.0032727449185969183,-0.008789621452006548,0.06419750648711145,-0.0037034559869555356,-0.004183163380624893,0.00978953479107507,-0.006704832875553497
2025-01-16,-0.006557533407760546,0.005250797781120552,-0.020282332736819356,0.008031750576804985,-0.0013427960962228583,-0.015949339575073933,0.0006395146594123744
2025-01-17,0.002844794173659892,-0.0023145468534692053,-0.05350029551559341,0.0009623434739262285,0.006671288166395678,-0.026638244094799618,0.010008573209038474
2025-01-20,0.0002567515924232848,0.0036284735120055154,-0.013175593781459459,0.0026792482885066734,-0.001198220927661582,-0.0002471887155542811,0.005373341838343994
2025-01-21,0.0050460826974204976,0.01179695514648138,-0.006498748102497337,-0.0002920034294744917,-0.00459593540804885,0.028669935825007507,0.005419649300812965
2025-01-22,-0.006937382919867195,-0.007534876923243164,-0.04114716411706047,0.008572962487082923,-0.0005830549525028066,-0.013459546031714223,-0.0013563446665178554
2025-01-23,-0.0014233970912299484,-0.012579648270592395,0.019198906917660297,0.0014247767121667886,-0.0010683167001826323,-0.017847743160084212,-0.006546046709160417
2025-01-24,0.004147068227060975,-0.006452384956548879,0.048502716899375624,0.0008197435923821835,-0.010682483993209159,-0.0006050754475552053,0.0011427392783574211
2025-01-27,0.0013778075849790637,0.026091361478521875,-0.023707848521074305,-0.006105065768826673,0.00045297547363522446,0.024422829058245582,-0.006531604458349922
2025-01-28,-0.0034542498340944154,-0.0044843053385016885,-0.005136595655343089,0.0012433164853248046,-0.009288207120228186,0.005275511060354934,-0.0015615005828761514
2025-01-29,-0.012009470598621293,0.0038787638592648237,0.025274034937276018,0.0025684391735456566,0.0019481916820554997,-0.01475590407521572,0.009050999874741499
2025-01-30,0.0017332971529322638,-0.005834491784468326,-0.000234513884889951,0.004707314255694159,0.011003283941474568,0.012275890206028787,-0.002161935366379025
2025-01-31,0.004485474391708941,-0.009060948179859828,-0.026849489843595337,0.001295744986023895,0.0043835004903111765,-0.0023334867899275726,-0.003181879608425825
2025-02-03,0.002606260368536511,-0.008805169824488267,-0.03791589518400067,-0.004810176958934631,0.01094512097964796,0.0035290151184651035,-0.0025119947649585106
2025-02-04,0.0005724216039658906,-0.0069009309073841014,-0.006631012358259832,-0.00048214460760663986,-0.009305855007279595,-0.011591627384027628,-0.008823630101408806
2025-02-05,0.005227168134511259,-0.0005954199165057957,0.014043808176654023,0.002260178521787348,-0.00016071687933463786,0.02090046940593284,0.0028832518070024886
2025-02-06,0.00046384284332653535,-0.004822146713525505,-0.003411346672919057,0.004348187275919315,-0.00014704448930124442,-0.0050342029880426015,0.011666181423767394
2025-02-07,0.006347736954934454,0.014175449411596697,-0.02902842432274754,0.004753142446807195,0.0031583024892549993,0.0009459544123559802,0.0017841226294432046
2025-02-10,0.004211920639672538,0.005137936238072264,-0.03100973956539914,-0.005379113928611899,-0.018567049493437838,0.008854150912604563,-0.008058271254149945
2025-02-11,9.206999651384947e-05,0.006512989998377365,0.0065877750377845365,0.0022340635451011987,-0.002482919754693301,-0.014788390655818238,-0.001304645486833935
2025-02-12,-0.0002645033386611011,0.011006507847286191,3.057425828473267e-05,0.004768622980427523,0.026927735885730737,0.0015982109934533843,-0.00873079628189093
2025-02-13,-0.001094964567359429,0.00672468875678402,-0.007763740976727211,-0.0029920219283008516,-0.007764283141093473,-0.011016986611373503,0.009665589016499566
2025-02-14,0.0014408967439029118,-0.001791541575913654,0.014590358069423656,-0.0012839155020633753,-0.023419840747522847,0.017197058041001738,-0.00271382474775266
2025-02-17,0.002875352597195324,-0.005627488075556444,0.0018955639864862784,0.005744594337962861,0.022907426308063427,0.0003529724842837146,0.0038938757486847416
2025-02-18,-0.014402477794070423,-0.014950018829606254,-0.0019709798849644597,-0.0038320360307731033,0.006261846101268588,0.0075476608311903625,0.004655366042490982
2025-02-19,-0.0008843418671959034,-0.00023905038288496718,0.03354895591011261,0.0006371644008531818,-0.009518201182499107,0.0014738051992163436,-0.0026672330015937527
2025-02-20,0.004907890175672901,0.004429575462697843,-0.022871188881128695,0.0020979229161915444,-0.019408609207924376,-0.005927245854507242,-0.003493149986989574
2025-02-21,0.0016049026846475416,0.003045028986468631,-0.010927935377967641,-0.00255940761902465,-0.012607700629971824,0.005395454782322928,0.00880609273418453
2025-02-24,-0.008766992102195524,-0.003626782190702139,-0.018434593687119947,0.0007756310622611649,0.013755268334877472,-0.004608851989845967,0.0009195905665473862
2025-02-25,-0.000336611049645418,0.006652030720807197,0.03294137348858358,-0.0036689838718056158,-0.00931180367094429,-0.012035908032125075,0.009631544306983285
2025-02-26,0.011365302895323313,-0.0010618562396417282,-0.0063965758944201185,-0.004055825302340409,0.005760929463452492,-0.0014892762211821443,-0.0015155648081500398
2025-02-27,-0.0020270343815224417,-0.0035068303955139964,0.013998494946653353,-0.004293780734874655,-0.009420360581440796,-0.0035311163515202113,0.0015223400440707497
2025-02-28,0.00010346095109976576,0.012098768443536478,-0.03528731163443562,0.0001682456716185468,-0.03605610337652894,-0.00867907499330381,0.006290487419149269
2025-03-03,-0.0015996874405966141,0.0009918044184500073,-0.0029443801032694675,-0.006132108864652458,-0.02478126320666983,-0.0017441621374594128,0.0015449200665590835
2025-03-04,-0.0029564743980038015,0.0006738904376454054,0.012497045771759453,0.009256941264274208,0.02282649853911783,-0.00711840001996051,0.004500400948687635
2025-03-05,-0.004490144526120467,0.004238378610097025,0.05497627815286906,-0.005223116446363568,0.017245517009372067,0.01688430116768118,0.005968578094103442
2025-03-06,0.0016201207589041507,-0.00010593281236547896,-0.0004493560212228485,0.0016197439314344325,-0.020555810244060137,0.012551964835494422,-0.0064720676648493255
2025-03-07,-0.00014836292366473002,0.00010233026134622535,-0.011068615707466542,-0.006973056715703577,0.025706476090975924,0.0077980784061884145,-0.0060083832447093595
2025-03-10,-0.0036525087752952703,-0.004969829636844574,-0.021514090382996107,-0.012251930874842137,-0.011224850675362488,0.02479500929365031,0.005659464639482939
2025-03-11,-0.005150319673877985,0.0018674788709142141,0.03398743084589844,0.0011507863332492227,0.0240204458269329,0.001015879976689593,-0.0012309192792567443
2025-03-12,-0.0010972052451778663,0.0007983005834777018,-0.009514984068074472,-0.0020090194002246736,0.012566808555607916,-0.00044394284846220144,0.005686556588840649
2025-03-13,0.005264549331547698,-0.0049315210766699025,0.008328032939643664,-0.006959593758315628,-0.009621622256753847,0.0027964073851994113,0.007646029366822136
2025-03-14,0.009360664298055764,0.005101282706814337,0.05042401820278954,0.0033459891964762742,0.002557245777273504,0.001859174702863266,-0.005445115360051262
2025-03-17,-0.0024598968344946306,0.005609813123470375,-0.006438935888775479,-0.012089391477489123,0.013493917739620732,0.018339009251391654,0.0003760822720008876
2025-03-18,0.0012574935813313298,0.004819744237704705,-0.007377664529693073,-0.0004142285644448218,-0.010015921515320195,0.017593996940121245,-0.013283308313904498
2025-03-19,-0.0010121978484179807,0.009465741880831905,-0.0033724736857036926,-0.0018447877288307042,0.018340167078623276,0.007206588261196325,0.0021722932505622828
2025-03-20,0.003772936225075848,0.00042704060577917336,-0.008670604818819797,-0.004331487109134981,0.0019872689366798066,-0.0018973882728863737,-0.005686177998732159
2025-03-21,0.010150260869481878,0.001337214125782238,-0.008894055165738922,0.0019317010691319086,0.011313678275965555,-0.013854815035118687,0.005654668549500137
2025-03-24,0.003448886959182138,0.011990271338183025,0.007331768186536282,0.006290757604338835,-0.013232892867664455,0.010157979340891311,-0.012885772071362229
2025-03-25,0.0022935536778218605,-0.0008454820649043954,0.014620607515383697,-0.0007227819178945436,0.0020183418489967807,-0.0018926305826276768,0.0011327917027461557
2025-03-26,-0.0056510084225928165,0.00031054286088473315,0.00451091590195725,-0.0025097251949092914,0.005228253575446698,-0.006334024713556414,0.01715957869133242
2025-03-27,0.0025645399266950343,-0.002539605169537217,-0.012268839376405034,-0.0025607715156525943,-0.0057685626070780914,0.006278451585744774,-0.014295618994784872
2025-03-28,0.003309235332072784,-0.0026708690886616863,0.0068892376838599195,0.006235774209363155,0.005690907961091663,-0.00492834898221249,0.012490465372239948
2025-03-31,-0.0019604935951340035,0.013204892762896665,0.001669675744280769,-0.0031679647603671157,-0.0002569435182744992,-0.003669620745641906,0.01752566866196134
2025-04-01,0.001150367225249214,0.004833967760085054,-0.014204757495361113,0.00734446565319932,0.004870153552892737,-0.00010404565570177335,-0.012311561406968366
2025-04-02,-0.005007534807325434,0.006201982684758435,0.007664652922675654,0.01387248822563422,0.006483176278413432,-0.008062196387918302,-0.014076181077534557
2025-04-03,-0.0004976936010409044,-0.0008621688137172782,-0.030449588074557003,0.002239264164211613,0.004401251179914596,-0.001494173239400696,0.018567079749568637
2025-04-04,0.004750001712476916,0.0020551739585572405,-0.00010106125685374667,-0.002015898242997353,0.01494381054739521,0.005948650570982083,-0.016485394747549655
2025-04-07,-0.0031453702573589195,-0.0057396254969032685,-0.002196648991213226,-0.0006472840655194591,0.010027199255587241,0.0015974909224264482,0.005573265363028506
2025-04-08,-0.002510682161259805,0.001074004657118097,0.0024073267171360827,0.008361550833927544,0.0068467146472056505,-0.00013150755104258895,0.021538031159771282
2025-04-09,-0.00406661803083711,-0.0018771539395067867,-0.0013812165369516557,0.0031279674521239734,-0.0024058797757406103,0.004757806535056163,0.0077622796235310276
2025-04-10,0.0015597574418286261,-0.013968390089868145,0.01481349325525062,-0.003197650385517105,0.00685213397323721,-0.004966738122001231,-0.003095199939137337
2025-04-11,0.0007939477144782293,0.0015664745853624555,0.001776025795729093,0.0026371348790234805,0.0014730714454441005,-0.003972422408282726,0.01413244529704645
2025-04-14,-0.008065462346167793,-0.006590205813781988,0.0015642644877717404,0.008086219472288683,-8.410517787902116e-05,0.010614907920005311,-0.01027748690145189
2025-04-15,-0.0026081644021385057,-0.009713080195258943,0.012728879687722301,-0.006261092789043423,-0.004158892601895,-0.006121357121640898,-0.018725222546600535
2025-04-16,-0.0023996522676058255,0.012340138136090183,-0.009158926955813607,0.0004042396244122762,-0.007452637284477361,0.013480162801863923,0.00048482299349213235
2025-04-17,0.001825756283225452,0.000808621807410012,-0.005254417957718596,0.0018211169834038987,-0.00603683262203973,0.008799965617984459,-0.01737463865322651
2025-04-18,0.0007910196254130736,-0.002602032972358608,0.00391172422146235,-0.0008261464871600723,-0.006585202822329031,0.004076757605924287,0.006681257562277608
2025-04-21,-0.0015799010918842345,-0.00881150922931981,-0.0005039845508609636,0.0037973426415556285,-0.005780210907343664,0.0023538694239518573,-0.007218810328747182
2025-04-22,-2.0018930810904774e-05,-0.006480102843925153,-0.008989721502998796,0.009348575412087851,-0.011196595355897862,0.006048358259587885,-0.013553606197469025
2025-04-23,0.0001782534757843766,-0.002286477406347056,0.005655704954759482,0.0026393804229227743,-0.006458995946730791,-0.008658256807843889,-0.00023871408195921725
2025-04-24,-0.00025530539789117215,-0.0025739720709810066,0.0052415119734979644,0.0007650391419789466,-0.0048965281070715095,0.0008592206818054324,-0.01237690471734787
2025-04-25,-1.7189673981013185e-05,0.002384879398723686,-0.0089248942082051,0.009923793170893112,0.003328297446671531,0.0015271895656496157,0.001459975690895767
2025-04-28,0.0007947875177841369,0.0026727198588388807,0.007117308682204717,-0.003771368448552979,0.005771427295158589,0.0034471683571748986,0.013408351596573373
2025-04-29,0.0023488780655886617,0.007797133682698576,-0.004637656567374926,0.002093315011400507,0.004542877208060712,-0.0070297027142851585,-0.010608485573112792
2025-04-30,0.005114520598249838,0.011611609721088297,-0.010769141202609373,0.005315927601636639,0.002601609966051205,-0.006269713815431292,0.018340653281440765
2025-05-01,-0.0007710112563135402,-0.010360089485896474,-0.0033055153339444595,0.0041630430635867,0.0070988550196996215,-0.004980941755484139,-0.0005379824649152398
2025-05-02,0.004348863712666086,-0.006184086337495533,0.003320575529252674,0.002073146331129601,-0.0015682718122604796,-0.0038246881355296024,-0.004194430610219583
2025-05-05,0.0075393734090311165,-0.008518960370654508,0.014917293614482872,0.0017867450563305428,0.009952571026963643,-0.002222810681161026,-0.004607683797758846
2025-05-06,0.007830969806857152,0.005504162571693095,-0.006368189667949443,0.001316977736516793,0.0007339609843937616,-0.0014090197374195398,-0.006290590625733999
2025-05-07,-0.0029438292183953684,0.011614380503725187,0.005182755726760839,-0.0025642179179606395,-0.0016198647276208886,0.004137835207953462,0.005130295913952166
2025-05-08,0.0010844056355416188,-0.0004955979618514307,-0.02127448238640858,-0.009211584926309599,0.0017974809341634583,-0.0019232033286682285,-0.01266065655569461
2025-05-09,-0.0005168842413905313,0.0016984957878650976,-0.002213264141436582,-0.003814950114950561,0.007243942406644946,0.0023290224267950685,-0.008715072890635403
2025-05-12,-0.007033777690148666,-0.005537128003860255,-0.004528180862293749,-0.005871654530658032,0.007538353030863418,-3.1829886655062273e-06,0.00990585697798712
2025-05-13,-0.006752636125138828,0.0014385134001874194,0.0039533449231297976,-0.004266148857524898,-0.00736611889531072,-0.009405827979485007,-0.008834645139330605
2025-05-14,0.0014490992507561837,-0.0021334963643110383,0.009107420744871576,-0.002341504883262672,-0.002228181088178716,0.00011069812491466432,-0.004425067593428893
2025-05-15,0.005540758709054535,-0.0035938463940236964,0.006435384608122043,-0.00012920608365709756,0.009365236460645646,0.0042280879232797644,-0.0038247472968429277
2025-05-16,0.0002749711967319162,0.005443079553735542,0.004417162396087876,0.008292189911369374,0.004831035206282451,-0.0050737519370890405,0.014320282693821731
2025-05-19,-0.0037326247648968376,0.005528698395526406,0.0044715636103730165,0.023498830932414397,-0.009898710153889122,-0.0034732995043318914,0.005517445620532879
2025-05-20,-0.0022254215193263007,0.009896419419421256,0.010873846585764202,-0.003974895150592215,-0.005745917653854437,-0.0067571205884792,0.009541779349807255
2025-05-21,-0.0013959422670700762,-0.001345922083983158,-0.012431292433752081,0.005336366083952333,-0.00900515179132095,-0.02154940217105328,0.0022960235638304284
2025-05-22,0.0035696982370048203,-6.769150518779572e-05,0.012225672956143144,-0.004426438006449302,0.005978981778635967,-0.004023944038431421,0.003800589136967539
2025-05-23,0.0013493248109775811,0.0030935137040052018,0.0009161370346193404,0.00517563004423139,-0.003965491382095846,-0.014259607716365353,-0.005390785300814003
2025-05-26,-0.0015040122094200398,-0.006887023070502676,-0.009168140344132608,-0.0009249279454896884,0.011457186680775788,-0.002701688177177536,-0.0009669465299753762
2025-05-27,-0.011597158013204392,0.018520557365331383,0.006399954436362148,-0.0032653038055956343,0.002982516146068343,-0.0075128378769582305,0.01756552294755136
2025-05-28,-0.0011226946292326617,0.014868896486183602,0.003098183921979963,-0.001228781033605053,-0.005811689985978084,0.0004456371576884619,-0.005063206705297998
2025-05-29,0.0056629163121541225,0.0008584634875204548,-0.007937584156606874,0.0005571178335620814,-0.0008292996708662725,0.007106731633071717,-0.012900680498173472
2025-05-30,0.0050263924337984505,-0.004763052880485403,-0.002657853296421091,0.009596297450290324,0.00393547969987728,-0.004972232212183191,-7.135546895217768e-05
2025-06-02,-0.005436526681657968,0.0021558653990164734,-0.001560740692437228,-0.008334483559661274,0.004461756771704021,0.03806764334462267,-0.0007570643682771474
2025-06-03,0.0033273373327072134,0.0018203198727999052,0.008659058933298875,0.007807504006775557,-0.006852682646234832,-0.0036124546051494863,-0.0056116792480720035
2025-06-04,-0.00013101213162256892,-0.007045539283743721,-0.009297555078901072,0.00015672305408553328,0.003212303654079164,-0.004323346382236971,0.0013339787301224913
2025-06-05,-0.0002588043244343006,-0.0040996380680313705,0.0026642896872255705,0.006485532326581521,0.009488852965625435,0.0004710690042354595,0.002727748663430917
2025-06-06,-0.0017416931238835494,-0.00017833568925345542,-0.000670112707488305,0.002439285678543006,0.005708885875408776,0.005036963745825024,0.002697117889709056
2025-06-09,0.0035894011563238197,0.005420209903694466,-0.011543588416404533,-0.0016410978630938522,-0.00016980356109825133,0.010742287046743189,-0.008016440111116007
2025-06-10,0.001082920745076886,-0.007567349928993319,-0.0004468436241751783,-0.013593078011592881,-0.012675749752550347,0.0046228553664881935,0.005554516066119846
2025-06-11,0.000987034728374327,-0.0025919246688719155,0.004014251999504114,-0.004630864330351854,0.0036346614352876843,4.954993888928113e-06,0.0028633448641102407
2025-06-12,-0.0019572839498111713,-0.006352911465017785,-0.003318682713225619,-0.0005188626038945785,-0.006278228439310157,-0.0041010931858985016,-0.0005895117964698643
2025-06-13,-4.59314414990685e-05,0.0007991969281268674,0.025710002852076957,-0.01269572618493793,-0.006855110493347705,0.0038566730825006544,0.006454521129535709
2025-06-16,-0.004866183095201929,0.010239220538495351,0.009391579201435095,-0.005865117770344533,0.006082952237375386,0.015064881060372733,0.007818410615023213
2025-06-17,0.0017100354992045882,-0.0012366682697173153,-0.0049212267403597265,-0.011274928389324732,-0.007405159066612553,-0.011753449871491769,-0.00910689950458379
2025-06-18,-0.0011273534308467413,0.004596859856907658,-0.00617186000492383,0.005792129185187364,0.000620927725984426,0.001082359019175563,0.008520043082752473
2025-06-19,0.0013345372326164916,0.008034668351589497,0.00035761807192602306,0.003554186315826165,-0.0011029155560962184,0.007706610622886193,-0.004375972776886243
2025-06-20,0.0005319566716863592,0.00947304186573041,0.006029362282081998,0.0072796122317698025,0.0004478391553925221,-0.002159588678781129,-0.007176896212216701
2025-06-23,-0.0006826066715398861,0.0007763511301828296,0.009415370963767789,0.011727980783422817,-0.011870790639545804,-0.0008513318782733489,0.0043262586111582485
2025-06-24,0.0020385393731893946,0.012331446262738263,0.004932489098353214,-0.008729154360081821,-0.004536275922335562,-0.0021847081697945066,-0.010871932411614499
2025-06-25,-0.0029774399656564733,0.00203839882938705,-0.00526438149040678,-0.003316387358775067,-0.013689328176990655,0.005449003634414957,0.0028891505653378074
2025-06-26,0.002324509962394051,0.007977139188008115,0.004771512327364659,0.001581592170904192,0.006517404834723639,0.0010805332275892051,0.013496154305663276
2025-06-27,-0.009776076800784695,0.0014275223900278868,0.007016000106405816,-0.0029837270989307276,-0.015898710715990975,0.006700837307217871,0.001749857713312284
2025-06-30,0.005297609799532322,-0.003513455762128354,-0.005480565059379657,-0.0036200971909429603,-0.018138678502305435,-0.009359496009129649,-0.00979567991979925
2025-07-01,0.0027301770751311334,0.003933824897748195,-0.006803886898217298,0.022415847225834888,0.003915129913422358,6.0021287002611225e-05,0.004861949701059059
2025-07-02,0.00014981187772805882,-0.0058661567387172904,0.0017449118632435886,-0.005721233647149856,-0.03261873690386006,0.0025599543804703155,0.008538630668757862
2025-07-03,0.001591087671212956,-0.006669122917336174,0.009681232723368544,-0.027131983623975932,-0.011567816034076259,0.006057463169189401,0.007688913565445511
2025-07-04,0.0035653724174231354,-0.008347856209233073,0.01240396935195333,-0.05462432927212908,-0.00807085866301086,-0.008140709254375237,-0.01805490668509261
2025-07-07,-0.0032552632282500647,0.001700070833832685,0.0016991010754754763,0.003924032914857914,0.00037965662234454056,0.0026879997603517255,0.0024038671338768836
2025-07-08,0.00047250798623095356,0.0008627303378477334,0.00716379649730389,-0.008434473505552846,-0.001091748024070872,-0.0012136394408513494,-0.0035349920479888436
2025-07-09,-0.0018857989547162524,-0.007619363459889796,0.004787369154397147,-0.012507053036053562,-0.006112212662737948,0.012690318384073038,-0.0064092940236975746
2025-07-10,-0.0021034124943720514,-0.003929987786366839,0.004524115262724557,-0.005541249991469307,-0.0040064355800390195,0.010149297861304623,0.009212693385925388
2025-07-11,0.0020813158913972093,-0.0028677466226402666,0.0007313836870691866,0.012765933772923415,-0.03703519733949891,-0.01591674729533221,0.018804769043934595
2025-07-14,-0.0009320537020443168,-0.006840385426051637,-0.01093655986813415,-0.004683950559801156,0.025204947342089647,0.008238586686356868,-0.0014643243225540268
2025-07-15,-0.0011145687161367615,-0.005449298188212294,0.006320563855524085,-0.023863581935495672,-0.01757771766434678,0.006305824816825717,-0.005621682471379468
2025-07-16,0.007121708364078181,0.0038166739854759496,0.0025480837982069867,0.016201044578891453,-0.005531513582793513,0.003964719948552067,-0.003603146656681552
2025-07-17,-0.0015783499409208817,0.002550044244674095,0.00020569103858215183,-0.04487368370160192,-0.008139718893916775,-0.0036203472304094293,0.006467539646066295
2025-07-18,0.0012134479026304009,0.0030993488371526615,-0.0052146746861349985,0.03245300806886039,0.004368809498529967,0.005760536770692322,0.00040585745782009696
2025-07-21,0.0039984391540527605,-0.00536956402215425,0.0008709320327937945,-0.03931941678379125,-0.005759444350547867,0.012814931717102232,-0.0016134149898556945
2025-07-22,0.0007406359611508564,-0.002194753293180987,0.006561819496189698,0.017615542960432648,-0.010433886526020434,0.004285501093971867,0.0022967926294380735
2025-07-23,-0.00959152300593043,-0.0023009688195089455,-0.0047277425138738125,0.01717596118344355,0.0028546332576783588,-0.014708956168972208,-0.0020601898630534517
2025-07-24,-0.003598558574949312,-0.005346527259714593,0.002118097934472084,0.05522041413822713,0.013838938660613944,0.01223276186018309,-0.0184187607651882
2025-07-25,-0.0021839344402136947,-0.016520442125620368,-0.0030544269352046683,0.005526690765161343,0.008665818891100482,0.008545687850477636,-0.0010997872935120082
2025-07-28,-0.002141487410569536,-0.0044719766507146305,0.0022905149938976296,-0.06110314965885708,0.0091069223934186,-0.010537056991418001,0.01676556330203631
2025-07-29,0.003181649924162175,0.005650720216872998,-0.004128440203789939,0.03565157560967698,0.005064534513731085,0.00981892519278556,-0.012411591356573578
2025-07-30,0.007179270883157495,-0.00376659199400032,-0.004067488673771304,-0.09228006984243783,0.038961070634985426,0.012557917603256636,-0.012394085627230248
2025-07-31,-0.003195207859830664,0.003991892082774857,0.0024422740772971512,-0.011458323174281677,0.0024089727759077427,0.0026915214318350656,0.0021077727775170854
2025-08-01,0.010130262145043725,0.0009703040678213425,-0.009928215175212212,-0.0033820857255380038,0.0028747124802005457,5.4906954341424125e-06,0.0017395830424522965
2025-08-04,-0.006239912330062145,0.006803542809398768,0.0018307917915876912,-0.02770164633117381,-0.011342237076037917,-0.0014812303581050693,-0.009241107906605659
2025-08-05,0.0034867673571402857,-0.007683109037582644,0.011567719547601437,-0.006585102407315773,0.0036166617794854785,-0.010565743535314786,-0.001596848694872788
2025-08-06,-0.0039077878536329545,-0.010200968730940044,-0.0027187394926820696,-0.01702888252265577,0.005256159710015072,-0.0009417770590598436,0.010098545261125337
2025-08-07,-0.0016670416266589031,0.0014982974781351948,0.0027186936219646867,-0.005624388069328589,0.00029222629733465454,-0.0020613014874965776,0.014270467282049386
2025-08-08,0.0059314825893502215,-0.000882063683549869,-0.005234557728109272,-0.005620222738174192,0.022652211691053078,0.0010267564048334569,0.0008692399491732636
2025-08-11,-0.0020568292199172862,0.0020746522083480885,0.013194471376836587,-0.02715989445033873,0.00019677305065457339,-0.0029656926770469144,-0.004181476555549721
2025-08-12,0.0030050972935109664,0.0024862011174490916,-0.006582077583193447,-0.01190045997542109,-0.0057133491022911785,0.0034063016230128844,-0.008010488337053139
2025-08-13,0.002971674609527981,-0.0054848066747953984,0.004877090962400706,0.02414007221020589,-0.00392276133047263,-0.007449152074695346,-0.0030484814652069338
2025-08-14,-0.000870517420688499,-0.00021620783423250225,-0.002678669051283552,-0.10628025196280251,0.0021686414865752057,0.002518252289104459,-0.008532383583693482
2025-08-15,0.010444609379849366,-0.014117408920658863,-0.0009807436783617254,-0.12453522055320583,0.005212659394771911,-0.003044249678252236,-0.008347569680052026
2025-08-18,0.003948596029692445,-0.0010610251816842733,-0.0042886823878039255,-0.0728256103859568,-0.007634951925791787,0.004758806316876061,-0.007952529335146912
2025-08-19,-0.002470077997445728,-0.006982053316438971,0.004673058048353127,0.025070087513309487,-0.007231305825513375,0.014605545918438921,0.007884791486349222
2025-08-20,-0.0010461531988299783,-0.006058964894812494,9.756504245709918e-05,-0.031592362724505024,-0.014805775302383103,0.0018284435644818178,0.026116205030147638
2025-08-21,0.0011529028195668145,-0.0018139315742784828,0.010228141398604505,0.12827337613307502,-0.007025704711574849,-0.004586052038278303,0.01047125197275275
2025-08-22,-0.0011366951238320354,-0.0015414766760989476,-0.00018647005676611714,0.05806713743872563,0.0007139021233520501,0.0022348151235293883,0.011484553990475892
2025-08-25,0.0009646363115462415,8.479734725261143e-05,0.00013305885792521787,-0.06767155111467286,0.007085493893953473,0.005080739919801332,0.0072161002381765545
2025-08-26,-2.1980251775106433e-05,0.005589130518820991,0.004404177959660288,0.014797516771884563,0.006214788009128794,0.007150496453767236,-0.013110657450910905
2025-08-27,-0.005845126958429497,0.0014109615653580643,0.003955345655890955,0.029502291153252497,0.005643524896289992,0.007135605078538169,0.0003633164532068594
2025-08-28,-0.003009883929977642,-0.004242825270455186,0.006193939073388541,-0.033495125769755184,0.0007024050069911489,-0.0025101055061371425,-0.0020968145092021724
2025-08-29,-0.0004619468580112189,0.007054197937844998,-0.008294236876228234,0.0013416101464297043,-0.006312064568215178,0.009764005900422036,0.002760159025651622
2025-09-01,0.006374157638004111,-0.0008595929410750941,-0.0008865758737809136,0.0130206351114559,-0.0009815687250992666,0.0012994111375447793,-0.0024452100367184505
2025-09-02,0.0025183492667277545,0.007038258638916188,0.0012723025331625331,-0.03932547735297571,0.011729551617413958,0.005224452563084094,-0.0035125659596461334
2025-09-03,0.002866694919977764,0.004537582915291197,-0.00454529018627028,-0.005937833702693893,-0.0014323685137771435,0.0006567055188337814,-0.013408011937833073
2025-09-04,0.0032962792153865095,-0.0002717322934903533,0.0060997807181710564,-0.038984892065067764,-0.007932009551319997,0.005911471251447036,0.002939645818338068
2025-09-05,0.01729718594781536,0.00898433200575959,0.001470113046048428,0.049134352523213194,0.003096477719809705,0.0014987850572431203,-0.013801799452461506
2025-09-08,-0.0008726075869152749,0.0023508062674313813,0.0030941491049273863,-0.00304353571917586,-0.006927110877233698,0.004114416398080841,-0.01071047933596074
2025-09-09,-0.00038751572769952554,-0.0025084335928990073,-0.024179495333965018,-0.06924023099728582,0.0020724516036745217,0.00025938409003769814,-0.0031783335185479387
2025-09-10,0.002819143525522694,0.007660716700555463,-0.015170802877473293,0.01365458874779575,0.0055123159557401505,8.659536172467024e-06,-0.0013171029140081638
2025-09-11,0.002488136015482935,0.0022934570470818406,-0.00432813912779485,-0.03958844784986329,0.0036877336259549124,-0.0033216365973743854,-0.008907396890650733
2025-09-12,0.0047823243720017655,0.004631329947202723,-0.005368041826772944,-0.03369776339768634,-0.007163987548904213,0.004226314060897368,-0.02440357654244181
2025-09-15,0.000236801238837215,0.020445876913280155,0.008396144738656484,0.015549378353223509,0.0019339101470546472,-0.01535577147630545,0.000855386476518903
2025-09-16,0.0004997027565795881,0.00434758197908019,0.006713490386135193,-0.03037951073897827,-0.0014760115939865353,-0.0011147999119342717,0.004854605084891372
2025-09-17,-0.007730888044430561,0.000925269988677228,0.007090197580201772,0.032816879157989205,0.004030870657509099,0.007309191837302567,0.0007639202074701532
2025-09-18,0.019207488174042393,0.00294695738082748,0.004447960004599813,-0.00994471054215499,-0.0033670724029129045,0.001219025613971246,0.018071268047611704
2025-09-19,-0.005875810537871906,-0.012763309357017775,-0.0057800146916643725,-0.0199373226030395,0.011770894575413155,0.020275718125306427,0.0015017005010201014
2025-09-22,0.01245963571207843,0.02008566082870458,-0.013974885940071593,-0.08958725169901606,0.009443605074026354,-0.0021700631389113853,-0.007973912292040806
2025-09-23,0.009065351004089409,-0.0083496172561715,0.009468324751848013,0.11038930299641861,0.003682165171547975,0.015420320128835168,0.008059020645271489
2025-09-24,0.004904552081440749,-0.00034580552165488273,0.0005175475902547914,0.017907003977605255,0.006013479869399611,-0.00649573112813595,0.004772535971081662
2025-09-25,0.0013561707699310014,0.0014937964467663268,0.006072174912164893,0.10181070988159475,-0.0020759451214526787,0.006871356381064489,0.00936944157492453
2025-09-26,0.00040109360180008,0.008180440624209421,0.013569634309500337,0.1352282581437256,-0.008038768746658372,-0.001799567373262288,0.0015147805939977122
2025-09-29,0.00016419974215678784,-0.01611696797898353,-0.006784897867430414,0.057287638919542666,-0.0006098697169357697,0.0025842677147763352,-0.005673895098828531
2025-09-30,-0.0035206807885979127,0.002862353565005957,0.014160118068764091,0.05134398117436587,-0.002807861673658365,-0.000884581629414075,0.000651190924196827
2025-10-01,-0.005844332862174144,0.011263282846320163,-0.01207185501760357,0.13222129843815136,-0.012593909993730036,0.0036409029555359677,-0.0057895600759679455
2025-10-02,-0.0018909404650465048,-0.004112511665158463,-0.006525417682454348,0.06933074639792258,0.005915506389383645,-0.004211688194156475,0.0020809636559144568
2025-10-03,-0.0031725773043503663,-0.005001182758388783,0.0038512448661190976,0.06681794757647007,-0.007919687734087659,-0.0026133895977125186,0.002398309196718414
2025-10-06,0.002167522984288855,0.01867510992134837,-0.00860276964685409,0.15635720292238467,-0.0010378835230079129,0.0014417464065363463,0.00326348003809864
2025-10-07,-0.01166838523868633,-0.0016645830825350494,0.00032939170567438655,0.018110739427450766,0.001362295591857136,-0.0002353127310064012,-0.0012599977998437508
2025-10-08,0.005639182643643664,-0.0008911937899212357,0.0018489026956642694,0.019404199071151457,0.004042464793245004,0.0020004398320958667,-0.006687445165396433
2025-10-09,-0.004564980379158577,-0.011721350843623987,-0.001461718541727355,-0.061184011140497235,-0.007597621537324387,0.003400246868952884,0.01616784167697548
2025-10-10,0.0015106063748191964,-0.005037662509560812,-0.012289037788394219,-0.0006890923656365343,-6.038918264127597e-05,0.003987628592998526,0.005808268671674172
2025-10-13,-6.936682144232917e-05,0.005703716432457882,-0.013324487324916373,-0.017529528060512327,0.0023114371487419454,0.002340977710242798,0.0016660019726115795
2025-10-14,-0.0014761558371826368,0.0045393230750353794,0.016087015796419572,-0.009874383763716691,-0.003783873423223895,0.0023404157343564604,-0.004671207988625523
2025-10-15,0.0009828358311409146,-0.0013444017091002011,0.006897723020787134,-0.01307578192442284,0.0005546308453307966,-0.00013019723465745628,-0.004344886161232197
2025-10-16,0.006423236147335345,0.00013771152192738287,0.0011135418113719841,0.02130780953912134,-0.008964579624863423,0.0031900015226744866,0.01676574311262787
2025-10-17,0.009741787950413233,-0.013308811092533974,0.012093432964340407,-0.00013751201848238325,0.005285960864596546,0.0029461697148249733,-0.005529459464456757
2025-10-20,0.004297578857546248,0.00903700438906793,0.004788560957645213,0.044068619919794924,-0.008588950340103015,-0.003118323092776184,0.005031037070600577
2025-10-21,-0.006673767479997109,-0.014046976318244394,0.002769873500374443,0.02316516027576398,0.007593776961068791,0.010664282968257903,0.007272162717433636
2025-10-22,0.004506145709698877,-0.0005102043558276047,0.0005815321106200159,0.04325627679941409,-0.0032201808776806443,0.005709284386463209,0.004241973910964625
2025-10-23,-0.012194013658967407,-0.00584683666433959,0.017856188565537497,0.007583645911017501,-0.004091222972149987,-0.0035160546391352163,-0.0009070124686001069
2025-10-24,-0.0034395556620908222,-0.013342616919021385,-0.010123436517217553,0.012402308586293358,-0.0005978373543999856,-0.004592093548177875,0.001415223506538428
2025-10-27,-0.0005170752857779374,-0.015016808004645497,0.008864404534511606,-0.02344414205664692,-0.0036060649067063575,-0.0037911340202444127,0.005873716727871977
2025-10-28,-0.0022418369624279187,0.0011906282509003279,-0.0006471050168949551,-0.0012218262163817312,0.0015806020436590416,-0.014350650373914052,0.008788618166429124
2025-10-29,-0.001664759543673185,0.009706812904425816,-0.007196990420046903,0.01716609790348296,0.003968040002256182,-0.009870014041405707,0.009279749611741748
2025-10-30,-0.007707651453132336,0.011426267353467821,-0.004877010648772107,-0.011761855291289236,0.005978370891750983,-0.015982899424714415,0.001559164666473543
2025-10-31,0.005139157448979903,-0.0023684335728619593,-0.017955572635390275,0.017933955744945572,0.008572506102865392,-0.002712646205561803,0.0022881716111752513
2025-11-03,-0.011587309687771752,-0.005532025999227384,-0.0007174184461176345,0.004889486945177817,-0.008266421542043772,-0.002913936289941009,0.015255162142125342
2025-11-04,0.007296631696071695,0.01979512766575478,0.00027633452235147483,-0.03938650360837057,-0.0003550525059843803,0.0049329537835517715,-0.005254906604417289
2025-11-05,0.001838367829704748,-0.000940889375065948,0.0064692599080550936,0.03127333591458722,0.0011594849352071245,0.016999310815778823,0.0051719708445325556
2025-11-06,-0.0007199261338638844,-0.003921094986800905,0.0031643463307780484,0.014811498581871693,-0.0051910301280929105,-0.0025513201701024336,0.003936677803891575
2025-11-07,0.0014709187768992581,0.003876096902383152,0.00664117843374619,0.0379640456336912,-0.0032262092949349214,-0.0035920816788603846,0.017572249509011005
2025-11-10,-0.0021400133352064694,0.013770267324496708,-0.0037962598171876628,7.194511771036902e-05,0.004910214920017672,-2.665501128788923e-05,0.004700484233500984
2025-11-11,-0.0002192945947054404,0.00027202836549290987,0.00630976062570627,-0.04335542881673062,-0.0008467865866510416,-0.004622855326502528,-0.011776263369370155
2025-11-12,0.0004695603769429677,0.0022039178400418222,0.010590882393190577,0.020613187610939394,0.003846432938859222,0.010420286541617875,0.00915123224721083
2025-11-13,-0.008058427656303414,0.013491433488853911,-0.010656649373995524,-0.019646003061912408,0.002557341706424457,0.004809557015790633,0.004403746665509947
2025-11-14,0.009318298444896692,0.010976352674084072,-0.009655136106482026,-0.021231008797459854,0.0030483774923988497,0.009751794314269145,-0.00929494807957363
2025-11-17,-0.0021930684360250328,0.0059510360285548744,-0.002153324248379502,0.019648071219718368,-0.004512143119204519,0.02581733500918034,-0.017720453975612373
2025-11-18,0.0012769436946288928,0.00022695861556699262,0.003080727948742776,-0.010016631884281077,0.003241503629493528,-0.006704420126029126,-0.0005158614640236888
2025-11-19,0.003988156824850297,0.009221327867690554,0.0034164339223171406,-0.001982991717512616,-0.001052818461658855,-0.005277793477936232,-0.010134567925312876
2025-11-20,-0.00020859273826089416,-0.0003721704778979649,-0.026856796101742186,0.006756053779348439,0.004954840231759349,-0.004339976261510527,0.004078170725141432
2025-11-21,0.0022341683972122903,0.006960330601621889,-0.0032235446739649013,-0.005891248572217187,-0.0026988558663880963,-0.0028928705683206445,0.01030780659614284
2025-11-24,0.0021111472649362954,0.013630732433259832,-0.012127219114243543,-0.006981128555746942,-0.0034545393910923624,0.002009035910052746,-0.015919229074945876
2025-11-25,0.0007929737928904676,0.004228511015110637,-0.015658293868380864,-0.0027162007491449034,-0.005244027110783127,0.0033467907574415306,-0.001417744930437409
2025-11-26,0.007686102730820742,-0.006732218413548132,0.003842382721375519,0.028367186529305078,-0.002616062535294921,-0.00416029621824879,-0.020046732363816537
2025-11-27,-1.7749886254096267e-06,0.00392574006259853,0.0012345782140613314,0.003434031315994752,0.008534142333031673,0.00021818040543218538,0.029828505987005326
2025-11-28,-0.0018279067932383333,0.0012609366494844376,0.0035953124639342368,0.010428699814986616,-0.006229784980864697,0.0012763375267894927,-0.009204425648381066
2025-12-01,-0.005995573921447572,0.004436578046311444,-0.01027065209436142,-0.0063775918036812025,0.002984271468450846,-0.005666061493241311,0.0077704792744092855
2025-12-02,-0.005640402601279937,-0.0026909551767370886,-0.003527674526806525,-0.005117543483704625,0.012665559356166903,-0.005596464991134292,0.0029782684800760684
2025-12-03,-0.0013185357295136088,0.002094872716327123,0.01119894669544011,0.01911374367556378,-0.0023556427087854906,0.004139997770510977,0.002888005332805801
2025-12-04,0.0022284665026494795,-0.004372547218300064,0.011384861231935734,0.02430460209527767,-0.003246620555633419,-0.0008503671178825399,-0.011149615476084784
2025-12-05,-0.0012114037083535536,-0.009016933009899428,0.004111935869953354,-0.010615098518274052,0.001267369272836666,-0.003333272423728505,-0.006502267786483892
2025-12-08,-0.00234716217400062,0.0030501898238570555,0.01601353872081328,0.017443130872961406,0.0012642161000178467,0.0006962926242176855,-0.04057764305363957
2025-12-09,-0.010525362498277242,0.005941838944765212,-0.011455104949126944,0.004395349261901682,-0.00018082433609839895,0.014721078340067547,-0.044860532231001414
2025-12-10,0.007255307517808233,0.0009993328391030916,0.0037393619396364967,-0.004773142652365685,-0.005636172049823244,0.0067945517350045045,-0.012109694835128745
2025-12-11,-0.007319314919755844,0.008682398999195765,-0.0029015234118903023,9.500865331014171e-05,0.0026270089385693903,5.943448041730937e-05,-0.011522555959309016
2025-12-12,-0.0052669165606573625,-0.0025227338524745537,-0.001426516716927334,-0.0041609906948246265,0.00031935997068184004,0.0036456854435529965,-0.01254200709229815
2025-12-15,-0.00281328027622588,0.011932469067551701,-0.0004919714157468137,0.005985429149891349,0.006122116677145688,0.003774724813278749,-0.004191711909765426
2025-12-16,-0.005087350994775091,0.0035437604439217977,0.002886624035856014,0.0030325384636002025,-0.005773854673921388,-0.01920404098422612,0.009580398489950213
2025-12-17,0.00030464709966521853,0.0013091356936803967,-0.000500918222023833,-0.004168785505649065,-0.0014939048821531662,0.00396260652265933,0.013628556388224963
2025-12-18,-0.005392724734576991,-0.00984343675436169,0.0011372897903950778,0.0033790897616956805,0.0014781938174089333,0.002143388957546393,0.009434742509094804
2025-12-19,-0.0019774044520408556,-0.008673284052485474,0.001440920796596731,0.01042763532827358,-0.002141267210012325,0.010051844391696013,0.008770381711739758
2025-12-22,-0.0020047166796804176,0.00504766076198487,-0.006513727936655735,0.010062585077784769,0.0015731377771857344,-0.0028329277808813087,-0.0027102962468301814
2025-12-23,0.007994828954370096,0.004733344032936204,0.00036875029817508135,0.012479450093533883,-0.0006945460886190544,0.010009626765344852,-0.003960139628569285
2025-12-24,-0.005177597301312152,-0.002890289678711138,-0.002727329066992498,-0.007709140050537553,-0.005463875360268397,0.0023542117070151167,0.0003463203403333876
2025-12-25,0.0018178153807681136,-0.003705550551835255,-0.00030667754217801043,0.02044232341558682,-0.0028514677175434824,0.0018148503461653624,0.003409538817568839
2025-12-26,-0.0036786138338572344,0.008717522125946902,-0.003281136907586369,0.01144084366807528,-0.0011106290675285103,0.012084539133318285,-0.010825052654425417
2025-12-29,-0.0017371178702392704,-0.00028183278195919974,-0.0015080151096311743,-0.013041404173643216,-0.006764641878723037,-0.002849664043861959,0.018643133464195133
2025-12-30,0.0033465474518078286,0.009190350310665094,0.008452321456822136,0.022150126782719184,-0.001129975072516661,-0.004775315727332726,0.002739426394098824
2025-12-31,-0.007615089810540617,0.005908082978064272,0.002987000863054183,0.012937476329190307,0.005312068242376258,0.002560261943497985,0.015271754123878154
2026-01-01,0.0001909232618091261,-0.011952916600178904,0.004412347364265637,-0.017967741595885593,-0.002234754367877994,0.0035795615618922196,0.015688992385252176
2026-01-02,0.0017567333756609489,-0.009416614373771254,-0.0012834451441444774,0.008345468196970287,-0.00260716068949031,-0.004499638099319973,0.04624895865226969
2026-01-05,0.00040364089916891985,-0.0023354899677707967,0.003593710788720755,0.004772915114938554,0.0010007252906615183,-0.00015238447700937868,-0.01646437568246555
2026-01-06,0.005273907087214036,-0.008498862059842497,-0.002496711492156152,-0.018899318695274,0.0021066965726241073,-0.0011874583301674055,-0.004381705295272425
2026-01-07,-7.159146101446236e-05,-0.002269885098492479,0.0011278664860143012,0.006315090947306311,-0.001762061762436327,0.003113467817660992,0.0012928855094866479
2026-01-08,0.004814443300729116,-0.008603868133645793,0.006446222984283397,-0.010583087188638944,-0.0021926516437176862,0.0013788830662768829,-0.02330545664885535
2026-01-09,0.0001949376431706181,-0.006260444444215889,-0.0028091006775282576,0.04090172519523359,0.0017787550932446927,-0.0004770224553594164,-0.0005892147677269025
2026-01-12,0.0035050498651108142,0.016490318926923243,-0.0015441530428418095,0.00932270423010897,0.004341335590885924,0.003009561367202058,0.014030918441650747
2026-01-13,0.0060259018440413994,-0.0005432811615361938,0.005625244400806428,-0.0009143472328459834,-0.003603165514426193,0.0011999937178391851,-0.03487886426126874
2026-01-14,-0.0009009521200136909,-0.0030874732698063486,0.002704268146736917,0.002984879339840603,9.724880452205583e-05,-0.00023858071167471464,-0.008181582006343977
2026-01-15,0.000801734063859631,0.009665113382891584,-0.003071549208827582,-0.0036955738610594435,-0.0036458091412132276,-0.0056897686411066465,-0.0004988938360863661
2026-01-16,0.004323442690961545,-0.002676455706819969,0.0035559067149004836,-0.002772702243285234,0.0015223773640194497,0.008930673400944222,-0.03452176698906577
2026-01-19,-0.0007820519403916515,0.016435672559772803,-0.004233819602697451,0.005166202936505788,-0.005028519395931821,0.008076508599868108,0.02399509141164998
2026-01-20,0.004934682121890107,-0.00019484758409338038,0.013007528554861064,0.0001473289013899099,-0.0038755726135893346,-0.005352111279646163,-0.0006509643124399968
2026-01-21,0.0045394843621097795,0.003056181074342165,0.004548656432458802,0.006204498419534326,0.006464697687441447,-0.01052643343987735,0.009369988036287708
2026-01-22,-0.006226979309538217,-0.0010602285384919818,0.0007443303369938306,0.007220771432044641,0.005807358039016878,-0.005031954780706737,-0.00942512235082926
2026-01-23,0.006598354964755666,0.0006093001836954998,0.0031014700420805025,-0.01960662565635642,0.024014289916560315,0.003653928382689741,0.013934755840955958
2026-01-26,-0.0013516062463184958,0.006876342533955878,0.0021433449173619903,-0.006341988822274779,-0.00011517084111814562,0.002832850851982479,-0.026459498169620246
2026-01-27,0.0025786936232953285,-0.00442001026883785,0.0004947494919793457,0.005629867673726497,-0.014341393784390805,-0.0005577153304168486,0.025397808074401992
2026-01-28,0.003023900440158622,-0.009895329202510742,0.0025560536609635564,-0.008512413462840452,-3.654794496823381e-05,0.00616630456664423,0.017240283133835688
2026-01-29,0.00023729000948424875,0.00039288426969623326,-0.009954899604407362,0.002953028835901423,-0.0030775318014120453,-0.003598089127660182,0.02027968975759365
2026-01-30,0.00047808333728219135,-0.004085052416327128,0.005596887888766239,0.0036107949032215033,-0.004647113825891272,-0.006074888761902108,0.014525480360144383
2026-02-02,0.011780145029672503,-0.012724959240487395,-0.005183295801570966,-0.01153720991707714,-0.01942024821704441,0.0081096186069818,-0.021607144104815557
2026-02-03,-0.002027578040986609,-0.01095780762491922,-0.0015468559373900956,-0.006198922972974837,-0.01232635752949836,0.008202087367459837,0.018717487798808125
2026-02-04,0.0071009055448438595,0.009847633353193518,0.003658048376150529,8.512651421097045e-05,-0.012257252127620057,-0.0006973000785554786,-0.005874323477149498
2026-02-05,-0.0003204218295883655,0.005280719164677005,0.005724741357629717,0.005930718304703876,-0.0014679272398482983,0.0048456950821841845,-0.027797300046411337
2026-02-06,0.00677067080739041,-0.0011545390975955744,0.004223090818227313,-0.006599035138426014,0.0033129798409569935,0.0004178240951606735,-0.00867241328412221
2026-02-09,-0.008023280518796192,-0.008555635530904661,-0.003474273130231548,0.00035489720906162274,0.006793302737416539,0.005809147715595363,-0.009269955779955414
2026-02-10,-0.002426418809565487,0.01770501831028332,-0.0018753070878038045,0.004261901748842332,0.00031362174664108016,0.0050848701118182404,0.02837920475815626
2026-02-11,0.005016568871712648,0.01714761378539816,0.0015080942648885895,0.0060061028275339885,0.0035358354860050736,-0.005672770975843799,0.0010920506947142486
2026-02-12,0.008116963627335516,-0.016386644504820934,0.0020097025959629313,-8.140088822378565e-05,-0.0009808750430613082,0.0026111474055676366,0.035929422741780646
2026-02-13,-0.0027211159993215115,0.014575296229511998,0.011792334625897802,-0.011629311366084126,-0.005680052912748762,-0.0007994209482129957,-0.018116411165257508
2026-02-16,-0.0016403778554056917,-0.018758936151606963,0.0005684389022305056,-0.001959957684892493,-0.0063377937891520315,-0.006939417546515611,0.016634322474663673
2026-02-17,-0.004294948799747902,-0.012525427129123332,0.005975974202696116,-0.010075519855776812,0.0027075049095780933,0.006647019359176625,-0.002210425305594074
2026-02-18,-0.0028035988170102178,-0.012494550901182622,0.0038631923646396545,0.013155178769442976,0.0021733670550679635,0.0017142045374197714,0.003082787570891991
2026-02-19,-0.002126660431791446,0.03365282778110215,-0.004832805935081714,-0.002712303663194736,0.00015650642423381328,0.005807303668968065,-0.01791136911376343
2026-02-20,-0.010707586664493948,-0.004284083804884831,-0.009279819037773937,0.01143190541118502,-0.009844532297139108,-0.0008269774899662827,0.03072069153078078
2026-02-23,-0.003637578482491587,-0.01939320226811868,-0.002061920858940941,-0.0033300473334678645,0.004241267512414412,-0.011801943152774634,0.00851066944541129
2026-02-24,0.003896502994758036,-0.00828831717924769,0.0008657102958515162,0.0005587381111772877,-0.005643448207626521,-0.00461132469679534,-0.0160378012171663
2026-02-25,-0.007983802047845405,0.007989308829155337,0.0016348023119410631,0.0035044295338666344,0.004629885804972809,-0.0011398262629587336,-0.003141875356036881
2026-02-26,0.006471322106923717,0.014610475019101534,-0.003226965694642149,-0.005515683006538416,0.012260834504921466,0.0041491184571187485,0.0065497865909094535
2026-02-27,-0.0040792998209599985,-0.004565229757477451,0.007540453765384079,0.00397426781418718,-0.0002128580073188903,0.003160976814401914,0.004512269377296709
2026-03-02,-0.0020596641487751087,-0.011010837607498566,-0.000282752882996348,0.00830508864890521,-0.0038384279651228754,-0.0015286025774532144,0.000497421389155745
2026-03-03,0.0038706935372454458,0.013840035714633837,-0.0010456347586397835,0.00429174488066411,-0.020669097931620844,0.0004802231696040922,0.005669862974149049
2026-03-04,0.003993815023260863,-0.010246777302393506,0.006647076336517327,-0.01903498916432328,0.004863634949073248,0.0070658373992555975,0.009443212217520015
2026-03-05,-0.01986962954013376,-0.0032449068283923886,-0.00024456636221713074,0.003364739636030927,-0.017310683380166038,-0.005004496215910593,-0.012977928779926954
2026-03-06,-0.014232575607525853,0.0022213741804444653,0.0011335676367657506,-0.014135957424199866,-0.011644809505747363,-7.041412521575323e-06,0.01926365681962836
2026-03-09,-0.008198444227842354,-0.00887144926391051,0.0025275898281805938,0.0034707217451579297,-0.014860707082552127,0.0067606001545731514,0.009895112533437955
2026-03-10,-0.00354565563157644,0.006569816421355157,0.0025733741135446787,-0.023250905216202388,0.013677750819196494,-0.00980388415355019,-0.0018743862792584367
2026-03-11,0.01509719255027092,-0.01318712814035545,0.0003641739132583662,0.0012246072570443456,-0.002205643649798355,0.0005289632933722724,-0.0019831542757388423
2026-03-12,-0.00537805124096916,0.010686723665396719,-0.006494355641210752,0.02277649306135917,0.001758327689998417,0.0007746993578647476,0.023918913128725586
2026-03-13,-0.0049374675469965445,0.0026150018801570493,-0.005435200847661828,0.0038035457790713888,-0.007695504036036948,0.001652902776173755,-0.006258578125470965
2026-03-16,-0.006969768134763595,0.011586099955791573,-0.002234115639602956,-0.028963562734778098,-0.006985892523169421,-0.009549453791953048,-0.010568144905349196
2026-03-17,-0.004533965743002492,-0.0117985703235127,0.010224506982940624,0.015083624477481856,0.006243577709224931,0.014514503936012217,0.0043287875634334125
2026-03-18,0.004821809802194792,-0.0054676869271145295,-0.0069026295023832725,0.012769865351236559,-0.016537340459294097,-0.0035919350400660153,-0.008527034699499999
2026-03-19,0.0034236205668031444,-0.004531606623460907,-0.003329472401364646,0.00477242091188043,-0.007642790075777906,-0.0073990278044665705,0.0008091003513292777
2026-03-20,0.006094625078427297,-0.019697594165320385,-0.006688264664562265,0.004239240331550348,0.0033074118777768747,0.0012373058062725235,-0.005151599398153996
2026-03-23,0.0067607906690263,0.009526926642332628,-0.006093293934980179,-0.005966170224148584,6.567752382729671e-05,-0.009250092871272266,-0.009504102343596471
2026-03-24,-0.0008104728505539256,-0.009991297871025998,0.01240213225031178,-0.008289552661661688,-0.003014708828700014,0.020924863227647552,0.007714077681716934
2026-03-25,-0.00027618736315287393,-0.028553398522341816,-0.002484520334461209,-0.003118328336675721,-0.011702036278057536,9.270205607621028e-06,0.004479784535863865
2026-03-26,0.000272522384485715,0.010746825029311614,-0.0026009784595086285,0.004661412274080958,0.005665562510091348,0.009759313678220912,-0.00740536023364249
2026-03-27,-0.0025483766392814695,-0.0014710988359789641,0.01472375186407188,-0.003431500293142843,0.013298289386062475,-0.023213513696457886,-0.005002688134929463
2026-03-30,0.0011215542554382097,-0.011947148265918726,-0.002459509837746576,0.009805091847491528,0.0046718679167411835,-0.0010394548986241321,-0.0018557654291681068
2026-03-31,0.0012905394224791544,0.021189423225448978,-0.004817179943714317,0.002408622894436531,7.127955452461775e-05,-0.00017411736450425152,-0.001274661276928709
2026-04-01,0.0010199317812400444,-0.006781357881783061,0.012281252409432166,0.0032260225289856095,0.0035951027516452775,0.012026293794651227,-0.0009915618197222438
2026-04-02,0.009614876564491254,-0.0075807567245619765,-0.0048191694383374175,0.009094058371674577,-0.005467956614475978,0.0019736791073698572,-0.017865218253827888
2026-04-03,0.0009487075753505127,-0.010396405547941124,-0.0003226625623380375,0.005697495567067008,0.010711204679407312,-0.008773197184889538,0.007779981802528393
2026-04-06,0.0036878506164245493,-0.0008754614499268426,0.010985537428642464,-0.0004927933795207265,-0.005478971013174808,-0.008394154517547152,-0.007974290659357841
2026-04-07,-0.002780793247680375,-0.011662122778138115,0.005902178565048391,-6.905657657335596e-06,-0.002128181434923895,-0.002920598854131233,0.010541558212253348
2026-04-08,-0.0005907319225101609,-4.327087119021797e-05,0.01286545134134492,-0.002252675901639926,-0.003162006073258805,-0.0032692126234082092,0.00220487349613041
2026-04-09,-0.00937268479928024,0.010750202803421184,0.010418959304409225,0.008959882589415801,-0.002386891563409311,0.000792286539470838,0.007808538465205593
2026-04-10,-0.001852659076754329,-0.0037677310473986274,-0.014119845593385489,-0.012159639770409616,0.013083336772110623,-0.008280463403904613,-0.0012906830908736733
2026-04-13,-0.0006762952892548484,-0.005426879456038576,0.03959241534430332,0.0018602825826602456,0.00666626163819276,0.0032243446550924647,-0.001025719507777201
2026-04-14,-0.0020858869017592,-0.011739455522437962,-0.00931111296536753,-0.01043914345038127,-0.005867359733380187,-0.0009633180051275967,0.001844612679015181
2026-04-15,-0.0019808637311528755,0.0033307990841750417,-0.013926773101259643,0.0018389579740673199,0.003353504779545015,0.017839861785189277,-0.005390997657445816
2026-04-16,0.0017054947671298552,-0.013525768098569141,-0.017250994953780505,-0.004489897854735868,-0.005510578458020334,0.015124885780893308,0.018755636345247392
2026-04-17,-0.0018906020974016125,0.006721689903961978,0.004180894046382702,-0.0018767411093286517,-0.00710078472228306,-0.01765704867990086,-0.011240284921323883
2026-04-20,-0.0030651684983871263,0.000409573147448048,-0.005250101804455843,-0.007580363163680447,0.00036348147149132577,0.029098939608332656,0.007700568866161083
2026-04-21,-0.0026426878141716146,0.006671562337079829,0.005889281905981082,-0.0019107236233270087,0.02317797010532464,0.007871546920182604,0.0031896334525079962
2026-04-22,0.004099765552798121,0.006162776930041052,0.011576219223014661,0.0021143043122063276,0.003010263517811636,0.004381907792329702,-0.01519958736347877
2026-04-23,0.006539692050432178,-0.001869707955658514,-0.0009603443458616266,0.004360146758729528,0.0010669016938748656,0.002694112126769114,-0.006140089291155084
2026-04-24,-0.001362678477466626,0.0006209518200979642,-0.005894460521266162,0.003562012326909804,-0.0022201697369172483,-0.0032111640331803477,-0.005850242921229432
2026-04-27,-0.006928269739202739,0.0026464966975216723,0.002475395238426976,0.0008558203057287207,0.0030787690642466326,0.008686095872373166,0.0016607402946400322
2026-04-28,0.0037735895160784325,-0.00780059068846566,0.014237856372049619,-0.0030894983828009003,-0.006491815631817772,0.003600683732765149,0.0003769877780870358
2026-04-29,0.0007744710603035977,-0.00011108594405676168,-0.003930150464070508,0.0008314394400558447,0.004382602331882868,-0.008885273639643521,0.00832215099372829
2026-04-30,-0.0053979846254339275,-0.0031376349001944236,0.02357045207386133,0.006491747638521452,0.006538855605298485,0.01206589305276486,-0.0037170519256388397
2026-05-01,0.0006792915284759535,0.001373697965107995,-0.005141287861614566,8.952407894205391e-05,-0.00037877156798331226,0.015964475788352972,-0.0040516810497645845
2026-05-04,0.005943401362675952,-0.011103299796912889,-0.020484120858530925,0.0015891717609946613,-0.0013145549371404869,-0.010138939561274424,-0.004926774973696997
2026-05-05,0.0036099618280891472,0.007287908210956095,0.008402023822158648,-0.0009268563849839529,0.0018129172712385644,-0.0009308658725544247,0.02675156567561306
2026-05-06,-0.0036018944454436065,0.008778697673424297,0.00922852627658614,-0.005154377031527811,0.00293079908594336,0.0004243702921539714,-0.0016063303165934693
2026-05-07,0.0005590732749683686,0.004184397267152934,0.0005741352705589136,-0.0008406206711128419,-0.005568388758714291,-0.013143150092273247,0.0024246401031755554
2026-05-08,0.0022524939662513102,0.010098291697303998,-0.01418169526511761,0.001172808456978111,-0.003302007993926173,0.007366699872391256,-0.0015850041839061664
2026-05-11,0.00514009385570713,-0.0002132281821697578,-0.014708780820985928,0.0030622805115321982,0.00771116107390233,0.00022323281839674956,-0.0011740461099368777
2026-05-12,0.0054054103836892586,-0.005310883190260186,-0.009368017186284239,0.008747323718803428,0.0014323516709832272,0.0026058231065056343,-0.003059961512557083
2026-05-13,6.631798210325104e-05,0.0006598727050226459,-0.00046103685578728425,0.003531688060763794,-0.008283267538680557,0.0032533613552763476,-0.006134898446546013
2026-05-14,0.007537454904421854,-0.002681963736020778,0.004867952976233607,-0.004094952460395344,-0.010561726631176719,0.005150237300162962,0.007087791698418281
2026-05-15,0.014444024564940363,-0.00015722761109412576,-0.000848854061221355,-0.00841214824924396,0.0016953143131948484,0.0009450934874408373,-0.0038575207302943447
2026-05-18,0.0021008547741560068,-0.006308065922868722,0.015088410485286679,0.005931771167666057,0.00415614840528536,-0.019357022806344774,-0.0029971239174911447
2026-05-19,0.0015153390354338556,0.0021709791598285007,0.00332573732008376,0.012823485061947207,0.022182657425667586,-0.006001310320414946,0.004675510048279922
2026-05-20,-0.002873588686782166,0.0032863522440304623,0.005810982608624024,0.00607600356116763,0.0027199425179801127,0.004315272231669149,0.006391335947859473
2026-05-21,0.013832873898039165,-0.003570081885272667,-0.001595599039715983,-0.00030538377350818264,-0.007993710389584456,0.007626582857900702,-0.01001944900244561
2026-05-22,-0.0030105898160500324,-0.0032637444426733566,0.005690867684451241,-0.004300054189005156,0.007370498035983999,0.004027238687858511,-0.005006365354416858
2026-05-25,0.009478062332542407,0.009058513069731336,-0.0030851074568433406,0.0066569874208725725,-0.013483486975717364,-0.011938876485120688,-0.006073955552661614
2026-05-26,-0.005586952402501906,-0.00977103450217691,-0.006316512523315383,4.5941716767847955e-05,-0.01017987922434311,0.0029678236849041903,0.00033904386733502235
2026-05-27,0.007027876622269877,0.020633242258561824,-0.020486951330626686,-0.004846891834228383,-0.006695824841702107,0.0016795058381359248,0.024984085558003025
2026-05-28,0.002524946707357093,-0.010746107054614196,-4.324526848087963e-05,0.006663319427334773,0.009331266572587395,-0.0036310512381935566,-0.005365018200013241
2026-05-29,-0.008327356084949541,0.01160689567944216,-0.020545367336668872,-0.00414188625680279,0.002410036482406626,-0.006803612814074801,0.008483364239879106
2026-06-01,0.004298531073885785,-0.003239821865863965,0.019390604758794956,0.00148919702817809,-0.022306575705327385,-0.004984727882366197,-0.006763923164049426
2026-06-02,-0.00978348595842597,0.0036050866528595455,0.007178911600367815,-0.0011220447803463062,-0.001372050324749559,0.006332440641661467,-0.000665610236283516
2026-06-03,-0.0034180484416445078,-0.000766793257213411,0.0015181571580806358,0.0034633289416944775,0.0015166171963228758,-0.00938634470992116,-0.006567897643226869
2026-06-04,0.008500177640082887,-0.0019233165557189886,-0.011505453839237848,-0.0032393153632961236,0.014155535016012627,-0.002895078033753361,0.026967737563570186
2026-06-05,-0.0035267008301440752,-0.014965662904919486,0.011142828788579114,-0.0008972424981302386,0.03952741418756906,0.00895407407360951,0.017611844682280105
2026-06-08,-0.0018916673768068855,0.007326060726477036,-0.008213004109760906,0.0033152082791350606,0.007108157985983178,0.0031156623322781568,0.016524723448094754
2026-06-09,-0.002544150926891622,-0.0022930905461464477,-0.014510444289198345,0.0013703244312130028,-0.014645299164371257,-0.006520273249813133,0.0033458226908216118
2026-06-10,-0.009075404864834455,0.004239640154798598,-0.010061630771852447,0.001069718314190517,0.011126661002319493,0.0021911352024127856,0.005599905583052444
2026-06-11,0.005690831624308645,0.0026927221736244436,-0.005879714820339985,-0.0028490398561400528,0.0037282153190545766,-0.00949915312250937,0.010529481948585724
2026-06-12,-6.053551155546072e-05,0.006503247419423119,0.0010957428328021743,0.004866701523635386,-0.012292638708266234,-0.0022510880694851403,0.009554879578813076
2026-06-15,-0.006623255683615106,0.00421902074405533,-0.001419182848684037,-0.011145871063555433,0.0012029530313721283,-0.00641222059494597,0.007865113271570568
2026-06-16,-0.00557335409429431,0.003531909000392814,-0.0005172831774612512,0.00622927459829913,0.002267416563553345,0.0187190327954791,0.017309876343484118
2026-06-17,-0.0032980495334174157,1.0119742081704545e-05,0.013345146289147588,-0.0037777354859170904,-0.015959102837309058,-4.47522768601763e-05,-0.008781558581041007
2026-06-18,0.0064764695649382085,-0.0017731458193636941,-0.009792681341402813,0.0043567345606635305,0.00019133606024543154,0.01241610961128166,-0.013210685624404259
2026-06-19,0.004252653764615011,0.0012067129142980877,-0.011022193427744896,-0.009957646747562235,-0.003872668563727271,0.004002680212234917,0.007886845893476133
2026-06-22,-0.005859926009285287,0.013988221417760863,-0.016677807896411562,-0.0034047400403220524,-0.0003781586539251452,0.0011739267690222092,0.01046352444140548
2026-06-23,0.006435887149327948,-0.0030249500759467443,-0.004191952113755113,-0.0034817023006041294,0.009357881202541636,-0.0023697935597512313,-0.015234314111168514
2026-06-24,0.0009005747520510627,0.03376777061334029,0.011332696488802144,-0.0007239244598783092,-0.0008987683296178507,-0.007057790961842315,0.012983873824834891
2026-06-25,0.003086265450733259,0.01833733344845437,-0.0057345124704104656,-0.0060802471685769514,-0.0016331064998205641,-0.0011405225310552336,-0.0037802903760093803
2026-06-26,-0.004776921278563438,0.009324033450554608,-0.001361928676320042,0.0005246181949257844,0.004452395650631957,-0.01233461995251958,-0.004781639652660005
2026-06-29,-0.0030596098368266475,0.01276736041740894,-0.006782078000359827,-0.0032665550424723494,-0.0002818043358923415,0.008323333020163415,-0.012952991699202292
2026-06-30,0.0014156903729397872,-0.006076606554035605,0.006140950484563809,-0.00091739365991032,-0.0022966433892853194,-0.006624022751672924,-0.008441193176548914
2026-07-01,-0.0021696718301677104,-0.006371827730257338,0.0005857643782814868,0.00010711954755125607,-0.0053060742130534855,0.008546607162783994,0.002911552089948042
2026-07-02,0.004145941026294532,-0.011062827459222746,-0.005693472190032836,0.0051947379296367596,-0.0004986584266825145,-0.0055482126030749306,-0.009527994563903438
2026-07-03,-0.008743057344808852,-0.00195046033580762,0.0004307733482571061,0.00030061672398139667,-0.0012765070389776664,0.001381126921676213,-0.02162345315310081
2026-07-06,-0.012164310988912236,-0.007894897087633777,0.00926974422140784,0.003459597411810103,-0.005114867518367214,0.005203369629184058,-0.016668030147530762
2026-07-07,-0.0025611276015640207,0.014787096099802105,-0.001413562125009089,0.005389839685638524,0.0006838447015543496,0.0018764336319376381,-0.00737165728325432
2026-07-08,-0.0009259149859443997,-0.0011139229209443096,0.0004306940024774317,-0.0027051301498310343,-0.0006399571642158945,0.004907609728189105,-0.00030095740971092293
2026-07-09,-0.007924658136121738,-0.01177600209752422,0.013277152722659072,-0.005529975952803226,-0.010469524060287188,0.004287905545721533,-0.007533024043195612
2026-07-10,-0.007169234281230195,0.0018612327878262207,0.002196530907267238,-0.009027044704728418,-0.005318710913123989,0.013332395455068823,-0.02736755308884125
2026-07-13,0.004826893329980154,0.0038188781404837244,0.009534970821451718,-0.00785940849718963,0.001656083020652314,0.003243826137186527,0.003343209380676477
2026-07-14,0.010700915025463307,0.012317358469818605,0.011956660341100515,-0.006838649407271319,0.008756796430319028,0.0034605551896006157,-0.020964953300043613
2026-07-15,0.009761416134863695,-0.012821624666306817,-0.0034453978150739556,0.0027255020018702577,0.002177263212148614,0.005070186788553407,0.013995179189461086
2026-07-16,0.005399262070066706,0.01535575131611199,-0.009322704228425958,0.007820369361228206,0.010721231432895207,-0.0009387176401097426,0.007494803136568238
2026-07-17,-0.006793414497586474,-0.003493884689992958,-0.0035496050808302903,0.005423947217186953,0.0015313202823675333,-0.003942958247690303,-0.00979097218566669
2026-07-20,-0.006874707441625136,0.016416342247604878,0.016614613261064764,0.0010533401996610922,0.0034408945466727287,-0.003160193469641421,0.009955344318410672
2026-07-21,0.003732803614116103,0.0295494626731755,0.013629883489477418,0.004469125029535363,-0.013104305365057014,0.005441028266474816,0.006298444779277531
2026-07-22,-0.0045518246643457575,-0.007217338768870631,0.020965591746664947,0.0035586513333863783,0.002701522312337405,-0.009280512995728843,-0.012459507480715913
2026-07-23,-0.0030765256447305555,0.058109170214398057,0.014179675929248904,7.086884613381323e-05,-0.006925436618761513,-0.008381682219969426,-0.009528174352115459
2026-07-24,-0.0038247006380763135,-0.00882983081462281,0.011248592457050748,-0.005815390444829616,-0.0008370445070218967,-0.006189485184016546,-0.03273352411690489
2026-07-27,0.006312601988694898,-0.010661731954711696,0.003992719224645877,-0.002781086544331276,-0.00014875098556191377,0.01441899229381869,-0.011977975816031454
2026-07-28,-0.0002944321754103635,0.012765107621663434,-0.0019740998382738223,-0.00992043524438483,-0.007378374797206793,-0.010977116609079487,-0.017228653962734822
2026-07-29,0.008801484276638367,0.013778750897742473,0.006458424059690306,0.005497628206436285,0.015065608214532861,0.0017323817081651863,-0.013974183888561264
2026-07-30,-0.014986758147795537,0.011517372619260308,-0.001133615083165142,-0.010940223511338013,0.009511448732927074,-0.011745088082714841,0.004957333031390082
2026-07-31,0.0069957209225321,0.020523339186076288,-0.022524299744778528,-0.00024235137937543083,-0.0012172675223247574,-0.002923959255010618,0.024683947334657227
2026-08-03,-0.008845997053967243,0.007772793417731673,0.020412120657956542,-0.006215972233303696,0.015166630905957417,0.007078318395194546,-0.004678788422943082
2026-08-04,0.00605042622690449,-0.006806164410591044,0.00642228910417324,-0.0021218691636644485,0.0016131433615438901,6.120621547203172e-05,-0.013330608458903598
2026-08-05,0.00699297782727366,0.003669395163304258,0.0023287676249875012,0.004685742074479574,-0.005158408871885474,0.00783165160379964,0.022906363170449952
2026-08-06,0.021264973695355807,0.009749084198619948,0.014872595465429359,0.0032405220432556,0.0033245609019036462,-0.005257071225134451,0.014851179079658942
2026-08-07,-0.003101240315054174,0.00985305125913622,-0.0061754953829379995,0.007315440514892992,-0.011548879515244052,-0.01190173832453219,0.004246943894892193
2026-08-10,-0.0007854777452081995,-0.0008602236237767361,0.0044833103538116335,-0.004498631534906015,-0.0007434049280306452,-0.00492239850197157,0.0019865344702313234
2026-08-11,0.008880476039221829,0.0026634935969288725,-0.0011427033590170283,-0.0018939679786375732,0.005030979354215252,-0.015123997104470972,-0.0063395520217017455
2026-08-12,0.0036664435603510166,-0.0022832708615619325,0.019280856385776805,0.001454721781941605,-0.009754647045746754,0.0016966465288827503,-0.0008405534544798244
2026-08-13,0.010652112487370828,-0.004087619611141188,0.009073665673953069,0.0037966793180209783,-0.0014609038183170022,0.0038931988039153267,-0.003176114298216919
2026-08-14,0.0014681059623383287,0.0025717332185690492,-0.01302936889418238,0.005664035460267895,-0.007880328122760199,-0.008037357194190495,0.001853651982134669
2026-08-17,0.000858478500481956,-0.013502019887876106,0.015180014405062179,-0.00487064852554204,0.012406635029836263,0.004159325910248536,0.01692578762099108
2026-08-18,0.0020171089929563197,-0.011228860816231692,0.0013597644197993364,-0.00235841950429972,0.011076873041621273,-0.0037393077227542673,0.013359271735925608
2026-08-19,0.0008373279606183144,0.008361066376267021,0.008683011043648934,-0.004557269701679902,0.013109421590271156,0.013274853580122987,0.005339037846124759
2026-08-20,-0.006987283801749659,-0.01173554607197954,0.0003262380200999525,0.003974183803533769,-0.0010849138267321578,-0.011004028337188377,0.005211617541229722
2026-08-21,0.012043956468240802,-0.00864949074491854,-0.013529200181080748,-0.0011881168908392447,-0.0009551007635693025,0.0022009408329132034,-0.00219204313590024
2026-08-24,-0.0013637176503005248,0.004462398781720685,0.013926496786317466,-0.007312587792907337,-0.006541677201966917,-0.011748170163851756,-0.0009098955702100765
2026-08-25,-0.0008191138527901148,0.0006358431807145664,0.0047202004272790445,0.003521094074219522,0.0006143141512371229,0.010461646252042408,0.0010564544317387078
2026-08-26,0.004979307022863648,0.01718627082265281,-0.01130200664214171,-0.003925497808967047,-0.014369026241134838,0.0020749397221261727,-0.010101158817827074
2026-08-27,-0.0013364449386248246,0.004216033341223575,-0.00020116972184766656,-0.017214249654913704,0.00872527793096543,-0.0010524768386436796,0.005243013485292967
2026-08-28,-0.001403509963018311,-0.009626070494221083,0.005590943795065712,0.001004732328837586,0.002828888308991896,0.007151429255704384,-0.017137245088731462
2026-08-31,-2.5049079765948807e-05,0.003696682366697911,0.0013804794779945205,0.003660022624127294,0.002704755917311538,0.004818665366241414,0.006130601939192465
2026-09-01,-0.006834016403307584,0.014791783888280369,0.00818082483121242,0.017112132008234585,0.00010521333196596878,0.0010574893634237759,-0.009846897687333806
2026-09-02,-0.0001352802871146062,-0.01693030110665116,-0.0024711379877214944,-0.004703468032793843,-0.013265900967921272,0.006874600423963711,-0.007386171805418258
2026-09-03,0.0014288513014599573,0.0024358141969066673,0.005114755243010121,0.0044189664688482145,0.004878336356465119,-0.0013148982311746008,-0.003941244614308594
2026-09-04,0.0022083887818498027,-0.014716123578995962,-0.0019396982642154756,0.0004206552761597178,-0.0024215601885941946,-0.00036047693502364665,-0.0017895078494349894
2026-09-07,-0.001895174094404944,-0.0028239047666751586,0.003538520874979339,-0.0015118706912309147,0.010670734068733853,0.008552801872903897,-0.011700222941001915
2026-09-08,-0.0024560784788407656,-0.005349232402489881,0.002188384705724423,-0.003379922304633432,0.0017074510928515709,0.0004486804233778202,-0.002583714198372022
2026-09-09,0.00025785258119009424,0.022730068202719188,0.0030737138415410092,0.003781444309367956,0.001762497014609255,-0.005511162343300004,0.010030848792185255
2026-09-10,-0.004229523344277847,-0.0004914336739875757,0.00328319638538848,0.003942410829897405,0.004412441995675913,-0.004875812494611451,-0.005577978980255611
2026-09-11,-0.0024044839381422594,0.002908192154475176,-0.0022522042589301345,0.006499050063200526,-0.005096894108385455,-0.006597806730552808,-0.012530471625954217
2026-09-14,0.0029672666569356635,-0.008006337120662026,0.002318215918529126,0.01014413105527905,-0.004683670939375155,-0.004428866919603469,0.007228440552552161
2026-09-15,-0.0013537437834950793,-0.006471542092748796,0.0043132730744703815,0.0021380485788979006,-0.0044036798491707396,0.004124849782585764,0.0008485157571955897
2026-09-16,-0.005481421222470784,-0.004925773781026122,-0.0013836980110085856,-0.008264468849219359,-0.00612697339495924,-0.009825187926486125,0.013490161582466607
2026-09-17,-0.0005225093584782258,-0.01082732707180594,0.0023568195350324515,-0.0022076107145237293,-0.0024859206976443927,-0.0021004550763379496,-0.01002446009541907
2026-09-18,0.0022366657270992906,0.009228878158749463,-0.0075058490665824255,0.004803631645897251,-0.0032292243999299196,0.003413008309362173,0.0007861674933042039
2026-09-21,0.000164694673601163,-0.005742311011270581,0.006622989149661848,0.0044005234484715975,-0.0062542201533206596,0.0014704609660319533,0.01192431559994855
2026-09-22,0.0007842113036984462,0.005585380817995771,0.00704606882245619,0.011747717256772865,0.011436441324150299,-0.00485113324765237,0.004145186879370076
2026-09-23,0.004177817541300874,0.011686271060439998,-9.344318684512677e-05,-0.014966654900644093,-0.0037777094177924436,0.0035784760342165416,-0.013733016637306875
2026-09-24,0.0040623606289739225,-0.0018208844468157713,-0.015240590397286159,-0.0018972313782424485,-0.005711780086621824,0.0013229909785854568,-0.012965068041506964
2026-09-25,-0.00018472126449871072,-0.03090301579837547,0.01727821044119528,-0.00045932972049637726,0.001473135258753503,0.003120322973602545,-0.008062207763965745
2026-09-28,0.0019605320022229905,-0.03205026972717022,0.006535362079794115,-0.006667732808947977,-0.002069881554747189,0.004663402151747286,-0.009821628320182175
2026-09-29,0.0029504946248285887,0.005863557229118691,-0.004196737227433172,-0.00804728703112546,0.0038245739913530374,0.008244417835165045,0.0016969056197540689
2026-09-30,0.016131635326338697,-0.005414502977184501,0.002501783793293043,-0.00043034330895355016,-0.003223997959752319,-0.008953528948005395,-0.0006075395999207233
2026-10-01,-0.0003891082003581814,0.007145838897806761,-0.007485974244401565,-0.0030416666307137917,-0.0019250836480830859,-0.0031545526756584534,0.0039774164198469455
2026-10-02,-0.005241548903812945,0.023521137038022475,0.013109673153548081,-0.0037341325395035775,-0.014196293783609992,0.010682773110317123,-0.017238271256104484
2026-10-05,0.010891319545299618,-0.004541643510137424,0.009775696427052371,-0.00263096462839742,-0.0017020823459254451,-0.0015642255818474897,-0.01594754305440393
2026-10-06,0.01403698524110903,-0.00343184077583292,0.003436598854681202,-0.004257960444760147,0.003641636244701311,0.0005933273833056772,0.02316869303573012
2026-10-07,0.0019629466302877826,0.010922612255411544,0.002117147189425093,0.004706523726304582,-0.005452737271023675,-0.0010490618761345668,-0.0013453900777076091
2026-10-08,0.00016134878205850624,0.025531491786520057,0.009659998202674422,-0.0002875570914664398,-0.0017074314941655211,-0.017842218109399746,0.021923195993748548
2026-10-09,0.0012181517571852741,-0.02445855146869212,-0.020145705744648832,0.006143444009962896,-0.002311493895537517,-0.01874903024407005,-0.005091317051217517
2026-10-12,0.0013569510209743242,0.0005562035103068153,-0.0025988641223842358,-0.0074653511772765175,-0.004904183641759438,0.001980340568783456,-0.001758174700241431
2026-10-13,0.007826609296690117,0.003754321359194135,-0.004644019600963352,0.001941201219702666,-0.002949959849057117,0.006515915570495301,-0.006108008467923549
2026-10-14,0.007829418098080741,0.006175471051679305,0.015537987424443777,-0.005648979807985662,0.0032630841882692768,-0.009956243422182787,0.003992430484544271
2026-10-15,0.0028439244817812445,-0.0027751407831403297,0.012960050301514578,-0.0006941963054761312,-0.0007928885969860279,0.008544560750946749,-0.0052127485357091234
2026-10-16,0.010905180194827398,0.005112695670283573,-0.012284459114216944,-0.0015586342643612036,0.006556662389759763,-0.0045660642312920045,-0.012411501114465696
2026-10-19,-0.0067737175086550454,0.002401241747539099,0.0004536893077781608,0.0033295740176209386,0.008060948005187732,0.0011351897896984145,0.01460712409222336
2026-10-20,0.0017023821225760792,0.006594901601173939,0.00014093226365397512,-0.0042763389911506635,0.0004778554379497704,-0.0020232344425075736,-2.0252262594118517e-05
2026-10-21,0.0025352067278516135,0.013792416460298749,0.002613213603778308,-0.005738648514182022,0.0023512737937049196,-0.014550877636455808,-0.003839002559101492
2026-10-22,-0.004656476275814086,0.00016119756584133122,-0.0024695271927539396,-0.0014930383493564248,0.005866385775909243,0.006963698900915575,-0.00352626384067543
2026-10-23,0.00591947223327604,-0.008275797303017637,0.03438210717809564,0.00039800366381375306,-0.0006364241637770957,-0.013035228013969825,0.015041025585661656
2026-10-26,0.005616417639363118,-0.0008442238239761214,-0.0029594801146757303,-0.004168227540981483,0.004831555013745353,-0.005191038561016479,0.003940375824771371
2026-10-27,0.0052090021774738844,0.015683873527482545,0.005921178276137731,-0.0013402416903103783,0.004250347988839474,-0.007310396838189316,0.006623251617720578
2026-10-28,0.001127669645267539,-0.007241642986906007,0.0031910181551495363,-0.008214714696482061,-0.0030583687684381682,-0.005707015804576415,-0.0009759259137326785
2026-10-29,0.0004685441353312774,0.004964003986514318,-0.016785647633526052,0.005352661095669931,-0.0017009570946973742,0.005348596543050078,0.004089077245237323
2026-10-30,-0.0012349458663258673,-0.008420568815346032,-0.00820349311706882,-0.0010616721977072584,-0.014051725513830542,-0.009076962682691966,0.005475734492953987
2026-11-02,0.0131697308083237,0.0033691777418310837,0.012403316185739578,-0.01157238540358915,0.00863990761935877,0.015295752748506256,-0.003631964734928845
2026-11-03,-0.005225925997334258,0.010111708048689284,0.009741428828693532,0.0005935445187708367,0.0025063201933148557,-0.020760331957403007,-0.0033181015596284264
2026-11-04,0.001608658157756844,0.00138421718748392,-0.001165317009097482,0.0012568838944994794,0.002394091866770776,0.0008959636266326753,0.004705011036268408
2026-11-05,0.009768585219274104,-0.0005977364332875403,-0.006402416818756018,0.007029028508187101,0.005520993237238911,0.004814546112878095,0.001936467027402222
2026-11-06,0.01094889819064283,-0.005689752445888159,-0.00264497144790889,-0.0026968982499653705,-0.00278612259022817,0.0054514231027855435,-0.004703639922197993
2026-11-09,-0.0024683913535021246,0.004814816016612139,-0.001831927485202471,0.0012532616217379305,-0.0005925380857956691,-0.00569728766717057,0.0015780137729775536
2026-11-10,-0.0007989482358902605,0.0017202938678735722,0.004807827107047256,-0.006970408220630586,-0.00649099795955978,0.010321945191883179,-0.002085460881607655
2026-11-11,-0.0034796421879690733,-0.01304479394655004,-0.002628182278671855,-0.0027379358984031396,-0.0005948813391877961,-0.004832775544334133,0.0025618585860582906
2026-11-12,0.001227045763854876,-0.010914919184459675,-0.01162666834113676,-0.00631785317890721,0.008225598564998764,-0.006374479226627413,0.00035317761495779447
2026-11-13,0.0035584773346642325,0.0008846731569790972,-0.0017980301913453687,0.0009939613007059886,0.002756137043610873,0.007735909866470413,0.011619398641075269
2026-11-16,0.0014961969890974819,0.005390402097668477,0.005130245620195734,-0.005065861283011314,-0.0007634229498006061,-0.004898560670188385,0.008374743955287369
2026-11-17,-0.0012424935024979334,-0.004235405103374383,0.009540159736826764,0.0008546445190446482,0.0037252366825989876,-0.008228758852000712,-0.0038739382467641984
2026-11-18,0.017151475057930965,-0.003672692465413751,0.0005321028764901578,-0.006138831255599447,0.011832334092982661,0.0034356836899007252,-0.013611187182373695
2026-11-19,-0.001871747651164537,0.004007245983554074,-0.00300149541711017,0.0009218050935605506,-0.0030776289555457313,-0.0028115894375186014,-0.0005123394503615919
2026-11-20,-0.0036315111375788568,0.011380717655049848,-0.004935457285227116,-0.0003175359893815328,-0.010607515439097786,-0.008288372852629027,0.005456880547484255
2026-11-23,-0.0005786030375540406,-0.0026857345762288107,0.014903581794554938,-0.0004916960564793301,0.00523147523623018,-0.0013104260671684398,-0.00115127129127216
2026-11-24,0.003512640951526147,-0.0031263830402891227,-0.00322756374518187,0.005112012534583589,-0.02181656689378737,-0.00024759590269680693,0.0030088341747091444
2026-11-25,0.006961482930025253,0.004834523510279282,-0.0017304460128642666,-0.0024281802444700994,0.018508480435125214,0.002777451110291515,0.008778630045911943
2026-11-26,-0.001816629319111383,0.0027708991775599583,-0.003463174460033093,0.002190008254471317,-0.02699435548956055,0.003083461610013454,-0.0016240594872068523
2026-11-27,-0.01050743884767688,-0.00803681431881486,0.016172060420989127,0.0015959983981251658,0.010856071571988823,-0.004509764434965508,-0.013458430887310687
2026-11-30,0.009186662446086102,-0.0025875866560979917,0.002408530896402209,0.0015825060494610052,-0.007008030985908809,0.0010376444724294164,-0.014588152961413957
2026-12-01,-0.0031052110912695246,0.004763143975573455,0.01535196889441179,-0.0016106035782160863,-0.0025829144421410616,-0.01027916638545272,0.011116883543383709
2026-12-02,-0.01846311374133684,-0.002931140839344991,0.004088672734121088,0.01117543439238488,-0.0388145307314246,-0.003973299249420115,-0.003245951836156262
2026-12-03,-0.007312291089936879,0.010416498772194359,-3.209836485137239e-05,0.0065146866435564785,-0.015261786364843183,-0.0026363542047144256,0.006209530884504573
2026-12-04,-0.006309195217578841,0.0017590739224057216,-0.03316140319251192,-0.0022170217733475752,-0.0016735404148375418,-0.005725014197316269,-0.0012217196612471465
2026-12-07,-0.010307974856164704,0.0014990021134223092,-0.006782660736708274,0.009943420654587453,-0.004167079185830151,0.009238266695121906,-0.00874351712910845
2026-12-08,0.005259953998627352,-0.0025558815126327833,-0.00864402550473025,0.0003595832960225729,-0.017731955424681124,0.019086372389518838,-0.008072130686617468
2026-12-09,-0.003699055032342303,0.0016216219849541878,-0.0006489709571750979,-0.0002570374652366154,-0.0013894839487358698,-0.009016115615487817,0.005773437479968188
2026-12-10,-0.009593564102424085,0.003384687204162532,0.014680633547082657,-0.0014391370644997517,0.016822752247246258,0.002269784289638698,0.0172095367510138
2026-12-11,-0.0035210012965194155,0.0001350812199864605,-0.0014790952672551576,0.0005597676345158179,0.010176474098546474,-0.017162014966248654,-0.0031453521254088293
2026-12-14,-0.015934720342213108,0.01639045883647771,0.03727411240694428,-0.007577531297948159,-0.026229901579224266,-0.004521009479235562,0.007455165521729718
2026-12-15,0.00996024583223564,0.004723495664010416,0.005543499072829501,-0.0020769376557777334,-0.004009418360912074,0.009978962889168578,-0.00969353688322271
2026-12-16,-0.002238068885977098,0.008130604659585107,-0.010049923537934461,0.017228936261541403,0.004253837586504376,-0.004788294499767198,-0.011087583918097589
2026-12-17,0.004021207777232589,0.004874150547556576,-0.012344975346532987,-0.003543853356704059,-0.019307497384678757,-0.0055575019066812,-0.016668741641733962
2026-12-18,0.003248284794859828,0.0020214372744086387,-0.002878597334316204,-0.002663229667877739,0.005506506741767201,0.007776023032386431,0.004835987338274132
2026-12-21,-0.004959820481511659,-0.004779884288519062,-0.0023393621306739545,-0.007535450306446137,-0.005113870302469874,0.0039789244402692655,0.01791884619387667
2026-12-22,-0.0033597355146141607,0.0029934697007360264,0.009804625414987247,0.0014747794815121987,0.0010922916093658941,0.006630982665066179,0.003283203521512242
2026-12-23,-0.00674568466599902,0.00619438462217564,0.004345584844799904,0.0029645330078053827,-0.011766702567233446,0.006818368467444889,-0.00893546128635953
2026-12-24,-0.0006130632820395409,0.012100654485361342,0.0004994675402122998,0.0008067108616308459,0.010815935931524323,0.002360622447254872,0.011829046037037931
2026-12-25,-0.0001727238425476635,-0.006376879056643899,0.005339443858217043,0.001263400917843492,0.03999706005059083,-0.0006327636340602613,-0.01397253629206667
2026-12-28,-0.0015146203207905182,-0.007254272637602858,-0.010258019070938004,0.004578975186761912,0.0031040136642426952,-0.002975206632830217,0.014101627705009933
2026-12-29,0.00674216904326576,-0.02612224781207666,0.01782489737808553,-0.004304424568309753,0.010846438259796368,0.003003441474299499,-0.014415282410585208
2026-12-30,0.0004370552456015286,0.01213846659735122,-0.0015597832867327742,-0.0036767233528517893,-0.03744289306604465,-0.0013506208450274186,-0.0009615254781438297
2026-12-31,-0.003080290350618853,-0.0002509427110285995,-0.00220858540751137,-0.005124300135067425,-0.00822365549686311,0.00044430677764064377,0.0010001623103938297
2027-01-01,-0.00671402641340905,-0.0036767132210435804,-3.054339639420024e-05,0.004546579112336319,0.01109274338646846,0.0003421949194670345,-0.007155791256580304
2027-01-04,-0.0011281975057961535,-0.004983557804301515,-0.006573929264020904,0.0013169948962891223,-0.035006040927703125,0.008647047246127679,0.01036446113898042
2027-01-05,-0.003758096431166566,-0.01360765300519514,-0.005764458987165527,0.005214491714913802,-0.03735109824922932,-0.0004475669058744603,0.0014925498829568126
2027-01-06,-0.0005581823716074821,-0.006521396168813506,-0.009035777615632429,-0.005633486552950382,0.0028661292367867667,-0.005914627510300409,-0.005928006983316119
2027-01-07,-0.005638220569344268,-0.013811338932837867,-0.011093315661061441,-0.003508902777923706,0.007500359226868034,0.0019095376538427284,0.003475307495790572
2027-01-08,-0.004745874381741895,-0.001485371971750893,-0.0070026122833475365,0.017424364080614672,-0.024650600580906165,-0.0038820619581151667,0.0005320036186696142
2027-01-11,-0.0014908616488211338,-0.009269596918443333,0.016489469814759582,-0.003514690203415357,-9.610850259531294e-05,-0.0014685742553321854,0.004290753542010228
2027-01-12,0.0031582431550979022,0.003961538207916724,-0.0007879937233942444,0.0028826050418732435,0.021594569494442224,0.002996127932392377,0.004394539981827831
2027-01-13,0.005781742868761942,0.02044743431298645,0.005067905064809229,-0.0029848260839707213,-0.02860138949630557,0.0018553898872807504,0.003637638090673004
2027-01-14,-0.0009308066498893991,0.00013187467491345214,-0.020131822208314925,0.013380719737789124,-0.003103922986933324,-0.001566864618148151,0.012373829319859215
2027-01-15,-0.004118966501470953,-0.005306232170152388,-0.021258027433258768,-0.002297914035904182,0.007264650709590193,-0.0007065700122161853,0.015110841609600523
2027-01-18,0.0030017484518356664,-0.0034180357550326586,-0.012266435249538143,-0.004353251805926566,0.009700716692421419,0.0016626254954346506,0.004691589584159624
2027-01-19,-0.001968794459374393,0.00984130679306992,-0.008498370903699995,0.00029320703598847807,0.016420927435625274,0.006874274614720074,-0.008573725892977075
2027-01-20,0.004733079540303942,0.004234164457276534,-0.023059075687283975,-0.0017626706229431108,-0.0163573898507713,-0.0017913448104139352,0.005048802532565158
2027-01-21,-3.954692011108069e-05,-0.0003633081476185799,0.01673372290436074,-0.003995461049148989,-0.004723844061163556,-0.006702641556557891,-0.010302238175204212
2027-01-22,0.0017629115451115445,-0.0017853840856966515,0.0032254225962349598,-0.001368609961605877,0.02404812172893698,-0.00351989973125104,0.007601570976105745
2027-01-25,0.008085074901004751,0.0017130508831365208,-0.0008327000845396839,-0.0009619370158144831,0.00018468139630363684,-0.005242468755784273,0.006015279873717501
2027-01-26,0.0033160582944555743,-0.006829847713912145,0.00016200221880789217,-0.0013271508744052106,-0.02243696777242031,-0.0035861460478364172,-0.008352118781031533
2027-01-27,0.020129658886910123,-0.001085561309221956,0.010733133349702816,-0.0018942487646969755,-0.006659170436791711,0.005801719051294849,-0.005181553101278858
2027-01-28,-0.00016066335131434238,-0.01501305285057065,0.011645354713029235,-0.0015717580908737989,-0.006488412532803674,0.0004937318783023821,0.014883433795231918
2027-01-29,0.0004330972821975345,-0.003106918466703486,0.001966927171710502,-0.008696623978593863,-0.004782681305460519,-0.015203763197830665,0.0012279082349051502
2027-02-01,-0.001937199960696714,-0.009935644016016107,0.018944404125403626,-0.0068979436355256505,0.0053863935748479,0.0031363647225104026,0.0072102480299838225
2027-02-02,-0.002515470283573644,-0.00073102806677129,9.009024402845246e-05,-0.00039146227605340765,-0.004396440698584211,0.007464749656436254,-0.00931259512219651
2027-02-03,-0.003732638560767204,0.0009520481361509282,-0.005968244854010156,0.0029308202630886756,0.008754361937552722,-0.0042584667864194355,0.008739008385118693
2027-02-04,-0.0045903248046537766,0.010909465702180701,0.012929369034567154,-0.008204452922327264,0.0029488094277541426,0.007239691416826335,0.0015709053022305733
2027-02-05,0.006719190645317551,-0.0027699179335992394,0.0001645420603644449,0.0052820221493135545,0.022646612588800026,0.011979489439170345,0.01475486792406956
2027-02-08,0.006075361897142613,-0.022856603369101277,0.003713507599216425,0.0016142229501365586,-0.010517689270016277,-0.018715638558715556,-7.22848518172654e-05
2027-02-09,0.003908829309854645,-0.0026427176571868875,0.02610521849048034,0.011352594342367728,0.0026573392485486074,-0.00379662894978238,-0.0031142390015456347
2027-02-10,-0.001171705220355257,0.0035130628962756387,0.010010365205819738,0.0001446389966731008,-0.0076695194083029475,-0.008063015322087577,0.006373959621001298
2027-02-11,-0.000726092163395295,-0.0045049692357457625,-0.0012578674276381068,-0.0003368157266221144,0.004425487570975802,-0.0018299176859990266,-0.008720035407797927
2027-02-12,-0.00580375291574064,0.0037183022541641114,-0.0038136643979137354,-0.0025088725178328115,0.0012323928376032367,0.00039491954368482565,-0.00602920904782422
2027-02-15,-0.007200445324608507,0.0071576055261706765,-0.0055230796748889305,-0.0001923278962258574,-0.008641615584166576,0.00789412001689793,-0.0014917337622116233
2027-02-16,0.0054575066088845235,0.002436060766591155,0.0005128570085899337,0.0017359173455922926,0.010087268974602824,0.014191689112603722,-0.011865278966832163
2027-02-17,-0.009942800329230027,-0.00513361202118203,0.006269197541103041,-0.0024095640744619313,0.003060631016593299,0.020412711289915255,0.001145369093850743
2027-02-18,0.006730021739208707,-0.0007837056215232165,0.01971247797890026,0.0016656111190895629,0.00873370389111817,-0.008538643984501942,0.0070670694835727466
2027-02-19,-0.0033412546052336498,-0.008950260492809213,0.009714102403837192,-0.006112787705972343,-0.01314220398662871,0.010731084460842626,-0.004307432890513395
2027-02-22,-0.0026870057179904745,-0.004185487273837826,-0.006313523976717621,0.00398723359641016,0.03054351507551905,0.007642837032488294,0.005841635847270021
2027-02-23,0.004745959662994319,-0.007580461004727523,0.0006780896131631024,-3.7104498061769517e-06,-0.0022228976719427334,-0.004428981218430829,0.0075531098475114045
2027-02-24,-0.0041091084811313875,0.004131234888132093,0.02113230587175759,-0.0007746227670449188,0.0016659224242357178,0.0006666636866441279,0.0044014994192203465
2027-02-25,0.0010170410175832085,0.0009715626858194927,0.006495326433365027,-0.005595930285714759,0.00350641452941072,-0.009766867425753441,0.001295748854838453
2027-02-26,0.0010251682022045351,-0.0064454262610462824,0.0072369552372969805,0.000153340166583894,-0.01922813516766469,0.00682452666338126,-0.005443326909387229
2027-03-01,-0.0007898980324575108,0.0022185202038967765,0.006045175390088564,-0.0015738774575497281,-0.005417658892369722,-0.00026276988909926924,-0.0054529378542387714
2027-03-02,-0.008643499321714774,-0.0005642794614183143,-0.011865184578373364,-0.008612500277489058,-0.011452522169824803,0.0018572024174864925,0.005837826630558299
2027-03-03,0.0014666378298427698,-0.003899941743843387,-0.0013149621634119344,0.0004857478213436276,-0.0042198989571007005,0.0032434056586064432,-0.00690099170541443
2027-03-04,0.0010893909158121262,-0.02094346905616979,-0.0004981743081975715,0.0034060462919054224,-0.00711940757045863,-0.00497869971205304,-0.0019721588441249404
2027-03-05,0.005333665933192454,-0.023310095277127147,0.008279088979968253,0.0012677327016570024,0.0020534046869925137,0.01695283612810258,-0.007182418594906571
2027-03-08,0.006050884931671138,-0.004908792780738164,-0.012869483553010316,0.0024168362623396035,0.0028657672766189616,-0.002603837947845839,-0.0017972941166774787
2027-03-09,0.003534686863138952,0.008007313743139104,-0.004320948943100768,-0.004792714323478709,-0.00812906506936707,-0.005452236877246758,0.012539761555322299
2027-03-10,-0.002066802089703108,-0.0008291457851505409,0.011932829524694051,-0.0010027215849141443,-0.0032919652611936136,-0.010645990658757975,-0.0016952789359887548
2027-03-11,0.004076646051735007,-0.014453941638580884,-0.0053185537952025064,-0.009662619045161459,0.0057554139534616786,0.0002298504775612453,0.008426228978333103
2027-03-12,-0.002918934006911076,0.016982790367887884,0.0014183040035034996,-0.005740751980427618,0.004672858029745135,0.00027975154784437367,-0.003427023741692447
2027-03-15,-0.00044666346963315564,-0.02320487185876631,-0.00178383897362625,-0.00015652862120050053,-0.004921028159552411,-0.012341799362030104,0.004291313672378216
2027-03-16,-0.0029367058255882817,0.006007784818508444,-0.007331130365759802,-0.024304551633151577,-0.007442362126363704,0.003084277459898029,-0.009255376058667341
2027-03-17,-0.005984898423221859,-0.01666638350200334,-0.005765328579100153,-0.00622706275657045,0.0067772556550709465,-0.011996907533463464,0.003584049538397336
2027-03-18,0.0060929874231715085,-0.0165724355241333,-0.008101403517082627,-0.0010408751545093605,-0.004658961025964473,-0.003667694536613227,-0.008090132483934165
2027-03-19,-0.005771350402650142,-0.03074244251049765,-0.0039334706495015625,0.02402120528630802,-0.007675520537656449,0.004856032647907782,0.0015233725492330163
2027-03-22,-0.010532669539621514,-0.004806555789484892,-0.00328303229520013,-0.004697933636453528,0.0026691069032123275,-0.004578476257165704,-0.00920961891813742
2027-03-23,0.015102463121694451,0.0019402054516587516,0.01341971080956309,0.01655592369470151,-0.004930231259030419,0.005585449989047604,-0.006013408624924424
2027-03-24,0.0001368333589262423,-0.0010396584281995183,-0.009684227843828223,-0.009460679967156304,0.011885979576366128,-0.01936663809794574,-0.014479853863763418
2027-03-25,0.006542054176326222,-0.006234047641114222,-0.001342429374616915,0.006877728403199308,0.021149614626840514,0.00500637948958642,0.00011605476482835342
2027-03-26,0.00045365546335760876,0.01803453435517259,-0.00737455581651585,0.003815099338744609,-0.0033225573621810194,0.0039027118022820326,0.012746716493855378
2027-03-29,-0.003448734939466364,-0.013167838593342574,0.014719914831817778,-0.006238132392453274,-0.006517687103749583,-0.013315518096697562,0.002034409364394041
2027-03-30,-0.00459693694109028,-0.006552014607092592,0.004328757388815715,0.0001885333084407733,0.0035870118407635683,0.014562884245932337,-0.007053093679146252
2027-03-31,-0.0031714182714681137,0.007183334765040094,0.02505279564038158,0.00035902722773694344,0.0024690912828866925,0.006677927022241867,0.0091513663569422
2027-04-01,-0.002154957355431308,-0.018467161328607578,-0.0008525684918988954,0.0034001536387416064,-0.00040153626157031936,-0.004197513345580714,-0.01695294522514776
2027-04-02,-0.007564277826048757,0.0035691859293311237,-0.010214806975103316,0.010857254235666932,-0.00983493210781012,0.004530511089315675,-0.002742893919316842
2027-04-05,-0.0024459667082189847,-0.0046310758760128605,-0.002352313589133309,0.003239513236124511,-0.0057982383412636925,0.01545277996938213,-0.016875195197529943
2027-04-06,-0.0040342544782223915,0.010460119289203627,0.007048886880536136,-0.00849079328206771,-0.010390101687017093,-0.001671449476535946,-0.006500339059161192
2027-04-07,-2.3213617016296342e-05,-0.006368697135643649,0.007452018249703941,-0.00386033806172925,-0.008589897672249247,-0.000409152030274074,-0.009381829600783025
2027-04-08,0.004561232617489689,-0.030670051806401633,-0.009334288467026214,-0.0029823362205911442,0.0004321515270832685,0.0041213407277346705,0.003702138309874313
2027-04-09,0.0030715232174775256,0.02564771996698669,0.010785995141739795,-0.0023391717285595258,-0.006460062223440274,0.004255608085355065,-0.007031437521128208
2027-04-12,0.0017948003493879323,0.004893327132967148,-0.0066836682863965005,-0.003749273742018351,-0.012440611561830217,0.007665108149926587,0.0049172056116084314
2027-04-13,0.0028231129872144374,-0.01093763547037866,0.009465596371025092,0.00809478873577242,0.0027725118077537615,0.0026564135887872683,-0.004358951995018741
2027-04-14,-0.006985315233061168,-0.004709148798587777,-0.0031727864149981365,0.002090876903233424,0.004211444028322359,-0.0017923696617350177,-0.01668378202857289
2027-04-15,-0.0039300935232074626,0.0015325476361408971,-0.00016862853250191936,0.003384656834615793,-0.008193212711212601,-0.0025861166293052974,0.00019859643533404805
2027-04-16,-0.0051367574111811495,0.007001608585182152,-0.010615394877667177,0.009776185303560378,-0.00333085863004434,-0.0036039890381855105,-0.0021024405417478555
2027-04-19,-0.001091989186449829,0.01888259397483861,0.0013854724199006266,-0.0024571745853964656,-0.0037616258897097622,0.03029175833773937,0.01501580129337133
2027-04-20,-0.0021233558328637753,-0.0034924569328414158,0.006581748667327829,-0.007887069165845724,0.0027078565614145865,-0.011266408520187423,-0.0003699656008890447
2027-04-21,-0.007432615574216124,-0.009370951212363634,-0.006023632583264716,0.0009124356794891739,-0.007294477803777833,-0.0071582917651182194,0.009054143584697782
2027-04-22,0.0005515605161912627,0.0025220125593410263,-0.011241884214020255,0.008146450154305016,-0.009324965686711307,-0.009326766169632418,0.0006459894419944051
2027-04-23,-0.00461672662611239,-0.010457071462572359,-0.002985377084483348,-0.002126279321898571,0.001344443894027747,0.0022827389627879517,-0.005966588718926837
2027-04-26,-0.012255145832314953,0.0007911190227787288,-0.003944298788578558,0.003837313914681528,-0.0029718712971682163,-0.004378135346986981,0.0011555521434461619
2027-04-27,-0.005503266389158606,-3.321834616258472e-05,0.015290560885684128,0.003057701896740004,0.0014094601948890467,0.006861421405890469,-0.01586414319200006
2027-04-28,-0.008896735467055354,-0.006115414076342403,-0.007136741560446906,-0.0037097113071888664,-0.006547248649704671,-0.013893092347125028,-0.007094331259550885
2027-04-29,0.0009771411702601655,0.026154002199264784,0.018762838123829485,0.0010144792131380372,0.012386822995606023,0.013785339941325336,-0.016399186783621306
2027-04-30,0.004477035866802488,-0.011149117735483249,0.002579106909961719,-0.003098518323677845,0.004636558526009065,-0.008485777208436485,0.022049390029081916
2027-05-03,-0.007355346411340869,0.0051746713472545286,-0.00871344210937595,0.0008717669609205267,-0.005776793163411399,0.0026554660585763933,-0.0018560854632223333
2027-05-04,-0.023773935285228278,0.008940528960897294,-0.006550969600645796,-0.00695593209197392,-0.0003853725918111755,0.009740646788120859,0.015075300077360795
2027-05-05,-0.012736450630490486,-0.011918835582730646,-0.004426644139745642,-0.0031053162242340383,0.0033503011788633143,-0.00357195933138152,-0.01289618810619247
2027-05-06,-0.008913182675895434,-0.015831021385078824,-0.0010909273983505463,0.0030905906757965453,-4.724733556486914e-05,-0.0189106804319623,-0.012693961789125269
2027-05-07,-0.00475755210390013,-0.0074386469646940245,0.006673320095159404,0.0002046176472553139,-0.003326160200260567,-0.008646182769623098,0.02016607862247704
2027-05-10,-0.006396417694508903,0.010758925206523832,-0.029164331474254835,0.003706265589594031,-0.00241523988402036,0.03069262783443884,0.008211187075783555
2027-05-11,0.01359852058454595,0.016881778778668092,-0.0309012490317873,-0.006894031278306996,0.00020701548624497677,0.020703899723182363,0.014813700553523863
2027-05-12,0.003302542864022101,0.00023428435151099235,-0.06527492393570886,0.00014635370356669348,-0.004755756568946575,0.006721478575837431,0.005147895995494725
2027-05-13,2.078082424007455e-05,0.000592143604659847,0.005125181736338441,-0.0012783644554391822,0.004719327335694329,0.013281761320078128,0.008828878543987206
2027-05-14,0.007096016957814693,0.02415450315247353,-0.012140515909558225,0.0020913745684224797,-0.004023604924186317,0.010551917313296945,-0.01623491012158769
2027-05-17,-0.005143681467811496,-0.006842888964231826,0.014237732914521626,0.007195825137537255,0.003028176884228629,0.032397567850606934,0.006508729563076691
2027-05-18,0.010408411224574355,-0.015993222639790822,0.0023216199946300515,-0.0028203430176426737,0.012371828841159232,-0.0014765167064796241,0.002292570306355603
2027-05-19,-0.008789648813241567,-0.010075885050454786,-0.01581451960025135,0.0009889366516713353,0.0006546728001595594,-0.004040817607284762,0.005832783755911635
2027-05-20,0.0017868428058581166,-0.002186904797460924,-0.030068713347389184,0.005276407175221087,-0.0027994861177110665,-0.005319315991148878,-0.00025874865968943556
2027-05-21,-0.008055896867698026,-0.029133098893464077,0.00783538911214437,0.0054516450767351406,0.0014856457708775043,-0.0016785553833634523,-0.0038590024309836596
2027-05-24,0.00280977626352471,0.004791157282047888,0.007406798406373583,-0.0022773030499900005,-0.0004600748359448693,0.005272872714503073,0.015855948957843202
2027-05-25,-0.0161736919640171,-0.014130878789687816,0.021747417446476944,4.35275409333396e-05,-0.003506386696156577,0.002026244213480438,-0.004501378070686259
2027-05-26,-0.007660617344297799,0.016200228774499198,0.024064970126365975,-0.001367790935094305,-0.008133960844886228,0.005351686261864203,0.0016186365183746738
2027-05-27,0.0051766027365066185,-0.011942997117692714,-0.020214524252688555,0.007546229327720844,-7.93194765328685e-05,0.004202133898541613,0.0073041052221539775
2027-05-28,0.002620506407088224,-0.004575729478155273,-0.0035110789117149825,0.0026444713126084563,0.004142384616734704,0.009939481765112348,0.006944163840798564
2027-05-31,0.0025749291805415102,0.0019357043128397844,-0.0457626155737678,-0.006002126088962045,0.0007001712246808531,0.023836795797978833,-0.003681601046948489
2027-06-01,-0.0004896630216758377,-0.0016841582319732811,0.023029131059023357,-0.0055583841418397496,0.0036809266446633897,-0.0012632683027157627,-0.010134301803226857
2027-06-02,0.0030931550334410327,0.0003126145846623213,0.021016321068754975,-0.006149446443944809,-0.001876803718257336,-0.004773652392134277,-0.0006583923039204171
2027-06-03,0.00492373589586136,-0.014516145018866755,-0.0025426254356136105,0.00738249181255597,0.006779480989905631,-0.007879048952632096,-0.003021463967974662
2027-06-04,0.002092699276782629,0.005311383304335609,0.018706396636378724,-0.001414680695796385,-0.0005047883469036275,0.01274643208294253,-0.002435394422764061
2027-06-07,0.0013994631825253263,0.003016688840542629,0.05006889861055,0.005653118097331586,0.005995530861823272,-0.00857835170370508,0.022185341691061622
2027-06-08,0.0013995734442921245,-0.0067043445234747125,-0.0006656441180082909,-0.007023262307988105,0.0035296041097554586,-0.0014233366455595434,0.0006383276538011989
2027-06-09,-0.010581439329357957,0.005178038674558632,-0.012831448624690602,-0.002342918438456338,0.004659945249771885,0.008553993384414822,-0.0027589093827007595
2027-06-10,-0.004278963935101715,-0.004984907910348164,-0.030042962135926356,-0.00359555005346297,0.009424346785607588,0.0006094201247019354,0.004088209714629175
2027-06-11,3.2334492948073466e-05,0.011561395149984976,-0.02523898558620977,-0.00653938445662671,-0.008573648578986194,0.008492803116007855,0.0003461576489921176
2027-06-14,0.007467479436988074,-0.0009912384695311912,-0.004792154829846867,-0.011439844014036624,0.007347821148319305,0.0040839245770136895,0.016656989569926735
2027-06-15,0.0018293782770094228,0.005845790848271291,-0.0267601395056554,0.01360445380570678,-0.0004953864762117625,-0.008724888631365692,-0.000736590097201118
2027-06-16,0.0010396102388376138,0.00968869369344441,-0.001349606848894083,0.011641262967528541,0.01624823008983324,-0.0014887804332747764,-0.0036798145442134126
2027-06-17,-0.000969713324376008,0.015252536615656218,-0.004510081360206407,0.0027131399247454736,-0.010770850345109844,0.003279826509707874,-0.005985465360550869
2027-06-18,-0.0040188664150289065,0.029758643484419818,-0.01657347491276534,0.0035950190872605326,-0.004670028063018497,-0.01741021028826932,-0.008861530374922233
2027-06-21,0.00440204233141373,-0.00987359975026885,0.015681925897579788,0.00021288376397880256,0.0010159318737957542,-0.004886213068881609,0.002391734087250618
2027-06-22,0.0028513771669071626,-0.018322030303928847,0.0025399846076598525,-0.0038322965411785002,-0.006943113886396954,0.0036202987328355545,-0.001642845927843704
2027-06-23,0.000966320361617404,0.009879851052513653,0.004393617585718832,-0.005072052376828235,-0.008587426605872648,-0.006077542840231793,-0.0033109184869886017
2027-06-24,-0.001714299301357752,-0.0022421723708888736,0.012225697890921969,0.005034975334987212,0.007701417947903705,0.008226278047026806,-0.0037041023274380185
2027-06-25,-0.003975271281734473,0.010200068546973539,0.0455850570970462,0.009229401890427067,0.005467043674911137,0.011974076893536311,0.004616616782350107
2027-06-28,-0.011043985781485511,0.007232317575815664,-0.025126413683973472,0.005565320832485861,0.0037259777776581684,-0.0031813456000458727,0.007130289218666753
2027-06-29,0.007533879367355458,0.0017314247903436482,-0.021522823246916956,-0.0009343601764664233,-0.0015431071373131417,-0.01986997945069841,0.01257939818232853
2027-06-30,-0.0006481562889499448,0.005628820455772452,0.0038395515070161327,-0.0021968960399743583,-0.000949257463720799,-0.0012811806965951288,-0.001982577780514904
2027-07-01,-0.009619214656025103,0.0018425209103093796,0.028076360270699898,-0.00384164905121678,-0.006874085369776045,-0.007289502903317238,0.0116972927520463
2027-07-02,0.002714242821628698,-0.006923681865539529,0.025405987765430453,-0.0006267583442224939,-0.010131116214084832,-0.002275708707896673,0.012378332370892685
2027-07-05,0.009114711459602716,0.004466551425611772,-0.005902126869268661,0.007597416551746521,0.013067356725375815,-0.015892189750642785,0.005517668547288629
2027-07-06,0.010093717197694502,0.006147572010374349,-0.033451254749525816,0.009876340936158662,0.005999932308676559,-0.02153091969350219,3.669092659047916e-05
2027-07-07,0.0007232489582476044,-0.002603082064764356,-0.011169228065340557,-0.008766778576195174,-0.013329311128685132,0.006224966909896647,-0.00403829688942198
2027-07-08,-0.0003057852262386811,-0.0027408967478798063,-0.006951051002144642,-0.004787745073089757,-0.00502354724719817,0.0022837526385189066,-0.009016897450005666
2027-07-09,0.0023241007042297704,0.0024553802346193067,0.003997893343655994,-0.013437057667668574,-0.012235154647964307,-0.009129018977417613,-0.0064228317223768054
2027-07-12,0.0007093159127772211,-0.01456741140054692,-0.006589833168336082,-0.01072818604732989,-0.0021468903557763787,-0.010246253257716576,-0.012288000632062196
2027-07-13,-0.005800564136567583,0.004318803164541436,-0.011785124072093688,0.013408104957172024,-0.0007816174170730497,-0.005645330043295178,-0.0020317726894126037
2027-07-14,-0.0014077345272349982,0.007625986109526653,-0.015151795153758314,-0.0058097111479726415,0.0038570403722088865,-0.0079256432349109,-0.026415452418857153
2027-07-15,0.0046751665476821155,-0.002024293575353886,-0.002631777048759606,-0.002295386581845842,-0.005151603098640088,0.01101138853033048,-0.006586324270714615
2027-07-16,0.002321159393972142,0.003780728740241389,0.00025172115736965523,0.006075498222255437,0.006948639466688813,0.002878115945897192,0.008719467380917147
2027-07-19,-0.005721085473773393,0.000537936870712211,-0.006474365527738605,-0.010997491366938752,0.0016917230396317714,0.0027601790083934125,-0.002558376074735425
2027-07-20,-0.0003463755158622797,0.001569260466005995,-0.005644279437580937,0.008531206096282742,-0.0016835922209937919,0.0017678849355035801,-0.0012856648139161157
2027-07-21,0.00343004134995183,0.007662395422998996,0.016188979033641266,-0.009503736499842968,-0.004136153755598444,-0.003052585927720852,-0.00037161248637919
2027-07-22,-0.008627023538466057,-0.003838221529782969,-0.008501154801934585,0.00488708288813552,-0.0058382894216109284,-0.01697244365612883,0.0020760239932069895
2027-07-23,-0.008590777789991474,-0.000999030782926658,-0.011844830410797045,0.011197010867014932,0.0026932469221509926,-0.007038191469185058,0.007086243407408144
2027-07-26,0.0033696524431343546,0.0009472553518205637,0.009889292981164127,-0.00831525169912952,0.001298227887626302,0.006884993174890095,0.01350650120097887
2027-07-27,0.001397681909155635,0.004236166672638936,0.0023936318521648476,0.019932306312984597,0.0002239775571960776,0.019086685831036246,-0.013144009015126874
2027-07-28,0.007078057565001625,0.0025992875575591348,0.0024033911182581484,-0.014438865040019358,0.004008155330988803,-0.0068921682177061966,0.007595316929091289
2027-07-29,-0.005665469955244096,0.0002810829303125701,-0.004702712801753675,-0.013376122606409482,-0.0024527912927957635,-0.00912639217113579,-8.250780394193702e-05
2027-07-30,0.002371917028280163,-0.007516491603542544,0.010411336942375749,-0.0009397351368889508,-0.002312305023778432,0.0010781031147261853,0.03895718464876724
2027-08-02,-0.00578441020339415,0.0025977818945301183,-0.007844691610825032,-0.0013658477261860899,-0.0033190440174832112,0.0068001526089186085,0.004709699999231971
2027-08-03,0.0019859439181590926,0.010270212584244716,-0.008032183937876539,-0.017105041400840803,0.0006889200692742501,0.018783572016873067,0.014854233898684186
2027-08-04,-0.0018479232557471342,0.0009446722501654065,-0.008775152824689764,-0.009186176179941564,-0.001003563935287625,0.005019757412442872,0.02603087673353424
2027-08-05,0.0013515313626031662,-0.004644764908307268,-0.0030948328090749364,0.005773699191918142,-0.00995292852564955,0.00874651748603646,-0.015861991806238967
2027-08-06,0.006940075428188408,0.004879545806373324,-0.0031460129700118114,0.005965140052941375,-0.005885889429667878,0.005212905621618787,0.030417212211577952
2027-08-09,0.003208947559683172,0.0021231815010507708,-0.009772708164843122,-0.0007055363527176083,-3.504772837899421e-05,-0.005348537479194079,0.02215327901923288
2027-08-10,0.0023928548752926385,-7.771904111830922e-05,-0.009373550082216301,0.008553964099818684,-0.0008822508492577124,0.008827431250788212,-0.007700428200884279
2027-08-11,0.011376085550336168,-0.0034246020503091008,0.0048425615848780796,-0.008970331622075299,4.358243553796968e-05,0.0023510460505909436,0.01457944479094656
2027-08-12,-0.0019301654651642036,-0.00322501611704143,0.0036844029320999483,-0.004073193004522509,0.0012082966749618982,-0.0011445690341957701,0.004561990632851941
2027-08-13,0.0023350996863973857,-0.0029144613469034445,-0.011351237270015658,-0.00901179600783675,-0.0010868008621738967,-0.0036884892972832827,-0.004224332009275826
2027-08-16,0.00552215664254781,0.008702356892118937,-0.016224941731150994,-0.004869600187475887,0.005533129245822009,-0.011653555008893784,-0.006305857929317217
2027-08-17,0.002587679716537197,-0.00048361804299723696,-0.0013171365459378234,0.008735589697225096,-0.0006139987364423608,-0.0025651470593893175,-0.010202015209318512
2027-08-18,0.0003520728621220147,-0.001237216137463245,-0.002070439709627353,-0.0005010614037068631,0.006784657755431884,-0.03611349094010923,-0.001791371415528651
2027-08-19,-7.441535061310798e-05,-0.0020018980223317864,-0.0045492148452646,0.003189924939304549,0.0012153642642554945,0.0030877994648151512,-0.027582729744587066
2027-08-20,0.0021213007694952874,-0.0021603469808156514,0.020409190356157892,-0.005131444410920891,0.003129967446656328,0.005174943123614133,0.0005474337510004677
2027-08-23,-0.005217140289301999,0.007632184942154224,0.010193720994298163,0.0006463704770390162,-0.01555947297370251,0.019422718846406072,-0.027950396147238335
2027-08-24,0.007837865788241506,-0.0005197569089769774,-0.0154448589078561,-0.0018163869653938923,-0.005067375163814126,-0.005476666037376182,-0.003651808520225578
2027-08-25,-0.001926146388441163,-0.0003095173803321313,-0.0040993355624120665,0.0048524864042818455,0.0034110091479506817,0.025752699885814693,-0.004514587891205339
2027-08-26,0.0006412662605184249,-0.0009431499023956503,0.0025074781739350413,-0.00422644072254557,0.006912737371876184,0.00925420898740717,0.007536967691345795
2027-08-27,0.008130147536531865,-0.0009347307073072275,0.013759705834522361,0.008824747231725879,0.008617297350308736,-0.007287943010947141,0.0036766378953636885
2027-08-30,0.0051103403651095985,0.0024587613167837944,0.005328020846733702,-0.005260759118131739,0.0032391915663394447,0.0001368335560901921,-0.019225733913988602
2027-08-31,0.0013539079086575016,0.0004022572593430174,-0.024389919898865835,0.001154090806461584,-0.0013342261768870295,-0.016968448481790736,0.012494534837748405
2027-09-01,-0.003370550570943917,0.0029096177850406646,0.0005336350702175972,-0.005841037535773105,-0.00517668751831572,-0.00397433109149512,0.02220881856926226
2027-09-02,-0.004583373897508654,0.008794867157304999,0.004783252422982403,-0.00047671330997264616,0.0009549768242438913,0.013230875651756683,0.015391040518196885
2027-09-03,0.0031107319598405406,-0.0013284996194276046,0.014926785291633868,0.005272693443167413,0.005977834553233243,-0.0015867387547095638,-0.00831444248055748
2027-09-06,-0.0032067598501628277,0.0018405941905211963,0.011125078767126125,0.0025276873975236887,0.00028496652500815267,5.191046363529028e-05,0.01070875322447857
2027-09-07,-0.004908895009894919,0.000722061962556543,-0.013207411216296481,0.00030124634609237646,0.002864889485437943,-0.0063585221279121645,-0.03128214817068905
2027-09-08,0.0054870061226646605,0.012098962047311866,-0.008572772841454523,-0.00563918506717275,0.007287814746144908,-0.003853232692200066,0.020625146665663303
2027-09-09,0.00041869845352593773,0.005173947085681999,-0.007708107194373431,0.0003516668046347684,0.005305636411851205,-0.0037008743860260465,0.017264524419247654
2027-09-10,-0.0028799249149375193,0.007040609492559527,0.013218675283001222,-0.005101962229881364,-0.0025124177902692705,-0.004265685401671606,0.004283428466049382
2027-09-13,-0.0012680287857432598,-0.0019957463757213976,0.006403232598396246,-0.001237038271747165,-0.0033531822771194182,-0.00042236250319926195,0.021757669846641483
2027-09-14,0.0006990247813369328,-0.005934858539239513,0.019570469456907807,-0.014690699859826867,0.006040871781146605,-0.00040368956397523705,0.009552790298672963
2027-09-15,0.002113326208471477,-0.010043086594513395,-0.008380775355663955,0.007390919908158422,0.0014976125183654274,0.005901304548493549,-0.0042183404163829855
2027-09-16,0.00019981572742354788,-0.0021039953628029127,0.0017658731863274928,0.0012599824527672753,0.007707320939982042,-0.012213287118435683,0.014160073456571064
2027-09-17,0.0011713017991707027,-0.008239746439420095,-0.00037184243634234355,-0.004718707759663732,-0.0037302036865538885,-0.0054861861346058236,-0.010515337738184685
2027-09-20,0.0013099753659284456,8.022512412874892e-05,0.007763792200503215,0.002260052091342605,-0.0026498847116593924,-0.028325349709857207,-0.00012274662594893593
2027-09-21,-0.0053258335113738065,-0.0008075225818195761,-0.001606824823220079,-0.005683177419538054,-0.003963685455603037,-0.015864592539160564,0.0006384521676184423
2027-09-22,0.0052931674991550355,0.006159268101238373,-0.014252473977242292,-0.0006853204389836296,0.001414153796436538,-0.0034310201066468184,0.006823593560487697
2027-09-23,-0.0012958710859738783,-0.0032677613727267805,-0.0035279287971601153,-0.0009094433860675367,0.0070828674047680555,-0.022225204870680977,0.007122840019321564
2027-09-24,0.007324297181658512,-0.0023220763990811936,0.02789594948561282,-0.006388375434153452,-0.0022335235195828996,-0.000334976253485693,-0.004678572859615948
2027-09-27,-0.003369222044420258,0.00021491593722602214,-0.00937857248082087,-0.0051741544340212445,-0.002476929837015138,-0.0055725676049611815,0.007012558151980178
2027-09-28,-0.00471544672253207,0.008386384768980138,0.0064803009746494025,0.0036877807900221157,0.007522405378401853,0.022764180191122915,-0.016885680369879
2027-09-29,-0.001395625686749955,-0.009622415363479932,-0.00031965328499690025,-0.0022815744465951217,-0.0017575288022629112,-0.010804218243712218,0.00015787813015253545
2027-09-30,-0.011440525132754474,0.002116903404377126,0.010120573053352086,-0.00036394508665620935,-0.001576092313310013,-0.011422065348783792,0.003942190288161471
2027-10-01,-0.0025359042592789914,-0.004132270942644574,0.004699221453300689,0.011507176150398141,0.0047816068791606756,0.03882523031142262,0.0037231741454259643
2027-10-04,0.00243628499078783,-0.008857564616808295,0.028082575982650414,-0.0009777157144705605,0.002837357363121747,0.008196969353249003,-0.008318760230205084
2027-10-05,0.0003837018537158245,0.0028029332388728036,0.00043260545421579705,-0.001346989290453948,-0.0015581552440169391,-0.013201290558144197,0.01493170789319007
2027-10-06,0.007280447345468823,-0.004697476696452214,0.0003060636821886101,0.0007097393012509297,-0.003965380242072526,0.04176656229604799,-0.0021321073987347985
2027-10-07,0.009510717748465625,-0.002223364711064812,-0.0007185554787278624,0.002090915173288941,0.006026074530202781,0.015100073261320915,0.004476669613208724
2027-10-08,0.0009034267081801433,0.0012215225002449237,-0.006888416103501955,-0.0030950110509620644,0.0012300170879032703,-0.0016871137022427256,-0.022466222218792378
2027-10-11,0.0001530412106759378,-0.0010140325666662348,0.001660812474350316,-0.0016776843400777583,-0.0003233849042080812,0.024120384687859268,-0.03518876561195497
2027-10-12,-0.009327183492391956,-0.0010357165774337025,0.005282869923061934,0.0016195225979352247,-0.019155862639649072,-0.004118603248219424,-0.0020937900582422017
2027-10-13,0.004065574500762341,-0.009424392740177368,0.006683392207576418,-0.00566990967842419,0.006834446456759915,-0.019373783829828333,-0.044953066703742633
2027-10-14,0.010737298058977272,-0.002897929939697629,0.006188221438543967,-0.009225983999965942,-0.011782345181607,-0.00975603157658884,-0.006188421360921068
2027-10-15,0.008250247373216604,-0.00204959552115726,-0.01779169375294835,0.007774110298484419,0.00037269651468636807,-0.03452303377110066,0.012029095022019784
2027-10-18,-0.0024125168439468802,-0.006116714894644443,0.006361094679967912,-0.0031310226580059746,0.008639932886672471,-0.019964696207664816,0.030514048753495504
2027-10-19,-0.0028222121810034875,-0.010186185312867248,0.00551343039490586,-0.006234800887820865,-0.003546795642527061,-0.006361300823477162,0.0026653783392385985
2027-10-20,-0.0014431515878827873,0.0042889091368340584,-0.003944775999137404,-0.0023339404770946893,0.004771956151395104,-0.02014957051714646,0.06398281174646409
2027-10-21,-0.004114656571622372,-0.00752743708083857,-0.003942107437607713,0.008328093710860232,-0.016607815614237968,0.005634419717145258,-0.007480851859696651
2027-10-22,0.015825088732824306,-0.00394167080595866,-0.0032734792057523957,-0.0026199441244232798,0.017291255661887293,-0.000532426035682021,-0.009998593438918967
2027-10-25,0.0012495717645206036,-0.00017297863495621655,0.0056091832494259905,0.0036300281359018037,-0.004174943786632782,-0.009329421199671718,0.016708539884856242
2027-10-26,-0.0021160346688366746,-0.002127127987779335,-0.011590800082970549,-0.00691515556041718,0.002802852649104242,0.0005182778439997723,0.006160572705243714
2027-10-27,-0.001713129696965709,0.010523980704516614,0.012760595621366461,0.0024942603433243684,-0.0027063992140599494,0.0008373283816824992,-0.02813397681016105
2027-10-28,0.0021327055516087677,-0.014631649881454854,-0.005419918013139935,-0.0025361270011679,-0.0047337792521993756,-0.0016283565493786165,0.007018190379252276
2027-10-29,-0.0013069372246138965,0.0013945835555400883,-0.01169498965315089,0.0011264636069928883,-0.0011093266615196731,0.024055061111257034,-0.02558753166700901
2027-11-01,-0.004939598556277768,-0.0013544149062508048,0.007489434117426109,0.005377223666346126,0.00981998267217946,0.005373761682714792,0.019550601347271133
2027-11-02,-0.007522490462863864,-0.006132225381701694,-0.006004779733522138,0.0016105871203713894,-0.005126295530521518,0.009119362152481445,-0.03248522450886591
2027-11-03,0.0038977240722405508,-0.005446358958364461,0.004381089887654256,-0.012989389406869603,-0.002847792802984211,-0.008727022464365864,-0.004724547509273065
2027-11-04,0.0011549649620878303,0.0036767470071046838,0.006812915912578776,0.009871998960154033,0.005365136317317689,0.008042500567915698,0.027373187832253676
2027-11-05,0.007495310312758066,0.012726304899269233,-0.0028924103198458887,-3.713249940225829e-05,-0.0023874001879561463,0.011651076974587308,-0.004130755057206924
2027-11-08,-0.0016206175911924387,0.002027528291853775,0.0015906776119783833,-0.01259828348687375,0.0019258708775227752,-0.003710689281902598,-0.014766216137275124
2027-11-09,0.009863557414994313,-0.0030936773525266264,0.0038388741647093546,-0.01043607560740245,-0.0026511258933865646,0.004558522210221283,-0.016497574391548694
2027-11-10,-0.004609482512305887,-0.0030512879293978844,0.025645784078866557,-0.0183689290363373,-0.0005245220812505671,0.003995454253281018,-0.0014706195899130104
2027-11-11,-0.002121712828856274,0.002346431042079658,-0.000616855236135207,-0.0018066327377584774,0.0007093895605369785,-0.011099835751488304,0.00960485264142469
2027-11-12,0.003669418880081353,-0.010555587662609259,-0.0023498522969544727,-0.0036521117470184666,-0.0015543775509989381,-0.009939906787682352,0.011902668024560146
2027-11-15,0.0017791588743908558,0.0001317827654271207,0.025177696925468587,0.009245652538309454,-0.01017324189659522,-0.002975099244099247,-0.013671451739608978
2027-11-16,0.012756862853652176,0.004676199756866052,-0.0012316774601508426,-0.0183082821373154,-0.0005394314357073499,0.024062325703113927,-0.05173087880789501
2027-11-17,0.002638560008454727,-0.008190007261864782,-0.005254126073008778,0.0021755092052409028,-0.0025064168216441655,0.0002979690876714162,0.03485849324942521
2027-11-18,-0.003044513699388014,0.006524521571427543,-0.015463451556198252,-0.006987551182087184,0.0020155679431620352,0.015318726838507397,-0.05191138441922141
2027-11-19,-0.004645655757348784,-0.007741888606086757,-0.0015523857783605027,-0.005880104196565631,0.0019013296095476563,0.006976340713467887,0.010319212829281282
2027-11-22,0.00131501316418514,0.012604535833796577,0.0013379436017179802,-0.010087903913970674,0.008256004959454428,-0.003789857124973021,0.00737492986757176
2027-11-23,0.0024501465077770533,0.011445914032635483,0.0072778982133162445,-0.010564121191735278,0.0008977242872898974,0.007760147692935434,-0.029085036321259177
2027-11-24,-0.01060132423423808,0.009078982510846425,-0.010341639511525764,-0.009349957343920804,0.015912365887773394,0.01369275499035999,-0.020694376272745178
2027-11-25,-0.0058484601752243764,-0.0009302652652784918,-0.006666620061762085,0.0028980946104928476,0.004754698964725267,-0.005748887069963842,-0.0418143650909268
2027-11-26,0.0010116578982718569,0.013274584140792668,-0.007286899068688426,0.00875570461004123,0.0017639373090157498,-0.002159666870589635,0.007163534087482096
2027-11-29,0.0056815779926395055,0.00024430913493410844,-0.008998718527972337,-0.004319919016555002,-0.010702338143270122,0.0189478058358573,0.04858702547657679
2027-11-30,0.0035511942126307283,-0.0006258956223925312,-0.010729341658085487,-0.0018213232823667865,-0.01119472339287422,-0.0032443703633555383,-0.041373595851462525
2027-12-01,-0.005404766451081648,-0.0019068544750516323,-0.03050055397722941,0.0073265476954472095,0.014392252083645527,0.014720273222557012,-0.023597831808148256
2027-12-02,-0.004241032081565297,0.005705494140245083,0.003345731166227457,0.002989732952258452,-0.006688441959865754,-0.006382316826586556,0.037431864458483184
2027-12-03,0.0039934414863324235,0.010953844250002948,0.01825871669321265,0.0022124851059279077,0.005178454653371775,0.013649482931125244,-0.016148540882705984
2027-12-06,0.003394398997158961,-0.008983820540167001,0.014620272298991202,-0.0004274083217962166,-0.00684744801594388,-0.0038813143344018043,-0.038284330417977394
2027-12-07,0.0021711489348970507,-0.002626077114774257,-0.005520384274507867,-0.0031583269152493836,0.005211033346221867,0.0004296006779121949,-0.06456428528728522
2027-12-08,0.0009992876325134285,0.004995958799023368,-0.008754106092298266,-0.021113674368873517,6.845322925746906e-05,-0.00246358721489776,-0.0016839666564462295
2027-12-09,-0.0005016367650788045,0.010557406975734306,0.026286628048453962,-0.02011651691996526,0.0110962984149081,0.0019360264025902096,-0.004768378416461159
2027-12-10,-0.0026063442262564095,0.01608235127794722,0.014655208341164285,0.011301991669381875,0.0034954882894222402,0.00037104636998379955,0.017677861989349158
2027-12-13,-0.00014593377128422936,-0.0009607959896059941,0.013406628788121744,0.0004865566395463947,-0.0010376959211023508,0.01243830280889932,-0.020251400783528103
2027-12-14,0.004405789646864747,0.0032634007375928168,0.01978302681144048,-0.00020402764708559988,-0.009338053107436245,-0.008029407444549788,0.0029063647001573447
2027-12-15,0.006695793941157709,-0.009317843106931928,0.015979213505131658,0.010434638850590157,-0.00538181147439689,0.007580625194066262,-0.029428535300295808
2027-12-16,0.0020854620263036044,0.010577520517589424,0.005808860305766114,0.005935873262418167,0.00434750948424168,-0.006075376198195395,-0.0014764217729776664
2027-12-17,0.012486808774573584,-0.0020890809581289443,-0.008366481937706245,-0.0023562298550300594,0.0004183176738079713,0.0008371911168243441,-0.02873919508736028
2027-12-20,-0.007030050558418983,0.00014676379728303758,0.0007598536134293046,-0.00020091882247356591,-0.001189094223598025,-0.01979016765319302,0.0006671875332343314
2027-12-21,-0.005988902677563352,0.004738693706698093,0.010192273301737559,0.00345385231124599,0.004326032615941109,-0.0013290963713333927,-0.00617058130227137
2027-12-22,0.003010093884037194,0.0001391403161984315,0.00884030013417106,0.006662169472806016,-0.004244786077290265,-0.0014438068876536903,0.04198452750589077
2027-12-23,0.014878621772354023,-0.007054554963934354,-0.019372175656356794,-0.00109436884809713,0.0062269408373384835,-0.0005109318270734606,-0.05052661907387619
2027-12-24,0.002204448269425929,0.007965525661470305,-0.022923734231999247,0.0067345678310558035,0.0069418460106031536,-0.0012621287186283209,0.0043221276347935045
2027-12-27,-0.004335273489180859,0.0047593205221884635,0.0012795541675236497,0.0033556544537312535,0.0016179184446327133,0.0012970578647798544,-0.0562477315526539
2027-12-28,1.542708372078601e-05,-0.0064013216011468786,-0.010436651554782933,0.01170966933486646,-0.000146590650064741,-0.0031157344952035203,-0.02974383744199106
2027-12-29,0.00484674704560005,-0.013398284277444786,0.012567568674092526,-0.004169770869652741,0.0024425661786568846,-0.003545019096659239,0.05842929287799945
2027-12-30,3.7897647707977564e-05,-0.011767643939208414,0.012545251942455664,0.011978981695394447,-0.00909640292967924,0.006863509911490092,0.049008572223036645
2027-12-31,0.0016243773014358984,-0.008898160838284415,-0.0026077954119677945,-0.022016100449437904,-0.007336389661811742,0.008050162064090807,-0.029404703414912494
