,AAPL,JPM,XOM,SPY,EURUSD=X,GC=F,BTC-USD
2005-01-03,100.53595183661716,100.52263275942073,98.38631676568562,98.90645506986976,101.2863393701111,100.93982494232087,99.63254703943869
2005-01-04,99.81555158071664,101.23350861221577,97.48012346398026,99.8199740564017,101.20305301949543,102.12484805253847,100.31364324400064
2005-01-05,98.58501328221354,101.37854726533686,97.77193278352182,100.7894077805622,100.89901349375197,102.33652144528583,101.79056146001855
2005-01-06,98.1153659136397,100.64864109863389,96.05209478904463,100.98227060572415,102.04399562034745,102.80505225319514,101.60307428436283
2005-01-07,98.32072082206189,100.49515848253033,98.61387600400509,101.31788096648559,101.46682368644149,102.10236906807381,102.76170140138564
2005-01-10,99.25705531690251,100.88033904186607,96.75740236058748,101.7207176371802,101.35040852803273,101.9782178044941,102.38060401693687
2005-01-11,99.77469152893119,101.15032760526567,96.22720495698614,102.03846511336019,101.77038142463533,100.03416134037738,102.54977797098537
2005-01-12,99.22890248342826,101.37105478016483,98.51100375861307,100.49865780803049,102.19130867285615,100.04973847903987,102.51962618233985
2005-01-13,98.6767333971089,101.30567013577603,97.33981479582395,100.06013550493591,101.74952317049397,100.6139358584059,102.47319617011408
2005-01-14,98.97818286435857,101.02421517846449,94.83054917319467,99.46195456814173,101.46704678464151,100.82781029638268,101.81399419919222
2005-01-17,98.65037429084504,101.18810617700863,94.70580648962535,99.0714820375716,101.06863653730328,101.11641202159008,101.54920298758503
2005-01-18,99.8165276961152,101.3607761281312,94.0954834054546,98.3154031483662,101.55108454683631,101.6138614166689,102.32939231239442
2005-01-19,100.44431561840506,100.82595518562789,92.66762141187976,98.53789361476936,102.11990242406785,99.86526899833001,103.4576697094395
2005-01-20,100.35224969543246,101.42781967858429,92.12308216241219,98.43983703561162,102.44410378107568,98.02150589621061,103.91723324384597
2005-01-21,101.06033490282589,100.36528645593795,92.77366599104892,98.09248883212796,102.42348451115363,99.33735032205729,104.31958197634778
2005-01-24,100.45510991167501,100.82979097989947,91.81031653948195,98.38547136796642,101.80800604028367,100.72224340356472,103.71236733693341
2005-01-25,99.87123901527362,100.25577910846214,91.92501568492803,99.0630065014528,101.45938508228043,99.77496000382173,103.23140148239807
2005-01-26,100.43162900254158,99.77175389167517,90.52157639971495,98.86617364743411,100.98116991414399,101.5320902404427,103.92987558201855
2005-01-27,100.13002340119367,98.89511808175504,89.8401935094882,99.15488323715961,101.2742251777778,102.04512317409869,104.24930838068695
2005-01-28,99.92431199737247,98.3657479462077,88.86901456863599,98.60621889588303,101.466155326754,102.42236062013399,104.85140325847317
2005-01-31,100.5225353480392,97.69169579934163,89.59216524939083,98.90606754017949,101.96638786364969,106.1462275686049,105.02162876422524
2005-02-01,99.4710685471178,98.05024779013029,89.87733105781665,98.43935147359184,101.88959880732588,104.72878878859505,103.60647191498761
2005-02-02,100.1597983497784,97.10180730472803,91.76109799039419,97.55962577253307,102.1714309321775,104.51677130725628,103.86119977216096
2005-02-03,100.56777330075491,96.96984118730357,92.22749977549013,97.02218482954537,102.21249438971684,105.62762532811297,105.09678976976079
2005-02-04,100.61079793190875,96.3557259329027,92.75592975081301,96.14846105444381,102.31196458598552,104.33700856011043,104.49694966633781
2005-02-07,100.2744708975204,96.74399972908218,93.30587881923066,95.82729680283637,101.72725417403935,104.38070574942475,104.92875921147602
2005-02-08,99.7539173059873,96.63196906005783,93.88856482253608,97.67431133071118,101.22107186933742,102.0668802383688,104.33204397073148
2005-02-09,100.60484947985579,97.48411377782867,94.28403947852227,96.001912831343,101.10439786290017,103.56929295767503,105.39723798954316
2005-02-10,100.52959317580108,97.04642951645951,94.91406429674932,94.3803112360583,101.25988790229599,102.30565125863653,104.89277865303565
2005-02-11,100.21074554390785,97.90452134783935,95.16906370051302,93.13608523930654,101.58251821954329,102.65015000226076,104.52504364516946
2005-02-14,100.33185533356614,98.56572791973757,95.59785418785164,91.97674228569967,101.50446460469048,99.955179246874,104.11709404420134
2005-02-15,99.76825064672339,98.50471717847262,96.8446324629272,91.66795492670614,101.32594718379765,100.31947397122549,105.81688124740788
2005-02-16,99.68282624780915,97.84177341160347,95.2663234279191,92.09198597681753,100.91088600255394,99.27908983353906,104.29766448116548
2005-02-17,98.95783677341701,97.62294711668751,94.6330610799161,91.58091888955562,100.86544896796397,98.84424894281379,103.45856936368328
2005-02-18,97.97772767059159,96.84078098461248,95.16158029529409,94.19015342820074,100.60334435674329,99.17454365174906,104.54132802226115
2005-02-21,98.06393209987745,95.73712667800339,95.70182736262858,94.29624606180873,100.8933281241617,99.34974763615747,105.39473280799005
2005-02-22,98.54315461978531,94.84091048689749,94.1632242716265,94.88743564324447,101.70068667800528,99.73546285698126,106.21338334264233
2005-02-23,98.86925039734304,94.76929603862101,94.2707182393638,94.58879280062511,101.42794828312866,99.73606155197446,105.74545644152762
2005-02-24,99.21343773336478,93.91421523627379,95.57624300142268,93.9510580003993,101.43768116541413,99.64093518304311,107.59403473015337
2005-02-25,98.51524116728022,93.86047287996222,95.38938942408642,94.23514346620921,100.38498940073987,98.30848220408066,107.63035650464681
2005-02-28,97.87123263488135,93.31774930863119,95.45077138541438,91.7990597609536,99.95475878906066,98.96672974412145,106.39948600942881
2005-03-01,97.1701616861895,93.23780960034279,96.12167630986231,90.5832860826332,99.40978812942727,99.25743049495183,107.2008868949965
2005-03-02,97.33218748360396,92.89615482622773,95.13578171644593,89.70328169940082,99.30101943685574,100.28633014568156,105.8141629195069
2005-03-03,97.73461176582043,91.69138513037458,95.01848174000251,90.30467927253602,98.72033632643802,99.84844522351885,103.22173439229424
2005-03-04,96.89419345815625,91.96124573094245,95.58870482704368,89.07706511509771,99.57792691105749,98.53021237266223,105.79926549712333
2005-03-07,97.12176556514098,92.96930747911522,95.59881323043335,87.5363915551885,99.55083436403356,99.1179904587999,106.08375676313955
2005-03-08,97.32785176731225,91.59083478003855,95.17820035898471,87.84080943442868,99.98795981851771,99.22300361480733,107.16073705848018
2005-03-09,97.28521899665218,92.13847751649391,95.27111144051689,86.50507089809898,100.07197041388189,98.19290284228394,105.85490065640496
2005-03-10,97.17566379388862,92.65759252370798,95.04347673102421,86.96302705941491,99.4859149680182,97.54332000636141,105.28299461954404
2005-03-11,96.96225312903098,92.21329343968829,95.33166046886677,87.87323094339193,99.77152853087485,98.07784827440247,106.66969384843715
2005-03-14,97.13014657320063,92.31870489893669,94.66121307976066,86.35149238770987,100.0726454643121,98.06340750388729,103.4758539019847
2005-03-15,96.2180389310744,91.2797841730421,93.0317458101046,86.98981829677831,100.18031310056583,98.98107290129118,103.1815764414922
2005-03-16,95.96410212659563,91.1915247756697,94.26239307901159,86.79231137562861,100.45443255083119,99.60024241370502,101.74759096734566
2005-03-17,95.96608450645346,91.12687331376321,93.63659678030812,85.5389433909644,100.16519831228587,101.5023584895708,100.64286344146824
2005-03-18,96.60443544934952,91.30859041196292,93.03945806542576,85.6999809624353,99.8524737925683,101.4898339954773,99.32732191545361
2005-03-21,96.64791710322983,90.9659834932103,91.81267956060331,85.0446965928623,100.64105143066986,101.41891682632547,98.99129728633737
2005-03-22,96.9689275187161,89.79764585278724,91.0054776863747,83.84613848855334,99.41089476950384,102.24364832526466,99.09645103486403
2005-03-23,97.90310642975595,90.17816514954396,87.12232014357157,83.09931279572048,99.6774954903911,101.97222767425329,98.52798003835352
2005-03-24,97.79404773994496,90.31124747260212,89.24801061178503,83.06489222153786,100.14681535275798,101.72092074241205,98.02308220475403
2005-03-25,97.71373025567797,90.952797705211,87.18909742402379,83.60478915937377,100.33842848758326,100.2678951995239,100.22690817256351
2005-03-28,97.58482593011006,91.2981001422859,87.36619025952848,82.93129465235141,99.32317397137587,100.82995755393584,101.29664372521071
2005-03-29,97.44901422312815,90.56377960703536,86.65612046903354,82.90952364834042,98.3505441659127,101.03280710271858,102.91791549386579
2005-03-30,97.39090210152486,90.82157577579663,88.4773846702739,83.47301580938448,98.66480828221637,101.99639872153953,103.2470240933564
2005-03-31,97.12659124635475,91.0557160627111,88.00513880409625,83.45030673057781,98.85940120140448,102.5024192257886,102.03265423697424
2005-04-01,96.81084535375706,91.25585937414382,89.72344840029142,84.3217674453306,97.09950184761395,102.56157670502941,102.38732723770647
2005-04-04,97.09248992421409,90.56304002402082,91.0712457759335,84.60362555022523,96.29469820293296,102.07923448432877,102.3553371544714
2005-04-05,98.50110245160828,90.72618742925732,90.22433571235484,83.68682494772958,95.45705915794164,101.30321175306817,101.13491471254427
2005-04-06,97.78903598209901,90.82260543314642,92.07184278382991,83.59141586086099,95.0979512453079,101.18655629987117,101.08410514854822
2005-04-07,97.8561088075603,90.86534756563137,92.74181462357842,84.19366125150268,95.30190855153315,101.05979379318767,101.93373555922871
2005-04-08,98.18808899718024,90.07821562215238,92.9305973076198,83.98605243528667,95.79959935862118,100.77072925913927,101.94479590382608
2005-04-11,98.20997649555846,90.00610581456027,92.96989702463513,83.50467432391346,95.63502784679362,101.06287211692388,102.24865292316025
2005-04-12,99.73457567277973,89.79505015600297,92.35038521450672,82.5035707544142,95.21597000189652,100.48399697810007,101.02866719105766
2005-04-13,99.46355696586242,89.71279838561887,90.61331474460562,81.86845460258068,94.81759866502175,100.77450460035027,101.25024113369723
2005-04-14,100.0524686469552,90.0113625392962,89.75420890896144,81.61421097292842,94.15882445378197,99.74626989681438,101.68497528067395
2005-04-15,99.7418505767187,89.92292007394376,89.97098098037185,82.4317143887565,94.17159825634111,99.97172410416637,101.51275177924188
2005-04-18,99.20840314803331,90.36618210642197,88.95969113350095,81.49019996108619,93.93029584998753,100.18568353185141,101.21936819614797
2005-04-19,98.30609773931683,90.16696595696075,89.0991252956332,81.83892036053406,90.91405034932873,98.61462692717024,101.08079055785826
2005-04-20,97.95214608213703,89.60686241010187,89.14038102784748,82.50569012812048,91.75804030340193,98.74774041395185,100.85796001572123
2005-04-21,98.50156489196814,90.52533720987888,89.61576483733423,82.89020545351376,91.48624267000801,98.26025988687215,100.89269916982346
2005-04-22,98.6440982364476,91.41040484514959,88.92088358762277,82.80858250369641,90.58277614033074,98.07152110882038,99.60333957244349
2005-04-25,98.42974355240784,90.65244387642433,88.91699844275989,83.30262155794578,91.08980445385414,97.49607502349012,99.89485969265482
2005-04-26,98.44117880983922,89.27914737213702,89.13777356963664,83.09395153086419,89.39294816290807,98.0515098618023,99.65611207424706
2005-04-27,98.77802918148058,87.56109557463039,89.02142772872283,82.13241808049594,89.6870178342546,97.37633895751864,98.69128370624685
2005-04-28,98.90310593832194,87.9472124507369,89.17232660561487,82.09642534471168,89.06359351620767,97.12614745333758,99.49555300017622
2005-04-29,98.55951568678897,89.13467998172227,89.12047276953746,82.45063275242208,89.07863438929694,98.0079921911276,96.4870243788862
2005-05-02,98.42644977248878,88.45606267335828,88.39569313913233,83.420050075512,87.9783361268024,97.03484153609168,96.38994423859104
2005-05-03,98.16301187539057,88.75057963864917,87.39103517050565,83.95249483315358,87.86206393562635,96.44122408969076,96.14888613856762
2005-05-04,97.98928703873752,89.11469232308909,87.3504250301048,83.49587507657577,89.091290795904,96.5579666551667,94.65662820908075
2005-05-05,97.49141134635948,90.74797922382427,87.97720475813144,84.04667207343768,89.98626105672056,96.21989888479999,93.70582737778196
2005-05-06,97.50759864004996,90.13033223040608,88.19107646344992,83.59155720674286,89.60901662847533,96.31212084679031,94.88660378501615
2005-05-09,97.13399396081597,90.95903964811717,87.5548754090307,83.24620186868336,89.86962763713616,95.10578355124922,94.77130983443146
2005-05-10,96.98360578450526,90.6976318054058,88.62096132038566,82.08991030673599,91.5132170224168,95.60222137140735,94.00741168534329
2005-05-11,95.7780188771625,90.26056718869542,88.3681149174055,82.32444517892175,91.46500258108746,96.80588172395046,95.2923421980114
2005-05-12,95.17582735636118,90.17487034822054,88.33083057253096,82.18578904606372,90.85271407975853,97.64976008139027,95.17834917468895
2005-05-13,94.23884606511925,89.0105209605765,87.42501477203452,82.61784268044897,91.06395837454093,97.82180130871647,94.21217301266327
2005-05-16,94.82224135134096,89.41792649649416,87.03598153722724,81.874487483384,91.09578040342231,98.48882221249812,94.37593677916506
2005-05-17,94.70160233797233,89.27421124725088,86.92476832856912,81.84120196595305,91.33295569243106,98.20731616767524,93.94563997429567
2005-05-18,95.0490772940653,89.53611179320411,86.52184961884859,81.69950746298092,90.63430269058378,97.80787364846076,93.56452243990601
2005-05-19,95.36005222268369,89.9756863813257,87.25332981050215,81.33295839005676,90.47907103701264,98.8150465948595,96.16926106089186
2005-05-20,95.07871139655116,90.62665020342854,87.20820090278829,82.35296719677626,90.09661205706952,98.59165771330521,95.74080589015298
2005-05-23,94.95834350568714,89.85403499544172,87.23522520948706,82.00483278930221,88.80423473539844,98.28083841213011,96.78275310113138
2005-05-24,94.58413580692667,90.12787567460114,86.33016302842933,81.05475071369885,88.92469667433662,99.38870535665802,98.06428927718156
2005-05-25,94.20364845324745,90.11335963097588,86.21231390004155,80.63558890772536,87.71239261211329,99.52147463235409,98.24110453570697
2005-05-26,94.51335255603112,90.56003824253831,86.90895799167092,79.9769328482295,87.45096540811586,99.89250520912654,98.93182440865019
2005-05-27,94.07760636395058,91.1544873331576,86.41836986971896,81.12801416860582,89.32679072111071,99.42167140521887,100.46507837732679
2005-05-30,94.05614085422843,91.47710351185528,86.34301089526149,81.08171157218995,88.82536806533885,99.09899547614278,100.70515552506197
2005-05-31,94.11367542589356,91.18921184819102,86.11708308132846,81.36169854687375,89.35683800931336,99.0710111875575,101.49296742259241
2005-06-01,93.58576558045148,92.20469751605016,86.1905842100172,82.01975593846205,89.37611907023552,98.61431297970033,102.56339095833033
2005-06-02,93.78643796128645,91.72848097243033,85.97855883877189,82.33943696114534,90.48655943587502,98.1976497093843,102.98639371381071
2005-06-03,93.46387292955903,91.35319470808574,86.0957567394983,82.39459534647351,90.7113603217433,98.09830235836348,103.34997113247223
2005-06-06,93.06600761241806,91.36760214765452,86.65855062758614,82.42228684822118,89.71011062423051,97.51277180893146,103.432576662082
2005-06-07,93.22086403439879,91.46152322748588,86.32142126818897,81.96305798624104,89.70933614587368,97.62374222372496,103.96950953194933
2005-06-08,93.16330346220467,92.82057770138326,85.97171584141087,83.27859086634373,89.15889844904444,97.7631744405054,102.96446698235029
2005-06-09,93.61724698180151,92.96646366246556,85.86113101971411,83.19745824253303,89.1267305114941,97.29736018597484,104.11303988697551
2005-06-10,93.42513821740866,93.4177439180883,85.43847945020207,83.69773270232612,89.18240445061289,96.5652721868764,102.36456655888048
2005-06-13,93.42685353392727,93.01786521591997,85.1486977759692,83.5242839591685,88.84885102137866,96.73605687772543,99.81017188279058
2005-06-14,93.72172643095162,93.03178001754755,84.93414455961727,82.99598293056776,88.99690657099785,95.25204792196799,99.09446830255553
2005-06-15,94.39126180625033,92.66411824538928,84.63082706436985,82.12353879708022,89.05764635005718,95.38056346584524,99.40726516062198
2005-06-16,93.95201765680781,92.53730695035325,84.77102917396981,81.39710430713995,88.97683609890063,96.30504669337073,101.96445547808428
2005-06-17,93.62776428711425,92.4718319129872,84.53412354720466,81.46745080274516,89.42441546753425,96.53321289017356,101.77488598698501
2005-06-20,93.8279069651378,91.77556361544869,85.21672040732388,80.69812142406063,89.19151031748505,95.86862014772909,102.8016214412361
2005-06-21,94.66614594360018,92.09065918851158,85.38444128937802,80.73147217401045,89.25444236336881,96.60353310407143,102.61008261471369
2005-06-22,95.04092869295052,91.9126334048845,85.1643035459855,78.43026526834986,88.58547944324484,95.60556254625492,102.149306917711
2005-06-23,95.78759755905116,92.46930838486759,85.41064533029851,77.28852538420053,88.01538511074158,95.39544334752223,103.00242870424421
2005-06-24,95.43085058200828,91.89124357089784,85.7268808093297,78.85540098460869,88.03919038794861,96.02093619662071,102.53096993939515
2005-06-27,95.15900748662091,91.45237904131463,85.5681237496472,78.72811346773113,88.2099016486374,96.77123219235196,102.59346955561959
2005-06-28,94.77660353716279,91.57422109771491,85.29195600447287,78.22709297240144,87.78088735365635,97.5376201852437,100.52023689755947
2005-06-29,94.57383026417627,92.37905465871302,85.00022467534433,78.87525237881717,87.39127497154965,96.27597291959125,102.12857084672848
2005-06-30,94.82757658141803,92.39039859489837,85.23451139255029,76.99294673815022,88.11033092128238,96.2946102312455,102.14853201182413
2005-07-01,94.4216945706736,92.51384814114058,85.21502492611313,76.76034252680782,87.33269620340876,96.02554983177616,102.05607786860205
2005-07-04,94.3115152566824,92.42465697814984,84.42041722000458,76.9793175496519,87.35500255348836,95.36402746980532,102.78344075613099
2005-07-05,95.73695521964255,91.60432682487428,84.51889363641584,76.32009266191687,87.55348379723905,94.85502561127963,103.72882985828731
2005-07-06,95.34131728430039,93.3155742532112,83.80182730242743,75.36415608746437,87.73136344386543,96.0186662450585,103.36476176772807
2005-07-07,95.44381926356476,94.89127923399576,83.13085168453432,73.56030717024714,88.01575243867518,95.32454626435063,102.73254703879832
2005-07-08,95.32257802535874,95.28283865189107,84.00570890016306,72.55506647676427,88.20674035834408,96.01260432088645,100.67884444478254
2005-07-11,95.62602205328679,94.83847422270381,84.91083433038382,72.47617816641943,87.94499072997883,97.59731217964207,101.7108323378147
2005-07-12,95.16647493335181,94.28142144262216,84.86466494598514,73.06205907646427,86.90662032702396,98.05634590419079,102.17040465810489
2005-07-13,95.10733117303464,93.70964348622608,84.10819560366751,72.77488048797805,87.07641914799405,98.57875377757722,102.82816395768441
2005-07-14,94.60015621793899,94.17417295552363,84.61736014800823,75.62627325319694,87.19024338250803,98.20282899582972,102.38672327838478
2005-07-15,94.35543650949269,94.3891962319191,83.6937245314424,75.64436394012381,87.2403652580829,100.15454177071597,104.07804611484555
2005-07-18,94.75243665826682,94.02813854088151,83.83524921755054,74.67345137138157,87.44410882161534,100.3852389368149,104.76175908937955
2005-07-19,95.56136303789282,94.29928616387855,84.09556535446657,73.58385712645078,86.44827511984931,101.27973083630964,104.85528869699291
2005-07-20,95.5521850084849,94.02168381001808,84.0436031267872,72.25859312786915,86.76438429372033,101.40343051912417,103.89561121942484
2005-07-21,95.97063392089102,93.77902275690096,83.89684379729218,72.7711610354844,86.25213277767614,101.95292350733342,103.12265086945739
2005-07-22,96.34999121239639,93.52726245642398,84.15692382625105,72.55865961373365,85.71303407206828,101.91434852747689,102.53477451608227
2005-07-25,96.41652787780107,93.48414781373133,83.29972995439162,73.93758082985153,85.8347271260466,101.86749381458147,103.07485063554222
2005-07-26,96.55991890701345,93.29591850575436,85.23965236686361,76.50848544774509,87.06259203559422,102.05079704961167,103.65775969024202
2005-07-27,96.53722698365392,92.85595743432927,87.21333031532147,76.84903525396591,87.02773267853684,102.1031558139893,104.50154059020296
2005-07-28,96.28143308899908,92.74445233061897,88.49217544422244,77.32062692286688,87.67517845719642,100.82944555436245,105.37470479044069
2005-07-29,96.80786909528663,92.63984474916131,88.76561580262171,78.09865239308478,87.87809045278561,100.88490766642965,104.93500472409548
2005-08-01,96.4965261892393,92.26806467692924,88.8681802683439,78.06703819984203,87.40082289920399,100.92783506023046,104.89230391541088
2005-08-02,96.7031421530249,93.03094012714102,88.46931874367333,77.90357402686728,89.62154339287675,102.26719677032021,104.874895682974
2005-08-03,96.58951164730217,91.88107420438256,86.91132101877939,77.7815557263875,92.24971812239785,101.88815892533279,104.5270296455361
2005-08-04,96.23659136665744,92.39737405364785,87.40623505099606,77.14749163094051,92.73044022656445,100.85240538410916,105.717152566334
2005-08-05,96.31031380316992,92.40785909683237,86.47923412490562,76.94143244231643,93.63193961609741,101.65169746822345,104.37608826781222
2005-08-08,96.244621549363,92.70675907907898,85.60596758892545,78.21890682605513,93.23273659621782,101.90196975611231,105.5867745164821
2005-08-09,96.07486939369997,91.92451263212074,85.64061094988753,79.24261308840295,93.45952330690541,101.21632835483486,106.33297960027659
2005-08-10,95.50753744212803,92.2894101575377,84.36413990994897,79.13355938907173,93.87234069926771,100.93810372104242,106.35102724030274
2005-08-11,96.11524610162047,92.66241248836072,83.86659494776332,79.77431314970978,94.38877977739861,102.03792886238439,105.5117516768603
2005-08-12,96.19930677683439,92.27483453667892,85.29812142909003,79.1150350512225,93.80470564980158,100.9149469038773,104.28246534758983
2005-08-15,97.1607058742307,92.43626815586566,84.80177634444463,79.24462086687748,93.77633505635723,100.77848617252718,103.83332583877315
2005-08-16,97.65640126781685,92.91500571667336,84.00501977646157,80.70726743382384,93.56228382024295,101.25074058097567,104.50335019322966
2005-08-17,98.21296486613542,93.21576493621734,82.7425716465748,79.19507731958022,95.41633051780987,101.17851238462168,105.90580838587172
2005-08-18,97.99037111262867,92.80528277165097,82.34730378136697,79.68590060219479,95.83799816297962,101.6580129914102,105.57255259044236
2005-08-19,98.01234524482761,92.29759196438778,82.9155093608149,80.73152301042572,95.80561143384303,102.150663173759,107.38653558009104
2005-08-22,97.6949956049993,92.99684023308043,83.31913622752374,80.20937773048173,96.34788431624311,101.5474867134539,106.52274402019691
2005-08-23,97.46972814122172,93.73337827122815,84.07026924958232,82.48726568724307,96.57144510805972,101.61192818244545,105.79192567693953
2005-08-24,97.2253612936166,93.53111239997061,80.90597505219239,82.71821662674661,97.19160544667018,101.78511316215561,106.79085001936006
2005-08-25,96.47602801930823,93.73469405669854,81.23822468105347,85.70338642657995,96.68737521105056,98.95888085989517,107.05382101175837
2005-08-26,96.06011435939378,94.00744309162076,80.31342333740271,85.62770787416609,96.46882800233088,98.84666629182253,106.6452476366637
2005-08-29,96.48594359766126,94.10114574025721,78.87367617520333,85.78736911410836,96.34046621607472,98.44159294171338,106.7689413022909
2005-08-30,96.64956889780704,93.52855061860716,77.50582843673739,86.54609788705787,96.15004082525395,98.13018198954715,107.8176025954193
2005-08-31,96.93241322784772,93.78428996238127,78.48559609677292,86.85032136779853,96.10701500452272,98.72615264014786,109.33048266588777
2005-09-01,97.61798787530424,93.56263680944073,79.64742732315328,87.54876120909317,96.50150816988689,98.26024037260898,109.91939884032588
2005-09-02,96.992539573239,92.63027854107987,82.42395870996923,89.88473938248114,97.45666800529504,98.20019416426882,109.78324952854364
2005-09-05,96.14389909757438,92.73725306310044,81.62570720816734,89.44855694668529,98.84490478962951,97.26428996794417,111.13705474968799
2005-09-06,96.7717683558833,91.87704614948662,81.80594397750609,90.51690679685629,99.60835605794853,97.12994796031069,110.75998425644421
2005-09-07,96.17728578092353,93.73662714989005,81.43727926276875,91.19296762889732,100.33117277329531,97.56722480506566,110.18329692483906
2005-09-08,96.62870439034305,94.17708252654099,82.55066748469461,90.86184484944634,100.47241419050307,97.34700338778168,112.18784882066508
2005-09-09,96.42533725937508,94.11802013736107,80.51440991163544,89.7560240952622,100.61235475558824,96.34140904224576,113.78363913208612
2005-09-12,95.87267161415865,94.3990158805083,78.30771961296375,88.89367219895335,99.25854258409467,97.04284472271083,113.92971763157678
2005-09-13,95.07260906739108,94.62582818095039,79.39920081896615,89.24530163456387,99.25668380214451,96.03558517588928,112.65169972653902
2005-09-14,95.64563146519492,94.595833829075,79.54456552981968,88.58672084789181,99.75228554138583,96.82472961923953,111.95876177012974
2005-09-15,95.48612558573245,94.47298215307883,79.47265001116925,89.10547410412742,99.71249407598033,97.0596087448132,112.05093434084674
2005-09-16,95.43924736827283,93.62721252432324,80.37293231002371,88.90915257970866,99.95785444621752,97.65164469595187,112.23413257139195
2005-09-19,95.65953381858499,92.83386799716571,80.73341049519576,87.82263382467094,99.51472440992553,98.61775784450928,111.620567613556
2005-09-20,96.05109705860318,92.61391567423463,81.89796269265868,87.87811445331822,99.87557918554553,97.88833643681652,111.86452021449753
2005-09-21,95.49466564046719,92.62048668370915,82.14854653748479,88.26600451970474,98.78975556960734,98.55578447246343,110.09371367797529
2005-09-22,95.41796473001287,91.9421365793821,79.09774915519593,88.16576787812855,98.71906191793107,98.93393741246001,110.54008039686953
2005-09-23,95.2163210579058,92.32887750504183,80.88635763562061,89.10745440274718,98.6746511724319,99.5143453148401,110.543680663232
2005-09-26,95.17994935069414,91.65946015812135,82.2415555724512,88.61035167221651,98.84264472673969,98.22018254651925,109.31980989182881
2005-09-27,94.74923301297167,91.8383437102468,80.61988418962525,88.60520561487851,98.25453007198419,98.52752380042024,110.00150204382614
2005-09-28,94.38951466165169,92.02768672352262,82.4863814973645,88.4853820217374,98.51272686887324,97.53446059489448,111.40331608666527
2005-09-29,94.17200548022943,90.78309321301296,80.16441513503925,89.12198873368331,98.14094621028431,97.51595225010934,109.69298626602725
2005-09-30,94.48279846026836,90.97197217416053,79.86957486587711,89.56871955208638,98.42206116409007,97.27501961258167,112.21781502383774
2005-10-03,93.4247536210815,91.90366641761838,79.7651815769799,89.07263321621457,98.23267459847206,97.40005033662115,112.84587265434564
2005-10-04,92.56832992909612,92.73708418883197,79.6441781062606,89.43133250289885,98.1838589012684,98.11066531911426,113.26752545146068
2005-10-05,93.70416338947179,92.35531193210042,78.83666468833229,89.36172122209163,98.78588558281218,98.90327135675757,114.82434855476683
2005-10-06,93.82459537219712,91.68121809788647,76.38572494196757,89.61315615190347,98.17414122121507,98.55132079368362,115.6979773128057
2005-10-07,93.51473070519765,91.73825956202494,76.150014556665,90.37884729402256,98.95718408406609,98.93321270343388,116.00035906940475
2005-10-10,93.67415855727933,91.5604128516381,76.73333161359893,91.46391274160464,98.94664925959582,98.98415823020379,116.10054420805155
2005-10-11,93.34512220440176,91.51522626215507,76.18483382967563,91.82387459846669,100.10574753413952,98.1283874746217,116.9166324252353
2005-10-12,91.68321503494705,91.28044357461077,76.04850929812773,91.7510773531878,100.26151981739119,98.70720011844914,116.2231996962049
2005-10-13,92.33684793914604,91.98451885837247,76.10424014525594,91.50924885979425,100.11836781428781,98.7505111965157,117.12553444537964
2005-10-14,92.79079541289617,93.15716761195968,75.3176352855258,91.71683104427444,99.21006380740879,99.92793443673453,117.88670744358741
2005-10-17,91.83836174808278,93.42729551527762,74.69311786560733,91.47172006696415,100.58088475068335,99.62348450385748,116.69078037439786
2005-10-18,91.69876574852188,92.76323732141167,74.02000036546214,91.7022579537476,100.9888692786078,99.92811653049375,115.9380238321556
2005-10-19,91.73667044513961,93.24401811812568,74.16541129024314,91.72520702373176,100.93391567740021,100.47738070956304,115.24168122867286
2005-10-20,91.98782621412818,92.23998579129524,74.83194758903112,91.00237077735375,101.14416900934239,100.82432879318932,114.93950188151588
2005-10-21,92.07094814657319,92.38865970540472,75.38478392008008,90.63377952652475,101.93440021930434,101.2775584957717,114.85681792356532
2005-10-24,91.841779066859,91.17478651344452,75.65816041650106,91.35162415860573,102.47386267674253,101.1439833642131,114.16992901232726
2005-10-25,91.53130199488938,90.73841591154765,76.0362446814104,93.33489098204977,103.03917954871592,101.61560938529335,115.20755254474044
2005-10-26,91.63068213267498,91.8951885000945,76.79158721478302,93.12351371471573,103.2413118970897,102.78144520244966,114.95512269811464
2005-10-27,92.44053589148375,89.64894349862736,76.73402516380321,93.15899534565393,103.77667695319835,101.75939066579417,115.64220864263476
2005-10-28,93.03076578060241,90.60327517691404,76.83712991482419,93.04995597200461,104.23401277932871,100.29442168271663,117.83593699192127
2005-10-31,92.91580875214768,89.54840358709835,77.23547290852065,93.21868151414341,103.63730954717201,98.91579648797149,118.59887044658673
2005-11-01,92.67299345195966,89.18928408415135,79.00387493367883,93.25309757593241,103.73400657815023,99.65639483688123,117.34904824654286
2005-11-02,92.89932806766163,88.88529343422283,76.22957724089483,92.62561837362996,103.18664102115363,99.94029085999065,116.41935209243272
2005-11-03,92.67186110510548,87.88312426935818,78.02584979594805,92.42031552303632,102.64408120531384,100.53936664208149,117.70885421066502
2005-11-04,93.38938412386022,89.89263091657352,78.66832709903566,92.50618200213435,103.42064086092708,101.81789847520433,118.4417079373356
2005-11-07,93.34902152042845,89.64269964221995,76.7649267244101,92.19136817907106,103.50575527202788,101.84859084049658,117.60250217742103
2005-11-08,92.63281538787768,89.08898550577015,78.05058444716616,92.94586488758932,103.22168037390192,101.90404511935235,115.19803987148235
2005-11-09,92.78941203456094,89.07999286322043,77.62225448577082,93.16391720904296,103.02457783110026,101.45195255624326,112.6176158669072
2005-11-10,93.04454650774824,87.9148664380377,77.22275605406067,92.88897252037984,103.81883602120413,102.21270100189308,112.39721141003143
2005-11-11,93.62558153713725,88.15868207854047,77.68313538147822,92.15438482126186,104.17549437137694,101.02628232807511,114.55467268996885
2005-11-14,93.45732135045066,88.08992654382382,78.22732904955602,92.11978298751166,104.29895860782426,100.668962367985,113.39719975414145
2005-11-15,93.66504128995679,88.06770449793176,77.1409007952092,92.8228617895934,104.82024651986967,101.51232748058548,114.69862699084369
2005-11-16,92.57756800313285,89.03893846225716,77.69649301074486,93.24014494365467,105.09074522652885,101.99242167901008,115.00368625758733
2005-11-17,93.32240664774292,88.40878241169627,78.67452750244114,92.68746496956618,105.4284891024244,102.35320661045971,116.05309374108724
2005-11-18,93.8967411272749,87.25607703343243,77.95887671638646,93.42234231993294,105.89527472087339,101.83209812390282,119.23439177852914
2005-11-21,94.4812174716062,87.6148393158888,77.49366465483999,93.5013821863772,106.54789893960616,102.54320707355636,120.29632161157161
2005-11-22,94.35667142324318,87.22725372532256,75.81316243548171,93.28263072800547,105.20602306134153,101.69741222533631,120.04622710399052
2005-11-23,94.46996932745719,86.9086927476244,74.75120272924941,93.17058758311975,105.35103875638549,100.71545588380977,121.2415273721559
2005-11-24,94.64382215453251,87.80216081055121,72.9168730322287,93.50283691706274,105.79290835620003,99.66630372353822,121.88674345013243
2005-11-25,95.43300043502117,87.98408565815745,70.64558966807085,93.63349374158308,105.15471291162432,99.10470237151577,120.17148631167406
2005-11-28,94.6320551024181,87.67892147341402,70.71999877692308,94.26696133816776,106.03881460861042,100.27059387130576,119.15527875204226
2005-11-29,94.87362600570209,88.2994478264431,68.02131013215745,94.7339693640274,105.96056412394636,99.0969521877223,117.83158723424194
2005-11-30,95.04527727747409,88.27370706157642,68.11989723636839,95.2023551790906,106.54418247674379,98.16180619000978,116.8313655261576
2005-12-01,95.69093229832563,87.45085174821992,67.53488521575785,95.19615380769888,106.43601688677388,101.36246668434349,117.76962614984276
2005-12-02,95.97725499923531,86.12529262432562,66.03759714566107,94.67606552888542,105.45937544682769,101.12149304594904,118.31142367340092
2005-12-05,95.9447322744547,86.58612198772067,66.69382409049692,94.2645185264715,104.0840284895242,102.11934557969583,118.82341412075931
2005-12-06,96.00105717867744,86.80841228678149,65.7999033915329,94.72281472163468,103.63385444921626,102.35074727862778,119.74384557015664
2005-12-07,95.26133816681168,87.30575232738776,65.43488083904774,94.68041097235447,103.47097122641337,100.38513958368978,122.08848444562027
2005-12-08,94.40845779665558,87.12031439078201,63.27645798387705,94.70236417944656,101.68254738711022,98.30131081775602,120.82821387309957
2005-12-09,94.92625054095706,87.09770822944024,62.79199109420093,94.696070727086,101.04817666771832,98.27145776565739,120.48586008325192
2005-12-12,94.5435630772465,87.55651331295766,61.941936324481304,94.72480918063076,101.55555540705711,98.53029310186966,121.23597449322392
2005-12-13,94.98318904356415,87.50046649489443,61.28703592767318,94.73544535706435,102.7800406823929,99.15753455969012,119.19093502145653
2005-12-14,95.18983648412157,87.7961594468749,60.70480318197217,94.72351142794915,103.42452734872577,98.0970948253723,117.09373607879174
2005-12-15,95.8140705706879,88.2449501108621,61.85359121643054,94.76014376770074,102.71505531544493,97.97563606983368,123.72978383652914
2005-12-16,96.91388877101994,88.7823407870741,62.62325887143562,95.28889195206858,103.21726356062787,96.71151199981644,121.40109283514302
2005-12-19,96.65777301604501,88.86976701770145,62.73164775954142,95.54369736444109,102.97346881069332,96.83886163834613,120.2742170138255
2005-12-20,96.54712875195555,89.28255732533876,65.8891368125378,95.85927945879101,102.4616552500269,96.24648487598873,118.72367384792994
2005-12-21,96.5772238670628,89.21106954783498,66.98369355454646,95.75116220216775,102.79885532238161,96.7191483513736,118.55977138316754
2005-12-22,96.80798032462006,89.0320265777082,68.41682368406806,95.69432293455823,103.23449842076946,96.36046184760244,121.6446844770529
2005-12-23,95.999758810832,88.99086236449129,71.03423509559397,95.82692586413377,102.5146922495795,90.73735657568166,121.73374897006747
2005-12-26,95.51845630090021,88.84196114304473,72.99039496675991,95.78525461540094,102.88325491759188,91.56822962076265,120.64417658316815
2005-12-27,95.25379040013392,89.32536003687983,73.43062365695076,95.92352237461324,103.5936917528615,92.30302986622631,120.55112035602144
2005-12-28,94.10352185140316,88.97491069676191,73.9429227785688,96.02665014602832,103.58263174212823,93.3102277399132,119.53787411337984
2005-12-29,94.02251439940655,89.67744527012074,73.64980864574612,95.74256876017611,103.18257948337397,94.59527635879766,118.56164963656428
2005-12-30,93.66768469828457,89.36348544702287,74.10586597203543,95.64775252779582,103.4771359985513,95.7051368675103,119.37291546223656
2006-01-02,93.97080714415591,90.24345281715932,72.01141690144692,94.6801026812829,102.316225028273,94.20543547225816,117.55374172503873
2006-01-03,94.09226753447136,91.11356965484109,74.34495015096905,94.90784111373486,102.27284347477169,96.44677093587691,116.26427568237924
2006-01-04,93.78740228076899,91.05882665075636,75.36122369228272,95.37237057002214,101.88813119155714,95.0403242461303,119.58149650420425
2006-01-05,93.87180338085135,90.82724775041741,73.84374815263389,95.02456022186601,100.83001053666258,94.41094334098202,117.84871711866005
2006-01-06,93.88464505132609,91.63057056980097,74.99958765053127,95.97727641560246,100.96575349672139,94.09141066321232,116.84337045713771
2006-01-09,93.62010102088182,91.68589377916558,77.12451487177181,95.97883564733274,100.09295326417524,94.97192856001702,116.63702599871382
2006-01-10,93.36830427722438,91.97461955214948,77.58498651923033,96.59923413239791,99.16603871178033,95.06629828867311,117.73868162986787
2006-01-11,93.43858775169362,92.08342235999469,77.62725322638299,97.13046031983141,99.8930817457839,95.97708682953042,118.70796160484784
2006-01-12,93.71261181246237,92.21277043244334,77.99941671305321,98.04808411780205,99.63850573146543,97.46014901450292,118.16219092588605
2006-01-13,93.47352292851916,92.03529075386416,77.94135716671498,97.40151864100305,99.57069924512815,96.93796227347774,118.11504937409113
2006-01-16,94.24251240937181,92.11280395023235,77.92484836042543,97.22539633125533,98.81974679775567,96.50699381942022,118.54506885761003
2006-01-17,93.81332687060825,91.97932138381151,77.96727187032056,97.92160470058542,99.05762809561304,94.98809515769868,119.33504054364182
2006-01-18,93.78483984498168,91.54848653067461,77.84281064094093,98.07238781437499,98.80191153843998,94.55546500471942,121.16272472856244
2006-01-19,94.19276090184803,91.91755845118307,77.76867846290266,98.85369157589872,101.45624690856211,94.08781468621837,123.07969571026605
2006-01-20,94.28223648323447,91.90783209210173,77.67998337431987,99.30556112541056,102.4240090913549,94.96438581467062,122.20412229715386
2006-01-23,94.30761758265997,91.96356951013802,77.76065700080882,99.70458961588012,101.6791597505593,93.90514948563062,122.7092071126304
2006-01-24,94.30597223632192,91.80977870063626,78.43485262730921,100.16845964723397,102.80434806084003,93.31119221260802,122.50984535292787
2006-01-25,94.34271491865842,92.48781298594353,78.46141308014529,100.25997505145264,102.16103519944404,93.53634248692171,124.10477205643957
2006-01-26,94.32646452171018,92.29082494717757,79.59167631133512,100.36315403706483,103.79592559351318,93.30736719328941,122.69595951873056
2006-01-27,94.6203245895425,91.73888412114401,79.11227368674237,100.8538623181908,105.93626540334459,93.42123851896925,123.09011572966729
2006-01-30,95.55402751146543,90.71583236027827,81.51562646480146,100.37085603467918,105.53660555179287,93.59533013989284,124.51811770017189
2006-01-31,95.53089263813693,90.06512617545839,82.9610274749655,100.1144012306408,106.48863040283476,93.40746501946792,124.80646562023257
2006-02-01,95.65141555329424,89.86654546079869,83.63358079957021,100.63465426774978,106.64614684047353,92.75854816308947,125.13122171778978
2006-02-02,95.69173436736865,89.61952924843825,83.94551637401261,101.14159706020537,107.17440497503506,91.59307126164204,125.28069035477573
2006-02-03,95.0798562147572,88.94492972914163,84.10082446061482,100.9657156187484,107.1926272238144,91.46123551314051,124.78894116907271
2006-02-06,95.14247993324506,87.66866284582728,84.43208849205905,100.7989215303003,105.78700308713506,91.06955018667581,124.35542114780242
2006-02-07,95.56379994344817,87.18901234826897,84.02935023785408,101.14542270315478,105.78172770124127,91.52035321622554,122.43611708390245
2006-02-08,95.36719279180231,87.6372175157462,83.0659703214399,100.34300495262889,110.23679792402417,90.98138748100727,122.95211448129139
2006-02-09,95.23301499291105,88.28689751151556,82.38706643688884,101.02405107311768,109.97431529889711,91.8825131763219,120.62157363701789
2006-02-10,95.0708651176738,88.21891053811842,83.17999059948764,101.27667759717626,107.68443839220055,94.24734773062563,123.09467985488713
2006-02-13,95.42163447809392,88.41911058767984,82.9189967926704,101.06291462693046,109.57348748569486,95.45409690048426,122.84675780069733
2006-02-14,95.68747367630849,88.43584205838486,82.26749384754928,100.93574041818364,109.69755080268405,96.10902132691297,124.97315258173947
2006-02-15,95.96029023900914,89.21159845247394,84.1398631522083,100.72742445963587,109.29662499862023,96.09724370020493,126.16119029734031
2006-02-16,95.9180125737663,88.5472157220454,84.83458268465372,99.56930126887161,109.23009872834355,95.93441277823838,126.64064175251822
2006-02-17,95.72933581128663,88.3345039777359,85.00117400571186,98.91710754890401,109.87175024045013,96.91060497640457,125.28646422333672
2006-02-20,95.02034864207839,87.82190065530551,85.35510964230582,98.29148442938418,108.16577130642621,98.12294584199178,123.88918703098096
2006-02-21,95.73570794737505,87.64838365929343,86.45583747862337,98.17907306696672,106.6177419569731,96.65429921232419,124.03523776807246
2006-02-22,95.75917699322666,87.80445411173059,85.13696493360517,95.7444969317619,106.6004633377768,96.79424300912551,123.67413727393125
2006-02-23,96.24554577116302,87.96077488070159,85.10508249750693,98.06631626152782,108.88744140874446,96.96068370149075,123.88320981423624
2006-02-24,95.77193226963462,87.930289873323,82.87676223029213,98.41041417080028,109.18911181667168,98.30826541525074,126.28042794287356
2006-02-27,95.69559270732013,87.57843458623064,82.44641338265775,98.36250420755684,110.14440784242059,98.95422605937313,127.69359196982893
2006-02-28,94.92962893690341,87.20425867418523,81.99915124346035,97.91862324234243,109.76310360168596,98.6378672872273,127.99720710675982
2006-03-01,94.6679063584252,87.10545439132838,81.69747775129332,97.34262814952979,108.62518996355035,98.83047219605281,127.63128756087701
2006-03-02,94.88621580302282,87.73737553349962,82.02656822892881,97.65863203683136,109.851386136992,98.4766413787502,129.5794802865966
2006-03-03,94.50806965464398,88.25451580836707,79.76277426880945,98.11467827703959,108.12015348345336,98.25351938484143,130.65870910785313
2006-03-06,94.66355022321626,87.45807828911012,79.88794466286436,102.38473659253084,108.46141134203636,98.78041553801411,132.17762974121092
2006-03-07,94.15750361962846,86.05615170555757,76.98527034567631,101.09783494878698,110.1889200318903,100.26265948081658,132.42454024038875
2006-03-08,93.74760452790464,86.96469590141702,76.49195122233414,100.11483846672817,110.65235869829213,100.19508791327875,130.98841572943678
2006-03-09,93.94378979318655,86.35283717803564,74.58282416461671,97.11094985279823,111.03600034076531,100.97131766368823,132.27593273446908
2006-03-10,93.47366380689807,86.00039445048368,73.68084657559137,98.00389892470439,110.36228991298589,101.06713415979688,133.28500170271505
2006-03-13,93.35118946253733,85.75514474789969,76.44761619126504,97.72398052481078,110.70431776388375,99.9367338110006,133.21105921942242
2006-03-14,92.96133878435862,86.03094221416814,76.00624043477413,97.10630700635457,110.2150735518009,100.69585629786144,131.8669731370132
2006-03-15,93.9346599036281,85.80709760280747,76.45587434382843,96.88261707985015,108.22642511234113,100.35406737465948,131.38433478698903
2006-03-16,94.04050842493426,85.76207398943438,76.53424870207104,97.47147818713803,108.19653727684485,99.9084887985614,130.94934958936395
2006-03-17,93.92488044007844,86.07003341676187,76.13219870248174,97.57284396954061,108.85538009733277,100.21426012851072,131.56185226982572
2006-03-20,93.8124975213803,86.95451870220231,76.43382375277967,96.39581589305135,109.16015383977849,101.27967374364859,131.89328136726613
2006-03-21,93.40580485172059,86.54170461667515,76.66452634249217,94.41298523487376,110.07358223276125,102.06541015534823,130.80358613263445
2006-03-22,94.07159336614399,87.3338234216489,77.13924668551938,94.31088634866273,109.2081105060359,102.19661778815983,131.93045550260942
2006-03-23,94.47377547338576,87.44595863252952,76.8430445917076,93.90612322799964,110.90331266443806,102.23646789550519,133.7937242883396
2006-03-24,94.63146613656794,88.1289316378012,77.00217107290361,92.81941347840174,110.06973831328953,103.15147982627606,135.37739923603024
2006-03-27,94.02950330272455,88.8004308178248,77.28081813095677,92.0128880451029,111.04546768535643,102.87009906763312,135.51905508987306
2006-03-28,93.29816506228904,88.54490261737456,77.28898540988749,92.79025362831139,108.6979450927935,100.97195125050425,134.27077491010994
2006-03-29,93.28891658908547,87.98717500270861,78.34159383505758,92.70350481428902,110.19223362534863,101.74326043057657,134.35921111455966
2006-03-30,93.34434196500513,87.70490949997175,79.94412290271265,91.15444204805283,110.07191334292581,103.84505094083654,134.63039213777986
2006-03-31,93.88419430966273,88.15405920732285,80.26293098969609,89.41125205362636,111.1666302648737,103.21449126206446,136.721559934135
2006-04-03,93.86735614400295,87.66762742411062,80.51995072033856,90.5170202075534,110.60321408517133,103.07877487656661,137.23513633721578
2006-04-04,94.04253927484586,88.27372063300098,80.5449514918834,91.00406364985697,109.44575963639015,103.37787814305324,136.82535001537505
2006-04-05,93.9411264904173,87.6930939535954,80.39711864498527,89.27787496128393,108.71955999528646,101.05894283036343,135.3460779149141
2006-04-06,93.77248169739023,87.49706290900728,81.60403237066578,87.92863074410948,109.50503159499182,100.50578221504935,135.01115071861605
2006-04-07,94.72332092038698,86.00326860957223,82.01853768279611,87.6199676118847,109.42267954195647,100.34153598780954,135.65945693204884
2006-04-10,94.42971875015054,86.98999271813243,82.79535762703647,85.14172459623802,110.52450000102131,99.57362122309151,134.79350883909726
2006-04-11,94.58334910933308,87.6374031808787,80.31902584429878,85.89058034792006,111.17424940178206,99.5668451774055,134.33088386512395
2006-04-12,93.94373506822356,87.92035924977014,77.3677080247253,85.31517559861142,111.64359684977343,100.16935236065649,135.3452185578671
2006-04-13,94.07405316439701,88.31128937924024,80.72198442190084,84.8873491962683,112.11584527301444,100.10897172993798,135.39440223593525
2006-04-14,94.06425104752624,87.63844229720652,80.94603843496266,83.46565331272673,111.12199166602517,100.7993220291699,136.3701892808037
2006-04-17,93.69818498162681,87.81647086380086,79.57575333948137,83.24558954647328,112.66143982937214,101.2285680751362,138.37213781901664
2006-04-18,94.14612893056051,87.13097838514913,82.57766147141196,83.2433040976315,115.35082582042732,100.85015492353936,139.08083405610816
2006-04-19,95.04168154542019,86.65598904869782,85.38333244666681,84.21294730778577,113.59065633454442,98.86721806149686,140.55724118333404
2006-04-20,94.52419061187695,87.21476992301233,87.25992494101887,83.71041861318419,113.62071181353149,96.9255802609487,139.19622446249573
2006-04-21,95.50330107714412,86.14954273175181,85.91619124651761,83.99991409564107,112.50233130753153,96.3871592344532,139.89989157203547
2006-04-24,96.45126627652853,85.99952441734172,85.45861732194038,84.34460223728325,112.63029552438547,97.88123771229675,140.93268561466522
2006-04-25,96.27170767902645,84.9905949992237,87.79403913160462,85.82596120831269,113.33094680253167,96.81841679617597,142.92814254931415
2006-04-26,96.68610704184582,85.26220030312597,91.2455814993102,85.14141793329604,112.57712898546814,99.03902476251596,142.89550462979574
2006-04-27,96.83644797102204,84.90044027924674,89.24223251150636,84.30221266181354,112.45743321314248,95.11787621585498,140.61833500192972
2006-04-28,97.53374794964493,84.90004324386663,86.68814268726695,85.8467711225001,112.14394248788622,94.44988218173559,142.81044573440096
2006-05-01,97.98911570802866,85.36393039844685,91.8160931509167,85.53166858078845,112.2202786156735,94.37341216675597,143.82286536059857
2006-05-02,98.51615338224472,84.91834112509119,93.40374797677086,84.3473862699349,112.15368627468344,93.64359666435082,143.88660216461523
2006-05-03,98.70431498720421,86.5586346242511,92.79952908113695,84.800641241286,112.41334564349472,92.77864532308979,141.8938772589989
2006-05-04,98.62352462961981,86.61169239052606,94.32237692884573,84.15904307361929,113.10970943846945,91.91995513733788,140.38680751600472
2006-05-05,99.39645434864363,85.78706712421018,94.33682900641008,84.82121716615545,111.46118883220265,92.94733538297409,141.63471662026154
2006-05-08,99.59587004477122,84.86103108526343,95.813302387918,85.50161448468292,112.04841994753811,93.66293879071625,141.08887085548207
2006-05-09,99.14552455883052,84.59333124357401,94.570600003191,85.550839728083,113.36783145893568,94.01336791984441,141.25817689129772
2006-05-10,98.90081037945767,84.02662304122154,95.58167587064528,86.02225044224433,113.0897913364225,93.66847456825569,140.25248688390886
2006-05-11,98.75350150163942,85.22303492179157,94.49281651488096,86.76547968700967,113.39266207182939,93.40729741533457,140.5890568515479
2006-05-12,98.74155759845938,85.3311230392085,94.88958004097925,86.26128658388137,112.48051427191633,94.33315798840748,140.51513812967252
2006-05-15,99.07370365461733,85.33726275041816,96.8718298354149,85.2512907712492,111.76914112291304,93.30373123107792,141.89361119745223
2006-05-16,100.01536532037423,85.64821561646689,95.91872274710202,85.6045433850035,111.46776130452848,93.2996480846468,142.15950183947706
2006-05-17,99.59967456975517,85.74456812751579,96.89589590658424,85.31582706641703,111.65501290502509,93.76229462570728,141.92898149053264
2006-05-18,99.180598434096,86.33939989432879,98.41860918307303,86.17624619198912,111.3201570702154,93.45372949279685,141.4416203569879
2006-05-19,99.81205214662107,86.75164374784642,99.47351987811842,84.73569748990235,110.81061676259819,93.44646194271338,142.4869292655562
2006-05-22,100.39865923666648,85.85171524622965,100.01404768655051,84.23092180933682,110.11314677345419,93.36321859186029,142.94178695893754
2006-05-23,100.53984943980615,84.66819702516568,99.07731266058803,84.87163685099884,110.75953576287485,93.5265467098145,142.4471621497183
2006-05-24,100.28267157757487,84.11730195775513,98.3172276595383,85.59307418844837,110.9844137104975,93.56108987163618,142.33837725232357
2006-05-25,100.34137060279564,84.88150517494236,97.74884207431484,85.80273008540176,113.53311461375777,94.02342063588968,142.17333127770618
2006-05-26,100.76994891097993,88.16020508650797,96.31491182706728,85.48274404839998,113.51763173197259,93.8744602872111,142.04468081981761
2006-05-29,101.37882244495765,90.208733836414,97.98007877327028,85.20863301050963,113.5934547502994,94.93029028204401,143.32732839201492
2006-05-30,101.71463917205504,90.34237139246697,98.3804369901125,85.54501766613136,113.51897711214261,94.80489251138152,142.31419883133972
2006-05-31,101.90513573564749,91.5998404470074,98.81656039933635,85.77172862703142,112.03277740142842,93.99885037194213,141.3693800415821
2006-06-01,102.11359583266727,91.76179297849359,100.23687878116458,85.27299488480925,111.27613601475825,94.45691554142239,142.35721317688802
2006-06-02,102.44023673476086,93.88678017658087,100.0189037476487,85.61585881330393,111.29407078215706,93.68467204297833,143.21262288648902
2006-06-05,102.26036904316152,93.61270094462209,100.12035263208107,85.90881098938308,111.77009753480935,93.34089984803221,145.52508753302044
2006-06-06,102.72919331771806,94.5004573324745,99.97683369349117,86.33019567084058,112.1257772116489,93.67935310757964,143.76805198761062
2006-06-07,102.54497115392165,94.16002739261818,100.804744853765,86.42193438174132,113.80872737135309,93.89235087298714,146.17480468182035
2006-06-08,103.02111789744937,95.58769549911744,101.81693138325744,87.74364961521995,114.19955394120286,92.8674130530695,145.38788497794724
2006-06-09,102.97087437904696,97.06899166356038,101.10722428425142,88.52370456757916,114.63293332017578,93.45534575599373,143.79906257277415
2006-06-12,103.35586792377748,98.06712668402614,100.03193824137388,88.38052272249037,113.85876892388775,93.63372496523975,144.57231072010458
2006-06-13,103.2401776056673,96.45055339895296,100.48382195668127,87.9144263242561,114.23343264698754,94.04803910721594,145.01425734855863
2006-06-14,103.14745192828171,95.24254614587677,101.46387615866502,87.50858082302045,117.87910875505953,94.61333875844544,144.52692499376906
2006-06-15,103.6510809920804,94.92358452957401,102.4834343022274,88.08916957023658,118.2752320664994,94.0423814849345,142.38900027413862
2006-06-16,103.4540336304858,95.33020863564452,101.82255188523061,87.40152671870275,118.07909572013189,92.53188340352257,142.45623279334518
2006-06-19,103.37637630767675,94.5433367674501,103.25258581192952,87.15261760929249,118.12541852075594,92.64877934159442,142.66691363742228
2006-06-20,103.16846143188762,94.45711167941181,105.7103821122019,87.57800368272653,118.10637562684961,93.5343932557316,141.3361076205106
2006-06-21,102.54945761022456,94.96790155772587,104.26942261851998,87.30594534604515,117.51720493276677,92.6004909662701,141.28908203112587
2006-06-22,102.84100445758405,96.14661498505617,103.34974487101933,87.8913444224655,118.11760976210361,92.7281522794845,142.50952964545792
2006-06-23,102.86222522299087,95.41561782594695,104.59696475208182,88.68286132442066,121.67947402671042,92.29714255430116,143.0838606724243
2006-06-26,102.61493855980103,95.20621520946663,106.11414191394637,88.5047680759221,121.77828262490166,92.75315135301052,142.27031963668205
2006-06-27,102.87102879900957,94.51591888351064,106.02248442016479,87.83743572777875,121.22739923530747,92.08226624899534,142.99925027901705
2006-06-28,102.73643527669435,95.07647675128275,105.35329540561379,88.02693964208277,120.8067017980047,93.09811550246013,144.03113923044054
2006-06-29,102.49211326618209,94.13121591936873,104.878033896232,88.1224129914301,119.66204405927729,94.02882990729918,144.05970980251294
2006-06-30,102.8638279529524,94.69677011829967,105.19755515222936,87.85375071436823,119.79668744829797,93.64464404399054,145.55826799866284
2006-07-03,102.57703999133876,94.64497899063417,104.14930925133777,88.33376892695577,121.73912164468045,93.53304837242969,144.44335247810105
2006-07-04,103.15711511455127,94.59091339954766,104.07535362830959,88.43900458711094,119.78284592853825,93.65319853194735,144.97669814069062
2006-07-05,103.17047771709532,94.22796317966784,103.91171242492827,88.48973920742837,120.66404736366411,92.90903336865692,145.08373695538387
2006-07-06,103.05650347237672,93.7088718780456,104.78362044657904,89.58515607116611,120.62683584247321,92.42229239993792,144.9637131004241
2006-07-07,102.48003926535543,93.66173575424952,104.7174951521982,89.62040849044482,119.51792162329933,93.57579218258905,143.94260113654718
2006-07-10,102.72772565782185,92.24323890267182,104.03339451944721,90.02630786259239,120.16148669752872,92.77445689407716,142.92035261065723
2006-07-11,102.92914485841159,92.33593836351093,103.75187506911281,90.15724590395219,117.86471826281904,93.10440118561775,141.5363921780422
2006-07-12,103.05419206276964,93.18300915740475,103.66188091490179,90.33796556289877,117.18697213625559,93.49848751400258,140.34327082093154
2006-07-13,102.16272019633969,92.32572987412506,102.89923922453576,90.13534727312401,116.58033230950198,93.27613345929102,139.58613767820663
2006-07-14,103.01314912258806,93.1204649256469,103.45757027773844,90.11477265215736,116.93685577315608,92.70220717811668,140.71057363678403
2006-07-17,102.68664267756651,92.95466559790637,103.47101003078828,90.25748225976149,116.35195469394459,92.05980047808265,141.89800123110575
2006-07-18,102.28476707043174,93.03736831348604,103.93806325762053,90.4172492565696,114.78164736708365,91.97700626363616,142.3028928239004
2006-07-19,102.50489106286058,93.47598544106083,104.08984535243249,90.4783865993142,114.94846863436372,91.51097237426075,142.86407473217452
2006-07-20,102.14442499607037,93.20864249949337,104.466799576573,90.03913704865155,116.11176232364352,90.42267966081486,143.52274396827505
2006-07-21,102.3804147885026,93.36573737618187,104.31050452473252,90.97663370620769,115.2933041836163,89.97978303278134,143.33970437978869
2006-07-24,102.07693357373003,93.00781361427005,104.36360012639248,90.40144269954318,116.06366768658444,89.73314470938536,143.51107447654178
2006-07-25,102.17740698570792,94.18727799259334,103.78057980811647,89.9991521640223,115.7426984606078,90.4369854572228,143.19630068178677
2006-07-26,102.61891219252576,94.79572979096737,103.64024176566389,89.94683626564013,118.49221926537444,90.23106776551002,144.4629652707431
2006-07-27,102.61810685570242,96.11062843745857,103.49495375267082,90.3425240694887,119.08269898554603,90.79642531478328,144.93586595652653
2006-07-28,102.43184523358892,95.8469502542028,102.81664082186867,90.75873253549601,117.32625099757733,90.86853655996259,145.41883294004225
2006-07-31,102.62776415148073,94.64184361564473,103.04963972241642,90.78676584808251,115.9003011662555,91.87349313351693,145.0551990751665
2006-08-01,103.15647353054433,94.37710338842764,103.88964593649231,91.02912384095625,114.9387375999,91.65975587351645,144.18237946422627
2006-08-02,103.15792668798025,93.46022713950511,104.2167361288286,91.79562050395107,115.12944905039049,91.37659303873937,144.85999944117205
2006-08-03,102.95447364282828,94.75063593303514,104.1740372006611,92.1693797571618,113.9505905627305,92.00550110886148,146.57914108427812
2006-08-04,103.37055874312583,93.68580667224059,103.35007385699464,92.08341485945955,113.76043993362732,91.12094729904693,147.22796963306504
2006-08-07,103.84704173177019,94.00863573242142,103.62815307872201,91.9469496500198,114.78255706059433,89.9032223456547,146.94584080789335
2006-08-08,104.22478364816992,94.3564372698452,104.28822342260861,92.05889827988545,112.95435703430925,91.07286277228049,146.1553436075316
2006-08-09,103.87760677940584,92.81610868842557,104.17698100574675,92.25665383138605,111.47924484562692,92.57307298980557,146.81620515978423
2006-08-10,103.48065442347693,92.54210293420236,104.27151894804102,92.00015911293914,112.8136791219699,92.70336751752727,147.51381761094282
2006-08-11,103.13271264401841,93.30960351739887,104.05998960798435,91.98375509364425,112.62379544353372,92.08581318025672,146.9075801172873
2006-08-14,102.58392383848692,93.79829491757597,104.869141290778,92.81839694033168,113.00679081090462,93.36158890594083,146.58193707692706
2006-08-15,102.84478315295367,95.55632445443534,106.76665690422884,93.25142503712812,113.98755663396581,92.32094719915212,146.70302907381063
2006-08-16,102.59389819500551,95.21118425306796,106.51374058186454,93.89200219824477,114.90236548932162,92.81319965798379,147.07218568523763
2006-08-17,102.59398056061046,95.96952990765257,104.17792706144913,93.1246084654454,114.25574622909498,90.91762187025238,146.94079562355492
2006-08-18,102.70773211800707,95.33417087678313,102.29020900308181,92.93718781108616,113.66344355387001,90.16121060181975,146.44848945458796
2006-08-21,102.97802441186907,94.96757396920893,101.80149088139936,92.87773833051618,113.665850587431,90.33620241865589,145.59722701625154
2006-08-22,103.75681848529922,93.64867005965934,103.18773100851361,95.85402785659024,115.4423619154638,93.99699917593101,145.70729874482655
2006-08-23,103.56206369112999,94.53926378514113,101.7092865394157,94.33152968342173,115.79344325165746,93.39904464430472,144.5475388872965
2006-08-24,103.57618446789162,94.4400903997647,101.97517141294207,93.795131444915,116.98351869779431,94.0799621538256,144.12332439968586
2006-08-25,103.58053684680323,94.15010299292426,103.53224129386804,94.40596820989703,117.5701501120576,94.58905129308323,144.58827236237696
2006-08-28,103.15988418069685,93.76471482349082,103.53136090574677,92.84885277124832,117.78432817442969,94.77909571201523,144.3062769574136
2006-08-29,103.04704076122619,94.33007876623081,102.25849035547775,92.02477344237093,117.32932658012838,95.11436081957449,144.212096334955
2006-08-30,103.2654732753553,94.44664366414362,101.10969061159884,91.02335443990798,118.05741741524561,95.69593687502582,144.6722160654701
2006-08-31,103.23676387974272,94.30288522292159,102.828052444374,91.11377152523198,119.24295654006904,95.61390097022895,143.5106428296628
2006-09-01,103.18706913976534,94.34110021941233,102.54981648853374,87.46318611129318,120.40209419485925,95.68109437659562,143.9855275753974
2006-09-04,103.25530887169266,94.91410607743082,102.63791287778837,87.84833334337672,119.5438701127987,94.03391512257375,143.24538591365197
2006-09-05,103.4758708104769,95.94852662732873,99.1817775920753,87.3266129975194,120.15211488430798,93.94467220840328,141.56464710921261
2006-09-06,103.6260029160067,95.01601719347865,98.03003386190618,86.96540656101583,120.89475688949253,94.87056710515397,141.10248272047184
2006-09-07,103.79071402959622,96.59307240803784,97.61318848200361,87.80013602854457,121.13657867671786,94.27343987806331,141.378318384732
2006-09-08,103.67408788301903,96.64277787632011,98.50899615717823,86.95559827926964,121.41109212504242,93.09444997369803,142.37727226061926
2006-09-11,104.18734957884934,97.41859234648379,99.07506810783588,86.26662839312493,119.73126493533935,93.23180736822444,142.7331922905793
2006-09-12,104.16502594406093,97.82836671330709,99.12383702264127,86.52181051767789,119.68061370078246,93.00469772088154,144.07116765734307
2006-09-13,105.31987238967939,96.73160517489153,97.49879757918572,87.28311945000677,120.12654932748394,92.33344206940534,144.06435620848941
2006-09-14,105.82863249421062,97.41803033471686,96.32316645407298,87.61326187246529,117.1325872464174,91.42593906227518,142.9049169655545
2006-09-15,106.31468807178804,97.58749204353755,96.2968119496014,86.19956764924963,117.30055827566139,90.63195645268998,143.28013971927268
2006-09-18,106.12637982723245,97.54068534127741,95.02326070608085,83.97765597423437,119.13491167146813,89.32696942921804,143.554249411133
2006-09-19,105.40495107631314,97.18946668244384,94.58321821577859,83.29665203610699,119.41376149472914,88.88283962014057,143.36847422717022
2006-09-20,106.43814721377001,97.26770110103926,92.38882168371951,81.7769556732731,120.18164656264705,88.48089690215785,142.3274283139743
2006-09-21,105.71962194761751,96.76984582402524,91.33151361412614,80.33794751557043,119.86753486943519,88.46116982725403,141.89264567197372
2006-09-22,105.91446095285825,96.73068280615405,92.0333297458939,82.13160072194256,119.35626079569444,89.14826641247487,141.66638519258674
2006-09-25,106.22923764179212,97.31309073494018,93.1931422942555,81.17971000937983,119.86023962935624,88.36647758944109,141.80736092449658
2006-09-26,106.13167138953727,97.28721443518836,91.201669591435,81.77632160551603,120.16640233662739,88.4332574979148,141.57591239598787
2006-09-27,106.36381494420384,97.6414232590671,91.11863874488697,81.9609629305654,119.62880354976211,88.59147069209801,141.68712728944223
2006-09-28,106.26214074362908,95.92505718407652,91.45283541059796,81.79957197446853,120.18595548794475,88.16840413005622,142.75389537361934
2006-09-29,106.4206081843651,96.53296989135075,90.46462303534972,81.64887116342555,120.21757074152157,88.50612515640779,142.20739275116628
2006-10-02,106.57113207992839,95.72440778333082,90.53998663813678,84.12275003168547,119.58883862534957,89.40817918325888,142.57893802200962
2006-10-03,106.49993189256185,95.974016321289,89.98065202216966,84.77800936182456,118.78884777003063,89.0463551211974,143.56085507128543
2006-10-04,107.26295348224758,95.48189448683455,89.98134711229301,84.47095466620443,118.23776527673014,88.5986900044041,142.85402600920224
2006-10-05,107.10945521075125,96.22993004382788,92.96869149715705,84.82677591847694,117.87828708585924,89.40700483524782,143.26356701049056
2006-10-06,107.52714209319073,96.18240051651028,92.60414986285787,85.05935042187672,117.88714749091564,89.27520182906555,144.06111683994592
2006-10-09,108.1947696883851,96.1356803503717,93.27423477842481,84.1657355513968,116.7121777943816,88.50393728925832,142.9453475770016
2006-10-10,108.71018101790706,95.22604823563228,91.42597087251032,83.27339700325878,116.81398482028743,88.60200734943453,143.65696400509444
2006-10-11,109.201236124658,94.73104362498388,91.13114962137686,84.01257578761387,117.2732461416185,88.94899229704916,143.74944771395485
2006-10-12,108.61109107134122,94.81196480297946,88.12513004244806,83.77132549693418,117.18821783125738,87.3612676708136,145.57032188772627
2006-10-13,108.8142008369446,93.77467162069733,89.59532663181864,83.65965117120433,116.70837057093578,87.03293421479943,146.63728559088884
2006-10-16,109.08125606041953,94.54848994021688,88.99954945582732,84.06414141039537,117.83402051661284,87.14297727311101,147.56801680054272
2006-10-17,109.0856891919364,95.35644273276306,91.47908528248077,84.95799170311004,116.81794140736932,87.1864150825775,148.30300780580782
2006-10-18,109.08088564756572,95.63521194789104,90.62835218132267,84.20201273151292,116.97689987010786,84.96466656241736,149.33849506413148
2006-10-19,108.62123527722298,96.42180335931393,90.24274335519004,84.88386356471861,117.55417592652775,84.51610204958612,149.22632586247474
2006-10-20,108.86770747118733,97.39371031931157,89.79513363340463,84.51603139606154,117.79352340235133,84.96549722171,148.63551817136326
2006-10-23,108.48302445415632,97.68089143543715,94.76037080329064,86.05049640203426,118.75908296790244,84.53450384835523,148.82873406562024
2006-10-24,108.35753339995144,98.54636699028913,94.38754875439732,86.19327829700761,122.1096855560383,85.02002391598434,148.02400830393796
2006-10-25,108.11003845372056,98.80164845097632,93.45027022960676,85.64903187751608,121.8285451496403,86.07522018717891,146.55994723611755
2006-10-26,107.49343273531869,97.78887896081821,91.33421832788396,85.71210813870948,122.89751903515074,85.78820094607495,145.78076329171853
2006-10-27,108.68060887589341,98.11587984846065,90.67765799153692,85.5042585121667,123.69388369490072,86.27734305813314,145.53396288404784
2006-10-30,108.77461237956555,99.03870817046244,92.05509430295339,85.104215021999,126.69847090255551,87.23086821052121,145.80030974316443
2006-10-31,109.22700455388615,98.4526987194938,91.47673566879271,85.9275311824556,126.8868155559657,86.22143339554034,144.7638130072936
2006-11-01,108.67013936602258,98.96979684508753,91.56317433407433,86.51873924998607,127.38004499901142,86.06456117591769,144.10426991762048
2006-11-02,108.91311998313508,97.12621814373361,92.18205012299909,85.48567342133055,127.71791440250607,86.87036298061481,145.5840318736131
2006-11-03,107.97253010113785,96.67919967441682,91.72730467295827,85.70510194747465,126.97880068328784,87.597929949363,146.7419995162479
2006-11-06,108.56223503741806,96.4871244922791,91.17648943395922,85.25624054664202,125.95249472990541,87.75337305436322,147.5931289099368
2006-11-07,108.317571710984,96.78343013125861,90.71718870526922,85.78629972301364,126.56549087400309,89.15641186382116,148.50539659450916
2006-11-08,108.98990136297884,95.83443341325746,93.16053925937156,86.02741229592911,126.48347581441956,88.65523547973491,149.873463881598
2006-11-09,109.39964478859383,95.6053443002692,92.0083984849074,86.47905350318716,124.87618706787566,88.5198325193391,148.76914451559588
2006-11-10,110.23147322596972,96.39770032490938,92.79856202893521,86.72708577473244,124.90920309830672,87.57871006734406,149.25944354188698
2006-11-13,110.08370019063818,95.46057857796154,91.93504898397852,87.02508951184333,127.73648543053885,87.98930231340789,151.4984740243809
2006-11-14,110.1633095885522,95.55434736271344,92.84515384118852,87.36035066472841,127.4128456881118,87.14153154474386,151.2933560621831
2006-11-15,110.06008714690147,95.28525505178426,92.51812700350654,88.08506839894378,128.3836805890626,87.22110710312845,152.38964538491481
2006-11-16,109.89626969134626,94.71443326548497,92.99078117653094,87.82178841070959,130.59637317130336,86.02180602156639,153.6411780066732
2006-11-17,109.66264405869065,94.6974592439633,92.11839541175327,87.5130877145026,130.78107488305892,86.12468311809907,154.02150364149932
2006-11-20,109.65866561936758,95.71056519152442,92.10892753941131,87.91885505023275,131.95740661139837,87.50319149932727,154.77106003984693
2006-11-21,110.01746994773468,95.31031946311455,92.85687542727072,87.87478947550565,132.94777803870934,87.67094837937314,155.94117008025538
2006-11-22,109.86443974182325,95.52047085767431,92.35342727801282,87.4632291360061,134.19270027169017,88.67948449133314,156.6978569407755
2006-11-23,110.19115858987578,96.69746640699537,90.90691423968137,87.3186936985364,135.15652835759096,88.92725467007317,156.9903338007319
2006-11-24,111.11607233386479,96.55530427901121,90.31463560391838,87.40905574304723,135.23699160497816,89.84588756966495,156.92873658849982
2006-11-27,111.13235962621403,97.85799896414734,91.18939042735381,87.4023257416208,135.53002355613512,87.77936774551974,157.1407520830599
2006-11-28,111.86787684444819,98.32897187671844,90.09758035386166,87.46998425969761,136.71157143787403,88.01105536549318,158.386983702148
2006-11-29,111.71129536752314,98.74206397304239,90.55307947960763,87.79442614957034,135.618293588126,88.80599303355686,157.91649287657248
2006-11-30,111.9185160835923,98.50868113911649,91.18802003432684,88.1696757002882,129.7318062519384,88.72793700623917,158.31706858353985
2006-12-01,112.23625698729815,97.95772000794352,92.21934734051922,88.47580480601496,126.72542741251544,90.06737666896306,158.3058910356163
2006-12-04,112.30797864866645,97.33067317793665,91.21921890702664,87.9957617243667,125.932094914015,90.95553724016482,157.82839776991966
2006-12-05,111.91739069483896,97.40269730306927,91.71415365604412,87.60442296766301,123.27329849840699,90.03380915019416,158.07810350704256
2006-12-06,111.65559974283696,97.59599632149032,91.68373488044234,87.29768337398694,124.30223783579994,90.05244575886469,158.83640843885485
2006-12-07,111.65251536161651,97.2808761470787,93.34065448469352,86.47843207928733,129.15842822202072,90.02637161367221,158.62323766412442
2006-12-08,110.89629159520086,98.17997625861142,92.21735940281599,86.86112871174697,128.94021966641424,90.52474746583289,156.2273948289544
2006-12-11,112.09847650143685,97.99854065149364,92.05780925309158,87.61289195868264,130.38007039229367,91.11912922848781,155.90732413029465
2006-12-12,112.79826241948672,98.53220453296026,93.8126163206547,87.45904447622767,131.6192897966996,90.45407825553883,153.82545977739915
2006-12-13,112.67270914470267,98.68810119447545,94.31968499793798,87.23678096154153,128.31609081353506,90.83154660021557,154.34828834620825
2006-12-14,112.68737746868722,98.9360325802753,95.45962983347464,86.61150535678976,128.41118112247273,89.81933455375383,154.38603552404825
2006-12-15,112.43565157988337,98.8744427837327,95.90143328522207,87.43909398443436,131.21032251117492,89.97259728327,155.34224976452182
2006-12-18,112.73838663769187,98.49253086853058,96.59314149183282,87.60616476398909,132.51658857386192,88.9313597277636,156.07963025344006
2006-12-19,113.45076824570961,98.34081775935024,96.82464273684016,86.60285105125675,130.87839772720423,90.05439413967545,154.83884204079885
2006-12-20,113.88004442050924,98.63883328373751,97.69343485731206,86.74787961217622,128.8412280152042,89.92136348941446,151.53057409208992
2006-12-21,114.1842417949721,98.50140116138193,97.73244170687855,86.80468799275543,125.85735631448794,90.23157455525406,152.98982617904915
2006-12-22,113.31926303366271,98.80038296611887,98.28971933792104,86.92554953112443,124.41213062514242,90.92489698714174,150.9354323527996
2006-12-25,112.73512823600586,99.31874125787638,98.52402592080965,86.29762012533601,122.87255852154006,90.1616338001807,149.21749989342146
2006-12-26,113.78236842133673,98.48431439402357,99.29842455576922,87.24458245559437,119.79786123699975,88.973649546945,146.47725672017197
2006-12-27,114.34135231198856,99.152959979929,99.33394770870873,87.59203143662845,120.96068380343651,89.54993510778047,150.66092593599961
2006-12-28,114.25593032204999,99.83806979256367,99.11514736829493,87.02486190287274,118.15591714895874,88.35174572284663,154.90885627318528
2006-12-29,114.59109585677126,99.70069836775147,99.96660412342521,86.89841174196293,119.16147033753447,88.42087709590821,153.66747970821044
2007-01-01,115.34713847311913,99.13130770196216,99.56571792152221,86.61526551787912,117.30943170268795,89.62415894568339,153.49980304831024
2007-01-02,115.46609280808914,99.20324703780399,99.96346924074184,85.9954582582403,117.7084181299849,89.68623828376218,155.97548563721406
2007-01-03,116.51624976914357,101.33856629355564,99.88627036153692,84.85300323580853,117.14701987996558,90.1914038628522,157.36235557878123
2007-01-04,116.67371293290265,102.47018100645123,99.15286889404437,85.46494037717423,118.9446026753474,89.2238415649762,157.77560633860506
2007-01-05,116.3612737887569,102.63537242419804,98.96668190472927,85.0670394465424,117.93811265962675,89.11314454783223,152.7809536611919
2007-01-08,116.09273591484217,102.35249291674214,98.8424252830646,85.84611055954622,117.48702398260343,88.97935101125611,150.43865092088663
2007-01-09,116.53805495671173,102.70158346695868,99.1720269814639,86.05378399169496,119.23795313170422,88.22338373869752,151.01966127977227
2007-01-10,116.72256691913502,104.59328026093836,99.93445730651081,86.05396942250735,120.48470068672626,87.87102966781895,151.81325526911468
2007-01-11,116.86990792258244,105.1863829114191,99.39585190845698,85.36739925376204,118.69942714007072,87.76717131235806,156.13048522708635
2007-01-12,116.79065632384314,105.41048874119375,98.98407202105142,86.82371183487146,118.59092386478657,88.15038538875831,152.9936727203663
2007-01-15,116.11403884788093,105.3656536816243,99.76502628776221,86.8635690104531,117.15840906547402,88.0182461792143,151.83799372145967
2007-01-16,116.38951983789768,104.97040379980702,101.29000262367374,87.04294220604993,117.60148000957965,85.17320058865148,145.52117332603567
2007-01-17,117.67462623857791,103.97646889145611,101.3752164220522,86.87100381449572,117.82417594108269,83.72465893379616,143.67691200525252
2007-01-18,117.12412651205332,104.80155715363911,101.40200662888456,87.16126293125068,115.80158817099309,87.78345900606475,140.512044835788
2007-01-19,116.60696013294073,104.79335176189961,101.6245417126744,86.53697471146195,115.47714087069122,89.71810551021483,140.16203710147406
2007-01-22,116.35726688780879,103.9266275345561,102.63341072436516,86.37247781572924,114.98644202798698,94.06069463333473,140.4427802459586
2007-01-23,116.76860673637897,104.52799729476033,102.20649081121478,86.27410808755889,116.07034613682428,95.44075439253302,137.047296768979
2007-01-24,114.9202258718638,105.02053379902365,101.96780380457767,85.93491791775138,119.33070871066238,98.86847739881235,137.32066825671416
2007-01-25,115.0940225653841,105.59314354112055,101.4641964233302,86.32774566925178,119.2382799053126,102.48522246309776,136.52002774595002
2007-01-26,115.0691184070024,105.41406798792467,101.70018403945852,85.24959796368394,121.36631415116946,100.8081256395954,136.41187823226306
2007-01-29,115.3929672477707,105.07553039240129,102.04210906771323,85.03075834237728,119.98796728777327,100.84098314645449,135.4421921212713
2007-01-30,115.56503513072327,105.15323189580543,101.58249098460118,83.82002538392572,120.13649580484167,98.26471609993621,137.00731391055376
2007-01-31,116.07589246981458,105.05227426711576,101.15884596546901,84.46919117511986,120.87723009534237,101.81050671441449,138.01527624949625
2007-02-01,115.05302341769655,105.3748945873656,100.68758763847063,83.49301473133612,119.24139726374351,102.81354234980779,133.5784405299249
2007-02-02,115.5961636141645,104.84943453878432,100.60447331840828,83.13729234050373,118.6280306584058,103.43744310301568,132.01764924701797
2007-02-05,115.68165371962935,104.71509612990631,100.39957309805585,84.04823343017371,117.30108604575707,104.30585520175123,132.03663366070467
2007-02-06,114.10826352914427,104.4433961223194,99.35214059921005,83.98461074197708,117.85602024091969,103.36240613523414,131.32422703016866
2007-02-07,114.72559416796756,104.99824542128965,99.19982740766127,85.09507040455266,115.1695748024703,102.35848438147849,128.74037961636623
2007-02-08,113.82648845323418,106.65459013139002,98.55516301707594,84.61487632288531,115.6863294738095,101.53026897667142,123.33204797742656
2007-02-09,113.1638826721527,106.83015956077585,97.78390646992959,85.3674314454735,117.66743093541663,101.78865319044098,122.20862519637875
2007-02-12,111.99694624202918,107.78157229651059,97.44589003863331,84.63629840102845,117.2497263608974,102.266363703399,122.89299017150978
2007-02-13,111.78051171620451,107.48239816799648,95.63483890220317,83.92362186438022,116.26142223772925,102.56684967888306,125.76725850161334
2007-02-14,112.36842098720086,107.15002003867042,97.03251219311836,83.48223963022917,112.0045629617556,103.43684226403448,126.54129480819847
2007-02-15,111.38600159138001,107.89164126172068,96.39554253611675,82.75118118314532,112.42202753339453,104.03923438208513,124.45961101266013
2007-02-16,111.35960940043108,106.09327692827861,96.24144428931002,82.62737597313574,114.67489108985036,104.90568033843006,122.93151427138694
2007-02-19,111.11203909027446,105.82652323359916,96.3945941330275,82.8562168307628,115.62256040143934,104.93216401502784,120.34079753277159
2007-02-20,111.25778231832668,107.21965412745847,96.42038560432242,82.03166410048149,116.16150160899473,105.11587544179376,119.14616245889253
2007-02-21,110.71012392606974,106.67557917621401,95.99268291799575,81.17675450350093,117.53707567327815,104.99071234915344,117.21226528093817
2007-02-22,110.86328891817529,107.60751789218256,94.69310932868835,80.57269077786596,117.5208855164089,104.26017773237797,119.45471674150583
2007-02-23,109.58136784351005,107.98295786863692,94.63581809100852,80.28663979547143,117.25838606388153,104.90478934951499,117.36344420472301
2007-02-26,108.11065474105972,107.54000013313828,93.85874130872956,80.82120161992881,118.79089511614558,104.60778640461139,116.68891356683385
2007-02-27,107.70348388583564,107.38975187338045,93.64244490463197,81.36040634832341,117.59651142456124,105.13140550583927,117.16202334496847
2007-02-28,107.36601578270651,107.07034574309161,92.97591986303449,81.73304595145181,119.87798099712305,106.24887422846585,116.45478159858116
2007-03-01,106.72629755915192,105.23787787026566,93.09829489434301,82.4716354658648,120.17967482087889,106.8350592653375,117.86705126664752
2007-03-02,106.98080307923762,105.98050543795479,94.10413981185471,81.98957958390316,120.16962269539833,105.88994030763267,117.73468511023009
2007-03-05,109.15468199369597,105.36013360103031,94.50214266864032,82.10563908589859,120.1817202112105,107.87481468531803,117.77903433518388
2007-03-06,107.79241728294718,105.44568150976997,94.74902722675789,81.93480159600232,121.30170776419848,108.49043874367207,118.40621563962135
2007-03-07,107.64776920758518,105.51992826280228,93.80077080768419,82.50119545720787,120.72392088606526,108.72785231090373,117.65092707034874
2007-03-08,106.56740023869436,106.2298947932788,92.55715289522077,82.40496787557794,119.67469451740793,108.47112723546608,117.52718752300493
2007-03-09,106.62100357149181,105.75750746552147,91.791392572282,82.61874275319151,119.72404116199102,108.70172936721782,116.14691602411175
2007-03-12,107.16071864200529,106.08860890409699,90.06318731627731,82.0953831755596,121.6723056867154,108.62738355667518,115.59302100614738
2007-03-13,107.38832746451166,105.48737707803656,91.38241481240398,81.58499813700563,122.6814323749054,109.14241532494965,115.11344865747986
2007-03-14,107.23963609130193,105.97556057199623,90.11297710448095,81.4427890383117,122.57469568257858,109.0510252828364,115.12792633692618
2007-03-15,107.69513420006412,104.28878705011466,88.78898311631328,81.14060741332169,122.37181832411885,108.40873646258643,116.18681412568156
2007-03-16,107.25123833061237,105.77384644410148,89.31078079913124,80.82244379275501,122.81922055455527,107.88086244947316,116.09415707016386
2007-03-19,107.11603920005265,106.18104312637706,89.53863199656982,81.19975627941751,124.22582177789147,107.82359475751588,115.6094485625136
2007-03-20,106.63627234577382,105.14638824475068,90.22670878989511,80.98159217867283,124.89046235188496,108.78701686495027,116.30490840909532
2007-03-21,107.00596549918437,104.84505224729836,90.20674883308585,80.4810482087745,123.92941937267886,107.58533010961052,114.98710256914934
2007-03-22,107.11651100414169,104.24451556871247,89.53201246061356,80.31226640861964,124.31450990907373,107.34912907390223,115.79595197950881
2007-03-23,106.69943315238886,106.30177872925225,88.82111715463196,79.98584896130829,122.84572814590219,107.16987925292774,117.51743745045852
2007-03-26,106.9489625203091,106.86478095268625,87.83599711147718,80.11855220330494,122.26131232823937,106.94804099984924,117.32469756561913
2007-03-27,106.23029791809941,105.63958709869863,90.93883159869793,79.92448521767764,122.00838068223422,108.04399443753736,114.12331232323127
2007-03-28,106.27043081985389,104.14834954171022,91.46481192424544,80.05913025562145,121.13136371428907,106.8122135648701,115.54458805035259
2007-03-29,106.47988732801096,104.7047769482225,93.13547930789771,80.08273578409973,119.88106857900306,106.51961704927186,114.11938447016783
2007-03-30,108.06055812161794,106.04425553315119,92.85432366752484,79.08615351594581,119.70389856354365,105.83708131874049,113.67133371691844
2007-04-02,107.65888923075518,106.57854543309163,94.77166300219814,78.6912094777201,118.50980669665157,105.25062244956781,114.31570652020648
2007-04-03,107.28970093868634,106.41756558355354,94.68737973933634,79.18678153685445,118.60610496514002,104.51268283101342,114.69878066052581
2007-04-04,107.21355523339032,106.26265513402775,94.27417591619641,78.96504207526087,119.71894201423915,103.13545402453,114.27755320536563
2007-04-05,106.60913610017114,103.5027531947097,94.56307962661268,78.3268782588004,119.78681563762589,102.29057785684499,114.58408264477579
2007-04-06,106.11352030762804,102.60097415286981,93.00449666780578,77.92188534027733,118.85640103785019,103.07612294645453,116.12498758112814
2007-04-09,106.32512406670352,102.17869369890559,92.49776391963186,78.65532727662793,119.37217020199674,100.33407503847273,117.22192777079421
2007-04-10,106.32563288176149,103.35057647451501,93.75611096091491,78.22046066850228,115.46108065216154,101.25460303083103,116.95438436476739
2007-04-11,106.24218036326599,103.33357323238826,91.46312346885762,79.23499437310461,117.91741984755646,100.78001339734298,116.38561857423124
2007-04-12,104.67754051148543,104.21117774773123,89.97141748491423,79.30772390012484,116.66037738009835,100.70236093273175,117.27003925671343
2007-04-13,104.6437736178209,102.2227137470477,89.27916018813728,79.17273780048188,118.59392274375392,103.4760900385977,117.1755136071797
2007-04-16,105.136421443943,98.14527720618042,89.28826435423062,79.37249538621765,118.07772774403757,103.3768056012234,116.98725232088516
2007-04-17,105.35295651504698,95.97881301568725,92.76627354874444,79.87021882720492,117.84340546889014,103.9186869274218,118.66909494597138
2007-04-18,104.59477221945906,95.98636392581535,91.93169808679073,79.64639116151189,117.36457953457273,104.3362451946853,118.68261138838214
2007-04-19,106.09278686993397,94.49626454930792,92.19087574981722,79.86257281222912,117.44117235052062,104.48818013372404,119.83082906852785
2007-04-20,105.08899830410418,91.7045524228463,90.24208036225627,80.30692804647371,117.54765044259064,104.5282372686493,120.12429531410204
2007-04-23,104.15030249579956,92.85380072572288,89.27473576780369,80.18966309636714,118.88736578744629,106.7449835380219,121.22046635857492
2007-04-24,103.90535172341265,92.10410869384091,88.44379229524982,81.02476526794243,119.03279476879248,106.8814819435961,121.23958204657363
2007-04-25,104.06191852411304,93.54967379111555,87.61330803337626,81.25066726349048,119.25984495663498,106.62332053758624,121.92080613945905
2007-04-26,104.6803271758168,95.50736072103084,87.09494573283376,80.71539116559893,118.47806379457391,106.08658108318737,121.92919052560784
2007-04-27,103.64939950695876,95.01838583113503,86.97466719725483,80.98692485234103,117.57098907306403,104.68313397811279,121.53935474745634
2007-04-30,104.027339616874,96.18663322210064,86.88681307118544,80.6500201283584,117.65908364000886,104.81457710185437,120.61179463408355
2007-05-01,103.76930144176224,93.89300279524211,85.79877013277135,80.50237327842855,117.81779773881831,106.17258166101135,120.56484542868363
2007-05-02,103.82525621890895,92.48705387561732,84.63658999068505,79.65432400145953,118.1501870668903,105.18707222792597,120.29683123558813
2007-05-03,104.67344408881105,92.43759545294353,86.02946183100701,79.22263677616847,118.47393653801156,105.09417788469919,119.94600119015104
2007-05-04,104.51663296263087,93.0325595477454,86.85052359849492,78.98923252730042,120.17450950556643,106.30850578065086,120.43624924847862
2007-05-07,104.86951093608097,92.1358328448836,87.4439261227817,78.02486486893682,118.95848520370987,105.47221244878473,120.10184824011688
2007-05-08,104.99234775998276,94.91984287585441,87.20997671311189,78.47619958842782,119.41562782551132,103.23739724338103,120.06091561106456
2007-05-09,105.89107182056513,96.00749473957642,88.3093349587491,79.92709050721483,121.67495056194375,101.63041216975252,120.21732542370668
2007-05-10,105.99650558227303,94.41818570302227,87.38523736482097,79.37996151949439,120.42205943442666,101.72091692435396,119.27719731245423
2007-05-11,105.56643105669269,98.41606560850612,88.05151881036068,79.38896415721413,121.1086026732671,102.2379850159307,119.30622399572303
2007-05-14,105.21725907179692,99.43271566390024,88.42863151568747,79.57081706870714,120.04523803247055,103.31864299293287,120.15386031688868
2007-05-15,104.75544872759458,103.18581732364383,88.76518941057442,80.23026285952848,122.00915817939035,103.92519922599475,119.97475864518852
2007-05-16,104.59615508773737,102.32556000312266,88.8846419295379,80.09265462413627,121.47548712231517,104.14083682666515,118.7185045696535
2007-05-17,104.74836365349312,99.2180067822995,89.48487206117136,79.87980830563988,121.86992729881923,103.08340740564049,118.43043903363767
2007-05-18,104.24269440450215,90.57704007575778,88.88682824218307,79.56774029803019,120.97633494387223,104.20322251647627,117.75352579103728
2007-05-21,104.04464955520395,93.46653460643624,88.55045270601194,78.89989330855697,121.81751292483106,105.24874352856578,118.62550104259667
2007-05-22,105.67490311641808,99.6510175004145,88.43271209100342,79.0645910622738,121.30076061224919,107.06259175008982,117.8929151442471
2007-05-23,105.20682714923988,93.01547814093767,87.2165260845807,78.47337268322754,121.83872560357501,108.3245732030653,114.043737435675
2007-05-24,104.54021805070248,97.7943178747073,87.2801007723564,78.63146921214897,121.94592024982089,109.64898229611893,113.4910311577414
2007-05-25,103.60680275320331,94.26178955294148,88.9315367210907,78.51263670645487,121.468234575929,110.47704659759262,111.01436119216532
2007-05-28,104.39704573329915,103.42239022667842,87.83035697684211,77.2521931306807,121.74902843185525,109.61978748565099,109.79465608819534
2007-05-29,103.9792609404176,104.65614527733953,87.5365057923605,77.43455733948049,122.38673105279963,109.0434636801495,108.35332257746495
2007-05-30,103.45573138486104,104.0006020672143,87.72140132413925,76.70820053211796,121.48129327798753,108.47385892164205,109.47569851771404
2007-05-31,104.21347907344425,103.0647563362921,86.71181902750968,77.67370209437323,121.53258631270818,108.18159641672831,107.73388851283418
2007-06-01,104.85388488986095,106.27658022253257,86.77659245331154,78.86955476626419,120.84014013801949,107.56861809450024,108.89903331271347
2007-06-04,104.78009746828357,102.32254529228915,87.10582247268607,78.08812806507655,119.61686451779222,107.8012662224115,113.03365179807662
2007-06-05,105.00898708632087,102.31099213030195,85.94048110541915,78.70686926849667,119.28968684024467,107.28435624641031,110.8652012576524
2007-06-06,105.32220835714995,99.72458864163757,86.66805497105953,77.04145368717785,119.32078693257516,108.11853064469328,111.48917897589153
2007-06-07,105.85790304544264,100.78699874942477,87.74808991418044,77.82103090483899,118.80145350121471,106.98094325672005,113.15872135672562
2007-06-08,105.21006258069218,98.4284737746344,88.45036569617287,77.62696920254228,120.79300841646062,107.53357226386008,110.91148511554645
2007-06-11,106.34412463661124,91.77736995019374,87.94571927647651,77.85385782401484,121.20817973628237,108.56056744480695,114.03736826784633
2007-06-12,105.45514634521255,88.04471622851347,87.67692597833475,77.78870058811826,122.79543739271568,107.49197398848523,113.94538132086689
2007-06-13,104.91175587157117,88.09463823951688,87.9088150136906,77.17744178764849,122.6729581183016,107.44145155914286,110.52435051002811
2007-06-14,104.65832520387674,88.77521049049965,88.91333035525619,76.50519038894063,123.54831367946747,107.7793564991057,107.36502741958161
2007-06-15,104.77924826349037,89.38528256550866,88.61745472116266,76.36990001362923,123.51512214180046,110.36688063756738,114.86451780953084
2007-06-18,105.85656676727159,90.73091214387671,86.89514412863188,75.78716904192548,124.91053205693335,108.9441691627685,117.31023952414567
2007-06-19,106.87417925754549,90.78993421541186,87.52749551216039,75.68881011114365,123.69029313259982,110.52079600682316,120.26284589462277
2007-06-20,107.09707128621885,89.86946858246272,88.10717337128256,75.27798242733691,123.3209644510636,110.13545100366198,116.37624519712149
2007-06-21,106.64292021996819,90.82113066141876,87.43603984624527,76.63616703750313,123.50284339556411,109.57041764449538,118.02626829850365
2007-06-22,105.81199750094474,91.56190957542037,87.17339589091395,76.04374112685574,123.8069133439179,109.182374208844,114.59706993617311
2007-06-25,105.24106111399782,89.19593002574014,87.88209506897218,76.59280889499561,122.40290282558087,109.408680821228,118.90728904887652
2007-06-26,104.9144094200221,84.82964597748166,87.88387502363382,76.89257729982192,122.41409154569581,109.4533498445162,113.1153258266949
2007-06-27,105.40218906557092,82.55896927734032,88.14401795530334,76.61503913013279,123.87905660931122,109.3863094275307,115.90767884738686
2007-06-28,106.32917887442984,83.10323373462231,86.93220221778324,76.74065266789229,125.15729437789152,110.12545894963463,112.27498947251459
2007-06-29,105.48711511820085,84.5320214870206,87.22021934307979,76.51825386436694,125.75442909652566,109.14884695456556,112.57881206594269
2007-07-02,104.97048162588207,84.7969417534643,86.45224025826829,76.2747122054459,126.555852251612,108.75904907190703,111.65581141834559
2007-07-03,104.65895922550892,84.17524667629291,86.70893002190654,75.39177619383373,127.58894852035314,108.39021151784242,111.28709179773952
2007-07-04,104.24360143205013,83.04871318948155,86.88582704541368,75.47154382035421,128.5236394366243,110.0387783684375,113.2753297712728
2007-07-05,103.54138795371036,82.60691650169308,86.74936511992807,74.51295558590198,128.16526313003112,109.10190683325214,114.52977078921027
2007-07-06,103.33953606868718,81.12708539740048,86.38398848641725,74.27583802019358,127.52598166947145,110.59200751748786,115.51152447057191
2007-07-09,104.11366423950429,79.38151423699148,86.91970268581974,74.78620539402742,128.2017567641117,108.91451925956387,119.05229423447643
2007-07-10,103.97807987601377,81.59523220102541,86.38633804128028,74.64536157226883,128.88802432367905,109.32460099468983,120.1916554993624
2007-07-11,103.89045209037016,79.06501595867486,86.55113780421142,74.76936052827577,129.1796071567371,109.52043630824228,121.4498874898925
2007-07-12,102.87119335861205,79.9553747136171,87.14060715946444,76.52353577320633,129.2249721165099,107.14508518330366,131.74841150593602
2007-07-13,104.22406009527965,79.06778476871395,86.72135243035436,76.32206319152935,129.03956553938482,108.09893105907747,134.25733524091768
2007-07-16,104.78604870552792,83.40741679553206,86.83732866054318,76.22686724077816,129.70485357021946,110.11786245212114,133.9489511327369
2007-07-17,105.4173412482216,81.86545516221334,86.95471622917916,76.59922982025736,130.9794926421315,112.4703372646636,133.7677240088647
2007-07-18,103.92462221717803,82.48515177523178,86.6217189422634,76.49197713529752,132.55464629116108,110.03702141089319,133.98509950593393
2007-07-19,104.27443200370482,84.12085279958177,87.34588667702775,76.83960945085886,132.21628467566285,110.32100150805324,135.87312528257726
2007-07-20,102.54273166631513,84.58390324841628,87.89088467464637,75.97075707893893,131.98922040326136,109.78452296900366,136.01678793581246
2007-07-23,101.4080075362762,86.00223316672647,87.38542200165232,76.62728524378751,131.4376619873765,111.03802165346276,137.57516127558986
2007-07-24,101.24047768206938,86.04979937494483,87.53711647781368,76.8284507887917,127.7514866937128,110.38485997300184,135.37323864699042
2007-07-25,101.30367563193258,85.57566613959341,87.55250364468021,77.50377568926527,127.39050794757175,111.08344983525738,132.8506099392203
2007-07-26,100.62142034805149,85.91220641345028,86.477445280338,77.69433614297014,127.94488066035503,111.13478207629126,131.14185900841238
2007-07-27,100.31962029425726,89.188589866035,86.32121877294544,77.769555355602,127.3495074632306,112.19493011511588,131.12157997338517
2007-07-30,100.72839469252061,88.056015416689,86.11973663943787,78.199378074857,127.53917117441627,113.57125785516365,130.9283279171546
2007-07-31,101.56802779983221,89.15533150227286,86.18529408847776,78.01617100249705,127.08506990043382,114.31543131938444,131.5841472164463
2007-08-01,101.95847514770148,89.81779543246812,85.8232987309203,77.62253762435864,128.84783100242447,113.75450119896993,130.23483573789034
2007-08-02,102.05779638495468,90.17298816106783,85.86635549675626,78.07086093283628,128.33221510053647,114.68986600747714,134.75343047501295
2007-08-03,104.27215004945276,90.51495443612625,85.49099826009412,78.50845641892867,128.8335315671873,113.39859206993728,135.3745574554287
2007-08-06,104.3703766975149,91.21118794338456,86.38317152718638,78.97671112675414,129.37666876734272,113.12400907942138,133.15395418729574
2007-08-07,103.51190338343615,90.67955732851378,86.306549424161,78.78095336524477,130.04160288415693,113.767381381253,132.38681857798085
2007-08-08,104.08682129125013,90.09671258143278,87.27083344151178,78.08121101250927,130.61030563791763,113.46294683025555,134.04194748072644
2007-08-09,104.21754717743087,90.67442934943824,87.25011879545387,77.70305486422392,130.4718645216636,112.26791212231961,135.3228424807146
2007-08-10,104.39843873815425,91.02591347798833,86.38001769002862,78.35528468427654,130.83091734358138,111.01665389263064,134.4710301084592
2007-08-13,104.56122903305874,90.74045906360881,86.49777202988206,78.50513836475271,131.14084789646154,110.93340680093122,133.87483043531472
2007-08-14,104.62398028983972,91.35369459270778,85.86328415814793,78.56305276105917,131.04255226530972,111.14255661225215,135.55111141201616
2007-08-15,104.61789641897573,90.23616917510788,85.10452106582741,79.11806822826902,132.44921533672823,110.3121331654174,134.68932317931166
2007-08-16,105.36673417214588,89.57186469681237,85.16821079746462,78.7588843900496,129.97853735833766,110.69307056291696,133.81660946050232
2007-08-17,105.34072013645287,90.39414876289248,84.50380034464533,78.55588840000176,129.2930078821374,109.02124439045943,131.16786618592445
2007-08-20,105.39829072306102,91.51208996533171,84.75458336734997,79.48738283831301,129.68691025619944,109.37659785293057,129.51352901665908
2007-08-21,105.0013217555446,90.08371434010515,84.47939442595613,79.17581202432382,129.5832004829647,105.98446077521092,128.65783092208818
2007-08-22,104.60330634114624,91.37972001759667,83.10588554460838,79.19347800579551,129.76700964299346,101.82492666920501,127.3612300338236
2007-08-23,103.96639518765384,92.41825408084948,83.46991727897596,79.53780719996509,130.6261253645896,100.37437563189779,129.3322225314598
2007-08-24,104.42605257566647,93.31771754345834,84.50822670551592,79.96359111275058,130.95292827445775,101.44112025678132,130.39784855812465
2007-08-27,104.18419952901894,93.50757079647853,84.87328133394035,80.5531596220416,129.69036768159543,101.73943399477292,130.2245298257315
2007-08-28,104.48542495705524,93.67471972738984,85.10357813953404,80.38508581063753,129.68802799236363,102.92052943854382,130.86599598500666
2007-08-29,105.35064885049492,90.74261079469376,84.10855298176914,81.21178631439739,129.71298932031533,102.25093338537505,130.39557717316242
2007-08-30,106.22067406547852,88.82424551512767,84.80095896718,81.28062334232933,129.3800197138974,100.63470908801744,130.60690388071995
2007-08-31,105.7102291627003,88.32325660717937,85.34352711173837,81.12944113498546,130.64622071243255,101.04267671936911,129.96169732890175
2007-09-03,106.45134290237141,90.44495638952105,85.96510052947805,80.73064086525574,131.64298715199482,101.3170544200173,133.06933189300437
2007-09-04,105.24299931133186,89.79555830426304,86.35734134967623,81.16433433223168,132.02603002223836,101.33015500735297,131.82673034264303
2007-09-05,104.96432710787744,89.83211561205094,86.75287036366421,81.52407395587983,132.29831192448165,101.58343643668324,131.7945708981386
2007-09-06,105.65302544472075,88.63439691493743,87.81213935069003,81.5427771150428,131.6166722319933,99.38033347719573,132.24105581526382
2007-09-07,105.8308614742444,88.02426360632295,87.93637735208662,81.59626147030791,132.64422056981275,98.59999586445895,132.35297528685976
2007-09-10,105.52923479807153,88.58547690461299,87.27536235076612,81.79682721156583,131.6217869640386,98.32990494151498,132.3560540558422
2007-09-11,105.12925525460193,88.87748186669077,87.99682007644498,81.52492038054577,131.82379082781102,96.5871996623796,133.64896398331865
2007-09-12,104.6582571334356,89.49484637081848,84.11529176122953,81.20343233989331,131.95764894191112,97.57785572881384,135.57776546937876
2007-09-13,104.60350849346966,88.02356803868938,84.211378608189,81.13958570091438,131.318391046831,98.76980522907617,137.03525470158306
2007-09-14,105.85934667437026,87.61764104007683,84.08292738875407,81.83008582390086,131.09650116131985,98.86150139684874,137.84068796727678
2007-09-17,105.13604121777854,87.29924657662363,82.55017978015596,82.14835232188715,130.09921526210982,97.67664709176039,140.0762253958063
2007-09-18,104.70980174996558,88.1013391549294,82.3026638590665,82.37597228148272,130.03320674957627,97.24791676190816,141.8721032546052
2007-09-19,104.34598301362199,88.17154868907677,84.45815331192951,82.20178618100748,128.8435257719676,97.66768154724154,142.63493383274687
2007-09-20,104.68694599768328,88.15281753433072,84.95168389064146,82.6776484653255,128.0445091659587,100.02679891708453,141.98136123735677
2007-09-21,104.91177626822201,87.58657092024343,85.41412097836326,82.19249837869293,128.1923597119637,99.02437374639497,141.69334836966976
2007-09-24,104.22027885581139,86.7390230050082,86.07480408752701,82.52472414498921,127.58706667581,98.80332576193675,140.9022601232356
2007-09-25,104.49375354019611,86.44480509508595,86.55461164518107,82.98549559581181,126.79532416834311,98.0115938569996,141.20967231404902
2007-09-26,104.66097497400861,86.54665145920946,87.46486860163883,83.35874182670959,127.4303206957695,97.27384463590538,141.47067621865415
2007-09-27,104.38228698407775,85.5120053471198,89.05791932027965,83.2048276095252,126.88909187088628,95.94526497799697,142.15881665781157
2007-09-28,105.11684591439624,84.55752992349748,88.44483624133352,83.55410246313146,127.48271186635178,96.63593501926063,143.90248056148064
2007-10-01,105.729223290687,84.69183550592422,87.8182902509047,83.40744257428122,127.07305354958679,96.72332187870698,143.9902301218493
2007-10-02,106.57670863136066,84.1043442363543,86.85313534425073,83.14332868482194,127.3095847008641,95.29490119054634,144.06666119126263
2007-10-03,106.2686680489388,83.02649224196215,86.8192192696544,83.28851025069234,127.22657415013269,95.9951668886974,145.85261153259756
2007-10-04,106.24432036884195,82.80642875311644,86.10303331232932,83.13432782518082,126.39734422737335,96.01366127019602,145.50702725069772
2007-10-05,106.94062232765475,81.8671893270072,85.56863951236429,83.31991855411997,125.21431291631352,96.28861826340327,145.47581638289486
2007-10-08,107.52073026007068,82.15047928079771,85.77664146020074,83.34532744263069,124.26490633229182,95.46094139385556,146.54205807404642
2007-10-09,106.64342813657395,81.94263014426059,83.81462922618383,83.36696318172574,124.67803405546456,95.0011641518688,146.89674784350092
2007-10-10,106.55768519641161,81.72823199449041,83.85657984168611,83.24133016412041,124.01606378659513,94.1650841054723,147.1725933600114
2007-10-11,106.05801834517709,82.7596568243302,84.01087217010756,83.14670551128097,124.76254048743527,94.99581426696881,148.0895932715909
2007-10-12,106.99454957464096,82.92885029809085,83.18198357794165,82.9751991136049,125.13075607862127,94.77277450372249,148.6268856530308
2007-10-15,106.63083752576591,82.96762189698784,84.06423512676697,83.15565985015152,124.58379082261597,95.18625968245257,148.29415011904786
2007-10-16,106.18897765389566,82.3514373535598,84.17851434633582,83.45544946466896,126.59882888464416,95.14183530866893,147.79570139649604
2007-10-17,107.12916391294674,82.51971055242598,84.06797807142392,83.58134814093852,126.73078033235534,94.8578889502999,147.85213738375364
2007-10-18,106.88465687721917,82.29605323139089,84.20981846076327,83.45985738234015,126.48055930449154,95.34591453553901,148.16355489482564
2007-10-19,107.0631858944257,82.74552643379043,83.27835403324984,83.38169947087962,126.00365502597046,94.77733742002849,147.37832603871556
2007-10-22,106.64833360540814,83.00867250964579,82.22197057206004,83.48334950705272,125.65342732419847,93.5835511619217,146.87816704552722
2007-10-23,108.3341299658201,82.75857355428658,82.4021055009851,83.56034337612391,123.80009322958982,93.29218661190609,147.46857842889585
2007-10-24,108.51211547771112,82.61595292537301,82.84636316264536,83.3386047841188,124.40062033766871,93.24309750353314,147.2291652899544
2007-10-25,108.2430233308798,83.79142923325101,83.60601909264616,83.4754196093235,124.11790753337162,94.08005236872914,145.71078541254982
2007-10-26,108.34643188345578,83.12200961668457,83.87252596676952,83.39629947873844,123.49436104647961,94.59218920300714,145.87549174168115
2007-10-29,107.99129701410025,83.03685914114095,83.9633349662615,83.23173570107669,122.61514209885244,93.79647442303057,146.02697257042686
2007-10-30,108.40097217044556,82.56333284480945,84.02358838950938,83.27993579958758,123.18806978680799,94.83440715731665,146.78032709586054
2007-10-31,107.7124788993042,82.56207386539309,83.98649106552325,83.70590874520612,123.97010163381076,94.76215287850916,145.92746937506018
2007-11-01,106.58407914986464,82.65361498515188,83.06578647410538,84.05892156588799,125.08577794419568,94.48122091187236,144.76009921082436
2007-11-02,106.41036157010024,81.84138192505652,83.38909953105778,84.20024806201928,123.92218421084243,94.65760705442568,145.2615418321523
2007-11-05,106.39270951587872,81.97306105351657,81.93665469452236,84.48989513263886,125.49277924263413,93.63393678379373,144.95888144890858
2007-11-06,106.83352106281843,81.14146060231654,82.37591318786512,84.78031535604934,125.49850692944023,94.78609603094851,144.00907754106402
2007-11-07,106.77728632707527,81.1458489815148,81.96908462865477,84.74797490081309,126.0931698782192,94.14839606725803,142.13503193326184
2007-11-08,106.2432266005752,81.03146171313492,82.18356129983074,84.68664385705787,126.73647989662025,94.54144658061288,142.34610252009753
2007-11-09,106.6629633475199,81.66026902351729,82.8951066687822,84.8017261693111,127.14217393901987,95.32347038091116,144.62962714477632
2007-11-12,107.13654286851845,81.78151308285052,83.40374758433836,84.50609409973144,126.41775184427834,95.335843817297,145.8371331798226
2007-11-13,107.45518738881664,81.32084345573226,83.23891789182109,84.29100616740224,126.88292957138161,96.18622477471722,146.7896755338867
2007-11-14,106.97144703624716,80.98667775553095,83.75545276357829,84.0604509887834,126.64001796242137,95.47408673810195,146.55256567295183
2007-11-15,108.89291227274607,80.54577420206802,84.86579656489523,83.94191484997073,126.23495411037531,94.19963963186625,144.23546715462965
2007-11-16,109.89935365728061,80.13542185948626,84.96421600551297,84.40358783544774,125.29744432528192,94.3380869756062,145.2333573506899
2007-11-19,109.53574630576318,79.98773020514818,85.5758800894606,84.42131190457332,124.27131936927101,94.44818573282107,148.11145989127752
2007-11-20,109.88118163715728,80.02581026615253,85.53317175488962,84.31556367946253,122.37493017617764,95.01633996214063,149.12899166815805
2007-11-21,110.44510375054679,80.13058691751641,87.45999595050667,84.4345546661508,123.65662515933698,94.77181827544845,149.9710070758848
2007-11-22,109.59379583765406,79.94894766411362,86.9628444938257,84.16305236935591,123.89131124728802,93.98188215920939,148.95898044241477
2007-11-23,108.97849933786567,79.93114377484817,88.6364574714811,84.70709241508023,122.92881604795659,94.91684622252188,148.10712995073428
2007-11-26,108.74998240178142,80.09534144017391,89.16923592852022,84.49362926156188,123.50834487436563,95.20234752372025,147.90847294994583
2007-11-27,108.57023629324567,80.60232912274904,89.77175231027012,84.15221425942553,124.33266992499247,95.08297895508568,147.89926796471855
2007-11-28,108.81381134469113,81.14944940545746,88.73694241430458,83.94770589277985,124.25565953495746,94.71528143595897,149.947259371895
2007-11-29,107.98613103980745,80.66730699738955,88.80685577705889,83.90376887128824,123.63595591419335,92.98452368148867,148.6128882899068
2007-11-30,108.66177624726252,80.113959086375,89.35772743589332,84.04477790579398,122.79619351740848,93.02879462163483,148.1364453599838
2007-12-03,107.77542336546463,80.678946385473,89.422451657846,84.46084571866174,124.63983025194123,92.81350481150363,149.82247574948445
2007-12-04,107.85095611555059,80.63394278689519,90.0503644650031,84.17331866004402,126.30570609177069,93.75640919700648,149.2085589308065
2007-12-05,108.3944754716752,81.83923995158592,89.21213066950337,84.22723033617122,126.17036315422908,92.2213425612293,147.33525520506888
2007-12-06,108.85049750701305,82.0185474728439,89.10621159429591,84.54482233849663,127.3253828769506,92.02327303585807,146.99733113947076
2007-12-07,108.97720862919894,81.39701105976033,89.71508370474528,84.76937587547157,127.21398561164428,91.63794513587774,145.5878627801779
2007-12-10,109.5924706784069,80.68805857399411,88.76891304972182,84.8425728773713,126.62357709476628,91.27940469290021,147.30184290032796
2007-12-11,109.8796732650736,81.79940197447596,88.21783558286118,84.41569290669987,125.19868780355912,91.1479113848269,148.00273165631666
2007-12-12,109.49951326146017,80.56398176688776,88.25034485961112,84.50701762692815,126.09877451959841,92.34865644242035,146.85204191735056
2007-12-13,109.26011300922764,81.86221820633963,87.61503702550718,84.24212893491259,125.14059688529406,91.83900914366114,147.04891822588428
2007-12-14,109.90716594813976,81.60010365406464,86.32997962857254,84.3676834245995,125.6008529332651,91.51794967213681,147.36110164114965
2007-12-17,109.27641665247683,80.18237973918498,85.34739982952615,84.04078512054997,124.5293860194232,91.25137999886994,146.2215842590493
2007-12-18,109.56708014583435,80.98027888062389,86.50365532855164,84.0482078563869,124.1766648992761,91.74540434218919,144.95969378582012
2007-12-19,108.6138885485604,80.35260195012727,86.32957756956972,83.91278556522212,124.20823359762493,93.28455121934073,143.83206889345877
2007-12-20,108.81686506198997,80.8770107974967,86.57915729230378,84.22016282885299,124.20793059000943,93.76920073617168,141.7442360978721
2007-12-21,108.53260886771074,81.37821535128461,87.080475440356,84.07513409583312,124.9947107307666,94.30650959122303,139.98017852883964
2007-12-24,108.40885239022167,82.05725883159214,86.42967897341988,83.9662670187855,125.67130226533043,94.3590796362059,139.45222841109438
2007-12-25,108.08418161340458,81.66566810993702,86.47567381327036,83.5856004295318,125.28508794466447,93.83482136286182,139.16864456331493
2007-12-26,108.87461201132612,82.45639931113759,86.9444458651395,84.12757229481969,125.87643922140327,94.42768582860116,139.70878090563315
2007-12-27,109.45979856621894,82.15424191651088,87.31250467604403,83.6139693803683,125.08582378079687,94.22216542771916,142.0592454113774
2007-12-28,109.99228292162101,82.78015073208311,87.10066315749904,83.99999873475956,124.95919975200388,94.0034852971616,143.5272541828737
2007-12-31,110.11406638205501,82.6893155517499,86.3123605951288,83.205019388259,125.63412577623743,93.54482248936951,143.189807398786
2008-01-01,110.37262201091313,82.22438664184081,85.3137785812384,82.36204820861627,125.52934369813359,94.05075858908697,142.89658585423896
2008-01-02,110.14974506613984,82.38650631717071,85.59336277821265,82.28468211242495,126.06746045057298,94.48978853638994,145.33697698284794
2008-01-03,110.211762162789,82.8887955753488,86.9721546979633,82.28261294747286,127.06456089217835,93.86352275831682,144.82971258968797
2008-01-04,109.75634534816437,82.76806602990419,86.99848415305186,82.43979222704958,125.96598643240996,92.91420771870483,147.11740591523676
2008-01-07,109.44164808582806,82.79874605407308,86.5699668216847,82.93780227177706,126.42206946623935,93.4444825278239,145.50056950569447
2008-01-08,109.85402412283425,83.3676438711069,88.31956039869411,81.8731760156485,125.2918734400751,93.26188301250546,146.00954269032476
2008-01-09,110.10236468166907,82.81547656886903,87.09318065888014,81.46130509666743,124.97177010853733,92.3324388478862,146.18086406048587
2008-01-10,110.50789102861792,83.61997853380898,86.90082883202113,81.46334495313836,125.22759500520947,93.1616027648325,144.10361038191235
2008-01-11,110.1170891453793,83.86499722161201,86.35288679043069,80.72574096154852,124.7123509175466,93.60368243330028,144.51191274855753
2008-01-14,110.61835977526822,84.46696153626219,87.25820209264448,80.65584920831326,124.17615896683651,92.7453880349308,144.09979991794984
2008-01-15,110.24382595754501,83.68252989700407,86.24277294266332,80.31679088748342,124.27751336087161,93.60099378879411,142.98920645878462
2008-01-16,109.13176111509428,83.37287922290564,86.55205137080635,79.77554877700501,124.93477405777452,93.74178876070569,142.42654793871336
2008-01-17,109.4699219463762,83.77903162003143,86.3447851989555,80.01371223060292,125.26120679925589,93.6698559482855,144.9665537438913
2008-01-18,109.71776902007481,82.91001665393331,86.66982121423868,79.43554776458087,125.73865360692217,94.22006220248352,143.41016478462427
2008-01-21,110.16165391599718,81.24036027993672,87.16093949097586,79.35571144422521,126.24181309053972,93.91170300621775,144.12607326675496
2008-01-22,110.60235665829667,80.87176495778505,87.7799765082748,78.9174624416566,125.23606645888138,94.75404504910867,144.573609436869
2008-01-23,110.08580802278992,81.54539364323907,86.27906593613693,78.92740339245462,125.00006975510033,94.44376530729787,141.50349817019463
2008-01-24,109.49259332142404,82.01546709584923,86.05437857857078,78.78506509591347,125.50645704607368,93.73569333688414,142.20987003738136
2008-01-25,109.2357033091381,81.6756584305685,84.95195810381013,78.88220006132974,124.4588450405561,94.63018076059133,143.1092328858421
2008-01-28,108.77622411277072,80.74716980881765,84.68253493740873,78.8118898186407,124.88296380674599,93.9308308853485,144.08776188081322
2008-01-29,107.67768126087917,80.75993891456181,84.07692764468517,79.40431920567049,124.58243762325249,94.3757561883071,143.46866426101855
2008-01-30,107.59938921821666,80.66614058991665,85.41590892899981,80.25747079313048,123.90803121760436,94.31294926434498,143.29150033899245
2008-01-31,108.28197032577691,79.0665827637432,85.8138661113781,80.43955424108792,123.77721306096204,95.15969932112313,144.41077776242432
2008-02-01,108.77894816742577,77.99355042498968,86.60552786870747,81.37126145315175,123.58430618275857,93.9043839897488,145.0679881785652
2008-02-04,108.07457932852455,78.26929547083844,86.92267376022029,81.07807572012186,123.40556576506211,94.49524638017489,145.1650213675079
2008-02-05,107.63623838545954,76.56203278032153,87.60307415552377,81.61127505145072,122.22281387134247,94.58591374893581,146.9816669387922
2008-02-06,107.62814879600525,76.69179460051764,88.76370464777132,80.39960174683102,120.55347883296199,94.50454611500987,148.92858047181886
2008-02-07,107.42597703236065,75.96716517018139,88.53127581281679,79.64848700429428,121.47238077859959,94.50823133742504,147.93480660822163
2008-02-08,107.35892972050141,75.74013680165743,89.05470023804834,78.43931334163453,120.83404091677825,97.14117955287905,147.5841281442826
2008-02-11,107.80167955366339,77.08947368116351,88.47612613317868,77.23070634898446,120.79984923648084,97.98372653761639,146.90933115316918
2008-02-12,108.54429429268811,77.01475824861589,87.9132158826303,76.34393064695327,120.92098882217063,98.88056234630106,144.98071992810702
2008-02-13,109.66180522345164,76.80656017335833,87.55120664556101,77.54108049894269,121.26004270187495,98.80270152924498,145.0147413413261
2008-02-14,110.75110127790467,76.70271980979679,87.1321265120736,77.53496430668751,123.0272636444904,99.39152089923869,144.74522271492512
2008-02-15,110.52646054819839,75.95851213162777,87.25791950625101,80.45097111153754,121.49341821533342,99.77248450277357,145.704009983311
2008-02-18,110.24063467382048,76.94730716951001,87.49133828257177,80.25145464531035,120.46394480270804,98.60052586546253,145.51991882515182
2008-02-19,110.15672483721568,77.65360208209862,87.302549027625,80.02345243162905,119.3166932527262,99.35695506536628,147.62379372023193
2008-02-20,110.08200675147258,78.74743825762837,86.93450925095246,79.72390521435422,118.24801111650909,100.74602064632674,148.06998689089482
2008-02-21,109.88649589467731,78.99340740651662,86.07915426122534,79.64606644068894,120.74791047605285,100.59174297538043,145.7488022680174
2008-02-22,109.51121519209643,78.9227408225184,87.18974674574909,79.19871884721859,121.84404843172018,101.00105599364882,144.6004758033169
2008-02-25,109.35002900988869,78.23155544452196,88.30223665737428,78.98122586538986,121.83127406116795,100.94140341334331,147.00895688130518
2008-02-26,108.65311372346933,78.58933390231371,88.96202781778071,80.02373262756271,121.9551625294151,100.77483204914923,145.60891024717932
2008-02-27,108.33705047258283,79.08773787763599,88.96380277869704,78.67520960339263,121.7966403317803,99.98557521571185,145.57078011781763
2008-02-28,108.12410972527596,78.85841335463628,89.10379844330566,82.17464675166659,122.26256013661572,99.53799910272242,144.79400279704626
2008-02-29,108.64955900631522,78.64212083571974,90.14133176126393,82.33598371523847,123.45819000910113,99.53004801706065,144.69373855212268
2008-03-03,108.19618628746821,78.08557119729008,90.25224180453301,82.34847141965328,123.40841354509196,100.16375861596349,145.8173204774913
2008-03-04,108.34841073216637,78.54395494522684,91.25578909074562,81.649735934113,124.59675104351784,100.0305691980136,147.16225713473924
2008-03-05,108.8020500337715,79.45953945687322,89.01308649423304,80.41451983436875,124.03541655686264,99.90884951332339,147.10542649258477
2008-03-06,108.24059308585069,79.48695208396498,88.60534861311822,82.29987809513553,125.6585608334331,100.33221354158613,149.01748222938534
2008-03-07,108.01838649900264,79.90576153856583,89.30151884535371,83.5052974967309,125.95169721253744,99.8339951638731,150.82341615686508
2008-03-10,108.15682925101633,79.33124754335076,89.48533518393835,84.23867139295446,126.8513938914988,100.19333810644417,150.31505496525685
2008-03-11,107.68218059191628,80.72781772622677,87.80759264584779,84.09516776046132,126.61984258228985,100.04824212722879,150.4972703769383
2008-03-12,107.96883045519532,81.25884295749968,87.23216420734097,83.86123641135632,127.70497619788263,100.33060672268826,149.7513283788472
2008-03-13,107.69740397327821,79.9469131772349,87.39368555826466,84.32698268435195,128.044139555922,100.46598462488873,150.62777952698153
2008-03-14,107.62256901017098,80.53867486728421,88.08570001922546,84.62352510562164,128.18688509358927,100.82349521444334,150.05346199559887
2008-03-17,107.5076749363131,80.02979373451875,88.53796390457603,85.12201191515592,129.32255333810977,100.99559334406716,150.08355010942617
2008-03-18,107.0544544157706,79.67016809080197,90.37135627689956,85.71477734625672,129.61894865925044,100.19307351085922,149.65695425220025
2008-03-19,107.42898696498102,79.11440990132112,89.875474165494,85.15732118459614,129.68759589709197,100.72675360093587,150.13334826271463
2008-03-20,107.63689350271791,79.55367191204728,89.9979749684496,83.72491529244348,129.84136568018207,101.40289667313947,151.39615242667293
2008-03-21,107.536851239044,79.40248240735194,88.45348196980913,83.59204174573802,131.4363175303813,101.34652981246592,151.5425822480268
2008-03-24,106.80251090694892,79.37036824473887,86.87356341774175,84.31706105770063,131.191978452299,101.48719742559163,151.48117643775615
2008-03-25,107.51154439198514,78.40553985297467,86.29797448683988,83.46157195914655,130.49237280786753,102.86698158730107,151.149163992404
2008-03-26,106.81543660224904,78.1067536361285,84.6167264941341,83.24866794767793,130.30489528080136,102.01911695017134,150.85191239732274
2008-03-27,106.33270317160039,78.69824577293757,85.89838181788127,83.03914594522456,132.91803066377952,101.04675073046218,150.92975982048156
2008-03-28,107.05960375071332,78.53185914115564,85.66023716078874,81.88018538021481,133.64124613212832,100.49673706874283,152.12715346648156
2008-03-31,106.9632770940371,78.67179861416425,83.06749462895769,81.57009074613599,135.73390948654804,99.12635870543237,152.43580493169065
2008-04-01,106.79420187190358,78.46056169541765,82.9427358626218,83.0334095721369,136.3305604779707,98.34805349487213,152.31221521995013
2008-04-02,107.54434581222588,78.4098316395198,83.18210007297401,83.27180138430204,137.36054358433174,97.72841428294727,150.7571201047498
2008-04-03,106.9655198969612,78.51954075601392,83.11742341733348,83.64104420940029,135.83899270221872,97.26932131701966,150.6321803454488
2008-04-04,106.95276929974837,79.35643855207918,84.69943116874515,83.9758659823018,136.03753675734498,97.56119846194535,152.41100448328584
2008-04-07,105.72144776978361,79.08442192845925,85.79912836489302,83.4150943518854,137.60105492574243,96.87899927157895,152.03454149212052
2008-04-08,106.65900660027445,78.79018328158618,84.94464995467041,83.25013294737876,136.0186267813268,96.51281780520762,149.60205321735776
2008-04-09,108.90034186955577,79.0237978259946,86.34192957400971,83.59259345827586,136.18277557119032,95.70697876406597,149.90102667844982
2008-04-10,108.8825347143736,79.2097137686636,86.64235012684107,83.85977714478312,135.08896252619368,94.14103669392152,150.4948411796244
2008-04-11,110.30294188321409,79.38643661777866,87.70936419934719,83.22503245747714,134.99939546540176,94.13473150185365,148.4005621574291
2008-04-14,111.55995420264517,79.98278524685568,86.03425933172413,83.7441146056223,135.013003456459,92.76858081714579,150.46651885568292
2008-04-15,112.39311066779959,79.6199641439163,85.35666636937484,84.10026502388452,134.45116069350618,92.65380627625973,150.61137001071728
2008-04-16,112.72656004978529,79.56647544169196,84.53854722576796,82.824114136027,134.20019975715212,91.55297783724502,150.7141763451914
2008-04-17,113.1384368231078,79.77787957086258,84.84592028249662,82.37881978285661,135.4059566877011,90.71323615295294,150.3332783300964
2008-04-18,112.24419454595095,79.19221089315118,86.77414270835247,82.70224720355912,135.94399522420366,91.27542724985119,148.39338878276607
2008-04-21,111.88787264446083,79.96150688360969,87.15950358331769,83.30846385298507,134.78032506098344,89.87665134266437,144.6621573178158
2008-04-22,111.7573914716478,80.27761379961471,86.90982843074946,83.06974893197079,134.72458205278036,90.78767198424552,142.29423123659555
2008-04-23,111.93630009953108,80.36475270325332,88.98251668043505,82.91929024890605,135.42221196417395,90.10955558020503,140.6353568284749
2008-04-24,112.19656639996111,80.56928729101614,89.69263040853322,83.57856596583927,135.21702377538716,89.86407628495606,140.81000518457606
2008-04-25,111.93943003819142,80.57962170731048,89.96657409522957,83.59672224393961,132.85462540238453,90.48567325013887,139.4495581748438
2008-04-28,111.4684709060254,80.51816682262495,90.00955915663563,83.50367111445856,131.20017996137918,90.69672965033968,140.1326827007131
2008-04-29,111.2178949082041,80.62059879851188,88.6796228546949,83.78486515235124,130.39328545875358,89.54143948908644,139.4603215086438
2008-04-30,111.47761113142472,80.56062904806804,88.90509812876691,83.64511575658413,130.40453336172328,89.11457618711383,140.9072966469418
2008-05-01,111.38622210608041,80.49823689744765,86.63884495334926,83.94224423391158,131.25741323318292,89.73312601401243,141.13559101296127
2008-05-02,111.49061124661448,80.19208767122356,86.93668654911016,84.05885760544054,130.36401622136978,90.64234182605169,141.9840516216676
2008-05-05,113.21322049480442,81.20273050922019,85.31916433880629,83.68690222448178,130.35796150136085,91.78348442515893,140.30294215429709
2008-05-06,114.3865983237249,81.74260806452904,83.8551488849666,82.8128551525962,129.9931678988224,91.77672781911112,140.41679109635183
2008-05-07,113.154669583746,82.03031927300805,82.9032128172635,82.34525255675999,131.78254788286353,90.79205562959525,142.1085522740723
2008-05-08,112.7148769317148,82.09662600820252,81.58267889660627,82.70229098863271,130.94383544011615,91.81248192351538,141.4286557595982
2008-05-09,113.49671178813078,83.15420142736569,80.93928375188972,82.25643088351063,130.4722928634977,91.68055803022011,139.25357742628356
2008-05-12,114.31251147816239,83.11056635966665,81.85686808209148,82.54587987709587,129.6235837412925,92.33528058989961,138.7016026223709
2008-05-13,116.13731546035348,83.29235018241059,81.7762987931616,82.85627905763096,130.8377101900858,91.97553844223445,136.73163797847238
2008-05-14,116.3228232729164,83.68088049275765,82.24187092279743,83.12016087355693,130.48652004440447,91.29638130569437,138.06531786360804
2008-05-15,115.4334669192386,83.24746062087358,82.59584350330259,83.11616878970233,129.41359876877686,90.89883241710528,135.61413320831852
2008-05-16,114.87678417843428,83.48582808540122,81.29785562840289,83.85066807581373,129.3774827165205,92.39661838448849,134.26616440329298
2008-05-19,114.42211236364314,83.29248178660067,81.8674545824022,84.37164589896828,128.66294038834167,92.81459428585484,134.46246258112203
2008-05-20,115.37613383786436,83.96504815606056,79.11992424087784,84.57207049768618,128.54342084073585,93.87640235316614,134.7101866670361
2008-05-21,115.03757438407365,84.32906741738812,80.46009418166163,84.70227185963269,128.7973527219761,93.27270521319777,133.38088432217964
2008-05-22,115.06955424104414,84.36430870482027,76.21513846783677,84.91743829252187,128.7648523696472,92.76186495702723,130.5370671456293
2008-05-23,115.21665643516282,83.82817164697042,75.2771219176932,85.27325018351677,128.01781985759388,92.51056763957008,129.9704642698039
2008-05-26,115.15703305750235,83.21213096552496,75.5403577459775,84.77227070731482,128.3581197678135,92.34723234549358,127.23239906903923
2008-05-27,116.090880586051,83.36648237369933,77.29378103220003,83.8085514455213,128.75011475420837,92.04198912474678,124.52224345281365
2008-05-28,116.77273440816539,83.96087568144068,77.74991510260651,84.27967212917142,129.19632889249277,88.58602303842908,124.49160126379873
2008-05-29,116.76411436937477,83.81717622961543,76.4242658042632,84.13958125061733,129.22761441694183,90.55197159928083,125.88148996910212
2008-05-30,116.40228678915975,83.2595553556526,77.20660399400117,83.09502971750547,129.7546261196637,91.84275773672168,126.2818031228133
2008-06-02,116.00452771445137,82.97410958093097,77.01966640682623,83.18585893245096,129.18888287476082,92.08342876490306,124.82226996979665
2008-06-03,115.55200179734439,82.86839231170205,81.46491509607519,83.00062885390527,130.26215518602234,93.51478282681413,127.93106888803736
2008-06-04,115.93115276544995,82.76589079657106,82.53506170583134,81.96032186785455,130.92200879030923,91.80893535131082,129.86806005580576
2008-06-05,115.66075875321722,82.7892106034323,81.40043597202667,82.14755462405898,130.7552680618801,91.78972350857775,129.68628096877367
2008-06-06,115.18781892628222,81.55761754008203,83.34324744627365,81.840432832165,130.45845097114136,92.37809475582242,127.25588304143824
2008-06-09,114.99226829429027,81.50843668854418,83.24674259812684,81.17612584821752,130.7951485017314,91.4513798805591,125.13047989618451
2008-06-10,114.46489133027954,81.04153152450542,82.63407864642872,80.05917160479075,130.1847630944509,91.33997245942544,124.49741003701156
2008-06-11,114.308660963763,81.62125851306814,80.36367619386068,79.64635004566118,129.84020446405356,90.71675718305141,122.72088149848923
2008-06-12,114.81627127597699,81.54870441448507,80.32596641092887,79.47164037746228,127.92054836125861,91.02753439907478,122.04890268382515
2008-06-13,114.71039444368182,81.43255407420433,78.87460470154484,77.39402801851543,127.30064094478597,90.54724234454011,123.24500611697913
2008-06-16,114.15876457561808,82.80472013114642,79.68933242368546,77.2456565882194,127.36210490436606,91.39571152356167,123.44885175890472
2008-06-17,113.60825290816565,82.97456506036994,79.82414770106763,78.01602456191148,127.52047790833983,91.3646343173591,123.34716618833554
2008-06-18,114.04787703785186,82.71095666949245,80.58534310414866,78.9035613699268,129.17425589500795,91.59651283401978,125.17345619494962
2008-06-19,113.66016628929655,84.15312467424882,80.45207841849943,78.72704619178532,129.9633338574844,91.55229962191798,126.88867260873847
2008-06-20,113.43832878566974,84.9409523063295,79.94770249746863,78.03832953726535,129.01096179593645,91.25224134599179,126.28342465327003
2008-06-23,113.1741113375176,84.57493832676393,79.35971208473252,77.57794309870674,127.82340279686231,91.1561840175796,125.4549689995016
2008-06-24,113.0330721346521,84.47430006728085,77.77035389017449,77.76912636172653,128.1443652401801,90.93794197009838,125.84249687161683
2008-06-25,113.23195345142994,84.57009127125033,81.11685196345682,78.2593864630398,128.18357858964862,90.35526299639551,124.65697070538252
2008-06-26,111.28310713295095,83.2133583399289,82.5768446322258,79.82805994955163,128.59213033871973,91.11345685520936,124.61842380067
2008-06-27,111.86139923025519,82.61502951614547,83.419996572936,80.9593642325651,129.213135194097,91.24857720401111,123.11699287517817
2008-06-30,112.40584712517513,82.81568674698553,83.1832957831037,82.314392212802,129.03292798955644,90.97655732957088,120.6047647443924
2008-07-01,113.16796457134956,82.87783806240702,84.57106649444022,82.39507360013664,129.35234120503594,91.2060662877523,119.36446663313801
2008-07-02,113.57224199908416,81.66695564497611,85.6501035364607,81.48425072170336,129.41315005728467,91.28089942646392,118.50614239062858
2008-07-03,114.25911717908888,81.22424605117406,86.41643486660493,80.88389411027406,127.58983950011194,91.0962507888159,117.20617151297934
2008-07-04,112.69771150664813,81.03113811718372,85.83027445611937,81.64068903266823,129.6201470006376,91.65105784763743,117.22753678136881
2008-07-07,114.35732822580658,81.34728595643479,86.88093296418982,81.72936793637243,130.25871925639296,92.6437858374476,115.72354082412609
2008-07-08,115.46205953990162,81.8302200377554,85.8522480842223,81.56935308143451,129.2474962255596,92.5182322134227,118.32945465618164
2008-07-09,115.28055901754149,82.0661334296505,85.95126210888236,81.44441997491488,129.7091412987736,93.62740363050649,118.65631199790563
2008-07-10,115.6993716082401,81.51085461308288,85.1484275976443,81.04536504323112,127.34132574655047,93.88692389328061,118.54223598618817
2008-07-11,116.24331901373048,81.15427634267152,83.24578291888851,80.50323439631919,127.9014966646368,93.85051814030433,119.86026616791457
2008-07-14,116.62636235916295,81.65870365890166,84.5243187274546,80.33988703066407,127.30965202945711,93.96138075818325,120.59951340346062
2008-07-15,116.62145281157524,81.96179630142124,84.4291486143004,80.38771018496101,127.5887447952232,94.50601443281363,121.51640610431797
2008-07-16,116.56497680321566,81.06149313303325,84.66568010820691,80.26940428235481,127.70827802280516,94.85314627370359,120.28711147822096
2008-07-17,117.27272893139865,81.50548870143831,82.45342981649905,79.75235208002117,127.49270233123401,94.46033657485104,120.20903462000038
2008-07-18,117.67339898770007,80.95268343729441,83.01149376308003,79.17462119069741,127.79563707478174,95.42064561000802,121.04170060033147
2008-07-21,117.60544372465942,80.70309900355205,83.85417321294639,79.41228538788106,127.2656392705864,94.64089203491886,121.47889429709504
2008-07-22,116.14570300675106,80.75042652621684,84.42908673468199,80.28718044123744,127.661213149457,95.43004085818644,121.6768586007837
2008-07-23,117.3119991467603,81.03847922604113,84.55530637748912,80.44260317375483,128.56628642612216,95.52331959594176,122.5116725921628
2008-07-24,117.36868259018136,81.04281375628469,82.83580462596173,80.49576060686091,129.35700318563994,94.75385799883446,121.78607309986953
2008-07-25,117.75657919988123,81.07132510471583,82.29771567398166,80.31904019870495,127.19136582307387,94.79295987389091,122.4594207438743
2008-07-28,118.42704336442971,79.96561761828156,82.19290258732832,80.39868979173146,127.97089647818792,94.11905013220685,121.04565811189845
2008-07-29,119.10698268361388,79.72006833659862,81.57845052354403,80.6570554665009,127.12600440719832,94.16569753792409,120.60286078658442
2008-07-30,119.35880754468734,79.67803659826971,81.3859333428987,80.18659880222481,127.61839096316689,94.91952447072231,121.9126641163854
2008-07-31,119.0363535859821,79.38050118214852,80.18947782015533,80.71150611320908,128.61035350723077,95.28628023872709,125.22001103325591
2008-08-01,119.80303210250217,80.3890071671247,78.73122999462431,80.96960369542602,127.8178931996737,96.31073192455077,121.56644022175271
2008-08-04,119.31128705650632,79.69123526525941,77.33516457093192,80.1607107488959,128.030911182767,95.61260458163905,122.01818794388562
2008-08-05,119.45164780500805,80.3484058512959,77.49432324880625,79.58244383347369,127.18145864662846,95.31030025531908,120.12480444635561
2008-08-06,119.05167933580448,80.45377358439254,77.36289281453722,79.82581097210327,128.40457038932732,96.42035677762091,118.57690183643199
2008-08-07,118.82472014534338,80.09063745289762,77.92158617259675,79.67356553094716,129.271758767396,97.2293168702578,122.20526796317428
2008-08-08,119.56243969876523,79.88012827120538,74.33305502883265,79.86285597053006,127.94005296699713,96.9490326329715,119.32490204099702
2008-08-11,119.73507468302743,79.43362906144051,74.8016257458162,80.02903698725827,127.75033050719897,97.11967709504422,119.3400182047026
2008-08-12,118.93749130487862,79.76228039184979,74.10106769463543,80.04706761944192,130.55111116014265,96.75448350405026,121.57691814312916
2008-08-13,118.26196552449653,80.35383562714075,72.32001882079547,80.83736596928946,130.17986540141425,96.79788763891665,124.09234519255494
2008-08-14,118.24276545687995,80.44636131571593,73.65647508102387,80.54804648469222,130.42724625076062,96.41527821695938,125.77743693266359
2008-08-15,118.97969168178577,80.09805002947624,73.15887290720723,82.12767328324443,129.94397946716163,96.97795299559746,130.4606184614494
2008-08-18,118.39128439608027,79.63969022374516,69.30426311319098,81.22242400922106,130.66651658385354,97.38986580179926,131.3195632960444
2008-08-19,117.99012259699106,79.48056075870498,71.00238581229985,81.15425824741206,129.69897837262081,97.59449285183835,123.77525410599486
2008-08-20,116.47058288988624,79.55477795473561,74.3255274897805,81.67112876795322,130.86722980449886,98.4856224556634,134.5380464766399
2008-08-21,116.34681601846476,79.53125612235475,75.46922396120337,82.20754993172028,130.9942797197782,99.17910809228668,126.79933836348344
2008-08-22,115.55276064350178,79.51014550967317,77.45411066981777,81.30673900104235,129.59282867726526,99.54634459949894,133.7533090602316
2008-08-25,116.59838347138499,79.71262354533866,76.82572633952924,80.99816134016899,127.70139429863009,99.4131244579746,140.84307448892605
2008-08-26,117.08526734806698,79.622061222818,74.48701292128267,80.02413468536247,127.46811872744394,98.79063458456348,142.58034365855724
2008-08-27,116.42069378603519,79.76462457995014,74.99828423877379,81.01226059847856,127.05961301245215,97.26281960773794,147.02455731682076
2008-08-28,116.82866213823708,79.73362599147298,75.1450193890851,81.75338799275839,125.82564004978917,94.42785494851373,131.92943571419534
2008-08-29,116.24318498695803,78.58487386044175,76.15369926632036,81.91704636365124,125.56575854515738,96.23774581841538,129.68472125706845
2008-09-01,116.42164682355131,79.22020356370804,74.80172228893667,81.12082866811595,124.95180874068241,98.55765033799214,130.53149923425133
2008-09-02,117.22595820850013,79.99708273991672,73.03440756123658,82.90698453418798,125.69729338983906,95.33185439937874,135.41112741421483
2008-09-03,117.74424678133627,80.45849242536569,71.69805309262155,82.79679977081419,125.58298323627781,94.0659551118404,133.21006302031384
2008-09-04,117.62988044244213,81.0335464388169,70.36210791285737,83.8558115633754,125.82228448912512,91.55457805614847,145.9274514381242
2008-09-05,116.62163272061659,81.05606105483464,67.79972695212962,84.99263611992451,125.7484598363491,92.63098194195993,144.6286418360565
2008-09-08,116.5150585697313,81.05702142397284,69.41679207431008,84.09467063116628,124.65914102848933,92.54559072852071,148.9468708488508
2008-09-09,116.59784964774433,81.22990987404616,69.94144305984422,85.24160929195229,125.5773686165216,84.9616080217677,149.1080026473932
2008-09-10,115.97889200491048,81.27990889802813,69.98222865241341,84.99531089518047,125.89771803973905,88.10429151755966,150.07735654268046
2008-09-11,115.77500219378163,80.71936157553131,72.36070064712601,85.66048555782207,123.23467672173479,91.46453855372305,163.81896049175234
2008-09-12,115.60039611748539,80.57815685288695,71.43076453486552,84.4331940784223,122.69506345967942,89.63179304313634,160.28712742286234
2008-09-15,115.54765007159227,80.90956496911471,71.25750768592427,83.99112047132716,123.43528720676588,91.40637553632429,158.04934915345945
2008-09-16,115.97978508405711,80.70121619274892,70.05713622909029,83.74636519397743,123.3895385156714,93.8360098239869,157.81603198855044
2008-09-17,115.90201967244259,81.0105340228546,70.00078812259102,83.57211671061745,123.4006516285219,95.23507768624043,163.56187504183143
2008-09-18,115.70859346991456,80.73073540488247,70.17689039140969,83.50141610745663,125.21601181776037,90.88868996524033,166.61455455217077
2008-09-19,114.97615175149225,80.14192842078509,70.31870004519784,84.11889028082204,125.38233707978758,89.13381192826593,159.5798113551915
2008-09-22,115.0509195052669,80.47541056042205,70.92304768996968,86.06263403017626,124.61271383182697,88.11312636805589,158.71122352598763
2008-09-23,115.29788472689516,80.01495083133837,72.26683044841701,85.47644175470218,121.8475404150183,86.34737522127892,165.97695906946703
2008-09-24,115.14919881914041,80.11058001712686,72.92326667157879,85.48731818293764,122.21790910796652,88.6600986004492,164.98862209965952
2008-09-25,115.45565233583575,79.79479593540584,73.67770957428552,84.59379833870662,122.40523294623944,91.37147793139677,162.13887066158688
2008-09-26,114.75577130349863,79.63242117218527,74.02062606178102,83.09171070262529,124.68633884568538,91.97866186821362,159.38016012927176
2008-09-29,113.53085471614166,79.56079953090756,73.98599128148456,83.47171330655259,126.66203893497405,97.21420826159365,158.33430849103354
2008-09-30,113.60206753081928,79.28075285384558,72.36397086809593,84.543909834841,126.44569805446639,95.22648243395864,159.25887140038844
2008-10-01,114.51457085713278,80.21887250870923,72.46498945426492,83.84760073568117,126.11888296283064,97.19819694666079,157.33972484907332
2008-10-02,114.25330038885262,80.84530665036245,74.20107550041406,83.16903747781676,126.48744246436637,98.4146898960037,156.48562734358677
2008-10-03,114.31553374071369,80.75593012969195,73.3814468624993,83.27637331652626,127.21886550994108,97.80697518389997,159.84232078631237
2008-10-06,114.6350349053289,80.49826043186933,72.84096718510865,82.87684476473926,127.4873947008442,97.6666936639108,157.46499918880752
2008-10-07,114.6049575396754,79.80317060436785,73.0648216812049,83.524387683492,127.10730889532206,96.6209648609168,154.86099464098987
2008-10-08,114.69722760063752,79.88263655106239,72.41685400811195,82.6220048628055,126.50896904616685,97.91623421771483,157.79270128862038
2008-10-09,114.91594339405302,80.07593174495851,72.79564005808429,82.92659476345244,125.97817043568756,99.73023586282345,154.40367515356
2008-10-10,115.3116632933142,79.93796175026144,73.39388687677697,83.70774081069737,125.966885542299,98.74712964478219,151.00447289878917
2008-10-13,115.92829211018372,80.0543896861947,73.32852431710562,83.62257291811565,126.81127393568138,102.26957196796036,150.8718471790307
2008-10-14,115.86339311125506,79.71297205472278,73.48141666910712,82.90610706600201,126.8085356029435,104.02900636878232,152.30142733625306
2008-10-15,116.3876778299671,80.37893318328483,74.08192601231433,82.65085663343876,126.96017663466057,107.11674203286115,151.85998530399004
2008-10-16,116.52233863383297,80.27780979839726,74.86076627718373,83.4933119483932,128.2644636533107,106.62293911242604,151.10437439976175
2008-10-17,116.6003552411382,79.99582706279342,74.52269571967076,84.07455603129753,128.072345562748,106.75722949762414,152.0517862645744
2008-10-20,116.7917442907967,79.93104662820446,74.03849085110244,84.11411084293488,127.9469306125008,107.47134804064,154.55453034113296
2008-10-21,116.53687173141661,80.01398502531008,75.48061280517298,83.93762618065077,127.39515400088263,108.750050590863,155.0835313054761
2008-10-22,116.31426156882011,79.95105849595244,75.53827420471366,83.83655911709836,126.82423010372908,107.26081372963833,152.6171099204008
2008-10-23,116.52074691609494,80.59326847780126,76.30254082604772,83.47315098942848,126.9183687393011,106.36174532206894,152.5394840854564
2008-10-24,116.38617297878264,80.19368209191519,76.96565668701653,83.66624172499007,126.13260185770474,109.36576709117261,153.76355945923754
2008-10-27,117.23532719825332,80.20377612953126,76.99707138957454,83.01605500800044,126.66852625111788,104.18848894588429,153.11812478065812
2008-10-28,116.66163711266027,79.64640812801203,77.16409265990666,82.31525720262037,127.19246500772006,104.30706483282455,151.45644009621887
2008-10-29,115.45130738736921,79.37941464059615,75.67162931732824,82.38589388402286,127.38108076430824,105.76660241610247,151.78732338641103
2008-10-30,115.24123885489817,79.08074997084866,75.10145069117469,83.05200586313485,130.01902228877958,104.37781393691081,153.01405425126006
2008-10-31,115.33548484021989,79.38008549076135,75.6225975603312,83.21187545643859,130.4297773272841,104.38477425749042,153.3490494722739
2008-11-03,115.60902226714501,79.40574960042655,74.63335297508348,83.90746938417777,130.37492501277987,105.72990949404513,155.07735010944572
2008-11-04,116.22826332455101,79.78825983855143,75.0802243993229,83.57177842122485,131.1680014083503,106.94643247109474,154.56872852083967
2008-11-05,116.30231884467973,79.7041735784527,75.33524770329758,82.42901661355661,132.10066382527984,112.29981555560323,154.67284499677626
2008-11-06,116.04802016342053,79.02602505850557,76.39823423440878,80.49205289173807,132.13887867559694,113.74807177478866,154.20888502339787
2008-11-07,116.77565429981163,78.81072696920816,77.23650188036201,80.52316984060873,134.62170544176922,113.57735718880978,154.04738166813684
2008-11-10,118.00227008722281,78.65336078936883,76.72690094923026,79.45417993018334,133.57266393739286,114.21186645884495,154.6066702541333
2008-11-11,117.9543677858189,79.34957582066828,76.50152162360114,78.59852733059249,133.35025073620858,115.07956758477314,154.79918926411884
2008-11-12,118.66623840439959,79.11944711917891,76.45111214224099,77.75879170857559,133.75063309247872,114.247817970785,154.9691520728945
2008-11-13,117.57254199499528,78.75943991854464,76.56669535982037,77.5124661307097,134.09664779913848,115.28198999665945,155.552147050042
2008-11-14,119.09632702530641,80.0554555016409,76.18462845202907,76.60793557192949,134.16013060044008,115.46556632255863,157.38210056902363
2008-11-17,118.79158317109089,80.42855459104167,77.03032253490765,77.71296868970276,134.83242012665752,114.27364310508801,157.71034232545014
2008-11-18,118.68220478884331,80.43934588266562,77.0250030134261,78.53584445165448,134.545111075702,114.29114968410393,157.4198614662952
2008-11-19,118.85109279630763,80.57434496008405,76.4257119929225,78.49025885573005,135.01511984021084,114.94522819241226,157.76274169283252
2008-11-20,118.41091818828592,80.85539009202991,76.63744782229523,77.62364159887893,135.23536442466175,114.55909151760079,157.12223727696912
2008-11-21,118.86735065339005,81.00501714685349,76.529856734202,76.98380030300657,135.60426054281524,113.44844356507114,158.20002694048887
2008-11-24,118.28574581451987,81.10638437616569,76.41468490032332,77.49060056570846,134.42885759687874,113.63921436310096,160.42489727835851
2008-11-25,119.15487058707616,81.711887466663,76.4447369426668,77.85941610174304,134.1380809401271,115.17293525641381,161.17779061279907
2008-11-26,119.30650316423248,83.7699687662917,77.08733924163089,76.04466110617557,134.08469075961773,115.87101507838975,161.28339071072918
2008-11-27,119.44217613174813,84.03599932543574,77.22406281841631,77.03615651077862,132.74158358456808,114.29336309197433,163.0758763318144
2008-11-28,119.85092391818004,83.56627244511509,77.64703354015867,77.00597589523991,131.61892879215995,114.97865685609614,162.42185232466574
2008-12-01,120.46972902023417,83.01445060907146,78.10138982066469,75.11402199877888,130.86832585040628,113.95474881095107,163.34807976622315
2008-12-02,120.28791023912615,82.68727764053801,77.69375279832018,75.98225474861319,132.12870817069532,114.36587798609244,163.8575820583158
2008-12-03,119.60631318686931,82.40011272891144,77.59811314911384,74.85611121777139,131.53733326003552,116.00539870781047,165.23304497201002
2008-12-04,119.47866360435363,82.01819453423347,77.09035792063455,74.89377079265766,131.69517166860996,114.29820128485605,165.31037269402142
2008-12-05,118.9497541469658,81.95169185131004,76.99625361485639,75.13530444577512,131.6359856606145,115.09934828586762,165.89116415193112
2008-12-08,119.1107987093249,82.49748498846907,76.85247342167733,75.22012012878751,131.42668092087473,116.1941719773536,165.86244543716603
2008-12-09,118.87693289630862,82.48168079679836,76.34856280340433,74.9369734916792,132.63738405052794,115.32883789500151,167.49697511320554
2008-12-10,119.10097664196275,82.29150205761431,77.61824459553318,75.21139824238551,132.93429108473507,114.99994048352843,167.20743692656984
2008-12-11,120.87619018887999,82.76850188286487,76.98396789869304,75.970054387316,131.73406057043826,114.4054402646603,169.1922625943598
2008-12-12,119.94896180371924,82.17439665770013,75.28274007697642,75.54651336339563,132.53396290663085,115.10695451949144,168.41240052881483
2008-12-15,120.25836178721455,82.64001917071775,74.60140966279917,75.91391168543862,131.25571674482507,114.71987061090864,170.10942888590262
2008-12-16,119.42461980313827,82.99354749067574,74.24479842059074,75.86533412667625,130.21096769131282,117.85104758043866,169.54655760088704
2008-12-17,119.72915885980726,82.68154339115671,74.93251518902804,74.7454640327479,129.59537293206867,116.94373950315108,168.30980662659115
2008-12-18,119.14875939841095,82.3015562984299,74.05294922971329,73.75442831746524,128.99405114995244,116.65755985529194,168.60325883743374
2008-12-19,120.42352858829514,82.01116559536561,74.0670509822442,74.62716782307751,131.7479016868729,115.89452358585817,167.6467693632732
2008-12-22,121.30493418733728,81.95862187862899,74.773000708666,74.43705441522725,131.82393690618133,117.2198259096173,167.66349169198543
2008-12-23,120.92114963710208,81.76250874487846,74.40947257693371,74.7856063561022,130.57571494740822,117.68510126506641,167.98779133823044
2008-12-24,120.48237516558665,81.43183533152266,74.5478708984483,74.89902464083097,129.4589075535342,116.38672098210384,168.3763108385569
2008-12-25,120.93782609726549,81.40648809923721,75.02267410240869,76.81493795058223,128.70213507041942,116.44527832689838,168.02131754708154
2008-12-26,120.09429313935544,81.59301995445696,75.43074192936886,78.21056996438176,128.33624139369851,115.67167004799502,171.20754408100126
2008-12-29,120.64879266681903,81.96004139743765,75.97888071773976,78.00413179566571,129.14445314370198,118.05707048223684,169.5100654332022
2008-12-30,120.85486891165911,82.27548772852843,77.24287858740918,78.33579874366524,130.41851841659133,121.32053161777239,170.10891761775574
2008-12-31,122.13102221880968,82.69041223692233,77.51948085289352,75.5137958174859,129.73452642214957,121.05411498706786,171.64090576606034
2009-01-01,122.19775400348092,82.46097602812081,77.89335611200795,75.56991279320502,130.98976504045373,120.4442434496439,170.29022982071618
2009-01-02,121.81527977174916,81.50109375623833,78.54476413694032,73.86242168923502,130.5434066077677,120.3178475319832,171.3125390590603
2009-01-05,121.82859796803828,81.51640068553428,77.96199555896408,73.79983241765217,130.67819593768374,119.72937416565358,171.0528070472918
2009-01-06,121.71853436404709,81.42718416516712,77.99604034580516,74.90978628835883,128.77391170236717,120.81637516661748,171.0563543080851
2009-01-07,121.97884771236622,81.67859974018263,79.18165576901932,74.74012412529252,128.8988471957189,122.08612604862176,171.05752505236094
2009-01-08,122.31239888719224,82.47115904735188,79.27859082049457,74.66106087081927,130.04874174588306,122.90836084207142,171.75639583967185
2009-01-09,124.91353200473831,82.78742574359387,78.77631600483653,75.73522933765,128.93112944404837,122.39141916240355,173.32507686385802
2009-01-12,125.53990958627352,82.19325014776855,79.1528458756773,75.8857681631103,128.88168478534524,123.5979912210847,172.9883657476165
2009-01-13,125.67113535170553,81.48972832460831,78.2726560905106,76.93761095588789,128.9150009134438,123.29571835133369,171.65971061147658
2009-01-14,125.32680505530557,81.59667916485168,78.60935438475197,75.93509289917482,129.06956846996906,123.59872899171526,170.37953968432598
2009-01-15,126.35505287300302,81.80555851373673,78.68329985726447,79.6095918879805,129.4203069339678,123.51319215434388,171.19246024675968
2009-01-16,125.24921433304418,80.75908571921094,79.32848116057679,77.74538401114685,129.19949044161214,122.29090437930891,171.07845722168716
2009-01-19,125.38014745809447,81.22636822985113,79.30220207675717,77.96992910781756,128.66640196779161,123.71065201028645,172.420995667166
2009-01-20,125.75846575297193,80.29113538657644,79.23535941901939,77.52714147583227,128.83483984877844,122.80896356617292,171.62416543521587
2009-01-21,126.55595057264814,80.23035433013675,79.0537310735534,77.65582884302219,127.5781458320319,122.09710726374996,171.86839312438474
2009-01-22,126.65474217728139,80.16964177217314,79.75382254394985,78.78919452481475,129.20306618243845,123.05864353080537,172.78195690247094
2009-01-23,126.44614551857454,79.56848481692685,79.4704001567216,78.86377432564461,128.70117269199196,123.30423120344575,172.11991086301904
2009-01-26,125.96336583697087,80.3725964380834,78.9542425822366,78.7799203939537,127.59099411086932,124.45073324894089,173.27520890428693
2009-01-27,125.78626060199626,80.74955583711143,77.29583804157738,79.3652631659624,127.90759903458226,124.50063364781393,173.79193746463105
2009-01-28,125.34245033434804,79.70727451053631,76.96865041623413,80.34241906796969,127.10449388476853,125.61774198802303,174.0774081302661
2009-01-29,126.15542970989165,79.72161512459824,77.44950400216506,81.98030761823264,125.9269974491577,125.7140961964812,176.07240610536084
2009-01-30,125.24461715440242,80.6662597845738,78.65877381730904,81.06714408745535,124.77556401804411,126.88801681927904,172.5808049738948
2009-02-02,125.40111412215167,80.55233318399726,79.36783105016877,79.72048392154359,124.61852327271872,125.6096181886916,174.02891144926247
2009-02-03,124.78327136847395,77.85898002983565,79.59650104295022,81.09379831228628,123.81935280584761,126.23598307228664,175.81616044037935
2009-02-04,124.50865713622343,78.84393353159803,79.12800531975631,83.40235917734061,123.38195233200524,126.57228089909192,173.98171311070905
2009-02-05,123.62650034129977,79.88070687872825,79.37631961272396,82.11343031881259,123.23027528268204,124.18213507782771,174.91674429524429
2009-02-06,123.63911826971778,81.47153740914933,79.37843696405129,82.20473627467672,121.77277673839946,124.65087523946056,174.90248246961906
2009-02-09,123.62067183655522,82.06058671661478,79.235084977648,83.58614446376937,121.77976285343472,123.95784545641494,175.05812561796887
2009-02-10,124.30595563487876,80.95139189754136,76.88237379377045,84.68491441668702,121.4652247277986,122.53548083381358,175.12118006984068
2009-02-11,124.65291737026574,81.52572800396125,74.22632900976254,83.4094332117342,121.63433093600756,122.87355766316625,181.61911276157252
2009-02-12,124.03318994854035,82.32291622332954,72.20400880015853,82.33600719170353,122.27638562370524,122.3286075070427,180.3441390341455
2009-02-13,123.34607279122935,82.14376006561547,72.30004181482599,80.46004473510393,122.61898036852402,122.20111642927797,182.375466439216
2009-02-16,123.66825058811311,82.6441231719219,73.15757681924694,81.26512112329436,122.23569883414659,122.93769571801452,184.0890746299418
2009-02-17,123.18635621276339,81.6140129195478,72.2213324262453,81.14847186648085,122.83141504601993,122.9314747555864,180.74634359242586
2009-02-18,123.26342579949515,80.82489493199836,71.90409391979055,80.34845294956712,122.38852512017696,122.33598045647435,183.43883307171248
2009-02-19,123.60512333728104,81.13216511081409,71.7506364946582,82.26206293234888,122.37132146597904,122.08772978123062,183.41231579663545
2009-02-20,123.87248827679589,81.13583600573432,72.38524676318075,83.04519255459816,122.8387598439614,122.04375959490268,187.39202927290944
2009-02-23,123.57067682459444,79.22759069145332,72.61097855362209,82.79264123916954,122.77677198796206,122.67139470467306,187.08506762659945
2009-02-24,124.08681250727355,79.69813673223943,72.31113346786346,81.5753171233947,123.92585210817684,122.8509760402025,187.7235594612026
2009-02-25,126.05153105235505,81.504171463524,69.5587812369131,82.92960232536018,125.40932220620138,123.14631826359793,185.48950294775338
2009-02-26,125.43594849867775,82.1444144766465,70.59785209576687,83.85802956835926,125.55679129521745,123.15331138594307,184.86502322303278
2009-02-27,126.20763004488921,83.38099439256658,69.61897123662278,84.08987353475932,125.75763581717815,123.23342457424867,182.06137959449688
2009-03-02,123.5829409069726,80.95360697167321,69.52116242678362,84.5331797249282,125.7974482041502,122.25902462697181,183.01352394316032
2009-03-03,123.10951528314168,80.74940315275629,67.99433140998904,84.24154277712555,125.71851142154851,122.1502031273323,180.48001148835985
2009-03-04,124.2071854941266,80.00131952153018,69.95982785449671,83.62007116092133,124.11042426485403,121.5257891375876,180.33954674604016
2009-03-05,124.33196180060416,78.54316472419625,69.98562530789438,82.60639690616337,123.55162128040087,123.1301596513723,179.10412254416923
2009-03-06,123.40340461682281,79.17869712787214,67.84320293117256,82.89380017064964,121.84346481275487,121.55010269684209,183.7178386962279
2009-03-09,121.81392006137682,76.19824334334623,68.08000902160111,82.37877420788669,120.80998952249058,121.45059985804194,181.6990842332086
2009-03-10,121.87970695624946,76.79566948994446,68.85611143868653,82.29724341445096,121.48691185594993,121.16843944717688,178.8082123038681
2009-03-11,122.30430205594529,75.48645183575343,71.21699892863697,81.82877313920747,120.69486685123574,120.52419437989506,179.86651588358563
2009-03-12,122.70492948489934,74.56283220552014,70.42177630709772,81.92091400132868,119.46705409080015,119.60220281505141,181.73913285465028
2009-03-13,121.97917193661706,74.6614163549206,69.61043923450552,82.29845651478122,120.1897608468085,119.44911463078614,186.12290325069088
2009-03-16,122.16157218856571,76.68022033241385,70.11803430337767,82.42348810735635,120.06787651429482,119.1590699151175,188.42140180989662
2009-03-17,121.36381440856046,76.57564128755239,69.44043982616598,82.15301262159582,116.56620107293287,119.19710251404848,190.9548258649894
2009-03-18,121.21422136027861,76.2097116026683,69.57006057275848,82.2510943525521,117.01409979342672,119.53648924035285,189.55468940579925
2009-03-19,122.15961551111306,75.99388114072714,70.45942343498925,83.74898098926401,116.55096893966504,119.52996658300064,188.75622459865107
2009-03-20,122.21512298446432,76.86570855879353,70.28296758487274,84.55297409118923,116.61882040480306,119.54772988655972,192.89933203759264
2009-03-23,123.0196275570912,76.41118474130943,69.79164331224679,83.73069021996918,117.22173453309507,119.42817303392961,193.06131101577566
2009-03-24,123.54336533768848,76.36256103012022,69.8361668340058,82.82972137754783,117.15095861035908,119.46883661305525,194.3477495947032
2009-03-25,123.71186023160128,76.5141692425409,69.20247674106393,84.04174554955154,116.68641938910281,118.85816327254074,191.62098322294815
2009-03-26,123.90062352982079,77.37700903259872,70.4958537767529,85.14950065007716,117.25199176498417,120.71106469390695,193.8414553957348
2009-03-27,123.46921091013755,76.4300325083214,70.51702011700708,84.33862533241877,117.58263123371091,120.51595746354991,196.41789508996533
2009-03-30,124.8568184863903,78.15555003657921,70.29671937257723,85.13479859402528,116.92674764650961,120.25151034077267,198.8660535551431
2009-03-31,123.5823616661376,78.7413307577641,70.58426507486314,85.13989664782665,117.4949504023789,120.72955830736596,199.0335969821581
2009-04-01,121.82225022667393,78.92066956365562,71.31567274092183,84.99856554836877,116.7851001679526,121.07830498920531,200.12323397119852
2009-04-02,121.78083758733032,77.99591920649536,70.90761149738293,84.58802558026234,118.8439336428421,120.50449491306036,200.30889503973054
2009-04-03,121.93572589500141,77.3785783152401,70.15767606310555,84.6438335026585,119.47621379907285,120.24331083229566,201.1739185037983
2009-04-06,121.70705257755463,77.41496768751983,71.18081668836894,84.59631742028552,119.90082275077734,120.47041454887008,202.9703788192512
2009-04-07,122.6546437697472,77.69841849356929,70.27360550508476,84.1895233266017,119.53825836947878,119.72812450234125,202.00068336329772
2009-04-08,121.70487129915689,77.87858268854274,66.774294253623,83.19365507450529,120.17614250959632,120.32494754250052,201.3862300292969
2009-04-09,121.11119420224419,76.97126764211636,66.14606470045958,82.91810535528714,118.60218453415358,119.33770910741798,202.5262230950277
2009-04-10,121.01369989557205,77.20593953127378,65.26128978939231,83.67586986444013,119.58472056038731,119.58010883275277,204.52191068757642
2009-04-13,120.31815646268859,77.3903246144699,66.44479110079175,84.29654343811505,119.29930415527987,119.51546167802881,202.35646369887982
2009-04-14,119.53537510076069,76.86641219143787,67.13066508707607,83.95024991055843,119.86960455738598,119.37291940986894,202.03718906268307
2009-04-15,119.32340378890939,77.40339249786761,68.0804660292996,84.95318300616385,119.63437141439313,119.55358543628536,203.7940818601044
2009-04-16,118.60030978709976,78.05152504882699,67.44902544288169,84.8371058488962,119.57003946433868,119.58898844936397,205.41066043176255
2009-04-17,118.23450514521195,77.74380474694401,68.79449373478253,84.47617620373278,119.18669105236836,119.17453365754454,204.214486262559
2009-04-20,118.6949487071196,77.7884856438826,69.24183498384355,84.3951601069197,118.44895573226088,119.63919383387787,203.7593695100786
2009-04-21,118.70853779324597,77.10637267571231,68.89924284530001,83.96038609075228,118.20315185067055,120.53005130878377,202.90487235188542
2009-04-22,118.68768910017843,77.3957068683167,67.72538043199995,83.94279742326273,117.90682451111948,119.63109018129681,202.40922218482814
2009-04-23,118.71738390340576,77.72038024783915,66.58105245775191,83.61704360595101,118.23138980019921,120.60494658145069,201.74514670838215
2009-04-24,117.95887741227597,77.89572040893522,66.26812713696337,83.35464171215155,117.75523888519416,121.61255353202678,200.74044308636843
2009-04-27,118.34221939095215,78.66161471883495,65.84391891966415,84.21960031409496,117.64780325548035,121.30492600319647,201.17932575615075
2009-04-28,118.30420043971333,78.80309946310813,68.11445552588539,83.5118635801551,117.59758656759172,122.37128550813802,200.35925821079044
2009-04-29,118.4044780286349,78.8271644976182,68.40764795927451,83.68319768733079,117.37894672861448,122.47084578952938,197.88509690392777
2009-04-30,117.43143980965061,78.70219517593542,66.61889368074793,83.84122256311687,118.51749889033768,121.1538046280912,198.13014021347232
2009-05-01,117.2637495808555,78.87624273683153,63.69516788710126,83.81907451659553,117.80243698733716,121.22616434436851,203.91826300847558
2009-05-04,117.31559115233208,79.03962862136414,64.13304205350441,83.71622678851233,116.76598727314965,121.45261723518205,203.4946898161667
2009-05-05,116.45547785069672,79.42157010235594,63.62063114016481,84.13818305844642,117.42167557712929,122.13357857535286,205.39570482504791
2009-05-06,116.67606775592074,79.26101719482593,62.43769674327889,83.59982767911839,116.68585664673843,121.9624163175131,203.85378743515392
2009-05-07,118.04356537193779,79.1135269214329,61.24720220273206,83.31437718081833,117.80316661498824,121.38679336694526,204.70131761617395
2009-05-08,117.36746786379253,79.54869834621582,60.918681616972236,83.32511990124343,115.63885749184294,122.01733765287725,201.8912931540432
2009-05-11,116.4797544301036,79.06528687001921,61.4242357705281,82.94974412934204,116.72540100591715,122.1660986060759,201.71643110992613
2009-05-12,115.59512439138398,79.62309709914035,61.1386291491751,83.38394332989692,117.2978238311192,123.75669329305349,203.3779613915145
2009-05-13,116.04935842462424,79.43430445841261,61.907446273802826,83.14335628654555,114.98509362028194,124.01194765841709,202.06349268441798
2009-05-14,115.7133144548441,79.28826744617123,62.04744671446921,83.24086686044816,114.61918405071214,125.28071317985294,202.9008034864537
2009-05-15,116.19970447357912,79.39269812650532,62.10406381198368,83.20380379162717,113.7506044727482,124.95187665878817,205.77399860342044
2009-05-18,115.25238422011068,79.53484586491759,61.35203770554404,83.45846485990354,113.89247204048262,125.94589573374986,206.09203694360937
2009-05-19,115.71382135316459,79.6123661051452,61.30382639151261,83.23494427065444,115.64795018501056,125.23860519797411,203.2052568513533
2009-05-20,116.04690650271796,79.67617956052604,62.524850062616956,83.77034221836695,116.72565634548246,124.11763440648022,201.3673041625726
2009-05-21,116.37337708099639,79.45893941315691,62.439038707994825,83.83648876094828,116.37978712242544,124.27946080328546,200.13773455457692
2009-05-22,116.67913433043618,78.66548414481916,63.81451676345459,82.92100998559762,115.63276441949088,124.90703570293127,201.97342783846014
2009-05-25,116.090475351976,78.41674762347164,63.94379167624569,83.0954624106259,116.44937741517172,124.35545723735218,198.49942195004348
2009-05-26,116.66576133252188,79.98807062941593,64.04051768775015,82.19033717722112,118.99038917712508,124.2184020817808,198.627462960278
2009-05-27,116.83959809873497,80.21249589587126,64.53202526470338,82.33109327580267,121.61025095303417,122.92114347780871,195.89711567491088
2009-05-28,117.49352427982448,80.17985001688108,63.55805323583087,81.64408537436567,120.76440735763427,122.57722676067354,197.4497501308853
2009-05-29,117.3545435248246,80.67588101344884,64.92699631500842,81.89914185995129,120.29890341939398,122.74580028498838,201.75819119821557
2009-06-01,116.95248159846824,82.06811877085335,64.39902395402159,81.07343784237561,119.65475182065138,120.80290742911374,205.97967351581622
2009-06-02,116.09520580296845,82.1825444955149,63.346726961481174,80.7970564884106,117.76549146155996,119.91142794801851,207.67009064522895
2009-06-03,115.93841919846575,81.39465225723917,62.849400270658165,80.28671745671677,117.64564418957956,119.64749032068336,206.5889585217123
2009-06-04,115.53057849146585,81.39463950994374,63.20775463014753,80.90846365743268,117.10990503225449,121.1444126368277,205.39024297939824
2009-06-05,115.92288600753804,81.18429237556226,61.78684176814298,81.09183778429357,116.45788462972338,121.4257946320055,203.16139709025796
2009-06-08,116.56241560183481,81.5998980961677,60.34475725862196,81.1457975544993,115.98405736048433,122.52841348610518,203.8296676913568
2009-06-09,116.87834876375518,81.30845553161866,58.85878541755415,80.89252424775626,117.04815537636988,122.8280367651844,202.42226890179816
2009-06-10,116.62381579486777,80.50457038720316,58.444874782651056,80.97431789591619,115.40487177663456,123.46444677754121,199.79365030732168
2009-06-11,116.76570417113001,79.88269178879013,58.129046181747,80.78812375671562,114.44916236486493,123.05560904043766,200.1685652353563
2009-06-12,115.70476705748199,79.57638712646428,59.344615149621184,81.67701968667886,114.89458729893472,126.64680283484672,203.88348538266763
2009-06-15,115.95617901755575,80.1602078381971,58.3721619613173,81.41561373096984,114.10229655467377,124.09489760315202,203.53111472960268
2009-06-16,115.64217911665867,80.46781871600926,59.16347856633159,80.94218377035723,114.01399053595543,126.33580889338745,205.76289827154878
2009-06-17,115.9118095208001,80.8433896920136,59.298115143045926,81.35610483061966,113.86726396722565,125.633696727193,203.3992829156372
2009-06-18,114.93679339343112,80.88500262731078,57.925221875057275,81.38151407414824,113.69185613450621,126.76797754394995,198.1539400702626
2009-06-19,114.54133267435813,80.90629975428519,57.83536412207127,81.93106897785452,113.62200696002053,127.29112292411664,199.32371565201754
2009-06-22,114.44975811868085,81.28025402162785,57.42905471670624,81.76775696055954,113.06366073638078,127.55675615881205,195.10426006884
2009-06-23,114.64143630350513,81.68028511474647,58.336957948739084,81.94164825760052,113.32423466077113,129.22906211430714,193.52165394382794
2009-06-24,115.37939268875165,81.06175334918812,57.732867037292536,82.80777826500834,112.97270692865742,129.36537138077654,192.04452345781124
2009-06-25,115.69423616468566,80.68648462299622,57.859975707702034,83.71424251706898,112.20683732449459,130.6898119438865,193.1533435100853
2009-06-26,115.38901031581487,80.51279995315628,57.278542710794866,83.81097831572696,113.31235126607731,129.27455559130783,198.41972750900698
2009-06-29,115.4752780292199,80.89471785844982,57.09855608001722,83.45084542706141,114.50714575717355,129.25678571241832,199.5639797856299
2009-06-30,116.00567884566141,80.77337380478319,55.254005732653845,83.64532907798373,113.83223534822403,127.78535341624897,197.4087216717159
2009-07-01,115.71244509036877,80.73667020014955,55.533630987632655,83.79661153619907,112.60430637359215,128.47215081543627,194.4306428927086
2009-07-02,116.22941159186426,80.76930333408015,52.771160509812425,84.79469065564973,111.78368235694487,127.82894791581924,193.9698098442083
2009-07-03,116.23317097226314,80.30557386448423,55.471743792908626,85.38945928951684,112.156027091615,126.4537657434056,191.7471509189054
2009-07-06,116.02840810773552,80.83046134855218,54.98062563292403,85.38973334557956,111.83426353518034,126.6767114163708,187.39709812798685
2009-07-07,115.45922716976575,81.66988343809957,56.21955420758358,86.27471966159064,110.9491965750339,127.08561363280594,187.09276733543055
2009-07-08,115.77782328203129,82.36286984568967,56.91803213683887,86.77825515747774,111.0281723248836,127.05351618654765,184.95971430565402
2009-07-09,115.75606562981781,81.93573423695926,57.5195799708784,86.92295318333126,110.63057370275487,126.43165119239646,182.76267415796272
2009-07-10,116.05502193637537,80.93436558832067,57.20003357858554,86.78905039304964,109.87023174165074,126.58608383472794,178.06313998906822
2009-07-13,116.24418264403006,81.89771561808054,55.868998226481274,86.92580816558545,109.18252034746597,125.91883350287463,174.96190052612926
2009-07-14,116.5294462402711,81.01116134755814,55.06552055123545,86.31831415904216,109.44573730901789,126.85153202765893,171.230633079922
2009-07-15,116.37665953504968,80.94488127128126,56.775592480132275,85.96884192244914,110.72460769732338,126.77165989900195,172.43199407733124
2009-07-16,116.67972963512513,79.83302103750002,56.36042324693066,85.40719997738667,110.79368367103112,126.91992847324957,170.1038216655224
2009-07-17,116.93931753828761,78.72597938955305,56.42652981916128,85.13487149333793,110.80868269401056,125.78052226753486,168.80054318779844
2009-07-20,116.59006751823107,78.560175097271,56.812599231091305,85.49249592884902,110.2132315234176,125.36979201301465,168.82100998576342
2009-07-21,116.52379142103698,77.64788261135702,56.4056703296286,85.06150191312604,110.91560814280206,124.16965874698545,170.27302869428817
2009-07-22,116.97194561865822,78.27878130569339,56.74087839176284,84.52741010464803,110.61107635529284,124.01330752104987,170.04115503502132
2009-07-23,117.33806400873549,78.36983869740098,55.761351192842554,84.68659356652648,109.97394227024795,124.09096941472548,169.15541218473624
2009-07-24,117.32050492783101,78.83564640260627,55.59259256413913,84.73118298214638,109.2824923447,123.69513476869618,171.27946448633946
2009-07-27,117.20384915465944,79.6124184980427,54.56863245499173,84.31525876717716,109.87903618647658,122.83857143622014,170.35581949049063
2009-07-28,116.97609328938576,80.69640254777893,53.47270690995811,85.00946645073834,110.01136179810773,122.44788337759769,170.8385809978342
2009-07-29,117.17135049341995,80.83700323304218,53.24124797403014,85.15865104679767,110.41377964787821,122.40002979807463,171.7273998386716
2009-07-30,117.32982466940027,80.72440886066563,53.77804653673107,85.23861577191498,110.01886789080451,122.27587599653776,173.319174846189
2009-07-31,117.53492194411615,82.62218282044455,53.75098321875103,85.4190478982785,109.79838544495253,122.92790972750916,172.92591081467216
2009-08-03,118.13896010869387,82.63073410762667,53.6501019660811,85.7154033164351,110.0702368404586,123.0989819555985,171.08048184389105
2009-08-04,117.87278235991968,82.96823248907127,53.506660096581534,85.65352617870526,110.41546721970737,123.26346531030633,169.3102172806991
2009-08-05,118.06331391419131,82.48087004711884,53.583996418324034,85.58907632088038,111.91757082156721,122.84819776254233,170.19552243268043
2009-08-06,117.5918362149778,82.17872020137821,53.12193181937183,85.47172870226557,112.14936184329501,123.2967177711206,171.820576519411
2009-08-07,117.41417535276207,81.96466823396324,53.334792313438975,85.35481759179706,112.34870368408936,123.7980148799673,175.69616388390784
2009-08-10,116.96347926236506,82.17276737130284,54.268049975407074,85.98261932259116,112.11388936224667,123.8842094051136,175.42691120021567
2009-08-11,117.23158778725153,82.11948756210009,54.09500124292702,86.09550057823378,111.84790975726334,123.59742328809155,175.35303361725906
2009-08-12,117.59182781061043,80.83048425149738,54.5788145163072,85.93824070269972,111.84814046778523,124.40533003333172,174.49071327679667
2009-08-13,117.73178974195221,81.35952146450703,55.033075964849395,85.6477686878476,111.6235733160881,124.84335369152726,172.8949782060461
2009-08-14,118.015521002991,81.98029387790307,54.36714461042808,85.68938265993881,111.78389298363989,125.92458154654865,171.09543021633053
2009-08-17,118.35789484057126,81.05093120532449,52.22927090213712,85.57984366402536,112.33230308817663,125.71962100728081,172.9387356839069
2009-08-18,117.44466384015088,81.2548974543998,52.95530667467939,85.68234228778805,112.12878587318167,125.14268782621428,173.66843857659325
2009-08-19,118.85186376392566,81.9367626314219,52.76184383757057,86.01699774542179,111.74515965699683,125.85605850647988,169.6863793805575
2009-08-20,119.02754945094894,82.03745345933748,54.757375283108374,85.94609595030457,111.41151054960972,125.33952672808299,168.21208828457796
2009-08-21,119.22309893839409,80.35519599608119,55.23818758606971,86.17047641044388,109.65938939577092,125.73749322981249,169.70912448793098
2009-08-24,119.47007580649378,79.63673153705845,54.82968244728829,85.85408166509654,109.627037250768,124.46836158760215,171.80568142822048
2009-08-25,118.79133217354202,80.02913612424175,54.54832203294669,85.98947640728694,109.92068180556939,123.69266022364911,167.48067989148427
2009-08-26,119.0249916330264,79.32488065892903,53.18107217576187,86.37803817617187,109.08422290999088,123.78818963186623,167.86424608989972
2009-08-27,118.89011359601056,78.97446424560998,55.30749361173238,86.44594094288179,109.41441066602547,124.46744558209403,169.6873487426646
2009-08-28,119.46549371247856,79.2128175686459,53.092809058422496,86.67039091185882,109.41558303174158,124.23207005612682,167.68475334199914
2009-08-31,118.6656759569663,79.93174072432534,51.7189688725354,86.75848953427011,109.3337005955925,124.2663437924734,167.62077483572267
2009-09-01,117.2191505375284,80.00515296210483,52.37466118741718,86.84032524107423,108.77855425474597,124.59212776067417,170.74465543687958
2009-09-02,116.86506918274615,80.25710162298168,52.66594733137861,86.6003897956656,109.15672204752946,123.83361540541753,173.81491067460615
2009-09-03,116.19371497500246,80.38000479746295,52.47444091843454,86.93596557462303,109.99471543820049,123.57593525465582,175.71460843505693
2009-09-04,116.72374638469043,78.82944755717355,52.16972426904417,86.82539968993702,110.40831594480082,124.09296214987631,175.75858615118588
2009-09-07,117.10082890062408,79.03356505083714,52.58561972210374,86.79496382511536,111.61892710408918,122.32762320247973,175.72728787353134
2009-09-08,117.54608570236803,79.7360319572495,51.422771703756055,86.99371606476677,111.99288953483438,122.36397627237511,175.20556199669053
2009-09-09,117.3582697378262,79.13778925471539,51.38500571973968,86.90776334010629,111.62039766067403,121.96971837545219,173.63026396299196
2009-09-10,118.19494691032467,79.4225324760753,51.82922231666873,86.87397840355472,111.86282103212677,121.92813159712827,174.94240663443844
2009-09-11,117.82603030652157,79.44418079607199,51.55761497456016,86.87099309515658,111.79736557167202,121.23897961026468,176.68582296874678
2009-09-14,116.64834544676532,79.48881798389992,50.83280444804661,86.4852526341708,111.92393606055865,121.98165612409471,176.64676445048212
2009-09-15,116.0806248257723,79.49073240247097,50.83080973030401,86.40171455936151,112.80821794582644,121.10382943642811,177.22885939608034
2009-09-16,115.60903441082083,78.75702658680758,49.41491425681574,87.50946938628543,111.7469435863121,121.11013781053583,179.10864348089947
2009-09-17,116.12473510514599,78.6495769727933,49.85566673846217,87.89369266660864,111.61203723936077,121.68617499770752,179.98496557220184
2009-09-18,116.02868644610652,79.37042539496971,49.60034233338235,87.88682949778334,111.94508998578982,120.83863806200813,176.32283993600004
2009-09-21,115.7361697110688,78.83706216557647,49.69689768844515,87.67748323254634,111.97491823375881,121.95354878314829,175.2281000153701
2009-09-22,115.32643094440063,78.6736509871571,50.38613360024096,87.3878207262033,111.95126880048765,122.00608873339489,171.06473391783976
2009-09-23,115.40891085979187,78.66623850362494,50.64264180641729,87.43480805996514,112.26949699976392,123.18319322435858,166.599050193538
2009-09-24,115.49858697336353,78.87141468597613,51.015527593875724,87.87101531311224,112.20700738209588,121.94497887834498,164.11038123204756
2009-09-25,115.35423081973556,77.54613271986878,51.47467127908542,87.84471352509823,111.63780044600901,122.79291024465729,164.0173804487036
2009-09-28,114.9231374927166,80.28559079218834,51.14669732374008,87.82752811566486,112.16063981136743,122.83353762120235,162.32113446466846
2009-09-29,115.34219625620007,83.07600416268487,50.76185211805606,87.91010650996712,115.08904844392804,123.53243735053412,164.52632538910814
2009-09-30,115.12595269275977,82.91519053644417,51.2389437956628,88.28059138648477,114.31527720287578,124.53816614413061,166.80949656533124
2009-10-01,115.48977391691639,83.26503573249512,51.846843081149196,87.96417836711512,114.07542731960523,121.17383349243772,165.94871190065882
2009-10-02,115.65536919051485,83.09346726945017,52.065954677464134,88.17983110979061,114.13785852587185,123.48340826347444,165.87959991870076
2009-10-05,115.332509882588,80.90119525689985,51.88177497908173,88.10471641563281,114.0243059767501,124.40389208307893,165.63457450538377
2009-10-06,115.49870234844116,80.68292229525423,50.820504755265745,88.83199040165385,115.08896147660646,126.42374931465643,165.58597420806385
2009-10-07,115.46876824442454,82.31688326011879,50.51707621580462,88.8275955904983,114.93457529160483,126.6195702564496,163.1800436057361
2009-10-08,115.47650651767678,83.27993275666138,49.93794811453539,89.13935270758039,115.31780887673636,125.3001194214277,169.7801227261835
2009-10-09,115.10061511880826,83.22434889446612,49.85480621389341,88.96664179542016,115.1388388783119,125.93538942004257,168.38685292058534
2009-10-12,114.60441002670872,84.53372549425771,49.96527075031949,89.00280928745477,115.04046763422258,124.58353187455836,167.76518961922008
2009-10-13,114.76798248439157,85.40772764947808,49.969761790999364,88.34419745101948,115.56730666468778,125.61323830183042,169.22589956360628
2009-10-14,115.06449057297984,84.67592070068108,49.90893216321574,88.19635129753864,116.08151881303137,125.04696187645173,169.14736577260328
2009-10-15,115.55032044743758,84.6779522917495,50.39207200430056,88.58380101232264,116.26937189928123,125.68688872750592,170.9673727090414
2009-10-16,115.07861797630899,86.03990039427023,49.86161648573684,88.84693898392369,116.7832096396942,120.29524317003406,170.11129488045123
2009-10-19,116.20486542083147,86.68653392018383,49.7978480650627,89.14000067553123,118.20880801722524,121.28184196819845,170.62794095995656
2009-10-20,115.6848738858019,85.72453753996268,49.41268681894945,88.8471022877912,117.98098377321793,120.08329793923645,173.13270697948155
2009-10-21,116.3582101907532,85.50798245947165,48.92090976431377,88.9799482490239,118.60872048989431,120.41740732059758,171.28635149250536
2009-10-22,116.84325898189702,85.56177591680377,48.58753633161791,88.88255803207073,118.8752169660992,119.45521679316796,170.80633241686016
2009-10-23,116.7984521019459,85.21866086045478,48.91639057543358,88.18487793730576,119.28952397738517,119.30700397934307,170.6719012423084
2009-10-26,116.81470301048567,85.14989191464433,49.228605019039435,87.85603906096233,119.43421278843424,118.32794065633999,169.59538973923966
2009-10-27,116.6006035833575,85.81876667586891,49.05468679211211,87.69942404301858,119.53487805730948,119.30101000561008,166.284681955596
2009-10-28,117.48015416791858,85.43344601947791,48.245801247296825,87.99383748209145,118.81713437828085,118.96466816909101,166.1885259571181
2009-10-29,117.1936899835072,85.25013546984259,48.0027218107334,88.63485430836516,118.82506712645913,118.70703093016904,169.624284542664
2009-10-30,117.6939927587934,84.73364837498855,46.74089406053242,88.64408957445053,119.21986017015634,117.91057174181901,167.39885048651607
2009-11-02,118.07734205563743,84.42036996940064,46.08605419807243,88.90322481568523,119.31336912371727,117.40777514196016,166.8701207173889
2009-11-03,118.6145082347305,85.18735490274246,46.234518177312246,88.31071352812565,119.45828691920428,116.8074985010399,165.99229989705515
2009-11-04,119.52313425368172,85.22108224135158,45.831042242152805,88.51548492972817,119.55859697928248,115.94256934764077,165.82973322670395
2009-11-05,119.47606843104853,85.05448931545003,46.67007081527017,88.56281161648904,121.33663209376564,116.79579022894305,168.36528304069003
2009-11-06,120.57682838384603,84.65055904538379,46.08729339470706,88.9709581851547,121.87421799274478,116.4201951427266,168.36963751103258
2009-11-09,120.72807913966815,83.66534331133927,46.314565806989165,89.02842926065132,121.55512092822147,115.87845872598692,168.9859741613274
2009-11-10,120.40160433171454,84.0422805453133,46.721779740186385,89.79034356481785,121.41105893387599,116.47622056970809,167.56202342888847
2009-11-11,121.71975547717626,84.50646370971185,46.54604774384438,90.24142356136393,121.16309507091736,115.8143568255631,166.92593175206497
2009-11-12,121.60552233317274,84.73088571951534,46.849244143498765,90.14869800806869,120.71582051449454,117.29625369835593,167.01994062726214
2009-11-13,122.00337852847629,84.71350891000728,47.784834945661984,90.26684496628579,120.74259834588199,117.71761304952459,168.59866249382125
2009-11-16,121.39795380218362,83.99267322729119,47.4951916566982,90.2956507275125,120.5537586691466,119.06157631409201,171.36468964934215
2009-11-17,121.52585548024834,84.17788898309662,47.63532689293493,90.2688693372518,121.4311400631991,121.10154011830608,173.80213964027806
2009-11-18,121.81325514408708,84.51339970467892,46.94549558967349,90.22611320127788,120.29423877446256,121.16915575483759,173.8112482295058
2009-11-19,122.10482510758254,84.96412304940492,46.46791485057024,89.59607563823178,120.0256836919243,120.45010158422096,175.089192957173
2009-11-20,122.17801211770528,84.74206842348644,46.34950658122635,89.85034853757138,118.3885754710556,120.28338577229052,175.34180575788824
2009-11-23,122.2702233954071,84.45973124905343,47.21254620605925,89.82069104190651,119.15941890039697,119.64160846032604,175.48120314302443
2009-11-24,122.18741630007607,84.79662455441822,47.82491624978777,89.87636750042483,118.5489087055262,119.38598812456536,175.2493162875251
2009-11-25,121.6050137195377,85.05995095682704,47.84307456260732,90.11837699816869,118.645883559766,117.192566603257,177.53553527466607
2009-11-26,121.86212071911625,84.76025258641074,48.11487449639775,90.28376813311058,119.64229946737339,116.88604234264395,177.20203919703647
2009-11-27,121.80397401707434,84.6581512932624,47.87280658650141,90.4861800688509,118.94024949625503,115.94740890582403,175.54127091205103
2009-11-30,120.78572914523708,84.49434495175512,48.09512194468005,90.21254686064108,118.89307252665563,114.91656675301479,176.14431529268674
2009-12-01,121.25008024039155,84.90015597228356,48.31985992762965,90.81954298437931,119.42659835028431,115.52658053164889,177.3968389276695
2009-12-02,122.41755761686937,85.22168838688091,48.32076480379211,91.17232866436264,119.19835168317894,117.09563266018706,179.38931019262714
2009-12-03,122.19417898899354,84.52470959818842,48.733004693292486,91.46661350388092,118.71889588906964,118.6667634613447,179.52248991601155
2009-12-04,122.58048675073414,84.47413920891056,49.04896096236757,91.50768316496523,116.98386740716934,119.05946753330866,178.96550499967674
2009-12-07,122.41733660842405,85.23389427448029,48.811534319369294,91.51610628189579,116.40696771800022,118.87505856582234,183.1908789247627
2009-12-08,122.54279350334902,85.01338021406454,48.786335973231374,91.5680201172834,116.80125625351255,118.98660247862568,183.94762272999088
2009-12-09,122.62397448687307,85.03931621105698,48.249672874268676,91.94301928128775,115.99436422371441,121.34773178009912,185.06910332857447
2009-12-10,123.47122591681567,85.52954616268346,48.485826859109366,92.06301984027357,115.29816723559733,121.82170043803885,186.02342756951438
2009-12-11,123.86512906315517,85.2247577626258,48.473896762462715,91.88565447217124,114.09399420438787,121.38617426486833,187.64921681814062
2009-12-14,123.35143740259953,84.146007137861,48.29383433510235,91.58432301008598,114.21727704330888,121.21646294549679,188.70840296633975
2009-12-15,123.57149098687917,83.9863700353245,48.71600906138463,91.78303447233641,114.35001595483666,122.78195570552013,189.90016251139355
2009-12-16,123.71082447453101,84.46365714241685,49.84634451689849,91.96067942400852,113.01874089430548,123.38800286694585,187.0425841192203
2009-12-17,124.009141083973,83.81542007751777,49.36379597313327,91.97937519429247,112.88737071263101,123.42435615549886,185.01314571214704
2009-12-18,124.4242762412187,83.21480485430939,49.509527943209235,92.05943287715827,113.13594472118268,123.74743870922222,184.34460188268613
2009-12-21,124.91566911358159,83.69391925567177,49.51831787288206,91.54708030942902,112.93606373539642,122.95964848710744,185.09720942073713
2009-12-22,125.70297229436963,83.97790192636299,49.44124650728952,91.54943935356988,112.14091491835022,123.97483132744604,185.43347337171957
2009-12-23,126.14412630282663,83.46030475410855,49.33211500445655,91.23878875629129,112.69061880929263,124.09725039881428,185.5229841687063
2009-12-24,127.11494132629588,83.14904608680325,49.080056483648264,91.2715834038887,113.39020238760463,123.9910953539575,185.9844047435061
2009-12-25,127.15577861725725,82.43518121690647,49.49441651477078,91.33491581298037,113.48171409057893,125.99303486152562,185.10598440560878
2009-12-28,126.9779080967244,81.6850560538592,49.940528349113805,92.1029497653903,114.91085781937221,126.22893984743546,185.60189602339497
2009-12-29,126.59914308760345,81.04606375372204,50.16170377532748,92.15287192255342,114.93899961336756,124.92164881679368,186.2635524059701
2009-12-30,126.37687813917401,80.99533280094049,49.934337358195506,92.09754760268227,115.31975215039861,127.90205387892222,188.09799363289775
2009-12-31,125.67898195398584,80.39552826860161,50.59382839478078,92.74115802941424,114.65407788596421,127.04451851410029,187.91235126608336
2010-01-01,125.1094592009119,80.79855465915905,50.71196294693552,92.71672376212013,114.41412187231411,127.45947320198506,186.5914864193038
2010-01-04,124.79908936483788,81.46152164755563,50.50959162889088,92.94037594013426,112.25579999533878,127.45719428303433,187.4828759489601
2010-01-05,124.0014450516947,80.36590839772316,51.62664981247974,92.85905345294849,112.11106248678219,126.83767527247882,186.08180569238397
2010-01-06,123.71017528365948,79.83403923219794,51.84109959533802,93.37127212981204,112.00938201262063,127.49811161882826,186.71025392518956
2010-01-07,124.76883299912461,80.03680382196998,51.36210877578478,93.47362935240987,112.34947066290358,127.4550823922972,184.3142456456129
2010-01-08,125.37162789737151,79.35268273196569,51.71670140151996,92.95059965374463,112.60873329016698,126.54471207969672,184.04465273899538
2010-01-11,124.88935200486378,79.49298492926475,51.52707386271123,92.75430037265917,112.34758521935817,124.00843672100099,183.09352410387714
2010-01-12,125.20092648080254,79.38959554237111,51.449794924616704,92.79701693657398,112.6576687836236,124.55169990666023,181.78121902963483
2010-01-13,125.57995834331676,79.08098248974794,51.44116633126132,92.90756575019078,111.96202227268066,123.24267073912559,181.2196042644229
2010-01-14,125.99005035935811,78.99269559297147,51.31284193108925,93.14105425899578,111.77724356521546,124.00560745264606,183.42680523067347
2010-01-15,126.55135161915238,78.90522286884315,51.11992366292692,92.73571717598556,111.74484039326497,125.27295027879123,184.79422722682162
2010-01-18,125.64127323057853,78.65064713059076,51.35875794632448,93.08005626793798,111.26663769919521,124.01713076492123,185.6481891600803
2010-01-19,125.30521406757231,78.53434996235124,51.48074624441686,93.1140174691183,110.9957591019503,123.9275305400061,186.96902019414085
2010-01-20,125.12135524266533,77.74297543811493,51.62414737905967,92.94612808643389,112.08142302539046,125.90774329670762,189.17468356113
2010-01-21,124.13280480735088,78.53666235768031,51.69015633363351,92.51692584198155,112.82942670336354,125.0450130758932,190.23100903212068
2010-01-22,123.44212483316095,79.70617332026022,51.188178680356614,92.67387307333108,112.17995316099109,125.77104522846729,189.94879984500687
2010-01-25,123.69748441210605,78.7506917470731,50.95681001767091,92.4948843318314,113.50074987568156,126.94049057887382,190.13601180625312
2010-01-26,123.68445067317508,78.57367760710211,51.01448160160633,92.27898915200191,112.9264190033664,127.26252162893391,189.75633816658612
2010-01-27,123.55096676074476,78.1991518915538,51.33568666410599,92.20017229124223,113.12469234112947,125.69828703187136,191.20711558499386
2010-01-28,123.23053710477222,78.35886428076932,50.71138952917334,92.29834399191964,114.68804674114394,127.85760194543523,189.77756038216907
2010-01-29,122.94128661297034,77.51711482520024,52.33602532784386,91.7950765808281,114.58381988205277,128.0262343763391,189.61396582528437
2010-02-01,122.67378978157699,78.09000153662323,52.22561724165362,91.83286879932508,115.94009417497304,127.70713202242416,186.892890342105
2010-02-02,122.58544123631354,78.75885055618232,52.61554551846171,91.84779752074249,114.970189845439,126.52047928228352,187.73732544847792
2010-02-03,121.89769993888463,79.24738926587969,52.09782366889568,91.8557788390412,114.50275450365125,129.39937800865337,187.8830017499626
2010-02-04,122.42646105323435,79.06397514069558,51.68788038494886,91.5352430684132,115.42490834515364,128.13298292212042,184.2067424031301
2010-02-05,122.44676678152976,78.72050299915288,51.215774238704235,91.49968666740534,115.73584046400245,129.61241543977889,185.97609477021945
2010-02-08,122.87468267987984,77.67930720796534,51.03750450152424,91.42321487269157,117.47129359484606,129.91447552705756,183.097675636703
2010-02-09,123.09390079156225,77.53918953463504,50.98097641029398,91.3615164430017,116.6536049719362,130.42185435261337,182.71945000214393
2010-02-10,124.00410417182161,77.12520563720425,51.07063552655019,91.10800451370409,116.10071595517802,129.25556501080717,187.24830225401917
2010-02-11,124.07736718364535,76.71295539972775,51.36517992690135,90.99841404334232,116.75401772660331,130.25324758910546,184.62904700127456
2010-02-12,124.19177164616742,77.18418929549898,51.96222558838202,91.27113175006444,115.08244088389293,131.3010333266543,184.87671682609144
2010-02-15,124.87616997377005,76.36481662483239,51.42999992975625,91.22845624381718,115.79454451996948,130.3054141752918,184.62382040330886
2010-02-16,125.53612115026633,75.8284191933211,51.82173887901726,91.14976608844637,113.8580984173978,129.6078413693147,184.16779085405702
2010-02-17,125.51830832975638,75.92332061813215,50.92195723192844,90.58960218405076,115.35183620188022,130.4355731234622,182.23536435352125
2010-02-18,125.29736924016235,76.40974102246727,52.07425814519942,91.40749974520753,114.46318247050742,131.15035658480002,182.87184544040224
2010-02-19,126.32134593157586,76.65600529363135,52.20940264111129,91.5959566527677,112.83082666070044,131.5197019569084,183.12672878718482
2010-02-22,125.91612030744133,77.66896764670052,51.77691838114755,91.73348511573904,113.15832711081464,131.3809771245527,183.44663240967918
2010-02-23,126.1523530467343,77.15404996643976,52.27194267104924,91.68466935860924,111.79513060432275,132.18020832004606,181.09424188028981
2010-02-24,123.30513922717556,76.56877501128952,51.8953877501964,91.45464880715558,110.24326798608126,135.86643852234664,183.32626558964856
2010-02-25,125.64476090332892,78.51217431080902,51.79770196633784,90.61409364400753,110.53668414838255,136.12652127338367,181.99937346321354
2010-02-26,126.25266765943269,78.10334560712273,52.31202430838962,91.17602968096188,108.80146660332831,135.97907852807847,182.54673841639053
2010-03-01,124.76135938667448,77.78002362537183,52.36217639888379,92.53655894319448,108.91524210295123,135.56216662243432,182.93351040902127
2010-03-02,124.04104652965746,78.77882950630845,52.893544467918936,91.56873290181531,108.22196238368898,135.85250308795656,183.81449885533146
2010-03-03,123.35664199120922,79.94516524357849,53.095862127804715,91.66823922216419,106.50539201268892,134.47581654983642,183.39642260413186
2010-03-04,122.43009549821961,78.59538825980685,52.43743134691828,91.3416980476441,105.5237720677525,133.46844232114418,181.34412998090238
2010-03-05,122.19761349461449,79.08050392292569,52.17720801582544,91.17836659335839,105.92182367838463,134.81238309712748,179.81537371560816
2010-03-08,122.46224633518716,79.18365337859721,52.92443780564579,90.85982632443742,105.3576755677058,135.4262680352245,178.5392613407192
2010-03-09,122.89314018377303,80.28218604352182,52.64405995710211,90.81628878567437,104.93974360083965,136.44512321004197,177.94887073132153
2010-03-10,122.85800012271658,79.77048324682148,52.79931691485088,90.6778954936916,104.808528726508,135.53246328143442,180.3625459365037
2010-03-11,124.0666798110968,79.58524554758759,52.44930279808769,90.21263321079635,104.73947531350618,132.4695822688405,179.84824309231684
2010-03-12,123.93159756992289,79.84106590875469,52.43929992701201,90.63533212404073,101.9776307464917,133.4783980237912,183.42864446109266
2010-03-15,122.05610589561755,79.96452476932959,52.2276326512134,90.34961788207609,102.88560757896165,135.0441281701915,183.6530963278563
2010-03-16,122.53463823057812,81.34071542942286,52.78451265635233,90.87085894533715,102.70898920467936,135.32280121782324,180.88933616098203
2010-03-17,123.37328491972204,80.92207528984194,51.969469572142586,90.49043612019969,103.58873971710916,134.8816136336482,179.64165903882326
2010-03-18,123.93181935008947,80.63935365524323,52.60210805634868,91.046526482049,104.53004195123074,134.97522543043922,178.73295292917635
2010-03-19,124.25361876403814,81.07647137099292,52.86807879369475,90.97768712936308,103.8007028821788,134.29910022240887,178.38200351462703
2010-03-22,123.40142143731921,81.24753078160015,52.828475668479655,90.40684552622112,105.85388530889722,132.80979001607034,179.43569718594605
2010-03-23,123.37785333276416,81.78163021996949,53.517308949619554,90.18856132532385,107.26333081284406,132.2435793222695,180.69887429884093
2010-03-24,123.25436122676525,82.0423988319127,53.191591646656164,90.63171818154315,108.46007028141543,131.09206596663373,176.82787304054176
2010-03-25,123.80335672905964,82.37775818908206,53.263442932740595,90.7409763455251,107.4497640573064,129.4543110633368,180.3604604634544
2010-03-26,124.98655722931252,82.43171029540592,53.37751434025052,89.8315379021622,106.78789258994698,129.05456632129903,179.2323533934481
2010-03-29,125.77706186128442,82.41758190327444,53.783288723018096,90.58343244891822,107.70368627096337,127.82386630248209,177.1286769023506
2010-03-30,125.39225860339906,81.93723451660033,53.49420028788787,90.28057204549297,107.76624696613318,126.87712876730212,177.59893126412788
2010-03-31,125.41597557336821,82.84018692205512,53.09704273967342,90.7968746483431,107.40681105048535,125.9493699405233,177.6037641351544
2010-04-01,125.07059519301622,83.36050308520065,53.27446742410001,90.43288951117876,107.83029722550297,126.29759631158706,178.33717334032488
2010-04-02,125.86911352984306,83.43224373805344,51.92910510026298,91.21702799129332,106.83312557862276,127.39333675537536,179.68830173780876
2010-04-05,126.62162629326374,83.79895677101877,53.55305663737231,91.53318642494072,106.12865314365318,128.29321304894387,178.4288834046056
2010-04-06,126.78486209743916,83.90796377341229,52.31761986977412,91.95020910468526,107.18077902806154,126.70473976164413,179.99595786743302
2010-04-07,126.80117407908088,83.58610093290193,52.81063751246823,90.6884846508639,106.18749517171426,125.14734594774391,181.6173796751469
2010-04-08,126.80579787210996,83.78117057654029,53.58086726630463,90.65437901477453,105.79555269705885,126.12487523017654,183.0832713844971
2010-04-09,126.05108178958272,84.08004940810778,52.428918824913495,91.18543571865011,105.9978214097593,125.53835923883398,184.4614683465383
2010-04-12,126.00039963187433,83.78249567472307,53.065319641570056,90.39732129548555,108.03511050318627,126.3784072973849,184.7198413729745
2010-04-13,125.55770819253429,83.12805717719215,52.931855086164674,91.3224498539541,108.82282274121198,126.8523793238062,184.52753086496867
2010-04-14,126.23336530391697,82.79553896136805,52.95745632236838,90.98114244438274,107.788751222673,128.49205857054264,184.04628612656322
2010-04-15,126.72429434988217,83.23149329210568,53.95251651901891,90.61902555274891,107.79024918668101,127.85645694303815,184.6125949063204
2010-04-16,126.76566210286268,83.12290023318025,53.96001154721255,90.28964809112298,108.69181139361427,127.16800336120396,184.6178850146678
2010-04-19,126.5055792204231,83.04139249252728,54.44700288635243,89.68993854725548,108.9121123186009,126.27980976127799,184.4778128246213
2010-04-20,126.91753086653407,83.42145582792226,54.16438902146588,90.83882831509254,108.26387856665023,128.90210038563401,185.66246370677982
2010-04-21,127.75868940087872,82.91250594094032,53.69317039215607,91.02396506292858,109.08294702095331,129.62576019037252,184.5189104583799
2010-04-22,127.55798167128611,83.13221151450729,52.78785948233181,90.2621550468642,109.39882710554761,127.64329048681729,182.44634341437117
2010-04-23,127.10574691762069,82.71789843352857,53.28229812450727,91.99161871866534,109.2353418653087,129.04767420837376,180.44073603430073
2010-04-26,126.42453082351821,82.53465149594818,52.85407162814048,93.17307935931906,109.1730824368477,127.21283609570207,181.95415199817504
2010-04-27,127.36367096932507,82.81211652640859,53.017144185239545,92.61018129531831,108.60600625892451,127.37887602667317,181.87317099083955
2010-04-28,127.98701869100765,82.79575719942514,53.29779131087792,91.54351453871676,107.92432924787875,128.25798636451484,181.22159869485182
2010-04-29,128.42654180104003,82.60984816936825,53.71805943535457,91.45223218416933,108.25427273022353,129.36354563294958,181.45056651865963
2010-04-30,127.93121093527587,82.69004121116296,53.26635846548177,92.48035279044534,108.35947428182557,128.39414944284775,181.40195814156513
2010-05-03,127.95483450405813,82.10160892539729,53.41967901876623,91.97399707647952,108.23965888208357,127.60885459882591,179.70359812721242
2010-05-04,127.50503516471697,82.52037805431986,54.604891458739864,92.58611901702469,108.03483497737056,129.18575078497796,178.16439921781674
2010-05-05,127.28456805688356,84.34145148588489,54.92000986203067,92.1194653559932,107.79802791965382,128.20363615700873,178.3338856166711
2010-05-06,127.22519370860512,85.93783039462335,55.24684857505949,90.97389745392974,108.14439283035017,128.17794955520398,177.45907322609642
2010-05-07,128.11904801508754,86.06360985689221,55.61115335065204,90.79064590154492,109.17165872836493,127.90504490278292,177.56129377126462
2010-05-10,128.6843903342784,85.12723029766912,55.80054190796893,91.19818827478986,109.18835888413874,128.37266377326978,177.54474672316638
2010-05-11,129.6323002200294,84.68343473045225,55.3123257799863,91.17886965855185,108.81740793518279,127.20215341248739,179.44220485892086
2010-05-12,129.54513952427033,85.06803634022404,54.83975528754673,90.84240191743527,108.71281438155142,125.44850098797383,180.53558468736722
2010-05-13,129.081681328771,84.65235894849644,54.43963272096577,90.86794997585912,108.18845484739855,124.5861664426022,180.8988142754079
2010-05-14,129.36045001649148,85.57727397946176,54.97824540593484,91.21308549374778,109.27104286755763,124.4261855219752,182.48955464147568
2010-05-17,129.2223159796731,84.74118879451095,55.4216114840608,92.49029017998816,109.38668300471318,124.74077510048463,182.4867640740654
2010-05-18,129.51895766163238,84.49839575262232,55.35143987581052,91.20394816477982,109.1442601021962,124.43944454060312,179.56512427481115
2010-05-19,129.8710849311887,84.20669006685448,55.9866874660287,91.31130899728086,108.56243364649708,124.31119521750772,179.45470651539773
2010-05-20,130.08795308670685,84.26437008526237,56.43962539350241,89.43020379180977,108.44153201822255,125.70923517815339,181.15091218380962
2010-05-21,129.94719037372636,85.14376346979628,56.387682798153214,90.90333014908735,109.60503686248256,125.23115268112612,183.00657837906954
2010-05-24,129.63234491985747,85.43370052936423,57.29002603884808,89.59901563727841,111.08421307224829,125.7570058948889,182.94080180009595
2010-05-25,130.63581273089667,85.73904813358435,58.01903777660735,89.2082528163577,110.81695510912095,126.00307475458196,183.58893871357338
2010-05-26,130.9384119801938,86.29123313663673,58.722738661245536,89.419123625363,110.10535033856992,126.07566687143662,181.3702870354875
2010-05-27,131.68844378556503,86.56810060541541,59.199230851333674,88.58964635399806,110.21553659852852,126.28416107537093,182.30453378928658
2010-05-28,131.07474268721293,86.17933895828526,59.16953852882456,89.86616089391408,108.77970571648792,123.83317592187014,181.76717750909665
2010-05-31,130.69790846424004,85.44633725864051,57.936963660598984,90.92033324946134,108.86202503379285,122.4726428797923,182.3170857717487
2010-06-01,130.2272331489744,85.90479538453789,57.51960826436513,91.9167999100002,109.97503807563068,121.42608082156521,182.24065943671008
2010-06-02,131.925119815742,84.82243314136106,56.1512079825434,93.26493748560246,109.93724414749602,123.34690485335291,182.54665533559233
2010-06-03,131.54502047281719,84.63170760554607,56.36475652291107,95.3524481870369,110.57994480937158,123.92020602616293,183.61569157142478
2010-06-04,131.38775693129824,84.39932767983154,55.17585782703713,96.24283866310674,108.20025667512449,123.29966081421732,181.73467757020828
2010-06-07,130.77983298160288,84.6091484116287,54.8484014696268,98.25209541510479,108.75657461934355,123.16074443416181,179.06930155520396
2010-06-08,130.92567875341925,83.20256555644153,53.162230028924824,97.46453820466112,108.15562520764931,123.45642857379895,179.20225132904568
2010-06-09,130.97949184548156,84.75571231121388,53.20102815386337,96.29654352047702,108.73081847372306,123.34359639507478,179.7306312424716
2010-06-10,130.0546761878601,84.5714330482703,52.72662960772398,96.35219150626376,110.37472784254076,124.16763872847051,180.60853654417264
2010-06-11,130.07730600897693,84.71595167597167,51.74024273423163,97.1769995220312,111.0952238868351,124.30705382589139,180.49922733026165
2010-06-14,129.7352615591584,84.05579705849388,52.98670894533034,96.98609926883367,112.4591570686404,124.07422793664531,181.00825672656063
2010-06-15,130.19707340976777,83.6814363242779,51.05660112238232,97.3227541705942,113.09283147607819,124.40919180755468,181.9005020627059
2010-06-16,130.08862329479098,83.5794383762875,50.954019928805394,96.0811836514867,112.98454759537606,124.12534451304197,181.969764379873
2010-06-17,130.79097809536103,82.68640696119189,51.34287710708917,95.75935407199798,111.9346388748888,123.7885713236666,181.2317115514614
2010-06-18,132.14885856474498,83.65576757843964,51.66495259602214,95.01404760472471,113.4019121213243,123.53368669264992,181.44856295783933
2010-06-21,131.5632187889917,83.57846712217382,51.96095751260922,95.30514516561496,113.32733954058483,122.7053028175472,182.00896789032922
2010-06-22,131.69163964371094,82.76273962121913,52.18416525356928,95.56123991930902,113.12206337349161,122.49749115083759,181.53592143166605
2010-06-23,130.96460367414429,82.59702241600209,52.66758611126573,97.08953574889597,111.50884827752219,121.50678171485542,183.0684563974834
2010-06-24,131.62397907137196,82.3689616296279,51.74279151001693,96.19199748644519,111.05777752039289,123.64034959813436,181.8693427222244
2010-06-25,131.15999973374443,83.46224104294559,53.056638548139134,94.90966202231179,111.38552004790742,123.16284463902936,181.64313579414073
2010-06-28,131.23400960318904,82.05357305148682,52.29326401820341,94.26381085179766,111.25679480175701,123.29389002065304,181.31954634084536
2010-06-29,131.11007640315134,82.29674808720686,52.57882463868068,93.7344660408427,110.3419811381532,123.24999134572126,180.7297000547464
2010-06-30,130.26462489882888,82.82324564410006,52.2556899859267,93.32464754234398,112.45471498562621,123.38285642856655,180.71979352029294
2010-07-01,129.03364026691364,83.74839698432449,52.96919611188159,92.2502262264178,113.38775483341496,123.47317779675691,179.95511753811857
2010-07-02,132.12629770325069,86.01669432626625,53.65600098388276,92.51302308943255,113.1680429596721,123.49391157891232,180.36075296636824
2010-07-05,131.75953156569298,87.09467418868877,54.25233533794265,90.66063137142237,112.70184530905117,124.60966168818152,181.32373421460838
2010-07-06,132.51238062051934,85.34474832852584,55.59675701632953,90.45477646761584,114.0080463183889,124.2471997430842,181.7968492998812
2010-07-07,133.2913568756811,83.22162254850782,54.43024045290384,90.65528686421519,114.66285532604634,124.88544555438315,180.34669338559354
2010-07-08,133.49617685396032,82.33030312242796,54.34081714034606,91.25596267035395,113.78597119260553,123.83837992425809,179.54632122155155
2010-07-09,134.2255441308086,82.5085965884817,55.34323409194233,90.9485609252714,114.70282490380183,124.42176131175485,180.72554836048582
2010-07-12,135.25009827132672,82.23650562853744,55.378956803914114,93.2615255649317,114.95946839722349,124.73984854139432,181.50736053750938
2010-07-13,135.26955031415463,82.44397465350045,53.78683838568009,92.93540789101219,114.41417986685748,123.68686524138879,182.03176346161285
2010-07-14,135.01069705178418,82.26371673623598,54.08480950617967,92.64934246045144,113.63805316514538,123.26680178383802,181.15785912908746
2010-07-15,134.75081536137384,82.38852839421484,54.101514387104054,93.0750822843186,114.5917931277802,123.60054561495896,181.0809656440001
2010-07-16,135.24119970266247,81.57334925260973,53.99218185094702,92.98195362023007,114.85501153615128,124.42407246973092,181.06510223780367
2010-07-19,134.4924875999631,79.97470623209327,53.660132067606874,93.56149908059267,114.46253794593525,123.80546649588213,181.95853503607353
2010-07-20,134.75118634214235,78.34672976833154,53.72855041791284,94.650706956593,114.47354635429615,123.15940094290498,181.69597697317283
2010-07-21,135.16081539874696,78.71470345690676,53.848798471136284,97.7878098471265,113.8841901002181,123.90008936551659,182.78522829383812
2010-07-22,135.81191300996014,78.27130773258415,53.27872145236025,97.55581823348673,114.34058104724365,124.69790551033205,181.70967457015786
2010-07-23,136.16736824705083,78.32683608474483,52.593273393592455,95.94619138906297,114.06559474542576,124.71476904402721,178.7175759510576
2010-07-26,137.07128063625157,78.31639660978522,52.488746693482526,95.99224413241491,114.92776722046743,125.60811775187753,179.15466166463207
2010-07-27,135.96240189224278,78.42108213922286,53.80397400221481,94.91192576186774,114.74265817284274,125.76233877418962,175.3356059714868
2010-07-28,136.6662166011045,78.40310469304997,54.388866987251554,93.48277507937154,114.64675032116477,126.17448425184413,177.9422509422418
2010-07-29,135.27722063609866,78.54600756522073,55.48106246882817,95.20228037923222,114.84108507605733,124.87195331715363,177.85548193652602
2010-07-30,136.00404277071044,79.74592072068855,55.61958104703902,96.20280906143952,115.08344819574772,124.46360614298634,180.01422348305053
2010-08-02,136.40476013347455,78.29243457967802,56.5867628611347,95.37214797066801,113.89623388596262,124.13559168922315,181.42221919172152
2010-08-03,137.4697679320675,79.39286651830284,56.42898008786242,95.95101785968245,113.1406887241242,124.64958073169655,181.07193330455195
2010-08-04,137.38552336804392,78.54512816899337,56.381026102845944,94.77884083983346,113.64386190860019,124.51807530115886,182.94375451715794
2010-08-05,138.65522937512628,79.03553356698619,57.42793144251926,93.6811701275709,113.16409702219921,123.55312852989655,179.99395119486553
2010-08-06,138.64846547799272,80.27609527215208,57.430883329543036,95.74115339360652,110.23920855437356,123.5054931850793,175.61439701772204
2010-08-09,137.82223155621838,78.73296639397707,57.44293133852021,96.67705878623607,110.09244254402678,123.45274149291288,174.37770819247422
2010-08-10,137.6424050324908,78.3362735726468,57.39307596252205,96.08139807959816,107.91745142438056,123.47578142660372,173.07079852006677
2010-08-11,137.53367305392518,77.91374525061345,56.53819530694403,93.64097673614583,105.40833706194547,123.38251244225222,175.96891512918046
2010-08-12,137.1844231450675,78.10495766746868,56.76720511063911,92.18452793255794,106.2719652127929,124.9024996865677,177.16707906792755
2010-08-13,136.66168029164342,78.23467492067971,56.77945558180143,92.72123318278918,107.48383313863388,126.02718647228733,173.8697691532447
2010-08-16,137.43931661333673,78.85049734561164,56.658507156631266,92.43135299064893,107.9722639445149,127.71427520444682,175.4885411774775
2010-08-17,137.95347596058193,77.18209438156913,57.42185081857609,91.53771029014511,108.7068623223229,126.47076275543444,177.26971818006564
2010-08-18,139.06710811319272,76.50729170329404,56.77935658021759,91.54922161680807,108.5731334647503,125.79698862974686,175.48266593618393
2010-08-19,138.53256678303288,76.25055425490922,56.01150308365345,91.15447846738734,108.15326927839185,125.10753435460366,174.79517036637017
2010-08-20,138.73514062915788,76.6703468857192,56.981879818609855,92.08071804810106,106.87357234017331,125.26582744133808,179.76986521616055
2010-08-23,138.68575359986218,75.81492865499509,56.218484744663066,92.1898929245952,106.36349834188546,124.26969745752868,181.68291880825393
2010-08-24,140.63727746612832,75.49125575611936,55.79593529750217,92.35936065349514,104.42463865371812,124.11018762783856,184.6625756077886
2010-08-25,139.42941018003359,75.89167564545106,55.07853470470101,92.34953922962777,104.03449228856105,123.85424484470177,182.72911021546267
2010-08-26,140.36297485166,75.23651072881286,54.75286305693287,91.5425294597855,103.43567142298805,123.77555224966608,183.8957711415985
2010-08-27,140.48787341878844,74.2487491210447,54.06266382720988,91.1077952084159,102.58873035084741,124.74119416560855,178.85674881114468
2010-08-30,140.53944659851766,74.21056220904211,54.41060888849417,90.76099018265424,100.10774777459706,124.45893356821627,176.89789354464872
2010-08-31,139.71105068536446,75.17446819594805,53.23943627376708,91.09367697403766,100.49890397092516,123.01662144725135,175.20136530860816
2010-09-01,139.8908760022595,74.36513474035452,53.57677674204132,91.17222676651767,103.50907299821456,121.83147806836682,177.36549347880108
2010-09-02,139.56666703670172,74.9017577940344,53.34715533462132,90.62106597567598,103.43966169575644,121.28127742766898,176.60350441369883
2010-09-03,138.49915984507717,74.0753870033827,53.516799478648004,90.79367502721077,102.89135988629303,119.9175500198748,176.4312664067527
2010-09-06,138.97316100851748,74.11366753281159,52.8985766121125,90.28162523298431,102.90519779370241,119.37708858842295,175.40597250157936
2010-09-07,139.40422844456478,74.12853240585162,52.097272370051,90.4983580732514,101.60466879635472,118.09227078373884,174.5068037558366
2010-09-08,139.31902371921987,74.28789240383904,53.11248796273757,91.33952270252946,106.14432228694345,119.20311451627558,174.15557856724226
2010-09-09,139.69239064326752,74.2292052307875,53.45973088487553,91.98669836776638,107.0992925838297,119.94223514518015,173.99708838489607
2010-09-10,138.14589238915116,73.40854841796688,53.4280337481944,94.33380185683765,108.67929323987426,119.09371857134867,173.81338237948393
2010-09-13,137.01214377092586,73.58131716350093,53.60472100530094,94.82545673412821,107.83130001541538,118.04225627035215,172.383092356309
2010-09-14,137.19656999156106,73.60320090230859,53.54398579376612,95.17865582980944,109.21522606357905,115.751182361751,171.21190523120674
2010-09-15,137.21099094725693,72.9520756464861,54.246060079844966,94.930527851866,109.23566113859559,114.82166111754724,171.76912807289665
2010-09-16,137.83981429191525,73.30920503034889,54.38317708645294,95.62589920904334,110.01515968716181,116.73316163998136,170.6863730223605
2010-09-17,138.4208497832042,73.50174096870694,54.53262764756953,95.88361302216124,108.41249234558842,116.01952255440398,169.59737143540747
2010-09-20,137.28743831851654,74.14186812270866,55.06490914331451,95.3765252279512,108.64413634113482,115.77436961558382,169.74917049282752
2010-09-21,137.09200961728015,73.63080913169252,55.502595682766746,94.44545280492551,109.34796281562859,114.31325497436724,168.49206970124783
2010-09-22,137.33874436021114,73.2017351155036,55.75256933627767,95.18333230276498,109.3135351099855,116.25833681609097,169.8966492866296
2010-09-23,136.09414868631316,72.77714556814878,56.07243172638691,96.03240101460662,109.11160791177525,116.01327968432018,168.95381028407127
2010-09-24,134.00982726271502,72.74368890549476,55.98836821409762,96.3471669992043,110.16499483154688,114.38732633992448,171.21981506869508
2010-09-27,134.8197639016717,72.25617648812985,55.81975360826469,96.58099966150724,109.86837073798682,114.68249897863862,171.0410350824934
2010-09-28,133.03757788525493,72.01110964049802,55.41496328966218,96.11140893160986,110.53220044368346,114.64953739457347,170.99813329545958
2010-09-29,132.55131366798398,71.56677696883155,55.53980330106553,95.6840258424535,108.53987843586677,113.64162127431057,172.49891935016402
2010-09-30,132.5126591658228,71.07547029059876,55.72611710032352,95.04678075944825,109.22198192924053,113.05200569104171,173.40407535427804
2010-10-01,133.65862344683222,72.12379140724249,55.532539882474175,95.1261033580682,108.75951052635045,114.22096438563648,173.27802149836123
2010-10-04,132.7292908726833,72.17377534489319,55.28322518539283,94.44651547037206,108.75616237975603,115.0134182931359,173.71434019143516
2010-10-05,134.13691586900845,72.52074312697094,54.954834359273036,93.85807207952456,108.70464260681875,115.69797386217337,173.47628605958977
2010-10-06,133.68775532579838,73.08167396465157,55.07027107099273,94.38103367208598,108.79707311541202,116.19770114767182,174.6079474510504
2010-10-07,133.76236622263272,73.94291621662829,54.99294510440251,93.9821568772474,108.20385747739753,116.24871935142603,173.80384320509552
2010-10-08,134.49979849190515,74.08790422362091,55.1204468459789,95.2239024468865,109.40901178519226,116.26171332012264,174.5875061301211
2010-10-11,132.90709562189105,74.3926774598768,54.92207577460899,94.48710782553215,108.97809260493423,116.37655144880527,173.75978844177882
2010-10-12,133.2505370285442,74.33241048505067,55.02359269542987,94.69549711207156,109.15790470808884,115.75009250519817,174.27188730381394
2010-10-13,131.78245922519397,74.53209040489196,54.94860753574166,94.49963485506692,109.44861276605323,115.73701249995041,177.94690045970017
2010-10-14,132.3577716023928,74.531185148281,55.48620742750477,94.80707525752258,109.23518305461329,116.41305176795744,177.36157734364826
2010-10-15,132.26460739536782,74.45093659067186,55.27066236674784,94.62392330068772,112.04023267867468,117.00791758484762,177.1627864386085
2010-10-18,132.87033803041226,74.40888513839072,55.385131345841195,94.21621729588232,112.27950485351187,116.65055086660513,175.4608421875081
2010-10-19,134.10129310028012,74.30919565839426,56.14098362422207,94.62974203698504,112.70439363238522,116.47134549626897,176.36568282391067
2010-10-20,134.58696736321158,73.94398194055697,56.689449643178165,94.19844995236991,112.05026780643294,116.96838047942637,177.1783322428755
2010-10-21,134.37924078464184,73.7209386588254,56.87833546478376,94.60085405822448,112.8030079538077,116.90366861232692,174.42061902672003
2010-10-22,134.58456665294744,73.65387003990278,56.78015699992735,94.79742486182512,114.26748271701075,116.56682209227365,172.74080397427468
2010-10-25,134.42714380084547,73.9015819208166,56.645388888235644,96.79470036960466,113.83588915498915,116.92383347193717,173.69968713786406
2010-10-26,133.90274429366545,73.82865754977773,57.26109751791774,97.1711731728519,112.95548237813736,117.46284347706637,175.0174219382429
2010-10-27,134.2045395547801,73.6674961341375,56.951865447796436,96.89663218772726,112.12035214468763,117.83330865890336,171.83732742923914
2010-10-28,133.42851150095453,73.84488255142207,56.500448795632266,98.55564127949526,111.8584065510975,116.6156463583875,173.67511582875485
2010-10-29,133.00317525735286,73.47997077237136,56.771336626244484,98.03426989006279,112.01974558810802,117.04243366049485,179.12170603667607
2010-11-01,133.44874135495397,73.1656859384781,56.98885870227855,98.70177155667797,111.26669452327457,115.80340285446427,178.712679140016
2010-11-02,132.48228368050022,72.85233196434882,57.178792167061324,100.31755596662104,110.84664041771087,117.11280616383337,182.2591601787157
2010-11-03,133.69790895541647,72.35866011619039,57.32068689196854,100.08603860328728,110.59667551418718,117.01644420699644,179.33022872884106
2010-11-04,133.54849871176893,72.55914562702762,57.348123696369036,101.22578595130001,111.0564753956862,116.82996889524371,172.42830142136899
2010-11-05,133.8957826371572,72.42385712913587,57.022828698881185,101.07020496556576,112.18221933018464,116.94052608286636,171.22958550357538
2010-11-08,134.21696974543136,72.36274027094095,57.03025452982873,101.87317134856785,110.44948048928094,116.56660487276895,173.02504472851223
2010-11-09,134.84812083677602,72.29191045218293,56.946363287091614,101.54078152954783,110.13709689649411,116.05400605043845,172.59419509111797
2010-11-10,134.70713044350862,72.31042838970276,57.85613286833373,101.70911429879328,109.4739934947544,117.05137236827385,171.28320327104623
2010-11-11,134.55673800143413,72.71013107723003,58.2242039492987,102.64432142380612,108.7243195811409,117.12473081948323,170.0663370517511
2010-11-12,134.28358531038234,72.96880625232468,57.926398050456434,102.10812089205365,108.13133624156772,117.68711513207803,174.47741802488167
2010-11-15,133.76029330586064,71.83594122460265,57.85693999352208,101.30072858087331,107.19314340054102,118.1805809199942,174.56775070379152
2010-11-16,133.82505189259524,71.3883726297889,58.05899578444928,100.99555087683434,107.34689783670585,117.89346767337646,169.80114417776872
2010-11-17,134.56135006631825,71.41391285910375,57.93545315114441,101.25738207177665,107.5111835371652,117.69794635546707,166.84265586743308
2010-11-18,134.1545346241599,71.83661171117917,57.7824821299701,100.93004695472126,106.57198028065882,117.33954938364641,170.26531179789686
2010-11-19,134.38267390743607,72.61734553473477,57.38057090656539,101.54590509253086,106.80062161765647,117.80025104429323,170.73471317473798
2010-11-22,134.3763862239723,72.81604564261431,57.073101910196364,101.17729356907537,106.19626805017087,116.04528815873655,174.81001756805625
2010-11-23,134.67615810415262,72.94685769302411,56.992733089330045,100.68057218509381,105.87912686358715,116.84321413668192,175.17738054309606
2010-11-24,135.43436539238658,72.90147321348974,56.351361049059136,100.59082518167169,106.1333774052402,116.92515061163336,174.78685927956033
2010-11-25,135.87682724479953,72.98993175486834,56.44168298084601,100.87132794945305,105.86427666889713,116.68274899164071,172.146117022328
2010-11-26,136.6000772465612,72.7629362953647,56.349024742873254,101.63282465610266,106.51020640508362,116.2304058708187,171.13881517677717
2010-11-29,135.398070060819,72.82611560025101,56.63248098805131,100.69385826501397,106.54413942313771,116.10919470253283,170.10999564427712
2010-11-30,135.8224678312926,73.17082492653554,55.7255810654793,100.73045142103427,107.39255009228926,116.64302817710495,169.28088535188536
2010-12-01,135.31884262380893,73.2174012078394,55.86528696524796,101.30218403205915,107.16396873126494,116.7615533196326,168.38188458816091
2010-12-02,134.10418465362375,73.2517071403432,55.28975044979296,101.47647080882507,106.44768897812754,115.42591053017055,164.7667241795234
2010-12-03,134.11772910873492,73.47088463895379,55.896934083269734,101.65234712135188,105.93423244736165,115.64215671667347,163.59076270893044
2010-12-06,133.9260307578266,73.8895117150694,56.14635640593106,101.53683364005705,106.54943061519748,114.94037407166434,163.33647995555447
2010-12-07,132.93074454134555,73.87227867856144,56.17292327543678,101.42154232139957,106.63337659165266,113.10909222968915,164.85632089555355
2010-12-08,133.44601174292268,73.63542263429149,56.481861548685195,100.91380018172956,106.05034235499197,113.20427629117978,165.44327192315114
2010-12-09,133.3538133772944,73.91168620930627,56.35152969516938,100.81085828805774,106.15838627888594,116.09405552821904,168.1273961900166
2010-12-10,134.52955624728136,73.9877806442041,56.77364672982098,101.0627854012347,106.0490296286734,115.02865181676093,161.7829320081409
2010-12-13,134.71254441173966,74.14303003028643,57.81858152200827,100.83362155692306,105.86112609942528,116.14641026215237,162.84495717830606
2010-12-14,134.21747963097297,73.65509604381778,57.488845824620164,100.28870166548961,105.90427660538552,115.5457912274645,168.07447220529878
2010-12-15,134.13828041398597,74.13108792144882,56.633823584275845,100.79759979253892,106.08552955366065,116.16080124355179,164.6283662488428
2010-12-16,132.87597555761204,74.35001505543022,56.22702988572254,101.45030000157357,106.19892420308419,115.82351850661567,161.66073019287992
2010-12-17,133.83763109471067,74.65158829468218,56.40668259649932,101.62163192261542,106.53808760462566,116.19476876921898,164.12455475752256
2010-12-20,134.41375800577126,73.74367100012282,56.15114239016738,100.7810444460833,107.14987843275897,117.39693411633189,162.3949077718806
2010-12-21,134.19380729039335,73.17201302878284,56.181251112537424,100.6602138470793,107.32750722556955,117.12691576366736,164.60777531127906
2010-12-22,134.8756094762089,72.68404760168089,56.07367181816358,100.47340657234753,107.07335599341837,117.12686167098974,170.44182862493864
2010-12-23,134.14111906028933,72.65257304966998,55.774894840838556,100.35272127656633,107.1053844972378,116.5738972217283,170.7827645220269
2010-12-24,134.1509435139272,72.50641218800499,55.66334500954288,100.79614142889272,107.21141393214943,115.83682429399161,167.88510915655388
2010-12-27,134.63028029789183,72.10436114723984,56.01981150991135,99.10919064704285,106.01947009360256,116.0679609145023,168.8139246836861
2010-12-28,134.08944992344726,72.49067093876928,55.27532680716947,99.26683373640059,107.46170354884677,117.95922926455708,167.19685883717614
2010-12-29,135.45976658981712,73.20307018158987,56.1939821296824,99.60133855393975,107.89952835948459,117.03234037423049,165.45842103621624
2010-12-30,135.86796841457854,72.80129859001435,55.82607186126425,100.46385724741631,107.45431895664255,117.43904251196426,164.74614431145528
2010-12-31,135.42665908604914,72.75542912324612,55.7634464297744,100.01871442237328,108.91719793857102,118.07751257266062,162.9320764649063
2011-01-03,135.81888809530207,72.96714536694272,55.822397296466406,100.4471191492283,108.52644895305713,118.86851792219633,162.0998428490405
2011-01-04,135.3346615888683,73.2143260575683,54.7068394901237,99.16399731459117,108.164127356898,119.01564068240546,161.18325702963764
2011-01-05,135.16154752066262,72.95184218476967,54.398106801470355,99.87153547656214,108.53913364486988,119.81044518461317,157.98235787212565
2011-01-06,135.0936894591268,72.78720346143022,54.45720233321163,99.98017978427255,107.89560748654581,120.95398303635203,159.6657467656213
2011-01-07,135.8876509744692,73.24694293642678,54.742359099528926,99.0639104780297,107.57583970103816,120.48831088646757,156.93719505387068
2011-01-10,136.35950568206258,73.1546928235518,54.98171614051666,98.9708971197234,108.51309440052782,120.6082065285067,154.09850957762308
2011-01-11,135.65023366894292,72.48796242232493,54.44617208042517,98.09674629653276,107.81923796490908,118.67591544781475,153.15533479550973
2011-01-12,135.39610041680228,72.40648752688229,54.70811311031072,98.15698942511042,107.44332565504642,119.17209286891124,150.28115169325366
2011-01-13,135.6339831531178,73.05728537772029,54.8336291896883,97.8104122851945,106.93510101930707,120.09937728356644,148.51906334604433
2011-01-14,136.48917347987424,73.579768509449,54.94221787295859,97.47222922029765,105.95094193873956,119.89936186375978,143.3630697526059
2011-01-17,136.86382640634133,73.50255982236935,54.72653263997683,96.1423968877712,106.52023421845331,118.87492726181871,142.89319407135184
2011-01-18,137.27421243145142,73.45917899925472,55.134692061153885,97.33111677548891,106.65834151172616,120.90502365217073,139.7417692635424
2011-01-19,137.4136003286054,73.82985319409015,55.0164324518898,97.01208295751212,105.14136959055561,120.98762495753026,140.93945447596477
2011-01-20,137.3775448495812,73.97930721815094,54.536848820121,97.01578314785304,106.38348857095748,121.83457159233335,143.62682507209163
2011-01-21,137.12171116218047,73.95062128311865,54.9843652679855,96.57572890305255,105.91021106310245,122.59630221475715,140.42328128467085
2011-01-24,137.83013002710015,73.958231397968,54.51913996295573,97.05297785720438,105.1325595260332,122.5893092653815,139.50713209269756
2011-01-25,138.90356687616998,74.46543680960995,54.30306080173622,96.92235399749092,105.99170965821787,123.25009540192937,139.4564559617608
2011-01-26,138.37078215765368,74.18060100237348,54.57601925242182,96.38126104147044,105.98055519009387,123.66355832704238,139.98846819878852
2011-01-27,138.2788996114163,73.8529810007178,53.82100890805223,95.58682945596408,106.73073157254663,125.03486943878077,137.91661574152877
2011-01-28,138.48806811811633,73.51901485851435,53.51115853068887,95.97393583961139,107.17901836905872,126.01306633909466,136.2543096789738
2011-01-31,138.86908132083997,73.49537384871027,53.54545437650993,94.97147199730472,107.27384739328565,126.91230167854023,134.96503408033195
2011-02-01,139.14327770159008,73.22250540823497,52.71308237639542,94.64975699542263,107.62100198926588,129.35569662171767,135.0841350898964
2011-02-02,139.91616068663956,73.14344594320256,52.1416245131565,93.54658558183576,106.00029071170934,128.56140460102267,138.0687324711115
2011-02-03,139.91219069458762,73.55162228576617,51.70770449294136,92.72852565807916,104.70885250316694,128.62290908985054,138.0412225370379
2011-02-04,140.4843620136775,73.1439845643158,52.19243952216916,93.2851890642752,106.49274156078371,129.03728694338804,139.16789577640256
2011-02-07,140.93984714657353,73.0122540391011,52.9133276217209,93.87583832259182,103.74800360614546,128.80890830652436,136.0412249443737
2011-02-08,141.2129749775555,73.6734271450027,52.634253024207354,94.43503442739812,103.50229296997458,129.2706755630337,137.12192282806376
2011-02-09,140.38942947701346,74.09347311557082,52.63779626220439,92.63229359816842,102.98162403889215,129.4870275377292,138.91193498702708
2011-02-10,139.73049675372923,74.91383458951056,53.11773886095291,92.52894918719242,103.15750370740925,128.86871765056284,136.55306293724402
2011-02-11,139.55507899626457,74.96677980275994,52.69515874923502,93.15309232711114,102.68448991788966,126.14857363776721,136.9186658384024
2011-02-14,139.2818714846921,74.74535353254934,53.34689487601363,91.76465261893989,99.7667570653229,125.84316270808638,135.99194727451726
2011-02-15,140.91092261502482,74.48339770614427,53.74619436469685,92.17261788692943,100.80512181811027,128.20310769542053,135.10953153181575
2011-02-16,140.32978220125537,74.54227098861675,53.27635895226257,93.024433525153,99.86576338011656,127.80951323621517,133.6507200210071
2011-02-17,140.7451457562322,74.46755003344589,52.86664208288698,92.847843857061,99.41099241750268,127.15489437364349,133.9537826404534
2011-02-18,140.67847272092857,74.54905104137293,53.15398384936094,92.70143882447293,100.16047414029785,126.40056412285512,134.2945979048427
2011-02-21,141.746408777844,74.31290445473294,53.17286742075138,94.39627023733323,100.31255611528665,128.38952259926356,136.63822558342508
2011-02-22,141.51861200194068,74.01969295876044,53.38376517534918,94.35591891946146,101.70511342409495,131.752062721431,135.97207081789446
2011-02-23,141.37055562631957,73.48351753407881,53.6330412502638,94.87568337940095,102.09104311335854,130.707447605625,135.86974087924023
2011-02-24,142.34948777013634,73.27912340591075,53.26287266746981,95.2923009245507,102.68942748561977,130.64038586918096,138.5513730307749
2011-02-25,143.6211725506379,72.8275699794158,52.87292273130488,94.94051857818422,101.76013637905054,130.9911658420168,139.37435097453755
2011-02-28,143.62891728781295,73.20633439311125,51.90647766018916,93.76657165556148,102.0459252363414,130.8619614008619,139.6524987850066
2011-03-01,143.80737465084914,72.82188896050211,51.22242267613326,94.66239825374305,101.3448983392689,131.07289440469268,139.4580255649614
2011-03-02,143.97033967497293,72.58620364504554,50.929667745493006,94.7458041470503,102.15484730107015,132.2429131163399,141.32302216256886
2011-03-03,144.01890678121717,72.2678745641441,50.310864705312916,95.09105410608373,102.8080906145692,133.46165024815824,141.28092735023998
2011-03-04,144.17585434449506,72.33807748039511,50.343426353942434,96.17587253297918,103.77665455849196,133.80406857819614,140.61653523450204
2011-03-07,143.99264385830915,72.4599930177582,49.92979894876959,96.30179358327378,104.63731289506565,134.26811895772147,139.3267233792056
2011-03-08,143.63663804076302,72.43719894315723,49.88816847495357,95.24839815517065,104.80819963120317,134.03227319448646,140.19143779785887
2011-03-09,143.965695323615,72.34029471445817,50.69965140598304,96.13625941297494,104.8055284275077,134.58415311550925,141.7617160930211
2011-03-10,143.62990162495655,72.82783309665965,50.216196326437775,95.71726677196796,104.47266276380742,134.74246436786146,141.5697914059703
2011-03-11,143.1659150486972,72.46588187431298,49.99291814097911,94.90356285788197,104.84427151360592,132.83889890676298,143.11740344554536
2011-03-14,143.51057807571678,72.27360024448025,49.59927452320828,94.65781624000107,103.24712490747196,133.276573875541,142.39333380917998
2011-03-15,143.35873113634784,71.83334168612542,49.798187099361094,93.62459147714301,103.10523508494688,134.30685916526343,142.85807619147124
2011-03-16,142.79004490566297,71.36230002471623,50.104087757567186,93.92240064452882,101.66412926502662,136.08993988863742,142.81081770320182
2011-03-17,143.1328925413827,70.59616632308514,48.874431042658465,94.67589187391307,102.05344275900633,135.81630100395546,142.5339288618351
2011-03-18,144.36365705614242,70.71483918768182,49.78327003650415,94.7679021619543,101.86358452745914,135.56897955804297,142.51841318749092
2011-03-21,143.8054872780133,70.54786552982213,50.81588542123882,92.33969997744508,101.43109450428021,135.84657216556502,143.50385842097936
2011-03-22,143.28232561288507,69.88660082980508,51.67071855555489,92.86404434472186,100.5206790142092,136.37556660916118,142.24985078883603
2011-03-23,143.00859151735443,70.05070393898283,51.2304804277089,89.43782403380885,100.03499679199818,137.31459439036394,141.9022265759074
2011-03-24,143.842643282489,70.03107639889902,51.33059922526796,90.33051884440496,100.76380180624025,137.95802998815046,141.93456194681997
2011-03-25,144.25286483352204,69.9792181479851,50.48929279012656,87.32244562243261,100.30531535802439,139.77477470697136,141.40660675084416
2011-03-28,143.9861390602152,71.05331530254485,50.17561794235592,84.9264513352023,100.73690693605708,140.982813053052,141.5674833314493
2011-03-29,143.26745074825854,70.1562594027893,49.513410610164264,81.74723231773038,101.11746783106332,140.4886377014287,140.884513683589
2011-03-30,141.98018572934484,70.73182928649722,49.55426213843983,81.76272897198169,98.27530048672972,140.5995420466537,141.45077131361458
2011-03-31,141.66524951475776,70.81365878441913,49.318116627837014,81.51029049838495,97.84772505898681,140.48352066387258,141.4967892671804
2011-04-01,141.75165113116404,71.05680793473293,49.755724741838065,82.86248543558666,98.7548294711782,140.94702494368497,140.69236407484266
2011-04-04,142.50972512405997,71.09770698701428,49.604526667645594,82.92886900714939,98.68909579380897,141.48007127615418,141.65358783606663
2011-04-05,143.77724334894,70.77093710869961,49.49758270645522,82.86444068423071,97.4747035033549,140.94584136432593,139.55327821879268
2011-04-06,142.32112066225974,70.62241990859559,49.71880677019108,83.44013331245557,97.19720453871453,140.8801588746479,139.96980131847616
2011-04-07,142.1296613133345,70.35308902543726,49.37998707054018,82.22633580915064,97.81346492386471,141.52340033808997,140.4770929487629
2011-04-08,141.41201965167454,69.5996421365878,49.35834478735637,81.68048201917631,97.52980703697635,141.89157620932482,140.42237287435697
2011-04-11,141.1083103607906,69.99488066492704,49.29145088250194,80.86720250237215,96.9391699974387,139.81114628316578,139.37239055110774
2011-04-12,140.80902966622014,70.35951066236986,49.537566243097956,80.96619715569496,98.77988313738213,139.86587882944914,138.92449009384129
2011-04-13,138.79999810568486,69.86710316422997,48.95392533585762,79.03306051956206,98.5850410933583,140.39196027207748,139.51401796651035
2011-04-14,138.7421552893144,69.45842307677567,49.32711533338634,79.58075982176855,98.33719732094941,140.82901677848022,139.1059887829334
2011-04-15,140.16416829328233,70.42074471259068,49.14880616691882,79.10546318772309,99.46850705189678,140.011184332986,139.07010186915568
2011-04-18,140.24660743448166,69.8991167493912,49.782820082558,81.8869477217112,98.36195152701059,138.5445054942346,138.46880223038758
2011-04-19,141.32776974595325,69.30552769159482,49.901988201652124,81.04983529694721,95.32642667822698,137.78733298407775,138.7680180191243
2011-04-20,141.91011462829914,69.53613430808733,49.684644493129575,79.8440814837178,96.34115470883073,135.92807147274408,137.59339385703854
2011-04-21,141.41732234784055,70.17952614594967,49.57047124587447,80.52574768513414,98.37188225506853,136.58395745321374,137.69236447505097
2011-04-22,141.08379871640153,68.76739698404897,49.496707874254874,81.29368635610953,99.67441623491358,137.56072983330807,138.89690136580876
2011-04-25,141.16062276764265,69.23983823258831,49.51758732426949,80.01359354600221,98.82988283574389,138.12867572944035,138.73804895192603
2011-04-26,141.10775844442824,69.9108729923759,49.573346484568894,80.89688096813929,99.05231852211321,139.41731670627897,139.23339806485927
2011-04-27,141.59096903203286,70.07979236744848,49.82139597749996,81.01373997135413,99.7419772695786,138.8183787879322,137.91795609119245
2011-04-28,141.56939844456974,69.34380781813039,49.90963843269319,81.77547756118614,100.55526033833856,137.29443200807884,139.24994845105175
2011-04-29,141.45527026029515,68.07644204499367,50.03989866209143,82.05735219983698,100.03994876070574,136.41458482511965,140.3848894733795
2011-05-02,140.60151345992494,69.24130889655255,50.13349650602976,84.18738619578966,99.18101127522182,137.23646492255787,142.1474073451858
2011-05-03,140.42228797722038,69.73612590590051,50.19749946568339,82.74321962423944,98.72624677296085,138.86739393848134,141.8261285300639
2011-05-04,142.73574623231633,69.43011445714932,50.33454893511856,82.33903582802516,99.51825353086417,139.14471730035825,139.91845162727643
2011-05-05,144.04839292927608,69.8228944198384,50.31217034280673,83.94190570511661,100.85512167109346,140.80912940046989,139.87332548838
2011-05-06,144.60556881048348,70.23186351361616,49.64844598847346,83.951199160616,100.87235607358087,141.8816043919089,136.11900308924226
2011-05-09,145.29337473174326,69.94160445124712,50.667986497044794,82.91225555252572,101.24493277100096,141.6993220545079,134.92213533637397
2011-05-10,145.9727936354244,70.02247843047198,50.87476245942435,83.08067678339683,100.92438681189263,143.76676840276428,132.4536111513237
2011-05-11,147.67592810869834,69.73027776148447,50.43845390830424,83.20100818499449,101.81088849666266,145.8133051736929,131.80609388348734
2011-05-12,149.03118149352719,68.41343163910282,50.756658174920126,81.98747850931662,102.37833170843709,144.22846604386572,138.39616219711965
2011-05-13,147.74912210653622,68.77676891356914,50.46574504234835,81.68493118464889,101.51171663918112,144.61283375472695,138.4321581453288
2011-05-16,147.24143551470655,69.11152580354769,51.08410708897006,81.51289431298058,100.69845197969337,143.5093064880136,138.40751891558006
2011-05-17,146.3844996224284,70.02466123582991,51.42186196047777,79.71223718048937,100.62686262283316,144.73059302873514,140.01574282781095
2011-05-18,145.59968828383617,69.89628653873304,51.387165912664194,79.41367350641369,101.76436835709805,146.72113867203663,138.2209842754529
2011-05-19,145.02277163053614,69.56068421501861,50.59716037544009,79.73348798762542,101.21072151110755,146.08023837246594,133.0179512133357
2011-05-20,144.96915261326376,69.41186335554123,50.27249020265496,80.08771764827178,101.44931175615993,144.22611385783839,128.13750022187818
2011-05-23,144.54242216185295,68.8979586620976,50.26067805170678,78.93950851823341,101.14297311421346,146.45649271095382,125.18019640021035
2011-05-24,144.8614032792603,68.77424475398166,49.96698108528802,78.77407002010372,101.65842113202358,145.38517852540886,121.36627965418414
2011-05-25,145.9615399861934,68.85939702943223,50.247478743026896,78.79157347782596,101.87377460509724,144.1599279648839,121.69920074912167
2011-05-26,144.9109273533789,68.8372184376586,50.8194901661847,78.95603847713937,101.62445393365878,142.76010034535432,131.2588560145595
2011-05-27,145.08816232468143,69.46966993730723,50.95353088723947,79.5203497889189,103.58318518143729,146.27825967435933,129.84461581800926
2011-05-30,145.09817788773836,69.41830669503842,50.67096834259158,78.58399800827057,102.92409462516481,147.8453401685803,134.24821809144396
2011-05-31,146.1425990770805,69.18875894739227,50.24220644147892,78.1482650072992,103.40067348614218,148.3962210212157,136.5467567015361
2011-06-01,146.13774710759333,69.10958311223102,49.75092098801163,76.82467736032724,102.74878070097738,153.14691075933402,139.85548645758954
2011-06-02,146.9456334596292,69.18990980619532,50.231142805156786,78.17721073024998,103.6470690432931,152.10397690038698,141.0104427197974
2011-06-03,147.40665037323683,69.12763120713339,49.42901433290479,77.9954991784784,104.06197964929402,153.40186857362303,138.4760575077057
2011-06-06,147.63603035218745,68.88197890212317,49.35001054286852,77.52982197782592,103.91697647265033,151.9172915464659,134.2520185736615
2011-06-07,146.98659206069996,68.35599888498845,49.44539777999707,76.81479664072155,104.21232296082475,152.36237753977872,137.67740454593203
2011-06-08,147.335938346282,68.75759465422703,48.65200926924728,76.18377971743487,104.09601638798243,154.47929213614302,138.91667991623095
2011-06-09,147.67003516873558,68.09983580443141,48.5539259159513,76.73725393189649,104.43653709704606,153.43021439476115,138.08268675313542
2011-06-10,148.74484986733341,67.9206904441907,48.93056085380597,77.70516024365499,103.79413420817613,152.26726775336428,146.60505165108646
2011-06-13,147.56032656186073,68.08724979342396,48.8198664890484,77.38966064527831,103.55165551088582,152.3675968426719,147.78693511560292
2011-06-14,147.73927367495958,67.85391334196188,49.29854125763163,75.98514733929868,103.16950482062634,152.31794078310045,147.34226176791918
2011-06-15,148.15065132518097,67.7491884585233,49.3630294666587,74.65023199919638,104.41383968165651,153.17020932091597,151.1776846246353
2011-06-16,146.97057741895836,68.13153122554276,49.38917833939028,75.36267642403963,104.14659470467612,153.5041633544036,151.7502204669969
2011-06-17,145.27317443925992,67.81779665672038,49.016473328270216,76.96989719900921,104.78018570199445,152.81469892823665,152.39556404907526
2011-06-20,145.72340569220734,67.67999319211928,49.45889657027943,77.3343848205138,105.57636009660574,154.53530306069456,154.2956285389014
2011-06-21,146.070398917707,67.78751363339352,49.28011258416501,77.57259200560542,105.20957556076215,153.28194429732014,150.40267306461416
2011-06-22,147.8754404422915,68.13373671031245,49.36766272157612,77.5534774086641,104.400028545295,155.09378956375457,154.44479490896384
2011-06-23,148.70319779770566,67.65955271053348,49.16575397250164,78.17011550694936,104.65555178222151,155.25358925384938,155.350825400284
2011-06-24,148.94874643907528,67.61472387815618,49.607923996207674,77.97501609641594,104.054014380974,156.52830078481128,157.69353777004397
2011-06-27,148.67543359772841,67.59727491998414,48.883634905539445,78.12455456387387,104.1564188143666,156.1000616019452,155.55886975496853
2011-06-28,148.9455082407564,67.7088613547619,49.68211015954286,78.59397847632748,104.14274739587277,156.58879431925783,157.21243601536628
2011-06-29,148.83015909635807,67.64054599116812,48.5108117002393,78.89911700751402,102.44358791644237,156.76660891491153,158.30047706000403
2011-06-30,149.53535720619698,67.78173977357467,47.89612246670049,79.14577969682686,101.6166254843199,155.76895024113645,160.60265279142985
2011-07-01,149.96636727158722,67.68806398303258,48.615954178524596,78.91640559196902,101.21428632776974,157.34832921806193,158.6324646164027
2011-07-04,148.91948197917705,70.42425696206931,48.09469797757896,79.45171348807182,101.97865647083086,157.36276426824222,158.96515369463535
2011-07-05,148.5247929167903,70.58335537288443,48.894086095293545,79.53204236620722,101.99429372627465,156.85307479329813,158.21720224098343
2011-07-06,149.12800033020818,70.85614272511854,48.69861932653895,80.07544123602453,102.4450090867885,157.80905920789687,158.54533573610158
2011-07-07,148.72782281726225,69.8982275435201,48.90828408942503,80.3795178334386,102.71082301675735,159.91712059642617,159.63597093905577
2011-07-08,148.85365004018288,69.56503123251468,49.39888865098455,80.9445257138565,103.09584987507101,158.135815816955,158.27363259997819
2011-07-11,148.04321582622737,69.79168799196103,47.44668001905387,80.46676150391188,102.5594214396344,156.99689982571954,158.80825874724349
2011-07-12,148.34440119366363,69.10871284002533,49.44731479311667,80.6000260484003,101.9393018886409,156.88094679125936,158.53207201691126
2011-07-13,148.35796440442638,68.75068374079386,48.89363612293024,80.5903989054722,102.39968932290164,156.71980021657808,156.1773880384216
2011-07-14,147.78086278118104,69.1774862193106,47.57928236126641,81.11516541545883,102.75937805240495,157.50103646718944,154.51031319520632
2011-07-15,147.1832039423917,70.09890640734609,47.61500405567898,80.89828966270794,104.49336289812439,154.86284589761374,153.94264143549455
2011-07-18,148.12469641955187,69.02813233093512,47.15992340718402,80.5964129970318,104.62434861030864,157.80381219117834,153.31599661497788
2011-07-19,147.67513143439405,68.42139014100631,45.136071940949314,80.727050011803,104.62388783661487,159.41835023685692,153.96888292637783
2011-07-20,148.12483171599436,69.24008003571613,45.59933167011422,80.60559953212302,105.09057917657174,159.79215513709613,154.13536159392945
2011-07-21,149.28773485036123,68.7553304930623,44.811146829938885,80.25065520341626,104.53037914756635,158.60833626685556,153.708284891647
2011-07-22,149.96539626207252,68.99559881639192,44.162136142601966,79.27235226784458,104.89364323930505,158.4698130870922,153.51515576764635
2011-07-25,149.06071990681275,69.3394469181824,45.93778841590701,79.54903305451057,104.81738100762904,155.27077077229362,153.31652764224873
2011-07-26,148.02907002667428,69.11592030169835,45.44418928859825,79.9036143830195,105.23641578876358,155.20332840941435,154.6584717645501
2011-07-27,147.8505922669256,69.58483791367843,45.17110040450278,80.27161112373584,103.97630183604066,154.11979486617707,155.68336856966275
2011-07-28,146.92313993635614,69.42904403292503,43.919189647236315,80.55761093781783,103.89177849172047,159.07775380151386,154.59672969568712
2011-07-29,146.10406407293831,69.46961706588857,43.69571612720649,80.35107384192818,103.4173848975967,157.12780421974162,155.0320558568444
2011-08-01,145.68858925928845,69.2318697608452,45.26975560949999,80.32440969165805,102.71680014890937,154.44686653281025,155.37582237567102
2011-08-02,145.77035410034145,69.50333211106623,44.94635917920038,79.84094763754716,102.30288093839718,156.67709910785638,155.09145557559827
2011-08-03,145.02484031852137,70.24822115709479,45.00965233417761,80.52130110253565,102.74621829805079,158.11664439550555,156.53085860629878
2011-08-04,144.87224056851065,69.18751035806324,44.56927366892243,79.389213796807,103.4887085850482,157.01585112299614,156.30969771025397
2011-08-05,145.12675331755204,69.2110620718952,45.56355244326667,79.33022223523902,103.43262342685448,156.91378787276793,156.91809304766534
2011-08-08,143.34589393706477,68.98947641065729,45.21718046973702,80.03923957536657,103.6053162645966,159.51310944768926,156.6418042821936
2011-08-09,144.33208926385137,70.03999781977123,44.83827397104122,80.46072835140822,105.37678974823315,159.37365605511386,155.89147926325376
2011-08-10,145.00419310626057,69.96393451277481,45.80308879598065,80.44190470054205,104.44057472265848,158.30933935824652,155.20486770287178
2011-08-11,144.01404685862815,69.36941935220734,46.381646607794245,80.27884603142806,103.28717633587917,158.2043796379635,153.43497524269503
2011-08-12,145.03766012053597,70.2066332984101,46.61645816613379,79.81189384996239,102.79941642847578,158.48958081099067,153.41460808328725
2011-08-15,144.46387813226093,70.3575781046007,47.626824981099105,79.55957599150237,102.53956577200606,161.32007295194987,152.21353254490973
2011-08-16,144.06408467667697,70.26335132919895,47.22760748396043,79.22779106698049,102.99461258566897,161.58361554483008,152.49803894547665
2011-08-17,144.80187250511395,70.44178509105761,46.69461265347673,79.57989900055901,104.42851302976604,161.45505926170222,154.36944689841158
2011-08-18,145.48863935254258,70.08613394872287,47.51769270519864,79.29025819551532,104.2092139216459,162.45476141389227,154.65088840520156
2011-08-19,145.5167713492709,69.81702909823912,47.33299081142292,79.0652076993468,104.76770190802831,161.29339046884235,152.7717464220589
2011-08-22,146.89143555164605,69.26607724868792,46.93769947837928,79.15427955554979,104.57947411415205,162.79800663825355,151.7363509847309
2011-08-23,146.0560344635124,69.89819852051068,46.50786838175531,79.08030596431108,104.97557329971296,162.62411622463347,151.17427364502677
2011-08-24,147.9922588038696,70.22882970818938,46.701386772280614,79.26068857789689,104.26517611176236,164.60050904514267,150.64738895973403
2011-08-25,147.55645817278943,70.60528829209017,47.18017889121065,78.68009476404654,104.12153598192246,164.4863492097917,148.65943700840836
2011-08-26,149.71995596353415,71.02831601753954,47.29794274773064,79.08382470364015,103.89050424125728,163.21981929767279,149.94842039787054
2011-08-29,150.43527536018473,71.01249961453307,47.70043761833443,78.80632340668309,103.75068911749092,162.64740344518384,153.3883101776654
2011-08-30,149.99442226041975,71.21755442965912,48.28762156047575,78.2925890641374,105.32518176105596,162.0679215969433,151.69340882451075
2011-08-31,147.99608720990787,71.58308402486789,47.45726148215436,78.37707546796634,107.17717715804434,161.10337891538822,150.2268387874689
2011-09-01,147.64601567927494,71.40573350504042,47.69450703603436,78.1717837809077,106.66584455859225,161.25519172777203,147.32867011787843
2011-09-02,147.75282825442952,71.93342454632023,48.61822081964012,78.74040944426754,105.43645093818536,161.03797341811907,146.12240362910933
2011-09-05,147.94794359396698,71.79364953335974,48.36219263547592,78.49747519782775,105.63869572366,158.82093583918257,145.08814688060318
2011-09-06,147.37380901804025,72.70792296470819,48.51862797039497,78.84935526490719,104.22472827487366,157.42302776313736,142.50330409735668
2011-09-07,147.43730123809945,72.2161679114708,48.05295736098431,78.88756350951554,101.48988598714796,156.70934381265354,142.10864006319375
2011-09-08,147.06493385553503,71.5909377674153,48.15089646949776,78.57957123396002,99.66603091619304,156.8597853303573,142.40769770780196
2011-09-09,147.04922396202474,71.46598795434124,47.7166311335323,77.91335975025139,99.84768962325703,157.74071386385617,141.23975762879724
2011-09-12,147.50899071806722,72.0159025865284,48.152732445145766,77.88107710898412,98.64316922815105,158.05889292607947,141.41052957988214
2011-09-13,149.25219015761633,72.38502853505543,48.16720542325452,78.10896320958592,100.46345311710698,157.85311708091058,141.4335456955174
2011-09-14,147.80365742036273,72.49411273837092,48.89577904610781,78.21376601912834,100.06534157255865,158.3896035659555,136.2417855532706
2011-09-15,147.65511170308656,73.0488033801135,49.64483429102044,77.64008944597681,98.9420713241316,158.47790256850627,135.355546533113
2011-09-16,147.32723015705994,72.25740373672399,50.18915327806293,77.89757905187105,100.87097258982068,157.83177164440016,135.29307019564868
2011-09-19,147.45403256612724,71.91798588114136,50.3703225693452,77.71903251293409,101.52172665766186,155.83006047169988,139.0282096849383
2011-09-20,147.6293525254742,71.80821664114806,50.14227419471573,78.2086656053223,99.31436477026269,156.42323077762404,137.69274416688833
2011-09-21,147.6125856055956,72.09887167687732,49.3097173084166,78.5994496596187,98.01469909038421,156.91846802239957,137.16879669180457
2011-09-22,147.4698881791198,71.64478437917185,48.63130648711403,78.72762911351629,98.52850424782606,156.5230425073275,146.7699410697238
2011-09-23,147.87699123601098,72.25536996612387,48.89139146219758,78.69414142080826,96.88269634078144,156.28570418561335,145.67586861707525
2011-09-26,148.05844430667193,72.40908614001462,48.05665560173695,78.42129570907183,100.4234455127107,152.96585109097472,145.5241858745004
2011-09-27,148.6010662336088,72.76790718974082,48.54624029262228,78.19564598610484,99.67586984188931,148.47039966765584,146.98194352034548
2011-09-28,149.3081185437195,72.86643083587275,49.512775876438596,78.36868173877215,99.28329111352421,147.62622309076406,147.69806179104597
2011-09-29,149.20997201396597,72.3873224759967,49.18334928473552,77.55149890901136,99.75842073048034,146.89322184439462,147.48326617323468
2011-09-30,148.4493195398923,73.07517408215656,49.53252246854889,77.45607910202715,101.86761737028648,147.31384703472355,143.83275266043097
2011-10-03,148.4149127060184,73.47316761026964,50.0268419514674,77.33795419932197,102.49702465564881,147.54755217687293,143.62648213725248
2011-10-04,147.4253930093831,72.91727824164593,50.44370876413635,77.76370756199768,102.1660207574453,148.06368317072014,144.71472567395446
2011-10-05,147.11601162120184,73.5697631350451,51.03411564507933,77.93697061617402,102.92966180059082,147.00065267163927,144.5095234628869
2011-10-06,146.83651541516872,74.2257213816406,51.199112665737985,77.9534098081822,103.23438971745169,145.94311639988706,145.82078638318572
2011-10-07,146.0796395545581,74.29947415134217,51.47708198658907,78.28190541865526,103.2318877098619,145.0204529037599,139.7447527804157
2011-10-10,146.49563139548505,73.5754074355757,52.27226911285528,78.63239062520405,101.6696330007894,146.7477331138817,140.79346252120007
2011-10-11,146.46781721045167,73.72447792068228,52.167080180067394,77.84411679367444,100.74390267025717,146.1853193662891,137.41196363159509
2011-10-12,146.831199742031,73.34955740151374,52.06497701796791,77.24430536295766,101.8622294325874,145.77479285305904,136.92412121993604
2011-10-13,145.10613482200444,73.70658587431983,51.99385945151661,77.8660086514917,103.30309431400043,145.18301028494653,139.0909221816536
2011-10-14,145.2875729241442,74.1777817851079,52.09284539036375,77.78846970965185,104.82351813172053,146.65968883325678,141.05387872656848
2011-10-17,145.73177791284954,73.81296848955614,52.36699989738196,77.92224902871835,105.14679549709369,144.6380394311989,140.16659470818573
2011-10-18,145.4096972932391,73.86333106058358,52.049515562336026,78.04525618017095,104.31639366906647,144.15367919457648,141.91765719678503
2011-10-19,145.91847326191555,74.05518255913228,52.13983806222715,78.29859958220163,103.20040631113193,144.90937964207708,139.9845561842866
2011-10-20,144.8520220780269,74.28414629616941,52.17366031792234,78.33899843828179,103.82211560963752,146.3116438131205,136.11832416362856
2011-10-21,144.2722225352332,74.29622887357293,52.20801301046952,78.15459519951509,104.38123532897501,145.8829247781431,136.30004841292134
2011-10-24,146.00245339496558,74.14457489677667,52.69684321960868,78.35253262018517,104.54453297011653,146.6366678210236,135.13339205375013
2011-10-25,146.5005686920662,74.83977530962515,52.914641767304786,78.41471488397549,104.25294731341717,147.64460708541577,134.90833976408626
2011-10-26,145.19305584338304,74.28143985076333,52.75517897375773,78.62242178208605,103.82863730502068,147.9850838694269,134.83845477738484
2011-10-27,144.73280334430973,73.49311633237141,52.94031411391284,77.8251160325602,104.36361155903899,146.61668310407532,133.74299200595712
2011-10-28,147.21005871535044,72.86632647365327,51.93365684322774,77.68652930403564,105.43067808893342,144.95834136227964,132.83769360001028
2011-10-31,147.19652526204212,72.69097829296169,51.387005151504326,77.42929814876472,105.86233013266398,145.36677878409975,128.2873679647757
2011-11-01,147.2117955021762,71.75896072175256,50.966954932214186,77.63594314176038,104.64958323160819,144.55836078269692,128.35083967376835
2011-11-02,146.59644604803984,71.32090835991444,50.843648143259735,78.01088127258126,105.04792045253767,145.49163961132086,136.9559101673634
2011-11-03,146.98593852146655,71.85811657294235,50.711252401576566,78.09012983193814,104.61254276646264,146.4371354654873,141.67285121835505
2011-11-04,146.21727593791394,71.56657077334467,49.82542082032602,77.725552307731,103.04319356316246,146.33414342459645,142.86619389514016
2011-11-07,146.83439707317044,72.8255011827054,49.551768135980424,77.40479726653244,103.51710223878395,145.57607180353088,142.9639149240804
2011-11-08,147.04710634929108,72.4665363166754,49.46467776875877,77.40795622144164,103.94534115273561,144.67466466139402,140.47742149680838
2011-11-09,146.84871266777589,71.66836934890813,50.371906083285474,77.03486867834052,103.25764898552794,144.62217823827467,140.71357126904456
2011-11-10,147.3406597441042,71.06489265089581,50.71702014091607,77.63545079423578,104.02192339213734,144.9688218738929,140.99292476045923
2011-11-11,147.66525415552488,71.66606791744306,49.60631040984239,76.11778561908825,104.61408082302927,144.91456664524293,141.5810560444759
2011-11-14,148.1391912381605,70.74419994377784,48.39825029405093,76.31232678276697,104.61088896286444,143.99006438973956,142.55867983715416
2011-11-15,148.23648976944625,71.29141411793908,50.05875717093248,74.58381675811306,105.19758859664913,143.92656876371106,143.2235687875599
2011-11-16,148.43649915712732,71.78308138354615,49.802454157654466,74.89654398623928,105.40992939779261,145.72969236158195,143.37421835142175
2011-11-17,148.43952935913688,71.75615815573153,50.60282532811523,73.63300751578153,105.09228703328863,148.01111826103997,144.5730968709914
2011-11-18,149.01153841179612,71.66906272022221,50.851486251705744,73.57769865258673,104.62660659474057,145.5278169132007,145.75177638272103
2011-11-21,149.01467482804748,71.02043404917703,52.54843150660235,73.15436344644819,103.84710395389818,146.14396543531277,146.12885243087447
2011-11-22,149.42821520007723,70.87051143739467,51.980773279213096,73.42283089060834,104.15697253653977,145.0317399333065,145.46858633352792
2011-11-23,149.20604345708443,71.72493988053748,52.699911043692794,74.20896848281569,105.03264042654247,145.8111351014612,143.4760493716093
2011-11-24,149.09366836854863,72.05233938128801,53.538540584681556,75.95617077187964,104.99282533401235,146.8065226259207,141.7402008436097
2011-11-25,149.64172653553757,71.72437492498109,53.659262973315265,78.39267633802308,105.26284920037793,146.59068219570227,142.73906169004633
2011-11-28,148.87600627271956,71.91513303275437,53.4964410601918,77.76300893070828,106.36979523033531,149.65932739624128,143.74296176487422
2011-11-29,150.1145305505934,72.63136425148438,53.98910301210031,78.43912970065053,106.42530043298432,148.43247588981663,144.12332563788272
2011-11-30,150.19470806302309,73.31210748011824,54.55515362338166,77.09685650588736,105.77841865166114,148.37148808582026,144.47772157881727
2011-12-01,150.1199697005282,73.72639080187018,55.334169403838565,76.51805945172845,105.94805158486878,147.2200507177175,145.11798067825384
2011-12-02,148.3517957465825,74.93592361879371,56.2374570856466,77.16548759175005,106.5034465836659,148.0950697201262,146.06904979198865
2011-12-05,148.41663091907503,74.87635678255405,56.488073485527536,76.54042739385542,106.41994489362122,148.31426531709306,147.36792045610017
2011-12-06,151.07773923850573,75.38372645762115,57.324073440266034,77.32491406144635,106.29006588124142,148.54542538560747,147.4143547310379
2011-12-07,150.9454160607455,75.59410515587938,58.404608012228785,77.86849143787146,106.69138944675795,148.24600509726608,149.4579242467951
2011-12-08,151.17357292914113,76.17592072402232,59.15236539741519,77.19469653284949,106.37626409129776,149.09502283125906,152.68139642687348
2011-12-09,152.55902569536647,76.44189451765108,59.29464939587118,75.5738692219722,106.5309617451407,149.83228635735662,153.85020003049434
2011-12-12,152.99123290886482,76.40848520723114,58.94438103183851,75.35140423659287,105.02259828026727,149.37589904142982,154.4017074109729
2011-12-13,152.41269087975104,76.3558063699828,59.770294233071866,76.25313991277173,105.77481530651507,149.22528171920243,154.2008584515685
2011-12-14,152.20067888109153,76.24811795531785,60.22933021526887,76.95408458566935,105.96764181148663,150.37710245279084,155.61495512498288
2011-12-15,151.99164748486962,76.64043510426349,59.642698916639276,76.08797011356184,106.57805587009847,150.17580762992776,156.60433108372678
2011-12-16,152.37062063457648,76.47164764346701,59.67315355930969,75.94946482507896,107.150092347171,148.70832406706714,156.8103398135713
2011-12-19,151.8131562531401,76.78977750880128,60.28018526312554,76.34296633787223,107.76394269002309,149.59796649059535,157.19312228580142
2011-12-20,151.20817361960871,76.93623166044304,58.464918896821224,75.28079861287296,108.81455952396219,149.83425811960868,156.6782107993521
2011-12-21,150.62948300987853,76.93254755156161,58.25002554942779,77.17413187228297,108.92432813553197,148.62831556864273,157.7378529326717
2011-12-22,149.79456632420872,78.14848296159651,56.988044755607625,76.86336531034,108.63293453207245,146.14569802621716,158.75521891555675
2011-12-23,149.82464647583143,78.09703698274689,55.33933356710768,75.50407401965045,109.31390675014939,147.95201507600487,159.0018862456302
2011-12-26,151.06785577478007,77.33261871101607,57.23479041140596,74.23147529201259,109.06567604062045,150.05283154680353,158.79871916206915
2011-12-27,150.11055817456355,77.4086327808925,56.57314115084265,74.87121691241687,108.98793628819621,150.96258341388864,160.15586832690013
2011-12-28,148.44047305430334,77.8165083084688,56.67668955403432,75.02815039517884,110.61348718778876,151.83510379760102,161.1886541525707
2011-12-29,149.0183554055102,76.49711866767014,55.935512243337584,75.28698057929115,110.60634032927405,153.32711146329623,161.60936154496608
2011-12-30,148.0128876658697,77.3404252686701,56.7013636352846,74.83266482787344,109.62084497634095,153.46842159876877,162.28902215450907
2012-01-02,148.00114599094712,77.10290927613059,57.57986090949536,75.83348526071212,109.49687293725277,154.37396311907392,162.87959559893832
2012-01-03,148.18924004214023,77.01935143499486,56.46179080999098,75.28725109397243,109.57979666248552,154.33617450001046,163.3179753907433
2012-01-04,147.98653788292629,76.62295434425162,56.11262020160994,75.3353185299819,109.68849371392825,152.99323187879455,161.6415739891311
2012-01-05,148.41514025798904,76.68794205783274,55.86629904638552,75.44882044117091,110.01813421661625,151.09370947527898,161.4043066196833
2012-01-06,147.6333830627779,76.81153776902632,56.126413972741496,76.15723217959848,109.86280209351735,153.56860899323024,160.0866323454237
2012-01-09,147.6888826529303,76.74689395515925,54.92655404433209,75.87818623405776,109.45493284991358,152.9443847809782,161.9627948089247
2012-01-10,149.58898241289558,76.46439096766557,56.71789957580862,75.50367927024583,109.86696801786525,152.63287090664159,162.87938768430956
2012-01-11,150.22592268773806,76.63250867341316,56.52930338999012,76.47609519725899,109.89926685109373,152.07287140249872,163.42608387363492
2012-01-12,149.9761599295583,76.58513164480718,55.65964746189387,76.47272983887298,109.3710668771835,152.60700299260935,164.5897164027235
2012-01-13,149.3612564053596,76.16282924001177,56.0183918176484,76.20884166525549,109.93282973507706,153.08519759654317,163.97957217019655
2012-01-16,149.25135499136098,75.93781318697734,57.453320711627086,75.48309432676403,110.42772862442155,153.4853546929747,163.2500678310109
2012-01-17,150.2610415436258,75.74055837408343,57.26568883174584,75.05112812110082,111.30921730239425,153.53620988419073,165.22783725599572
2012-01-18,150.8429020179828,75.65235706781944,58.25937203963565,74.08567063091384,110.24912789614879,153.4013893852694,164.61787096635962
2012-01-19,151.41419417859206,76.02676053436794,58.646172026599736,73.91181711595837,110.59513277906177,153.85347017829554,164.70369954107733
2012-01-20,151.3039853881496,76.22440705550991,59.11386072746058,73.00314114022045,110.54766109355921,153.2684249169855,162.20103825355724
2012-01-23,150.88607298175157,75.29810343405528,59.48974816834881,74.19637538926285,110.87562084007311,152.86373371092074,164.3839517559086
2012-01-24,150.65359475922455,75.75221842941687,59.513108995875584,75.0341740464738,110.60135860719267,153.50789436155682,163.93787218202354
2012-01-25,150.44113059143996,75.96214769571233,60.05582474262699,74.27904469475479,111.1303057649308,153.79595147908842,164.766696368096
2012-01-26,150.56945647537353,76.31366804326267,61.62158915230344,75.06114608527857,112.04214340037043,153.1003553168691,164.2553338172957
2012-01-27,151.74159086199674,75.79904183092762,62.048550679868825,75.53268006862302,109.74910177629502,154.0604390152064,163.48469663215775
2012-01-30,152.49026077999176,75.5312071182755,62.36341781496391,75.84228268285919,109.08824457802523,153.4010285348832,163.68617357609511
2012-01-31,152.10769677469892,76.13538666171617,62.36606728637461,75.7066600981748,109.17691676819383,156.22043983761074,163.00406941365017
2012-02-01,152.35154341365111,75.86891565459003,62.97190591695069,75.76225254346109,110.02898192023468,155.1159110019531,161.9721192361882
2012-02-02,152.89329548488476,75.03061377016692,63.76146698980282,75.52593012831187,108.86029814045317,155.6908905882399,161.9241808106478
2012-02-03,153.04184071953435,75.97084812956655,64.07790788151995,75.64913903807629,107.86352849561527,154.40253631065386,162.83720844207542
2012-02-06,152.61118893446744,76.83346497869549,63.61653574453202,77.24478727393334,108.00215898613556,154.8819078475936,162.6053150588863
2012-02-07,152.02515914979512,76.14905909623712,62.84321590634844,77.33910304040724,107.43233183174539,155.0586348262535,162.65338874377724
2012-02-08,152.23130856242778,75.93912746925129,61.950746572492825,76.70319388072323,108.13389794633356,154.75946002489152,163.75339583581166
2012-02-09,152.25581100379225,75.65316786254654,61.32427932255613,76.88877546248486,107.71941751511352,154.16096054054802,163.01794338708203
2012-02-10,151.6237400238527,75.6602703387234,62.185816007777916,76.61520348756135,108.09318075907042,154.98128826794013,162.61458307322917
2012-02-13,151.52904043428754,77.1137618588507,61.359474958619856,76.58463093425924,107.1480461377139,154.67205712935586,163.10301268716591
2012-02-14,150.8233175538428,76.27331652539809,61.69042731046659,77.3336318793367,108.33429437387095,154.5831840979069,162.46343259538148
2012-02-15,152.36273871311397,75.89217573663588,60.72302600365732,77.85086424230914,107.28211666336797,155.7248448359769,163.26570087686795
2012-02-16,151.2839343948527,75.9660359246819,60.9567455231784,78.82444966867342,106.90277193794155,153.70600824475372,164.57036517597123
2012-02-17,150.71710271663747,76.4642942765533,61.30538847289095,78.34966840898028,107.05639372043728,153.3215113665406,165.77873303785663
2012-02-20,150.27697263651817,76.15562007215131,62.08295271859494,78.23681205552596,107.1087259387946,152.8269250134571,164.71403654731515
2012-02-21,152.70032290121867,76.01730110721006,61.328273114882286,78.1366686105977,107.35169815124698,152.4373171008605,165.95574328826044
2012-02-22,152.7241989772019,75.86748273847014,61.808583286969345,78.20637349055173,107.53607318958501,153.00042034165006,166.3261843876321
2012-02-23,153.3136017737778,75.41682347844994,61.67995410168935,78.60407749262632,105.7192932708024,152.79812317605695,167.12275734273405
2012-02-24,153.1261367648387,74.95815785502056,61.72907599837431,78.2149329305536,105.8387027312496,155.45804936218053,167.26470750350626
2012-02-27,152.46828447867213,73.89041495902408,61.99701855623916,78.09508223576678,104.7265019337918,155.51526599520736,165.88128345950088
2012-02-28,152.7914065969402,72.91144784689733,62.46710554699332,78.05648185512266,104.48537915962865,157.04694083296928,167.64340080287838
2012-02-29,152.50711774726364,72.52864781616987,61.845783062310815,78.69625284169119,104.32450538733846,159.04210300961327,167.67346923337493
2012-03-01,153.33586625088384,72.35830690430977,62.285345143956846,78.67048041232205,105.47868139095542,159.99797007066059,167.4519571960617
2012-03-02,153.48074959324052,72.13945877274404,62.11045041621706,79.9679513966091,105.53915678798224,159.82642644015425,168.12577182001735
2012-03-05,153.71039893515393,71.46035079990284,62.99802746128908,80.34053807420798,105.18268158981621,160.00848160352749,167.7808628834041
2012-03-06,153.96243343073988,71.87526867921568,62.7928531605631,81.14749985235343,106.17253069425341,160.14618123629708,169.8875581463067
2012-03-07,154.28918667074274,72.87388723279989,62.164978679257004,81.17138441986727,106.21915146534612,160.48869342831813,169.8478211388985
2012-03-08,153.6773206034934,74.23016779331495,61.74696265342283,80.61352899930777,105.52429705714584,160.53737316448715,169.78331701714808
2012-03-09,153.56713300695372,74.34918921593457,62.05370688840837,80.00495272267747,105.79894151982721,160.68956521079238,170.31000060258242
2012-03-12,152.18748511995727,73.69068982404441,62.175916400547784,80.62328728389858,105.8363055283903,159.78898702673524,171.0968441936453
2012-03-13,152.2211881451422,74.58502918418871,61.89340101665056,79.73771583618887,105.48728914831491,159.64887411227366,167.43359992066888
2012-03-14,153.5802758955041,74.29925991096603,62.453181217541236,79.31843758236802,106.8856175711629,159.37554935114792,169.21334127594838
2012-03-15,152.614916964701,74.19320077287438,62.81272788684999,78.87746839023019,106.47874583636965,159.46338711799595,172.35771326386123
2012-03-16,153.20764355955978,73.94083593336178,62.45152249960572,78.23196853972274,106.5575431270772,157.57855301800004,168.55116672812233
2012-03-19,152.82085141503535,73.40083690977956,62.88215505805943,78.88214141040994,107.88732553848082,156.70572988815502,170.04266820763763
2012-03-20,154.11842960959078,73.78740760427128,62.80486328605141,79.27471141724165,106.9560451096279,157.52477740886468,168.70514606892485
2012-03-21,153.96756941373448,73.09983117737485,63.488836521627015,79.37826002521244,107.31402032107731,155.81243759779474,169.2434184490561
2012-03-22,154.38776313864585,72.10024703498311,63.34995677198073,82.08503029674543,109.61207384726828,157.44164201444474,161.97989437853923
2012-03-23,154.10291723310536,71.52242976116668,63.45157931519669,81.6860660716138,110.3952583332152,157.13975930751712,163.6995451020865
2012-03-26,154.79389177174252,71.33918421946318,63.60937604865604,80.63827412074897,110.7068550888226,156.5514149657233,164.3003225962169
2012-03-27,154.99276400217187,70.85324216848021,63.3596852600607,80.16109004894903,110.05794904987629,158.53429730892427,166.05937883456542
2012-03-28,154.95085058024048,71.07338342600022,62.77909569845974,80.45964095861258,111.28207929777784,156.3056039307703,168.21316149752462
2012-03-29,154.4005458844881,70.65601503009411,62.190420182300564,79.30904360598129,111.37687338312651,156.672301863721,169.2429221490244
2012-03-30,155.03136667637375,70.54772715179688,61.794727813164165,78.96098937877474,111.80896080284897,158.6333069605815,168.31856038421537
2012-04-02,154.923172163924,71.76402308002065,60.66436853769036,80.29627113091988,111.59760827729694,160.3405089043212,166.12199937104705
2012-04-03,154.82925060278637,72.09900302314749,60.766369563234385,80.06243969661598,111.98764763862314,161.1149259694893,158.79100432637608
2012-04-04,155.4600448051569,71.87062133883602,60.848893436775235,79.80899129486625,112.3431997221066,161.60928256019275,159.14212674897533
2012-04-05,155.52226362057908,71.98887102955462,61.842598170957345,80.22112626970265,112.72591230863931,161.88962531231084,156.45710240985872
2012-04-06,155.48959811559345,72.29497062288267,60.357300564021955,78.88779831208585,112.47466806001849,160.88122757739686,155.75593933810464
2012-04-09,156.3189828177132,72.3591033423491,60.7948509899595,78.89212772153907,113.19877311502492,160.72057108368662,157.76875144153743
2012-04-10,156.79139052220182,72.29963519063895,62.541524536740575,77.40739509109973,113.84424035590919,161.9459565449445,160.02378363664238
2012-04-11,156.62862469173263,71.91025953234785,63.17926787624173,78.63710067276979,114.12575154476734,162.59311560702113,157.1340057403374
2012-04-12,157.42995951341143,72.73653927863835,62.838797722943056,79.2046768613602,114.97044578431661,162.74803600044092,151.09126747046977
2012-04-13,156.83950884259897,73.66569052248568,63.63113921970909,79.4137028695058,114.3077880373401,163.01827530825545,143.76400504782544
2012-04-16,156.81898527011646,73.49214904768091,63.83111435114011,79.70047402253265,114.4855873140519,162.30828041786296,141.86948846315838
2012-04-17,155.54378902853634,72.86651483338508,64.2495367580893,79.94456571736481,114.38558781794872,161.6172708931149,138.5882626210216
2012-04-18,154.2196490654374,73.0025226289406,64.32784467583834,79.90844963312415,113.84134194581009,161.44858952903743,141.5788999505678
2012-04-19,152.58853023919937,73.15572588852845,63.796342460720076,79.67125314318528,114.14692238607623,156.60576064131195,136.67275962024215
2012-04-20,152.152938464643,73.63464221743403,63.28599568795027,79.51593752680292,113.0850749069401,161.41569151787212,140.9732398636162
2012-04-23,151.9855240028938,73.52008951021176,62.795357697178645,79.70252761901827,115.14549266737802,159.64346845412766,147.3333711039938
2012-04-24,152.8308851238466,73.64068545047773,62.582470343108184,79.1983292072682,114.87109313859918,161.19080587265321,145.94212429171037
2012-04-25,153.64507030464446,73.39991735620545,62.66496491654692,78.71699030351716,114.76729444807141,161.70410111151926,140.36814365999012
2012-04-26,153.283006354577,73.51077123234705,62.61780815159023,78.46918788847069,114.70414457666413,162.3708744729662,142.52666953094817
2012-04-27,153.8137063145781,73.36810447166371,61.96671929084772,78.66697381931132,114.3021300887398,162.63523589515378,140.81424047835404
2012-04-30,153.47313535799668,72.86757456348431,61.116408751137534,78.58386558821742,115.0175199430637,159.612987027812,142.32842241506063
2012-05-01,153.14833183440396,73.26284701593158,61.11210324405278,79.24950790421018,115.46095546754826,161.12933079637466,141.54768311918727
2012-05-02,155.92746661626043,73.27143109298643,61.34072482923867,79.27152323460076,115.06504439440063,162.96154739104182,141.75163192436534
2012-05-03,154.69592285880225,73.29736754360849,61.54501847927425,78.76071674252248,115.8077270591089,164.0786380332804,140.92596413986274
2012-05-04,153.5073624749926,73.99964289650637,60.47154467432538,79.14384615657235,115.5698819104822,159.91143538818272,139.71936634098887
2012-05-07,153.78353521601596,73.85557673462225,60.77091077111817,78.93966497109095,115.84795408911843,159.7534884267181,140.55593503553615
2012-05-08,152.64396737057623,74.38868005610259,60.56333666401068,78.94428252980168,115.08256137653532,157.78207471466516,139.82499060761097
2012-05-09,152.8669834239126,73.98357169467215,60.285122292413696,79.86044969454707,114.33693191790813,159.27208455750383,134.8211756321728
2012-05-10,152.22020991858457,73.57222474311517,60.037718559563174,80.05834870099169,112.69162427459506,160.16066256432464,136.88422655374438
2012-05-11,151.9278232931474,73.66555623461926,59.52661513753086,80.5026310082398,114.5510186301995,157.44107723169208,138.28485018451008
2012-05-14,151.5862414058172,73.78483142555875,60.00393956828254,80.64213629079393,112.7030538100291,155.99434885338204,145.48662904320375
2012-05-15,150.69618866086708,73.48179704786236,60.73628518570325,80.43924423215505,111.97730569396606,155.1883112863515,140.97902453542918
2012-05-16,150.8002670891295,72.59349503958786,60.68415928081105,80.52846082795254,109.76849329163532,158.10360971864577,138.9220313115463
2012-05-17,149.9261622701089,72.73707628205611,61.046159241408624,80.13106115846016,109.84556395712403,152.94374710216238,135.26251119675763
2012-05-18,150.11291774408923,72.70539309908365,61.27080342316244,80.02908396046932,110.81747576907456,151.2310102822631,136.42508998559094
2012-05-21,149.7836138301626,73.1488965552306,60.808039102191096,79.70403686007685,108.69360727190364,149.4399336053807,133.27863951467165
2012-05-22,151.0589844112632,73.32921430562631,61.53253372480181,79.84002015220133,108.64750483608768,151.75891099738243,136.6899270463329
2012-05-23,150.844584815907,73.01083098529492,61.56895510166829,79.7448489278106,108.70473537239982,152.22547442307254,136.3714758688294
2012-05-24,149.9785912862119,72.8496860256486,61.789407167952184,79.62570254830328,105.66269247755716,151.4521155964864,133.810996052825
2012-05-25,149.97566447981544,72.44024453244744,62.915782351904625,79.48073715503249,105.81746944164229,152.56657753062518,129.01414455500506
2012-05-28,150.88113402967753,73.3543462993328,63.210331103591855,78.68790789472884,106.61026935362766,154.94974548263636,127.74430506231799
2012-05-29,150.74564413602292,72.98771986233297,62.820458459395404,78.7036611655515,106.80207184327026,156.3769705099632,125.86829932842107
2012-05-30,150.27911507123525,73.02558064593407,63.05972972534622,78.19758098106597,105.73959926157234,154.70527636429048,125.40447532380183
2012-05-31,149.58809236139223,73.37923801387315,62.92025073662681,79.24495037089187,105.94964570197166,154.8855616531757,122.70261890950263
2012-06-01,148.93020559004273,73.39538288761001,63.55150085014775,80.33795596284831,106.51015927217024,155.48856756290584,124.87444562800928
2012-06-04,148.45738244166878,73.72047162907879,63.59716492878143,79.33125722270773,105.63254282273437,154.96195963575929,126.81302803796338
2012-06-05,148.63270352372564,74.28865059350349,63.4103660690534,79.57832060546227,104.83557983640084,156.0457318625891,128.56761670260758
2012-06-06,148.55900439698104,74.57403775029081,63.51290797029897,79.42944250784534,103.99238766660378,154.3807606608367,128.0784340242162
2012-06-07,149.28404446168068,74.472255093411,63.710524407007476,79.92835268038449,103.57029973359343,153.70285878676685,128.22079087429736
2012-06-08,149.57847434390635,75.28520537004177,63.19263552490261,80.71876674288337,103.67189473020606,155.2857790810526,126.63542243200736
2012-06-11,150.15507333017953,75.47981716679331,62.80887559808143,80.56087637227188,103.71762569439677,153.02552765414706,125.40877335114912
2012-06-12,150.90918629563998,76.27835724374646,61.90829556898594,80.59218633066904,102.90584884085011,150.17800567576717,126.75624448286574
2012-06-13,150.87286882042594,76.2138629154458,61.02856225551515,80.81252254196288,102.26083234705482,149.3857812443963,127.21007468574092
2012-06-14,151.42077659615845,76.17137077157183,60.749880242015266,80.26386388933666,101.71404337149767,146.48001440995083,132.00851422802864
2012-06-15,151.83069718271898,76.08144676826298,60.24104574739659,80.59326932745053,101.00370079723804,152.66785109394723,132.20333803097785
2012-06-18,152.0018727623304,75.82753529928037,60.7425946656678,80.30885014443199,101.51755266592296,153.7836382154335,130.24778437981556
2012-06-19,151.60400682136486,75.4029157229851,59.87224673265082,80.78165037421752,101.5507830995808,149.2610610122596,128.86299984620274
2012-06-20,152.42702078641219,75.06464419140543,60.260898940261505,81.05150015693754,101.5709269357493,152.7973276070114,128.76550710500766
2012-06-21,153.30690465732374,75.93895069917372,60.19987180756094,80.62119368426937,99.22556758788319,158.71721058275887,129.50364113801228
2012-06-22,153.9530277635958,75.80564613347313,59.98136803749321,82.25512122931843,99.50440217813123,162.72624949416718,130.65544469771717
2012-06-25,154.84032095963823,75.49101348639284,60.13398315824117,82.5694632487692,100.12480667944894,164.47008245892147,128.77466621726114
2012-06-26,154.3808391333571,74.7942967936451,59.0224668442181,82.67639465392509,99.88144141975224,163.25388281858966,127.87025320256313
2012-06-27,152.5061883795842,74.8657822292855,59.14074989735982,82.57965298845477,99.5410130113535,162.09401029561218,130.24403033427524
2012-06-28,152.58922999422722,76.05396717580965,60.52805908917525,83.10841482877572,98.28183745083555,164.53049397084789,130.59465486044962
2012-06-29,151.72377565777535,76.05895027055382,61.14868840211017,82.90367747693439,98.8996570588138,163.03524152467705,131.81499909629403
2012-07-02,151.39168320866978,75.21120400311548,60.69915485302015,83.04565330285101,99.38412953507026,164.3705960979096,131.56090037764827
2012-07-03,152.85615483384754,76.14112028450539,60.66837379252317,84.18145950770324,98.80600474219749,170.9398136655177,132.15599905277463
2012-07-04,152.85243772240202,76.37851520472795,61.11390833535553,84.18542950030886,97.49887897564123,167.88498093142155,126.5277420940022
2012-07-05,153.139891267858,75.57940975379647,61.79734671431325,84.5034434964193,96.3668205088195,170.81389839190433,124.89101321665714
2012-07-06,152.80937007873763,74.4666723874324,61.40715063639032,83.92950420780853,95.57157623941941,175.42672494004836,123.7646713048149
2012-07-09,152.57548395980615,74.73101977747346,61.28223152227711,84.25340468330928,96.85215245771174,178.40491739378413,122.06110230980525
2012-07-10,151.92037374044634,75.21308758702735,60.547504462047726,84.58251743758919,95.17317421853978,176.73825401751148,125.00359412786452
2012-07-11,152.91645822075816,74.96148218151258,60.00798899337609,84.37686856918116,95.86468180167023,177.98613469954466,122.13295958486668
2012-07-12,152.52725124806287,75.0277959462846,60.47871376099141,84.62131204612331,95.31247822140892,177.3553841527506,124.29522557644343
2012-07-13,153.41323270183267,76.04620752537686,59.03633913194608,84.68533643081078,94.88308563603812,178.19432809126005,121.38211867834083
2012-07-16,153.1558886236832,76.55280126248864,59.94518053113609,85.21677541616576,94.8957393158277,178.08396538981464,121.99658964925626
2012-07-17,152.00733286761107,76.9792044354851,59.10355055286567,85.53946528539569,95.23154948476684,175.59502004043551,122.20191389832246
2012-07-18,152.31748350842665,78.01760685705138,56.5617347440589,86.24107530720416,97.93160000152754,173.13278086804092,120.56651436684659
2012-07-19,149.8085838311135,78.4121034794722,58.49191304828221,85.47153525379318,98.21896081600883,171.20321704493892,119.27582936373393
2012-07-20,148.8772386137473,78.76434829019158,57.77953199266307,85.71764132863203,98.54704892845953,171.7481888135085,119.37212805735882
2012-07-23,147.6156767513765,77.3653472428703,57.87800471729008,86.0936688886208,98.28400491374296,171.67865723260346,120.75546482800497
2012-07-24,149.49667746091097,77.61171285056801,57.09693463269737,86.136323287204,98.87312510762587,172.32625840911552,127.52236851434473
2012-07-25,151.0684577288426,78.47517084719748,57.627708522257755,86.0940430906979,98.41621918642976,172.11687373852848,129.67348796809333
2012-07-26,150.98693879022392,77.7776215565683,57.11646644422483,86.26223709786825,99.37984969668842,171.7424378530648,124.86187726893392
2012-07-27,149.99461564083828,78.35600830065624,60.30251199565346,86.1902709062736,100.3916131352735,174.53406319315943,115.65772312402639
2012-07-30,149.45294802595342,78.27685493029594,59.90611930709328,86.30335978039209,100.49181917006057,176.13055583394063,112.86149668685074
2012-07-31,148.38361611013764,79.72586869739567,60.59936468062357,85.59208647612688,99.92576673714129,176.69180596586838,111.3534045646534
2012-08-01,148.58874678321763,80.0729319569387,60.51237813647905,86.68319126489868,99.97890776589492,177.7451537788447,110.2838225663856
2012-08-02,150.60250703421468,80.34500683956196,60.33838416444021,86.46375254689201,99.68453869877953,177.65038779673134,109.07579394091023
2012-08-03,151.36760100715466,79.60681816141707,60.71263934105655,86.44665786082463,101.14522535335422,177.0532068094511,113.85141841182606
2012-08-06,151.3798132197973,78.8925423095543,60.372014211542236,86.31721007771408,101.44020879373319,177.3091017632436,109.59567686455195
2012-08-07,153.06989321182826,79.05804125535553,59.93841108695721,85.80707069589505,101.55042451431873,172.02356431685646,104.13850469617556
2012-08-08,155.59638854721223,80.60031737042466,60.366509916798805,85.29528458174394,101.64085438596358,173.23562661894314,99.88402036527823
2012-08-09,156.33251750086578,82.18308599670125,60.21411787911831,85.61585415775363,101.66112683356104,179.46823827314807,100.63460659325878
2012-08-10,155.8871309299159,82.33525856585622,59.933696366378086,85.03738454040106,101.62659751608723,172.60501020123826,98.4174047358043
2012-08-13,156.36105592178205,81.53915444900832,59.8165613647088,84.53234403092779,101.29983730024726,174.9009761267693,94.75479299195678
2012-08-14,156.95189153563877,81.95406293206146,59.289743510676544,85.78664791745052,101.62746228659933,174.87687033120707,93.44217347936954
2012-08-15,156.3714818286654,83.03826399204674,60.311628704488584,85.34560407884253,101.47966927027315,174.0723465554286,89.08178467481062
2012-08-16,157.06509729923692,81.57381042342465,62.422730381419875,85.31551522091567,99.8753932333392,175.02912229695133,86.09111901408957
2012-08-17,158.63867538325212,81.20354856641382,62.125656222430315,85.67686988822915,98.63141667604307,172.95652152774917,83.95718779488489
2012-08-20,159.12979844316774,81.08885462546901,62.187843802890605,85.96893903593863,99.30594578363183,176.2801524387975,82.11300265171653
2012-08-21,158.91826262987308,81.09675264908657,62.91230617874243,85.93853425670954,99.66629274828172,178.17708304002514,82.85849731224339
2012-08-22,159.71928443343148,79.42971611540864,62.51878323433327,85.70601526022274,102.30712241370878,177.98422816574742,82.21610231442232
2012-08-23,159.9558843177965,79.88992814362217,62.66809005188987,85.29275593943628,101.94340230141586,179.30313014840686,79.35187116372474
2012-08-24,161.0473326868447,78.91988286242102,63.08503801684534,84.82255057219089,101.3625846093167,180.0848520885841,82.93831413246723
2012-08-27,161.73171457856407,79.39937842110747,62.360899613856446,85.78914250953638,101.48168472293581,179.69941204376454,79.9599460639511
2012-08-28,162.32292535637794,80.57377079439527,63.515173884395566,85.40719863648921,99.77651859195082,180.31959415818963,79.2988296217764
2012-08-29,162.18783467871222,80.82747412435661,63.517064940149986,85.38136736922598,100.08290172994262,178.60206143923628,83.49108421310979
2012-08-30,161.7230353462134,80.91960273600098,63.88920817189581,85.58572579723365,99.90010269397371,175.6581076228144,84.14177318818142
2012-08-31,162.8531776210692,81.129811606343,63.89068417716212,85.36350508672541,99.47937534781775,177.03914079988985,82.82887971049392
2012-09-03,162.9814071824864,81.63040829863523,63.359440667667165,85.48764477313891,100.69875975111172,178.52977454986134,83.15259688880984
2012-09-04,163.39367903973815,81.4485367851086,63.20936631108915,85.44707558231461,100.13301474301502,179.2623462809038,81.63024160017244
2012-09-05,163.20977338847214,80.49927437267743,63.09916524138138,84.96717829751142,99.62769858880735,181.4246923615359,81.76277589821845
2012-09-06,162.55693776702225,80.80746067477253,63.08336215349581,84.99605932431658,97.38156867455312,177.88882723759136,80.07997989455336
2012-09-07,162.98026955194248,80.55334249525248,63.118018468184445,85.35020297945168,98.44181590034681,174.80006338965777,81.85784621373752
2012-09-10,163.07286419399412,81.17014453352925,63.79320386609635,85.50913112558658,99.20248950929819,174.66615794047837,80.4277977250654
2012-09-11,164.48642348948016,82.49496239998484,63.19690134495002,85.73583281890654,101.04018087237523,172.20475138448336,81.71857005979025
2012-09-12,163.6315187923171,82.37168642551215,63.20447072913375,85.6529760804773,100.40512817022369,173.21982966010822,81.8195265141504
2012-09-13,163.4139680647215,81.8799798346391,63.27979891522694,85.48709880132058,100.35935554471038,172.20877719699828,82.43154027595834
2012-09-14,162.15186333459087,81.54979418556955,63.15084868337684,84.89655093611945,99.91689115524483,170.53961728712915,82.68186795865167
2012-09-17,161.37875784953386,82.08050735139977,64.22803625842968,85.23630520433917,98.99489517977649,166.67586936919113,82.17403415243744
2012-09-18,161.36520315991234,82.61671528028062,65.23022487381472,85.48606852836338,98.89491771577143,169.71229176518617,78.9480905639471
2012-09-19,161.82756350198076,83.059310630646,65.88319735634165,85.33858273994096,99.3918580577243,168.9319229245619,78.9848067684786
2012-09-20,161.76303926600852,82.74707013775172,66.39830510255989,85.67352243417206,99.06833841943059,168.1795769770768,79.93187362370494
2012-09-21,161.40847658502963,82.39511356207406,66.42441819484634,85.65743574497517,99.0550555927194,173.34634385120492,81.92061861152209
2012-09-24,162.24745809732102,81.85826637337898,66.13490286820324,85.79257127559379,98.6424675524452,170.96575259244028,79.78217905684872
2012-09-25,161.75117243283958,82.73946602786447,66.17995278008462,84.9755003127133,98.8879707318723,174.42427550654264,79.55586108837049
2012-09-26,161.73998354870196,82.45655921280667,65.90484404159803,84.69191360856165,99.38729948026207,175.0199223583636,81.5423661536502
2012-09-27,161.22819393284183,83.81486172476683,66.23048638815058,85.2462735878153,99.34438400877616,174.72781484185668,84.68337866240861
2012-09-28,160.68925675132232,84.59878978985948,65.78827977146958,84.44163134052056,98.29853797153022,177.166413681168,85.81263658484767
2012-10-01,159.74004803620238,84.51720373848264,66.1977110935993,84.8598537139148,98.89248081819157,175.3998897874537,87.30612817430013
2012-10-02,159.42562713859618,84.24756839066634,65.67099234825653,84.51432855049373,99.51069543480514,174.810407187947,87.2625245638241
2012-10-03,160.0487896094779,84.71578563578788,64.8643382006006,84.65128251154646,98.56544129221716,176.51113907600705,88.9526900811752
2012-10-04,161.28346065961097,84.52880653204261,64.8976870073979,83.97598638590382,99.92474910553733,172.93372427279922,90.56396105639155
2012-10-05,159.06488459106802,83.13940342823679,65.09179509104676,84.27161272132858,100.68674433584741,173.10274183364268,89.73638233072708
2012-10-08,160.3055840697769,83.2865826818706,64.73269740471355,84.28752439301705,100.63057392080916,174.71772523905958,88.84034924033567
2012-10-09,162.23892825578577,83.20843555195881,64.23349781112626,84.63736297249476,102.33268863129231,177.13385663760755,88.22352705044628
2012-10-10,159.98995432128885,83.6421464509171,64.67371493488677,85.05224906346567,102.46757561252912,177.01412029780207,90.69554143305645
2012-10-11,160.0432391962523,83.95306313782021,64.1461015337569,85.11299449157318,102.75439589113782,176.53072061752104,90.82610046220407
2012-10-12,159.27993637484445,84.18568407722141,63.95804998583129,84.93061997035495,103.03292975182245,175.83230120077025,89.72842319074029
2012-10-15,159.01457284544665,83.56807491615626,63.61456894612587,84.60085100374435,103.28800612653492,177.01743451554466,89.38408223102687
2012-10-16,159.10111731246158,83.27775788811711,64.02714916100476,84.57858124066611,102.97536843315558,180.7319126418279,91.31911442554517
2012-10-17,160.27322055346764,82.56724197878505,64.03867214694195,84.68891766918738,103.54781236812848,179.76060099281403,90.59020855617166
2012-10-18,161.30980209036218,83.6425917895057,62.08980005117922,84.6825129673368,103.81683332524045,179.63887029128128,90.16346082047608
2012-10-19,161.2315441096781,83.87588875039299,61.56583579614251,84.3332572072234,104.65064748292386,177.44695685886052,90.93820436911832
2012-10-22,160.9017807994576,83.69809367119203,61.01539852964176,84.0261559221997,104.62146522342726,176.338356126503,93.54821116797686
2012-10-23,161.56806027372951,84.00147004607841,61.02475453299645,83.74815897241852,104.59901152324728,176.87821843715304,94.8749624467733
2012-10-24,162.99233664464052,84.02575964722726,60.90974816694778,83.16589266361846,104.56470697387302,176.61289852948133,96.18335391582092
2012-10-25,163.53946501224718,84.29898307531161,61.41229222944131,83.31080061255018,104.5168906819517,175.0587781957014,95.62617215131534
2012-10-26,162.9004733490109,84.5836482529843,61.85247886344928,83.09887756457563,105.320368894853,173.98869782297513,94.16295931819332
2012-10-29,162.7199160753203,84.55792239993075,61.18461448932536,83.1614300058183,105.33435319305931,175.09086494285893,95.16740150673974
2012-10-30,162.87280279676278,84.57184515883661,60.84186584367114,83.57490145937334,106.41859315713847,173.06882483453865,92.6251240666201
2012-10-31,162.56171213234472,84.08430673726937,62.04638284421209,83.69576310786556,107.90963186190487,173.56883767789094,92.29234890199074
2012-11-01,162.52291566630058,85.05384951622747,62.13476158009258,83.87085893460676,108.11905650118774,171.80668496736956,91.13819678061299
2012-11-02,162.31188876256527,85.47049011144631,62.19957572840899,83.92033357411846,108.49564687984588,171.13158922955307,91.47214820137445
2012-11-05,162.1935187258595,84.48217365760932,61.806287965322525,84.24421631524996,109.03610341119212,171.42779383592494,90.93839209681343
2012-11-06,166.1371446613941,84.3360948077161,62.43533194156271,83.5905417775499,109.74502764092317,173.09398144940434,90.07430998336731
2012-11-07,163.4228989041792,83.83002592777176,62.18359608481924,83.6380902879856,109.42697532297413,170.78115227449226,88.65656175513237
2012-11-08,163.34451831891977,84.65634114723453,62.12330350679334,82.93828483537797,110.15170395581562,174.9500503501169,88.75839268435735
2012-11-09,166.24134650704204,84.42900680207217,62.08566900270859,83.79531560510713,110.6623727118483,173.73049032110123,88.76000919724578
2012-11-12,166.71079770034473,84.19008176368759,61.73864207849745,83.68365246235716,111.01922062098271,174.3667193839597,89.30014687035074
2012-11-13,165.63954883644521,84.26191148289544,61.925041448447615,83.76739797748805,111.00132896944375,174.22284977551635,90.69324194775773
2012-11-14,166.9504194190607,84.05548591946524,62.47423477390056,83.50039337833279,111.3954875638393,173.85993496951923,91.04491912234296
2012-11-15,167.10283131666958,84.44601366840119,61.10082201647822,82.76944042931514,111.25184710621433,176.47887478033905,91.07547213928594
2012-11-16,167.07462877754853,84.13589600867746,61.6505095278764,84.75522521515175,110.73352274470952,176.3443004084569,92.44839013460351
2012-11-19,166.97175192359137,83.35075978094422,61.5356596093856,85.55570564894929,109.47860001456652,178.99924923199126,93.7506524772891
2012-11-20,165.28678292139227,83.33621071218586,61.32236291256669,85.27355009430113,110.02622873869929,178.89701045515233,95.37283128182624
2012-11-21,165.26215549145957,81.95748578678709,60.86982711072571,85.62232304613526,109.42622780552702,176.38148123341873,96.81859110981507
2012-11-22,167.19437180082636,81.43684591393993,60.99990025136735,85.63732152501308,110.1598418122364,177.5819337412742,96.84324688099305
2012-11-23,166.6937150308425,82.26309114268327,61.89764214536902,85.01827630643103,109.84672347803303,178.16590668929638,96.90068123696453
2012-11-26,168.9993408545886,82.89541722429651,61.36381584316462,85.54964785344605,109.67571618825079,177.42868481344752,97.46880880191635
2012-11-27,169.1690828921008,82.63811203090768,62.23838420687921,85.73368159129792,108.5609619530663,174.98649887421553,97.06781289135644
2012-11-28,168.81187914141356,83.59795956285822,62.65411312053,86.3981533056323,108.85138609931212,174.7425876711655,98.57358658313548
2012-11-29,168.1464473584145,83.29745562573838,62.45740277227459,86.84938963406164,109.7087022853723,174.23893481981452,97.75344391138277
2012-11-30,168.09322908656762,83.36763511890253,62.58652931502525,87.0789005520274,108.79100038061723,173.25681947923056,98.68522492705743
2012-12-03,169.19207420070734,83.71484761639604,62.605205066507324,87.24467525988648,109.71969958421782,172.6498859528372,99.52839903126863
2012-12-04,168.7633852643264,83.47317695628426,62.438702475964085,87.06569548508469,109.07514252276586,171.80826921447647,99.98949423895004
2012-12-05,169.42251892343418,83.72089264871508,61.97614144473302,85.55717941443102,109.32281440318077,171.29170243502293,99.97719013630265
2012-12-06,169.31004625623075,83.48273412996026,61.99595709199703,85.51840445069439,109.45982761270211,169.3592296396903,100.46015905619511
2012-12-07,169.50232299418997,82.68521330588742,62.78640742074264,85.93885984471095,109.31342601491839,164.86891531397328,99.49187972593042
2012-12-10,168.94121790287574,82.36631921725991,63.11203808678639,85.32791393602828,109.49269733936032,168.74810397566043,99.25773930019244
2012-12-11,169.11570967190605,82.19273820959206,63.3897877592846,85.3373057135174,108.96525874870062,168.67298646891825,99.78996794012441
2012-12-12,169.73226190388746,81.39480595520268,64.14346477744888,85.37236726439825,108.4243652000334,168.78245741202613,101.19930693178685
2012-12-13,171.55596610803366,81.34502801476395,63.19550552104209,85.33578809647015,107.93301436691164,168.68484369504958,101.35130354739316
2012-12-14,168.02663317714365,81.18949203866168,63.46844612934506,85.1776383289905,106.91583599226554,168.07522756598917,101.76037537501453
2012-12-17,169.96397392045614,80.87319572266607,63.067484375796994,85.37835325020559,107.00001691932918,167.99688705369448,102.71515332494143
2012-12-18,169.4854215815524,80.64821493472283,63.23152567259934,86.0040499032889,107.70969681908781,167.98595941739708,101.91671746163784
2012-12-19,171.29812658194692,80.92265717773229,62.80357284754314,85.18796252447441,107.35848997889264,167.96166118851073,100.75029279844972
2012-12-20,171.5874897263959,80.11259886362512,61.751675194020926,84.46541993601066,107.3900442096563,167.82031163192863,100.58474194642565
2012-12-21,170.99476487904386,79.44837461343194,62.3122020796637,84.16230390112221,107.90556142249417,164.94561048498306,100.39201041617096
2012-12-24,171.91074805117293,80.33316595395841,62.51772292295844,84.16460836303514,108.1868655002402,164.83788785958512,98.63102510953978
2012-12-25,178.16184618559953,80.83009093446456,62.05890321600862,84.33204109532726,108.17408353823733,164.92981951199684,99.54798690762699
2012-12-26,178.96417942393518,80.95621440745278,61.572537208044544,84.95602517724262,107.8456999599853,165.91358218139527,99.1130581519201
2012-12-27,180.33706908499255,81.97917585983151,60.64783468759478,84.59359729731887,110.5904393307767,165.33039577922588,99.07049514056968
2012-12-28,182.68889279415663,82.57189102609821,60.52425470633806,83.8836837437247,111.3510634878335,164.4365301406676,99.67851394510006
2012-12-31,183.16872579832653,82.7357488303264,60.13403264602186,83.95816740843085,111.10342411271995,163.45066504944833,100.90323567068957
2013-01-01,184.8835000831184,82.92681529487851,59.97235124253461,83.14191826501235,110.50252181972225,163.92218086958343,100.77326403158354
2013-01-02,186.74069844739418,82.78768472853758,60.445890638089956,83.46582447103222,109.15451190953067,164.3542570086859,100.6464245784192
2013-01-03,184.90890385200473,82.81060553485605,60.313178444042144,83.8059406615654,108.52554345124135,166.81186927002761,100.10388940955525
2013-01-04,184.88984452406203,83.15533343090867,60.187794287110755,84.3358365649917,108.70064245248159,167.51311252208419,100.63185365383943
2013-01-07,185.0537396956515,83.00411688597677,60.390960591659955,84.70501029540493,107.13729139627436,170.53482319455705,100.62056332800177
2013-01-08,186.41997086952253,82.84136556582091,61.01953635061266,84.67028379303517,107.63106818985645,168.32573042057518,99.23973768310499
2013-01-09,188.11509015484157,83.05381444899193,60.156009535833626,83.29809993486552,108.44542187583367,169.9137198137785,100.67654774699115
2013-01-10,187.76449115657783,83.10216193565672,59.22840885518823,83.36350698876203,107.56353628777325,169.01890452369085,101.83083762957489
2013-01-11,187.4604571508297,82.27401725491755,59.72021799052934,82.90588843357521,107.3209125427385,168.40081604817823,102.57572572726725
2013-01-14,187.95212801870773,82.82620869532848,58.67686889695753,82.59079952105573,107.0329703032914,168.50908425930555,103.17683790275231
2013-01-15,186.17909866672758,82.63411283376986,58.86170067123324,82.74271774136098,106.38368431865135,169.65235243460307,103.64550714271479
2013-01-16,186.57198363686877,82.87246198434575,59.85655761183277,82.5488149237885,105.727887235089,169.64856335968267,103.86333255013946
2013-01-17,186.5261062525407,82.8753947618704,59.46937644971527,81.98735857544791,106.39141694113368,168.6151240771342,104.25488236967676
2013-01-18,186.7781610849767,83.16333640193469,59.19529184787395,82.28452941891761,106.69387873725502,169.53833850924536,103.39180015461447
2013-01-21,186.4382965276902,83.00445442479632,59.55945058631469,81.90513129380884,107.56043084424093,168.6576244005856,102.87195474804408
2013-01-22,185.19507943081487,83.50700385997818,59.51847232322056,81.72305001425894,107.50601944552893,168.59024538905877,103.20182459985357
2013-01-23,187.14444146731165,83.95420050981728,59.716738306471235,81.92733550445874,107.947958664551,169.65572930371013,103.50568767968522
2013-01-24,187.14001975825616,84.6651848877697,58.21272007963791,81.78448765963586,107.5737714384215,168.830602222618,103.24392437105486
2013-01-25,187.62483827093808,84.88027028063806,58.50757625087319,81.35623083372387,108.17122892569854,169.55131499699024,101.22346717577736
2013-01-28,186.2220383744959,84.89261739183274,59.5971630785922,81.72645796021911,107.91164483859234,170.21561623565995,101.74761663624584
2013-01-29,186.29111341542756,85.20060909901959,58.8125474829601,81.69579740366297,108.63406337259322,173.0950432844976,102.5339861596733
2013-01-30,185.2875892407111,84.9214031465858,58.830820999941196,80.99833024440042,109.36430544418744,168.29091777177624,104.66005754501302
2013-01-31,184.23230851008788,85.69253013532126,58.96236475087638,79.99199700756229,110.88692550473506,169.58363235336202,104.64590509050984
2013-02-01,185.46492877365844,85.65293443270824,58.425017818381654,80.59840112706885,109.68358564474325,171.755557863168,103.67248129247896
2013-02-04,184.15422817552317,86.17279834295672,56.88386755987312,81.2544404100999,113.55843347995389,174.41931240492428,103.05434503757759
2013-02-05,183.43381247725858,86.68329296467466,56.96523178110108,80.40375184108471,112.86229026075397,173.7548628833666,104.06387164000361
2013-02-06,182.6588152853778,87.12586971849237,56.01886775732099,79.65757266927012,111.84386587017141,170.5609481030302,102.07128014161965
2013-02-07,181.80256964840046,86.82642898630591,55.89358753873265,80.30533056569162,111.55188640773538,173.6508646481914,101.81476654825002
2013-02-08,182.01319829218986,87.65612583168024,56.137944463324125,80.86439582318664,108.51611277191438,173.37492139047947,101.62283644697374
2013-02-11,182.03553806180503,87.88954917451194,56.112805328703864,80.43096172690986,108.0446383335254,173.7144999996124,101.65658845816189
2013-02-12,181.57916475995412,86.7550006834632,55.84034429779805,80.0510013520001,106.81288959185842,173.07130294627612,102.71867175033972
2013-02-13,181.91109059341474,86.80043224013026,55.91645535649595,80.74328093439847,107.14387581641809,173.31740011063394,101.33430766309027
2013-02-14,182.68621279895137,86.24081418416355,55.86797811387989,81.91973695575325,108.54461640083636,174.82288238812797,101.69800860676484
2013-02-15,182.87569358618313,86.35508657840116,54.37596802940446,82.71769625511436,109.75504986150675,175.04064240875996,101.62397089553791
2013-02-18,181.73601483746975,86.46638954604366,54.48378522256566,81.92089233574521,109.41020384986794,175.21922055926396,100.88855377739709
2013-02-19,181.95878728936137,86.75351382570743,54.63999320628675,82.10222441882297,108.35484407704104,173.08332469226497,100.61676051872485
2013-02-20,181.7579237729442,86.47915788410404,54.72890160928949,81.29600469815162,107.3011582016461,173.29852316468384,100.61176578349234
2013-02-21,182.04488374546338,87.16998918554035,54.30963293411729,82.52137230907846,107.85130288121739,172.68149250860623,100.18243380909566
2013-02-22,182.35591339985734,87.64312412790846,55.419950808860314,82.87442425250457,108.8805833646073,174.95671002960594,100.08864121764364
2013-02-25,181.33166480993611,87.51642258837695,54.06610825644665,82.72577187043223,111.37030592315196,171.83541581317633,99.2698535715957
2013-02-26,180.3884381531,87.80634154916164,54.03677660581248,82.84681063994782,111.41137904641644,173.21402792237956,99.8226005719868
2013-02-27,180.20778475240402,88.81215861666158,54.05493726750004,83.05684060721357,111.09041968036236,174.42596597556204,100.42623367680486
2013-02-28,180.5642700027452,89.22105705036532,54.51014081455509,82.44289973464214,111.08992807973772,172.58592182099179,101.05382710791207
2013-03-01,179.7705839102492,88.93420663728796,54.876032020908866,81.4286100579761,111.76038215142539,175.8086684357402,100.91986180846396
2013-03-04,179.67426783055802,89.30148773463166,55.17031798935264,82.26254274163104,112.5975813453652,175.60349407077436,100.79709689899096
2013-03-05,179.19834141976378,89.14575251706466,54.54306174817809,81.59943402714632,118.02294097263413,176.25597831203538,100.51876387171626
2013-03-06,177.45786469681423,89.1014453905514,54.38949869421357,80.79868608759854,117.2643148010931,175.6278737773105,100.91019712139602
2013-03-07,176.8007693026329,88.77388346231051,54.576970331816845,81.6967567841603,117.50939418802012,175.03843948605146,99.88943775338875
2013-03-08,176.95736865973757,88.85082478129186,54.154441308286536,81.5755138129902,117.86101606065499,172.17844234426335,99.39253340427891
2013-03-11,176.75623302253555,88.71805515800528,54.59790458008523,82.29170140842994,116.79179050283177,173.38361963675388,98.7682666539829
2013-03-12,176.94413606893457,90.20205384026076,54.07246734586309,81.88227186329615,115.48120585370887,176.07343486276272,99.35824122684438
2013-03-13,176.64936996416054,90.71217602245528,53.80274334389034,81.94387539097364,115.51209031888153,175.8851768847795,98.90610889449266
2013-03-14,176.51970471067312,91.5222146067713,53.48312801362184,82.40017713808705,114.48424668631677,175.69247142705805,97.37208820597989
2013-03-15,176.33852116710156,90.4480239845047,53.27300423395528,81.55891055030078,114.12261159715823,177.69963390888313,97.68587973228195
2013-03-18,177.29481822270398,89.89756877363222,53.20604180671401,82.35034483293211,114.73615505631753,176.55615981301654,96.72163304007351
2013-03-19,176.72210913358833,88.87318053754781,53.743156789813085,82.6375589738009,114.40517737554772,176.02605323271914,97.70066740800465
2013-03-20,177.14121832942166,88.53376211707001,54.597316153619495,82.39567748352388,116.043660584089,176.06204585685123,97.14385779259389
2013-03-21,177.66029238693562,88.98850459892222,54.42045507554079,81.40946549839069,115.88073423451667,174.57530099963,96.5469369324599
2013-03-22,177.46203365706052,88.64915690314434,55.059915493079885,81.49543888607832,118.05348081368588,174.47268174782576,96.13411050374977
2013-03-25,176.51583191567047,88.06880589432159,55.58364003868038,81.02691167597865,119.61212684418805,172.81218866566056,96.26480073646114
2013-03-26,176.37806239334995,88.21578127398527,55.13435440591609,80.6171834430563,118.82853633109738,171.87459469280358,95.28844175401784
2013-03-27,176.50097856308352,87.66165407562248,55.11172483240517,80.2278916337039,119.48047969359763,171.21246650536446,93.32798859101366
2013-03-28,177.07838024231083,88.0037329487852,54.96867051513021,80.56437998007743,119.21386361662422,170.96291785921647,93.68051875598961
2013-03-29,176.33714228329225,87.51258021570655,54.59085922390169,79.5038775475453,121.74535894386719,168.92339374338536,93.46722796586054
2013-04-01,176.8371365255688,86.95246777888302,55.24976001887136,79.99836253856228,125.55878946680143,169.97166029663265,93.93863370338777
2013-04-02,177.89919805384733,86.49663402439468,55.22073567659754,79.47186626166712,126.45184515937027,169.5370594828469,92.49885077968973
2013-04-03,177.7391733155128,85.5677169512765,54.556631579664995,79.02576612069281,124.61925179959722,168.69125475400298,94.11402786373759
2013-04-04,181.7954467559616,86.3277189325864,54.03452531397102,78.42724625341607,125.62534447159446,167.3167835026533,93.1562230678164
2013-04-05,181.32269995761862,86.8081764843583,54.119290763984324,78.19385724938732,125.1937113055683,167.0339094221911,92.77481856805657
2013-04-08,181.86794100889588,87.12068875662456,53.713432732036395,76.99634295046485,125.01967390633382,166.22432991664564,92.7353543025313
2013-04-09,182.09043123244086,87.80133353706225,54.359149923780215,77.36628063253517,122.30957291782288,165.85290523039578,93.15960347264064
2013-04-10,181.51621253338965,87.83880878572029,54.42776475410358,76.83938521872332,124.49391761913641,164.3620092026268,94.29155104745864
2013-04-11,180.20817446569936,87.27151779572169,53.86331712332016,76.82889211803564,123.82078265941378,164.33105350319858,93.85620309866272
2013-04-12,181.28837825716585,87.5399171797463,54.18271421694409,76.63867153684987,124.27502480501191,164.30875999853058,94.64306453064557
2013-04-15,179.5361153433249,87.07857402834328,54.27216438275258,77.67097101575263,124.13078570037325,164.33280439154055,94.59545091568174
2013-04-16,180.9393531198947,87.06331861406842,54.338453218770354,78.926526234263,124.87343631568568,164.31776881507056,93.93275965961584
2013-04-17,181.93558304023213,87.24545092903628,53.80915868225964,79.52232253790848,122.20139595520548,163.98303637753546,92.9468274967028
2013-04-18,181.22393479472444,87.07312706228302,53.49929918049854,79.03246970090687,119.21848062988231,166.47350438558578,96.03544843605793
2013-04-19,180.14263375552403,87.77155293624035,53.51390855172448,78.50869718792147,118.4984767778534,167.5681328690951,95.1686888501356
2013-04-22,178.68599673706012,87.50029470927444,54.405746960089225,77.68934177044662,116.56179544116901,169.10680054809535,97.64342790382464
2013-04-23,178.620181877528,88.0762163078417,55.07319128387887,78.0172329988524,117.75120758707907,170.4017039594085,98.03665551936449
2013-04-24,177.09267674420693,88.33670681451576,54.747337107753,78.53553233493597,115.79755702212992,170.58507222140358,100.64628878302378
2013-04-25,177.74615843368366,88.69522286469169,55.582032015198045,78.8098788410815,115.07630753049126,170.31964003784893,100.66129280478037
2013-04-26,177.39117239439355,88.74356694844506,55.60935373427666,79.45417499583236,115.33674738065729,169.55534283763456,99.68358221042885
2013-04-29,178.7110964723158,89.06537561697762,56.17861682925162,80.92281060772683,115.33498239629702,169.52404547119062,99.15645141591288
2013-04-30,179.61701507887832,88.71031251355052,56.34390759143991,81.14559878254182,114.48592703750457,169.2948292365387,99.9257015299195
2013-05-01,179.78280159172508,86.0426254523316,56.70925505685515,81.63461493737844,113.47794768987633,169.76218683460078,99.81234423886067
2013-05-02,179.01634801347936,86.74186891679108,56.784936854438016,82.04630922321681,116.47405530623385,167.25200473847406,99.61395811692385
2013-05-03,178.81072428536982,87.73847287435935,56.60325863277501,81.59300409590776,116.26751500195077,168.1136656927895,97.7631146079968
2013-05-06,178.74173904541985,88.87052927286463,56.603106500563484,81.17960931230037,114.90178071880135,168.9925492049903,99.82445008028294
2013-05-07,178.2534873863143,89.11255328383012,56.45050388594573,81.2057204092458,115.41335313499266,170.89138641239424,97.58798191216972
2013-05-08,179.44088489846686,87.30051049098229,56.405713442471985,81.15672474263522,113.13655136082089,168.49041841700958,100.80476961958777
2013-05-09,181.49458273954966,87.258850684096,55.85319199383231,81.33750931230388,113.66705529492988,168.49217916823642,104.75268312040143
2013-05-10,182.7063172263892,86.85855189741496,55.406358887638085,80.87727334539105,114.25620843368662,168.89495455130844,104.73583704433844
2013-05-13,181.25021838701312,84.6594006419083,57.073588313919934,81.28667624311528,113.75869621686705,169.69166960049668,104.83306640321409
2013-05-14,180.9310508040137,83.51743364202926,59.26677896857693,81.30106562388247,113.34448766565218,168.8467919306732,103.54719334801841
2013-05-15,180.53562493282283,83.69893619643591,58.20417937187662,81.64306444231484,114.51002779740735,168.36907217886505,104.837193131491
2013-05-16,180.12177682302521,84.18834246179208,58.5630736527324,81.09295070833427,112.66960261180002,168.4453056559583,96.7044392887305
2013-05-17,182.52617717046184,83.27725225442683,58.14690797195563,81.71844966765133,112.44114302873815,166.7514413163886,97.48550455164799
2013-05-20,183.05361529908737,83.47138232587635,57.44076731484528,81.49402133218445,110.80350636639253,168.42995477662097,101.06438978770863
2013-05-21,183.42745754918994,86.02826061018081,57.968536649719525,81.40149820744875,108.92443204058769,167.75475776942753,115.69869716467981
2013-05-22,182.01633535100612,84.9155619937465,57.88535612614926,81.82421998930938,108.35433786564842,168.70049180240343,116.36923039098833
2013-05-23,182.3705092698707,85.05967474908849,57.93204401914062,80.92531001015746,107.3560720477396,168.92934602309435,125.22571526751061
2013-05-24,180.13312030633915,85.93327344392269,56.73393807662804,81.19694242928493,104.99663865645758,169.3564624888919,120.96078633874484
2013-05-27,179.72958608051178,84.85937874319954,56.624673446728295,80.64068661362452,108.01358097362713,169.87576044704562,129.1787495530117
2013-05-28,181.6687824255997,83.81784691238978,56.538146154526835,80.84938602645603,107.28771101711624,169.8149499201758,121.9703613966993
2013-05-29,184.2802911147224,85.93225649288965,55.269106431434416,80.99911990267962,109.73378342717439,170.07339826506558,124.60338033845737
2013-05-30,186.07975390452418,85.43791348327842,55.60070308698117,80.88747601498406,109.38511892069367,171.07264848664292,129.6444857966414
2013-05-31,186.92923947901667,84.47663632351669,55.245031507007525,80.13509002957149,110.4911956604658,171.85049976955796,128.06031542355007
2013-06-03,186.09505964139305,85.40288491698345,55.65157999034322,80.62636656263066,109.82979483249078,173.0064847223674,131.79289064796487
2013-06-04,184.62626515872924,86.17855790637556,55.91867787325585,80.34987304289862,107.42983045065324,172.87444086043507,141.8570745009148
2013-06-05,184.22052947729475,86.21726989203393,54.92748170562649,79.87473646619993,106.40744657037752,172.9916770962404,143.50813036757748
2013-06-06,184.2297114061826,85.75895154219572,54.59724909979013,80.44570776334388,105.89727855897637,174.00911671742767,152.10407321879075
2013-06-07,184.75782589347511,85.4693089597866,53.338232773205114,80.89068975159081,106.4721766745798,174.1003503837908,153.95352978421354
2013-06-10,185.97838566924528,85.49626049294343,53.640893525276425,82.18129912767024,104.81405099352281,173.52462412443955,160.77374682191171
2013-06-11,185.53886529012712,85.70261500168496,53.75937317762335,81.25445163494594,105.21962419205408,173.2184328045365,153.79899702203429
2013-06-12,184.13814006518155,86.57971399159506,54.160374460535415,81.4720273651876,104.7065076562085,172.93580692955018,148.22567754693733
2013-06-13,185.12800357234016,86.61517232589706,53.735469223470595,80.6060000745672,105.48274945159149,175.59185210752813,147.26203297962246
2013-06-14,184.20564315677115,87.52965043300819,53.993469652403675,81.00044999718126,104.76637363868265,176.1186870879324,146.2249218797001
2013-06-17,183.31537382381828,89.20458504634304,53.881697048679406,80.99517388621321,103.87042566779424,175.2931336114699,153.3765744848719
2013-06-18,183.46623213317352,89.0355241760518,53.56330592813284,81.60057880344858,103.83307099965425,175.1527393286749,156.9369904160042
2013-06-19,182.80778663870572,88.80300711424266,53.30966950815987,81.94775513761233,101.6661086618212,175.1640221143676,151.6227079287177
2013-06-20,182.35877066721875,87.55762621250494,53.558182023491284,81.928595914384,101.48424319483419,175.64785726633053,150.00852092367697
2013-06-21,181.65433608898215,87.26566282959332,54.011469966267846,82.01908157585522,104.31392861186188,175.9788455815228,139.1799547872576
2013-06-24,181.50418484959974,86.77831635138239,54.38617052738839,80.99453729786705,104.46493063752372,178.06601400380003,145.14932481057946
2013-06-25,178.0940302699247,87.10073546822623,53.93116221596037,81.43406169463991,103.84395143821406,178.6456379879189,142.25421375981827
2013-06-26,177.2270440245542,87.35478488450889,53.26450213187689,81.3776389872966,103.12973224560731,178.78718161086522,142.40959194803568
2013-06-27,175.32867082380238,87.42754590555245,53.006503983876584,82.80163109313595,104.48795428283412,179.56064441959566,145.15820619592364
2013-06-28,176.77013996928477,87.49552330729716,52.94067320931463,83.57176453484077,106.95337579999696,180.06115467232547,139.03727353664368
2013-07-01,177.95192109822278,87.53782643953922,52.979838168950906,83.27562760250795,104.94257035272578,178.10804019175413,142.56624958191887
2013-07-02,179.28260179289518,86.36253790218791,52.36551341395855,83.45459782605255,102.01574446444098,177.0159335305034,139.88463016756268
2013-07-03,179.66298979043322,87.26022728280725,52.027558229362405,83.69965496134353,101.7269748212003,177.75539318763066,140.96368367397625
2013-07-04,179.93165917411494,87.67248918043764,51.97235211284162,83.30690197628039,101.67545238550495,178.420544082515,142.37812323689909
2013-07-05,181.9212861501504,87.83118288118139,52.73272179082768,83.58648896314452,101.15025657420395,177.34972744381014,140.0900240804344
2013-07-08,180.5547117745707,88.04038207637606,52.72142642747357,83.4894059641198,100.19461276462779,178.26370381296306,138.10845518079262
2013-07-09,182.33676711447643,88.06489382339856,52.96546448515926,83.54479892902108,100.06087248286511,177.87729630911758,141.9468599495801
2013-07-10,182.00722206412084,87.8308869267932,53.14068335191666,84.82464464477498,100.48978505341488,177.65264911629785,140.57203729476365
2013-07-11,181.93721939067353,87.7624592579225,53.19575586201964,82.93757103854873,101.63106450145595,179.4431349814363,140.14982825051368
2013-07-12,184.92231908789444,87.33233159530188,53.486667792544836,82.5717071436708,101.0994807831431,179.46815247880693,139.64501852317483
2013-07-15,182.337361091488,86.67398269136814,54.153720698443685,84.29782863696289,104.19319531061974,178.93338572695149,141.62511444570384
2013-07-16,183.62495980387607,85.95971581952756,54.24084648516136,84.29709488426937,106.63054651856716,177.9832731569903,138.7941475139758
2013-07-17,184.20545731757633,86.68904746803682,54.16188113735011,84.42441649880803,107.21977587289314,178.26090090374637,137.2420029251584
2013-07-18,184.8374493545264,85.77408241092736,53.93279939278746,84.54851752165203,107.9921452644026,179.54360152510125,136.31131812907935
2013-07-19,185.97737473239053,85.83111378410902,53.387514424004856,83.80427601451781,107.21936840181657,179.0220641409831,129.53161936791827
2013-07-22,186.52622109641032,85.8004206799156,53.479680401459596,83.95583016655284,106.83935711459209,179.29645026163524,134.67957488053028
2013-07-23,186.97612509086656,85.64890485378241,53.57414818261411,83.56796123616658,106.6879794731762,179.32449655736232,134.53341372656558
2013-07-24,188.01050868620536,84.98349442213394,53.520102155364484,82.9402783182828,109.8204171137784,177.84608508623467,139.04466294937095
2013-07-25,188.61490522355354,85.93742342693605,53.51231939274538,82.9566147272173,110.63565046081537,177.21563464635065,136.41619201484528
2013-07-26,187.9055370449455,86.20248872085975,53.16353814805575,82.9224287883313,111.44081559061003,176.4356113760308,134.9841981865724
2013-07-29,187.4193712678246,85.62444161307016,53.43342304875132,82.23718004050048,110.78344862091637,176.0816920117413,135.91550298116186
2013-07-30,186.24441568926247,85.46200127637391,53.605560553014456,82.2720456372065,110.44336026526243,175.00256969330553,138.3552488606477
2013-07-31,187.07044156573238,85.46978009395191,53.63045490473937,82.95503851592505,109.94531083561765,176.0567704588276,137.73677479431916
2013-08-01,187.6053006248519,85.08699787950334,53.66202926355194,83.40686686880333,109.06273688115402,175.89010575707664,139.5763027380842
2013-08-02,190.12560537142195,85.62591532735559,53.34067677678029,83.6157432364891,109.21771700215632,175.94663750346652,141.69208401754713
2013-08-05,189.62559951660594,85.79938897249778,53.516106087141644,83.60204373015341,111.37944946760354,175.2677016816347,139.8062360452751
2013-08-06,190.40227695955042,85.1696205867552,53.319805807249544,84.43702472157895,112.06514625357401,174.64643729239552,135.63029965307177
2013-08-07,188.5284303889604,86.09979684498309,53.56777128613031,84.24925405230147,110.69671403537907,175.0913029287506,131.05777985602177
2013-08-08,187.6832775883824,85.4800007195343,53.66193536342102,83.9880352219668,109.71073802474794,175.3196575979538,131.55155952145387
2013-08-09,186.90626437082236,85.54272047439503,53.64356198947053,83.54537821055534,109.15422996007086,176.7806972072136,133.5435101974274
2013-08-12,186.2213422350118,85.65731315910587,53.82921146934029,82.91597455442555,109.35593730208785,176.68651536318401,132.26873678063492
2013-08-13,187.57646112226772,86.31499646327173,53.78251329456054,83.03987585616873,109.32272679552867,177.6250447922981,131.8522334462822
2013-08-14,188.33205903164358,86.21150423990133,53.977786185525346,83.44542705713712,108.68738408156221,179.79834147447076,136.24669316565578
2013-08-15,188.28593604223943,86.46647386285504,54.01669531033878,84.14857762099334,108.27057860978194,179.77289160859272,138.96139772669287
2013-08-16,187.8414344499154,86.5984790750733,54.51040445748721,84.47868097857118,111.43656643999479,178.93341477766313,143.42634452484978
2013-08-19,187.9946651475281,86.89619983193508,54.23733395139248,83.87748825862779,112.09030986141833,179.72562201382203,150.4517630188708
2013-08-20,187.31228292461108,87.11430055930391,53.28322693427416,83.28059176031955,112.50206214010521,179.2563939895192,151.9823518984913
2013-08-21,184.85755277069748,87.11659240356595,53.31292938339617,83.7134964146059,112.13496045721891,179.23095886983396,155.5432233588385
2013-08-22,184.32364275597587,87.56699748647321,53.58930111752358,83.37839500996823,111.17443669527903,178.49136828441203,154.459351246885
2013-08-23,184.39243849154641,88.04184769177456,53.65821483662167,82.84112089317306,110.17759216425944,177.628565448074,158.26243929819896
2013-08-26,183.87559804186512,87.92091410295912,53.13887965734265,82.9195796002598,109.19709186826363,177.48801453880003,159.02973907850537
2013-08-27,182.2460348664711,87.8689943006721,53.11207338319664,83.69637823422201,109.69396005048458,177.02347389960192,153.18680133998086
2013-08-28,180.89861836774006,88.86508662488731,52.444902405554465,83.75660139708081,109.23481444725144,178.8120076582844,153.06156165352692
2013-08-29,181.31353145692006,87.04405757783252,52.320859270540026,83.92629202159806,109.84970707182869,177.7661140877775,153.74907823756723
2013-08-30,181.21951632751617,87.26818788832873,52.074352836523765,83.95607805185766,109.46310935839787,175.43696769776642,152.17472161271928
2013-09-02,181.85901515083802,88.07308290953716,51.5109380329867,83.98763529924413,109.55958388837942,177.23046770356015,151.9071561859082
2013-09-03,182.9374142846539,89.47447299053998,51.49577522579956,83.8011359954358,109.54811522623157,177.1444222051964,153.6644209356613
2013-09-04,182.56097544728905,88.69816180996575,51.699449133168635,84.12695223028905,109.6366760678858,176.6905331926131,159.8275517562225
2013-09-05,183.40423417305155,89.5288059843985,52.022613257909875,83.53046531583257,109.19312293301755,177.27692953122428,159.97172473149718
2013-09-06,183.8494779998636,89.46528482334573,52.241870586350416,83.28956733177112,108.78067066477666,175.52231977728485,159.5900078044164
2013-09-09,183.56317986173147,89.28816645008862,51.86142243704726,83.27829103864617,108.69919398331389,176.29354575875573,162.50002044692474
2013-09-10,183.28879593818613,89.9910539544703,52.237492346757655,83.65570234404625,107.16606324990377,175.97260144198958,160.71882176811496
2013-09-11,183.32800769952388,89.57773963782668,51.618402349624105,84.38278228447801,107.40591141346685,176.89665111359145,157.79832742930515
2013-09-12,184.2734442576225,89.14306052539459,51.96239576466942,82.85599697841253,106.92615762366628,176.41632961632024,155.1371978661908
2013-09-13,185.99950115545468,88.35044683565604,51.02087662378916,83.04495684776298,106.20374188463289,176.26868512183938,152.83063797641216
2013-09-16,186.81618680583475,87.5708916751259,50.636795786876704,82.8228948427351,107.95655842803968,177.42395680694412,154.0569385665883
2013-09-17,188.310463175638,88.00749773364014,50.79966119550852,83.23269973169911,108.0109274049831,177.99984907307777,152.28988179699698
2013-09-18,187.19911969291414,88.44557983903219,51.139146592488444,83.33954354095924,108.37092496668784,180.02716237504438,158.58884596549078
2013-09-19,189.53195241218285,88.7835095818439,50.988875136581136,83.31376367227952,109.1678166326728,178.8373593199873,156.3253207917657
2013-09-20,191.45043694591206,87.71685876343864,50.353927681233145,82.99160284544028,109.49425408365502,178.7139560749201,151.97999492459618
2013-09-23,193.13773409542173,87.40861717003382,50.620854330476305,82.45461494691111,108.04540972846384,176.68835977781754,149.09676378888295
2013-09-24,193.34586652179732,86.92446194967145,50.33262395843433,82.09081482217012,108.83259577352337,177.2528534159015,149.42520287029708
2013-09-25,194.5710757002473,86.4833204675557,50.054739123850325,82.39163499679044,109.14503266288521,178.01495289566725,153.53050917616443
2013-09-26,194.52353932267235,85.49573818259815,49.449820229412154,82.17148209811396,108.33296633411317,177.7112645316956,154.8893422726057
2013-09-27,194.46142708664289,85.28055069687596,49.794924855488716,81.71950402987407,107.99273508101582,175.38300899572442,150.19689194094317
2013-09-30,193.8186950206649,83.30717477911703,50.4540254499433,81.44972572689854,106.3228383183402,174.52030465610892,146.79509633857538
2013-10-01,193.62984931961802,82.84511935091341,50.80633805893581,82.37035191225638,105.62599438818685,172.2838293216033,150.24609933017067
2013-10-02,192.63849335937175,83.35539183227804,51.2483240017808,81.8848807275326,105.3634424094983,172.03272944265188,148.22238083438427
2013-10-03,193.63595723394533,83.46242032901893,51.5385564811402,83.30840132046254,104.94517979830849,172.6633036549105,146.6742768697605
2013-10-04,194.43256596815462,83.35051994905855,51.59016929610105,83.24964241409094,104.20489899500762,170.93903162598042,146.4667560185862
2013-10-07,195.18880161493362,83.68698314852521,51.7432976546127,82.48888332258832,104.23844659699779,170.70810351401616,147.90580938577733
2013-10-08,194.84830086776128,83.5636916420418,51.90436275111899,82.77919017198847,104.21594717561753,172.08465366681148,149.34252428448914
2013-10-09,194.88768173175313,84.98271298119697,52.128522830175605,82.43110014697204,104.76235992168228,172.3830315515737,146.23947126491692
2013-10-10,195.40522446197062,83.78980616007071,52.09836565945114,82.54532422021019,105.1436863549279,172.80553692187186,147.78297150270564
2013-10-11,194.78950761937176,82.4577111687259,51.64357570996337,82.17509275213874,105.42342282560236,172.92752966221698,147.78368538386127
2013-10-14,194.77245557331227,82.60131108015581,51.69263707019753,81.9322038777678,104.66470791111625,172.44247519542807,150.66924362463115
2013-10-15,195.07201702297667,81.87593901701558,51.87067907843087,81.88395735715163,104.34635227478014,176.09769538239502,150.848720116966
2013-10-16,194.99703643148408,82.91339102550305,52.0730597082288,82.42568009035215,104.67218247280233,175.97974916478876,150.0733462483527
2013-10-17,196.09666832260717,83.45606936788718,52.44554634112619,82.81596311681884,105.06626160328543,177.24421454590765,149.29498665123361
2013-10-18,196.18465614009042,83.63724914807821,52.30312926767645,83.04510991792554,105.2316542765266,178.52277225102483,150.55772187479477
2013-10-21,197.56748648305674,83.42616656710922,52.61818942718944,83.65423880095253,103.70157512448517,179.50693740100274,149.24273513491272
2013-10-22,199.29643049917348,83.51899038546217,52.69881904457583,84.38287971786596,104.37876362876501,178.61624285255988,149.69277650232462
2013-10-23,199.18684068380549,83.29641751250998,52.2777834867433,84.74550998024823,105.00959380182661,177.67714014026586,149.01657846029673
2013-10-24,198.54351665842418,83.38433146557973,52.35666782664536,84.67175725729837,105.3838104535729,177.32402730290437,148.18042072537492
2013-10-25,198.9992501740169,82.87873786200682,51.769000499692424,84.49456198543938,104.28619938385704,175.17659636495384,149.85251528562588
2013-10-28,199.2143715008612,82.96993669561192,51.056753567543,83.99196591091918,104.14340264479009,174.25638451918704,149.5836778459497
2013-10-29,198.50622391005766,82.44673261974962,50.9809925839073,83.68042940930553,103.22910774137394,175.7586784225237,149.80508376373947
2013-10-30,198.988050942621,82.52425285970196,50.613555674700585,83.91572295048319,102.82615233291918,175.48779500004358,151.15554282710698
2013-10-31,198.30872691952484,82.56272121551162,50.97759414756885,83.85207275878689,104.29479546832832,174.9462050533355,151.45547702890025
2013-11-01,198.73810351475672,82.31799766584194,50.35168499898057,83.76384845453232,103.88769452056869,178.32970894612308,151.80790363550466
2013-11-04,199.07019327937542,82.50937767300165,50.7164662806175,83.97798535344597,103.9032670992355,177.9190707909304,151.6486474218476
2013-11-05,199.40119074807706,82.64032080352635,50.690813706123286,83.34329683233142,103.87257075126847,178.0058906311547,154.149302405807
2013-11-06,199.022527399227,82.1867912175068,50.131071857389706,83.09590674482278,104.0095896285906,176.29040636409044,153.06397044926427
2013-11-07,202.17088289855442,83.14150944115048,50.819157196730174,82.24505319223844,104.11516817277351,176.67409728248148,155.82510882196323
2013-11-08,201.95426419986353,83.64099201332768,51.76501450322598,82.2927814206445,103.63984841900482,174.74478580097505,157.9810124054446
2013-11-11,204.11692534029586,83.90136093254661,51.99320714395165,81.53743956586449,104.12254173633272,175.4795448296706,160.6215774055697
2013-11-12,203.51528124434654,84.65403395682834,52.474718986427945,81.03834101681467,103.75041000805822,174.8942240464605,161.60419856363626
2013-11-13,203.75877126392336,85.60262294017701,52.39246201665314,81.66390618699974,103.88705288398346,175.90718061538064,160.8476522923536
2013-11-14,203.70130994386977,85.22302122161499,51.65778104686238,81.98161249403242,103.22729863537609,171.78714480182134,158.97481682223324
2013-11-15,203.838481292516,85.11411378119358,51.525042660368015,80.72552626933694,102.59100450847885,173.60713101755758,161.07113580553616
2013-11-18,204.1209170994392,84.68933691275461,52.04101285128674,80.7368653492914,102.65090251984351,173.7645705249761,162.14213994533475
2013-11-19,205.3455210177287,84.20046847909393,52.38815032831483,81.93995781960456,102.80750275615975,174.37393259746833,162.46391308339653
2013-11-20,204.90271696998926,83.93912481626383,52.528700929297834,81.2891018133685,103.58661957630406,174.73268898286477,161.54690731320255
2013-11-21,204.48970519184746,84.05381233420215,53.280028196202466,81.22611790345077,103.55207294306638,177.04755983283306,162.86057430993063
2013-11-22,206.04577549540596,83.99556307787606,53.809880296523815,81.17536760401578,104.00889293003348,175.88502518379715,162.87660306346615
2013-11-25,205.2696209332815,83.8138623027412,53.75410304017613,80.88493280523963,104.49500181094595,175.99371594477333,158.4616016628403
2013-11-26,205.1313307389637,83.94026892558814,54.19260731620121,80.36675975850062,102.92899441531833,174.21389385682454,155.43691328883736
2013-11-27,204.158503575791,83.9791875513974,53.99270859697263,80.67840949585349,101.83872692330323,173.1990693522637,158.0063102037069
2013-11-28,205.83369954830468,84.31071101403406,54.52451625847928,81.02804683104699,102.20312834839008,174.4418809035111,157.493404820985
2013-11-29,205.775190542302,84.50784939141819,55.16270388432542,80.95018366824418,101.89178875782991,176.721722934824,155.74028179036569
2013-12-02,205.7924732420492,84.14395470130434,55.34844189042957,81.00536119555905,101.83074171196678,177.24850424390928,157.42964465761187
2013-12-03,205.53372525777908,84.51829252607016,55.878305904373526,81.102651475036,101.14283312645834,178.83859201364422,155.54081714685765
2013-12-04,207.43165067491455,84.89297076836735,55.774374238827356,80.7839166464727,100.90161068048454,180.0017554526253,156.7530997349285
2013-12-05,207.884212995138,85.6211103691699,55.91158399514823,81.03325359449634,101.28882920641377,179.72981386670722,157.37905478990004
2013-12-06,208.46212590542376,85.66569145392266,56.13458257550826,81.26649389095115,100.98514073366981,182.50764760563806,158.28356186249366
2013-12-09,209.39749450014867,86.01635489684224,56.55773519152292,80.57933756481341,101.01488747690665,180.2630508173722,156.69649917020863
2013-12-10,210.90245023227936,86.77911291472758,56.72662574218669,80.70271294557378,102.03205592097021,180.57149386675135,157.7591891469316
2013-12-11,211.0523517228767,86.45894312809021,57.00059253378054,79.89602036789937,101.42079729643744,180.40153043435015,156.39412739895815
2013-12-12,210.89826639741665,86.46112258341795,56.69977258647924,80.26380092837604,101.12153115734348,180.55330442146186,156.44637429683328
2013-12-13,211.49115791037158,86.29980006843559,57.01361124537759,80.9072346115657,101.08925372143136,177.61072055054458,157.09114401824354
2013-12-16,212.4458614983021,85.8991423126471,56.81745575093168,80.10266915183415,100.81282807219364,177.67357963865683,155.05749469999972
2013-12-17,213.82559305358288,86.51309663187911,57.16304590552255,80.63353716355283,100.75377493649334,174.88363111944847,154.36583259947656
2013-12-18,213.07076787443458,86.658174289087,56.27132364521632,80.5199750939318,101.00108493665334,173.46572502779262,153.54172749647532
2013-12-19,212.79871766778743,86.32470982872901,56.2691295222928,80.8259580622232,100.74530511964784,174.3889580168162,152.43640345485318
2013-12-20,213.81743750621584,86.81621758005866,57.0604131397806,81.73050478262793,100.73150065705943,173.45017116267474,151.92987200222058
2013-12-23,214.8655770395465,86.70122075158079,57.62287517977011,81.33690412842802,101.01222785324018,172.25744592711058,151.8374466095169
2013-12-24,214.57015605944102,86.80242553038755,57.954674228949074,80.93037708161131,101.0956264226689,169.58788500295458,153.9848036887258
2013-12-25,216.18035691568159,86.86988294703826,57.96008439264784,81.14012571935899,102.21887373384617,171.08775460925077,154.96809859273736
2013-12-26,215.77376798884669,86.49560793813687,58.40234235420366,81.48577977924583,103.37028975343163,168.49769678339044,155.21462806313815
2013-12-27,215.19390188533552,85.69315674681411,58.928122286136215,81.86115777097409,103.09428648571588,165.91842667734582,152.80941750713893
2013-12-30,217.16986789219828,85.55814947347744,59.14262235361544,83.42891010056638,103.52794530951246,166.6925059872856,151.79596707788545
2013-12-31,217.37158257416442,85.3494934580521,58.956179085841484,83.35399196121179,103.35538648424946,168.6817698018189,150.67885695045155
2014-01-01,217.44290968981696,85.35033985040229,58.988420484802916,84.11035744070755,103.51539586112517,170.49277101399815,150.66794829392833
2014-01-02,217.20095747569016,85.3056916002286,58.901592231683935,84.39082676133529,103.08646994598672,170.50028732303156,151.0658725470499
2014-01-03,217.7636889013729,85.86294159606672,58.66249271896085,84.276971979776,103.3571352432927,169.47058985891462,152.7132529181066
2014-01-06,217.06762983179576,85.38180951257938,59.359174247463365,84.54181341108418,102.69953249650582,173.18853108850473,151.43937823232457
2014-01-07,216.28950839076532,85.53816902513817,58.995327175181096,84.50727596346678,102.59191340137504,173.39986242533462,152.2396259861166
2014-01-08,216.34506542195754,85.52250326572762,59.38332761538603,84.00388418319092,102.69066320845099,176.6724743822979,153.46444180833177
2014-01-09,214.2398348197723,85.66649269437995,59.07755522012772,84.51570255746775,102.66031898194603,174.93876331384357,153.55830011308166
2014-01-10,212.79057293443762,85.46860010792986,58.81868651093805,84.33978478558005,101.88214000462432,174.4685667574047,153.79761052666586
2014-01-13,212.10285814464606,84.95805703863364,58.94718306352023,84.71070000670912,101.55623827915818,174.50240081533994,152.95333869238797
2014-01-14,207.5722088628795,85.83443911785513,58.50525630905732,84.67820241505684,101.96277415869916,173.84726527153595,153.25745489224795
2014-01-15,203.0959449133976,85.77506140702113,58.01077398029556,85.40248999966897,102.14812655300022,174.5019552708927,151.94934960034936
2014-01-16,202.9189978960639,85.44952411389899,57.757683087085624,86.73406047442276,101.95413996739802,176.76322255900027,151.77396197025038
2014-01-17,202.12281235737896,85.17393710983313,58.08344902134585,86.78428810556345,101.38551800339872,174.9951596861884,150.97688044317636
2014-01-20,201.55828623516845,85.39407401019356,58.490734880039426,86.9253679209739,101.85656776938443,175.58768840639104,151.03998339563984
2014-01-21,202.0662751707889,85.81090435302038,58.82912288388177,87.40036503139372,102.12502827747069,173.26624429585002,152.06794852862475
2014-01-22,201.21761884374808,86.14337601441905,58.454253392922915,87.33626606666247,102.10064637086754,175.24929932118323,154.28837360662783
2014-01-23,201.72180861843145,86.21490824299485,58.78752006153183,87.00117269832789,101.88903758179396,175.25482590801806,155.2477555696146
2014-01-24,199.89884063020014,85.8238355181654,58.557298183338524,86.79924156970935,101.61536429874859,177.21023370228139,156.64609328845697
2014-01-27,199.38039025493018,85.33950007462818,58.082936461136356,86.95533950944069,101.43816781137366,177.29569972671845,155.67628087807515
2014-01-28,197.05713617790886,85.27429633050123,57.593828264460875,86.94812242266818,101.19648708408086,177.82060840741883,156.54941518781396
2014-01-29,197.23707505923704,85.15522231631557,57.491301319482595,87.10161219639895,101.74569030098236,178.1456778317251,156.90934052470774
2014-01-30,197.9071579036782,85.00705992185821,57.06316645110995,87.1818685967728,101.67427985088308,177.78783476466282,157.11938390468936
2014-01-31,198.20176960028016,85.10023891354405,57.41839600270533,87.38679130273702,102.10287914079,176.3187381965055,157.32907243883477
2014-02-03,198.03604814363595,85.07612474427634,57.54926166154769,87.84243764364861,102.23525523735496,176.13278620275855,156.67730157708945
2014-02-04,199.55974462057753,85.59483318713752,56.88353551545338,87.80895644945538,101.6139352770646,176.9535044930564,158.62096896752752
2014-02-05,199.60735690409257,85.53081880958223,56.854782725355896,88.09154854645598,101.21208628991951,178.06180714106196,158.79184072799166
2014-02-06,198.9915229097666,85.3988083522759,56.661684507963265,88.09231789639549,101.15462155293189,178.2131831169207,158.39950648707173
2014-02-07,198.06264066823715,85.6122473477316,57.337279988899006,87.98587519630269,101.01196320724762,178.83986431207285,159.8407542625406
2014-02-10,197.80435065029704,85.4048247397923,57.63500338565572,87.63533804820555,101.75895924595717,179.3974971496552,161.00032687689446
2014-02-11,199.3829720021146,85.00344840245921,57.30438845389271,87.70955338173813,101.51633605278643,180.70581206710386,161.20432902489645
2014-02-12,199.40405302295505,84.85591222017435,57.79162616828032,87.7816113310337,102.02122472984449,181.57272795185835,161.59415441224988
2014-02-13,198.83528198632013,84.22398295228638,58.01318094464601,87.62094621877512,101.20956661277826,179.01808428968275,160.95372626080018
2014-02-14,200.8367997041522,83.81231242262302,58.65817832346547,87.0875827451346,100.92672152508648,178.39098442428184,160.12238191074235
2014-02-17,201.96598787087078,83.20746339885227,58.9031959317791,87.5150114251237,101.22806048376144,178.95078088865637,159.61851695509475
2014-02-18,202.4389532738565,83.52735150699482,58.81309260589954,87.56859696523216,100.9919781167845,178.90905518952965,157.77721019041996
2014-02-19,202.45553779804433,83.04838029444684,59.42310898782682,88.02022145688572,100.54979716517418,180.0039947130927,156.23601202494126
2014-02-20,201.93097088969418,82.89090392194994,59.79500770157989,87.98714986120105,101.123842886949,179.1511746849468,152.8575496883251
2014-02-21,202.45583784638774,82.44959254093934,58.93070419419315,87.22349845619809,102.0409209755674,180.54397615961028,148.48728766037132
2014-02-24,203.85889020525894,83.53787998692758,58.9866461731156,88.06880439080776,101.56225163612967,179.36840507153792,146.4276752369113
2014-02-25,202.8107275520832,83.56891474238982,57.542797779656894,88.40897468601574,100.56338697800106,177.52156487496765,146.37733524735444
2014-02-26,203.7503741487744,83.74871818159157,57.548632489912805,88.3529252711797,100.03397864626314,175.87398085464585,147.11240466000052
2014-02-27,204.30538118805555,83.48165082468276,57.182855460537446,88.4531071556565,99.32013058994178,176.49669465581945,147.99969674678962
2014-02-28,205.4715379914712,84.95543431504115,57.477394520617196,88.2712325163957,100.08612263824386,177.9628341121836,151.95795803813783
2014-03-03,206.66963076093043,84.59057275632237,57.08916791061076,88.24677239728511,99.36843810523939,176.95895848487558,152.8522925848306
2014-03-04,207.0521422530083,84.4045630926195,56.94550334750192,88.41148559592413,98.90916148914458,177.89345602989496,153.04067371459675
2014-03-05,207.20415454743699,83.58824515057654,57.58720259259839,88.31015948054235,99.04019031716324,177.4938342810657,160.1633870175562
2014-03-06,207.43457953673786,83.55337966124574,57.55802008168493,88.9424519833324,98.05664737182364,176.16462092060883,159.1203492018648
2014-03-07,210.21934166202558,82.89753516960678,58.149038179216085,88.77376868950282,98.56120455614116,177.0388567765432,160.37224325780633
2014-03-10,211.23247604909537,82.81523392271305,57.968365735551174,88.54860044822175,97.74266923785332,175.08367004919359,161.97286820121568
2014-03-11,211.4758879188542,82.70885880762006,58.701412625844966,88.28775046774852,96.89827735351544,174.71108502718369,159.6183401140314
2014-03-12,211.07301336864893,82.23904439797451,58.67669703140712,88.51290085283529,97.35623942707674,173.37866390871037,160.67009032648676
2014-03-13,212.9949521007809,81.1796208473375,58.353060741702194,89.13752738472378,96.39026881839119,172.79384976640546,161.6413204708386
2014-03-14,215.07196848449843,80.82998256094336,58.76448019325873,89.13128267674824,95.65550396916652,171.13783826868288,159.5741006279069
2014-03-17,215.36546553325542,80.6260946805023,59.12629483727534,89.03391436407674,95.90476010065802,170.06979412354997,158.41888227793322
2014-03-18,216.22279310674048,80.94492002846009,58.81625964653288,88.70096586575033,95.50717305582502,168.6427657600154,161.38712831971546
2014-03-19,218.3891789704489,81.80489862495972,58.23493387018618,88.06316744312099,95.14007079388021,167.2416582845252,159.56828666919944
2014-03-20,218.34525165951862,81.99048891645955,58.116092325895735,87.75739487409558,95.03152155750205,166.7485349166521,158.7213002135107
2014-03-21,219.09587056081196,82.40434600243908,57.719859136645695,87.82243239435967,94.8616879643582,165.82064066136965,158.17226555725148
2014-03-24,219.09770134053196,82.08043659928413,56.20446969661098,88.40517646163599,93.52953118112534,167.00331352472924,156.7601597233322
2014-03-25,219.40110481776952,81.25854483420123,57.410515529835706,88.3004555995739,92.9037312896839,166.66088245873942,157.31367437327143
2014-03-26,219.70779837452855,80.95168453663617,58.116081412781554,87.16616923072989,94.5955044046349,166.05375191073912,158.6734960182324
2014-03-27,220.8302258836068,81.9908296591632,57.30300483145256,87.21417020079942,94.92474818867021,164.72827689268686,155.24109538543703
2014-03-28,221.5944179497374,81.43889490611383,57.19263876304487,87.43227758481217,95.01760640993965,164.1354400302098,157.85745501719236
2014-03-31,221.7591295451371,82.21424584467283,57.00675914174261,87.7983275560003,95.76027417850923,165.09390103769584,159.28854089821314
2014-04-01,222.53362210650513,82.52386888329599,58.98919634940916,87.48135635291533,96.4423530027334,165.1342814070268,158.63786599934033
2014-04-02,221.81899774620393,82.58644778701132,59.12556185507013,87.02554036544115,96.8255027489912,163.2810336289933,159.31017556604823
2014-04-03,222.49014482028971,82.23650138670725,58.59322114641299,86.1060073492063,97.89208925524352,163.99029812339265,160.23084699410475
2014-04-04,222.7539746328093,82.66645152440829,56.83870971208352,86.05900107097776,98.02528954738611,164.63546362596156,159.95015259783588
2014-04-07,222.57306299080466,82.37449550788978,56.37146755009764,86.53416008623682,97.20511024825093,162.88278911495735,159.86874557284617
2014-04-08,222.92735160582134,82.24523334544047,58.3055579812836,86.60489927939028,97.83437604757273,163.06679749772198,158.11074339981434
2014-04-09,221.72041019122338,82.74871630035653,57.45572646787379,86.77943339624646,98.4990140454336,163.05520021748197,157.7678832754797
2014-04-10,220.54542540840467,82.64839967997382,56.924844039980854,86.69374114106078,99.54248926462105,162.756073799263,157.65863987528277
2014-04-11,219.5438158768675,83.00465215756941,57.69721808190699,86.5841060546542,98.11699030156758,162.76286733142678,158.78867190826102
2014-04-14,218.53980874893426,83.09756266355585,58.79412110161192,85.63976653912478,97.8182052473609,162.4504991675587,159.14583336345063
2014-04-15,219.8622005228279,84.06599404470741,58.710358072896,84.10938175325677,98.47975819896553,161.46532992111514,157.10780290446357
2014-04-16,218.40559298953835,84.02389697362278,58.35695387360721,83.8396463359853,98.44377238283923,158.39286671750602,156.42194440108852
2014-04-17,219.29188546570742,84.07357210014801,59.047435140514764,83.92293309111463,98.0783671052249,158.97683508222235,157.78583217556974
2014-04-18,218.51930946876365,83.72089271520007,59.33119132330009,83.95669413330192,97.1311337506567,160.46667384289404,158.00104695744088
2014-04-21,217.97738611048587,83.64522535489918,60.02511370117902,83.42061093719009,94.20338448849067,158.30147128135192,158.23016257170065
2014-04-22,218.26812398063672,83.00414030774924,59.460313181431886,82.80301723701757,93.4791400628747,156.32802341562586,157.42097839249462
2014-04-23,218.17381953254147,82.50284897312635,58.206944753299,82.77966510349205,94.04993177456626,155.30221293236545,156.8270054222472
2014-04-24,217.61835889448747,82.46026942012504,58.634105660736644,83.4765733588898,94.26067230306809,155.59000323625162,157.47924802438914
2014-04-25,219.36095974063633,82.71553259800973,59.26561120147737,83.21864474963893,99.19436878436134,155.36982488588436,157.82430994105948
2014-04-28,219.98262096390627,82.47008433793265,58.76441250544617,84.26818971760899,97.61895647429351,154.8704463141815,156.08999675824887
2014-04-29,220.31918739965323,82.27659732696824,58.72419479363208,84.40335225554321,99.3754701105534,154.65439741671636,155.3999214767679
2014-04-30,221.05505119028365,83.11297297936015,58.168688164976444,84.39173227186194,98.03649731529433,154.05193624820396,155.50552331068823
2014-05-01,222.96154808589569,82.16547838485154,56.548764352997935,84.89378752351529,96.53792510699215,151.71534727713478,155.26791697546193
2014-05-02,221.28026886618198,82.37357032980495,55.580276131387144,84.61332714976153,97.6604654544782,151.2954713164838,157.10016187954844
2014-05-05,223.7013945143031,82.31533390314522,55.49902726624831,84.5083136268679,97.96260958817783,151.45598241351516,157.0256026266013
2014-05-06,222.75781882407912,82.11809556688938,57.180680149966875,84.54058758466361,97.29894328751945,151.06151421699624,154.55049215293346
2014-05-07,223.38436550527686,81.32574916836532,55.91886963175922,84.22462055565038,96.86611577321953,150.8145691515993,156.0477086725147
2014-05-08,220.67834134106917,81.76780076779295,55.467525563417404,84.11211205581091,96.91618394560291,152.1733163578534,157.07309603708225
2014-05-09,220.68064468957573,81.68600219013241,56.23329744852343,84.1697132742312,97.11632087201149,152.1376270525053,157.82141356206955
2014-05-12,220.06932650824632,82.06739845574555,56.37899377112204,84.22670177514011,96.09005676391195,152.98130778553178,158.15288391612256
2014-05-13,219.8774537784328,82.01931776660406,56.59130068968584,84.49491309790716,95.9496366471006,153.27062221497343,161.2910243201521
2014-05-14,217.43406727135584,82.09931358605228,56.77456072800054,84.69706039499374,97.10058288388026,154.21065635323845,159.23684513886758
2014-05-15,216.4640537915499,82.3361755587112,56.91989564231701,84.92234109000601,97.59103556624576,154.81031666119287,159.76684088476708
2014-05-16,216.77885778393468,82.55674899446572,56.99480184412727,84.27407636052305,97.06475249228949,153.59202100295363,160.0720545267362
2014-05-19,219.33616592669733,82.08805238482796,56.48292753706806,84.03386658141824,98.10345387167688,155.124449392695,159.2294778221578
2014-05-20,221.3955086540408,82.32595776778204,57.84214866521116,83.81462148159552,98.26995387343,157.9135151789527,156.34392475955337
2014-05-21,223.91844214591845,82.4364297349452,57.67115049372936,83.89628696506351,98.6987964144887,158.02124419806796,157.49035990728453
2014-05-22,224.9222969422265,81.79206125569313,57.9119286598705,83.80029102598154,99.35411127221438,156.10775701161654,157.74712305562994
2014-05-23,225.98893955454366,81.32997721544638,58.397017360815425,83.86427272702979,99.37558138774097,157.25256766876893,157.33691268378368
2014-05-26,226.43041775388076,81.68678865902025,59.3945410351831,84.030673183459,99.0750960121932,158.3439446231781,156.02483782585963
2014-05-27,226.1242142171244,80.85262034910832,60.843248978691506,84.93713422852818,99.92844179857221,158.45290513529645,157.8559844142009
2014-05-28,225.81511582082726,81.02348635996411,60.75917250760294,85.18308961466127,99.86108959486029,158.65455969070274,157.60121898705498
2014-05-29,226.41932086438325,81.40692169346684,60.77124514310922,85.07127911365562,99.69873676219468,159.4725334631808,159.3032008636726
2014-05-30,226.24411562939022,81.82509338540906,59.331170058904476,85.68843073055244,99.1933575871883,161.11458871812076,158.26417511432967
2014-06-02,226.33188582606473,82.13235988029037,59.71741114947366,84.90930406294933,99.40184551197295,161.0153197621986,157.14188304283545
2014-06-03,225.9957225800064,81.76496441534914,59.52201686881156,86.26409619088973,99.7550065513562,161.96559018490274,157.9318783787131
2014-06-04,225.21507845853395,81.34697583767824,59.40511845471794,86.58786873251574,100.20321410497132,162.92778320213907,157.71307940888522
2014-06-05,225.53523117043872,81.56727282055432,59.53170942310512,86.6444485107759,100.85963095297829,161.56430703533678,156.4548710329823
2014-06-06,225.3412103378244,81.33313950050248,60.208347931534945,87.9737099714306,99.96283955220363,160.08923645120228,157.65943360805537
2014-06-09,226.21955156883644,80.73658970020327,59.93505047657462,88.65321292029216,100.9156441734647,161.13043168613444,157.74974456447717
2014-06-10,224.45235352667405,80.13785865367143,58.87008121886809,88.04712062559682,100.82317093685313,160.5365947514319,159.46302536480988
2014-06-11,223.42961942323745,80.32311440353777,58.687323094147494,88.74842611083773,100.54228378395872,160.14005249150912,159.97440437060456
2014-06-12,222.7850470205728,80.39232019880987,59.001506677933975,88.95829144712152,100.3087332666871,160.29102048498356,161.71232567495088
2014-06-13,221.93010309936042,80.61476742805725,59.565190952593106,88.72860758835506,100.33562878153867,158.9490239407512,162.1205181301742
2014-06-16,221.85921813139072,80.67839526423107,59.12480442041324,88.43566202331733,99.95197431189067,158.10938529194416,162.3750838348599
2014-06-17,222.55311178108022,80.64116732067421,59.45133305436642,87.71922030625966,100.76988702600681,161.7392661558353,162.61556693772528
2014-06-18,221.74247905208182,80.21823771333425,58.56262350812612,87.55225653845139,101.3559480917676,164.2772698367727,162.99604919086386
2014-06-19,220.01276796142545,80.42422255608275,60.36114671705188,86.67652929029856,101.25791830099546,165.41149139966691,163.60045203378903
2014-06-20,219.63528316173512,80.43750892405961,60.90935660162949,86.07174887489103,101.30449772694448,164.86282216003974,161.80450124239405
2014-06-23,219.98960714903023,81.03309040467866,61.230399172199625,85.76462930747657,101.61948983992457,164.85109023111093,161.6940974906847
2014-06-24,220.27734594034533,80.97079626042296,61.04705008089748,85.7966928342118,102.05406911448547,164.15622329103394,161.8926106250657
2014-06-25,220.96612162579666,80.59857958566455,61.39766943632752,85.66011458479248,102.56923469418184,162.44966059860496,164.16256823409964
2014-06-26,220.81069230428258,80.76907375434665,61.88314034072446,86.15665929006813,103.02505517075808,160.2085379716779,165.72702551314623
2014-06-27,220.7929549106223,80.8702565183239,62.35386761033504,87.02767987866105,102.54166214636768,159.44634642550682,165.96547023863764
2014-06-30,220.6393938732377,81.11854126942418,58.96382408481003,86.92464216474127,102.99737486823658,157.62648146760515,166.22824023492635
2014-07-01,220.9495647683591,81.87143316923913,57.829371230798316,86.20900621911552,104.26912520212316,155.31358131783188,166.6204579564248
2014-07-02,221.40425213655308,82.51187504795153,58.2670242894202,85.87354409514431,104.2243681847576,150.84821440481852,167.85001294083207
2014-07-03,222.02667956111176,82.31050947445496,58.02472333903842,85.57804296555072,104.05952386091812,153.77821365670385,170.1793808234678
2014-07-04,224.17631492839578,82.2511879827866,57.533448671964216,85.21864150777456,104.5377619720058,152.6637900850058,171.46832515849246
2014-07-07,224.9183996465039,81.36469488096697,62.53793194779566,85.15185522738037,104.48517379824231,152.7558915675242,171.5350402627909
2014-07-08,224.4888257928727,81.52484174987097,63.14031786277365,84.81961079123802,104.54267708643565,154.28249821698788,170.9000207719052
2014-07-09,223.80157575145753,80.85594981827364,64.54793561459724,84.75954505642869,104.52872364948388,155.6805100469647,172.31050096630062
2014-07-10,224.84988687147845,80.92871705214895,63.01145225881152,84.27217769029907,105.19121537565938,156.897917897572,171.1923883981318
2014-07-11,223.40937104833853,80.99842335534714,63.718378421752874,82.62721456878819,107.02072687795277,155.60599223344764,174.03815641841842
2014-07-14,223.0158523494897,81.04696609275652,64.14970958716684,81.98585817160313,106.4398784606526,155.468614851811,171.82163817039074
2014-07-15,223.5033880414555,81.21690248924477,60.78915044243188,81.78043472092955,106.6554328346092,156.06120995837952,174.8339792577602
2014-07-16,221.51223524821475,80.34832059661441,60.691898052510986,81.0438520374185,106.55046299727313,157.740572807022,176.79310788957758
2014-07-17,222.0089620865848,80.1123500633353,59.04431410435393,79.99473421989158,107.3675131363761,159.63391261164597,179.93022944570595
2014-07-18,221.55104016882967,79.62852415638565,60.3004141452116,80.02991178226962,106.61199798429465,158.69172605349203,180.89046966276138
2014-07-21,221.4363029744597,79.9493999605796,62.62773561264272,79.58930077033989,106.40688086979641,160.3719465593137,181.38220989646058
2014-07-22,223.36386357246727,80.50718828266821,61.11231508266297,80.49677488316495,106.6533008862074,159.61120183045938,180.07075408423884
2014-07-23,223.61045988996096,80.14427334730826,60.21885410746121,80.32619841492367,106.92297262667485,161.0300666269566,181.65627273644128
2014-07-24,223.06480595554396,80.37240260763159,59.08799717421447,80.82795536698984,107.01721672452759,161.80592103795104,180.88446350302493
2014-07-25,222.02120076294167,80.63020903020545,58.502488401175654,80.98672876655068,107.2475675747234,161.99981710340444,181.1621152363779
2014-07-28,221.324406732935,80.8410569883669,57.33726715779715,80.50774882340112,108.51381853685128,162.079620162108,183.16281005661892
2014-07-29,221.21446966850348,80.14646471190466,57.5007790123472,80.36697282417546,109.96310748795325,162.52480208659307,180.07895581846398
2014-07-30,221.3336861305415,80.43755224081379,58.10092703569441,80.12635256346162,110.10684294416116,164.51819857586366,180.78604263798303
2014-07-31,219.97998439419314,79.79459205953872,58.337484845343134,78.79717384811623,110.31144958655122,166.49057618968405,177.9677269151228
2014-08-01,218.52356136903413,79.54195938053651,58.92406835933343,78.66414400472289,110.34374885249072,164.04277198702903,176.41056055838027
2014-08-04,216.4719630615612,80.24242271651974,58.453869056541166,78.85810205104374,110.0984150718041,164.44021166817615,176.29966465653445
2014-08-05,215.08407185375486,80.33426837400458,58.51274522386301,78.51374003570257,109.9572486386306,161.8454330949677,172.32698664198313
2014-08-06,211.66493983038075,80.28276943192313,59.36323851833881,78.78227273715031,108.49779054342807,158.47026311503438,173.6585969300112
2014-08-07,211.0077729413326,80.10791443376932,58.106262519556125,79.23241952315729,108.036205976598,158.9074410826321,171.08886384021963
2014-08-08,211.91684295508836,80.88063895768467,57.57572439643099,79.06466548884801,107.64292624143351,157.12851337906145,171.0742714558112
2014-08-11,212.53864794026646,80.89902201942704,55.849662076328194,78.80788270677698,107.73674831145394,158.752376434793,170.0882355976475
2014-08-12,214.27789861978354,81.56329397341024,56.36355848179465,78.64073475267726,107.11611543820432,159.42219719912484,171.17912450490945
2014-08-13,214.28142137280835,82.09037952655063,57.47507490479255,78.97183998004233,106.27382771323275,159.88495661813005,168.29572836306772
2014-08-14,213.67972420956258,82.67105800802112,56.102665128755156,78.27170467050783,105.99726065483028,159.88591761086124,167.5425959727886
2014-08-15,213.52685717393763,83.2478265905098,55.45155802245137,78.13423437632893,105.40540461814491,159.31524733951156,169.2436823204189
2014-08-18,215.0556257718599,83.30366205264203,55.15542820525215,78.07780316185976,105.83589791873264,159.66729872092102,165.76566359222684
2014-08-19,216.30066559318095,83.27700444510297,55.65842490335222,77.48228376929053,105.4945350682221,160.53703434635298,165.46086958460225
2014-08-20,215.7865811356574,83.52242870506866,55.455823379273006,79.11613082029574,105.07857458094726,160.54314286109917,165.70890277232738
2014-08-21,217.03396673110748,83.33941259164764,54.44308166320122,78.26547800257299,102.94920410531851,159.45301451053234,167.51712990591966
2014-08-22,215.48317666412362,82.97622674541417,54.187730821111224,78.0593250304365,102.85055493485841,159.8686186296299,168.56844301149044
2014-08-25,217.03337912868804,82.83684346733735,54.40441974705644,77.64275546955366,103.79812596906378,158.83134788747245,169.35819957196944
2014-08-26,217.19912660118072,83.14959289349238,56.472232319134,78.12943144438852,104.75909447444047,159.34008753117809,164.88456666270125
2014-08-27,217.7286864453596,83.19946983455445,56.592492945772634,78.66275627655078,105.32672058658419,160.1623202825447,163.4409742891261
2014-08-28,217.9240597084266,83.74170095939547,56.71779533884537,78.16614632083082,105.14137664191294,161.50212541507716,160.84022549711997
2014-08-29,217.5596082023699,84.47397834698509,55.84317319865032,77.85124917780901,104.71315290883699,161.12980850076815,161.7622688751565
2014-09-01,216.8478420754394,84.16769712741898,55.847378810531524,77.98012059156326,104.42891894688769,160.0172447669588,160.23253878325883
2014-09-02,216.82887605491374,83.83328917872699,55.94799323859031,78.89678837612932,104.63212143911649,159.59695505771842,160.59404388086836
2014-09-03,215.1628853977472,84.11041907714761,55.55831984349709,78.7707120272931,104.75588934551763,158.2236518445424,161.6698948035659
2014-09-04,214.21262766136087,84.17014004394491,55.78618296417233,78.30296101800498,105.34554973714734,159.13605171060362,161.9192561690981
2014-09-05,214.09232668754123,83.8555380819524,55.984345119051866,78.48105289810741,105.10337268874298,160.45634936528492,161.29906749135503
2014-09-08,213.6357412860843,83.01213723192224,55.26075845150486,78.33822882147668,104.75486503638066,161.16625446929794,164.0467715449515
2014-09-09,215.02524089414703,82.7783311108118,54.19823418120233,78.32996694290384,104.44013061800496,158.07124478335797,167.5151078147003
2014-09-10,215.4392389430198,82.62500791156643,53.307374797327945,77.90370017457825,105.06493874271052,159.43132517233755,166.94841129593829
2014-09-11,213.76591367334322,82.9030559736943,53.75774276161644,77.77305453203255,105.88082437645868,152.54081340448084,164.4739175248963
2014-09-12,215.89240736562445,83.07045924993743,53.77022768963098,77.78112880155632,105.02859607436616,152.6064700040612,163.90323999267582
2014-09-15,215.50999173338354,83.53000563880822,54.227154357944286,77.74782812135977,104.54354584509663,153.9309484689053,163.25343088505448
2014-09-16,216.14432667364883,82.8752279615508,54.939612223993755,77.05852069341582,104.35762393349319,155.27172199651133,162.55656897039538
2014-09-17,216.64231344120986,82.7559222834038,55.28022383854635,76.9963692048896,104.77785520485503,156.23997045557832,163.43143035836988
2014-09-18,216.91275434689743,82.98558696524107,55.09710065589934,77.35347526001641,104.15232740777438,156.06180307981214,165.24919478851479
2014-09-19,217.00282201443113,82.77697049424555,55.20527338388561,77.58950007648859,104.73090346272731,152.49169374686178,164.05996958286724
2014-09-22,217.04853928872413,83.13065108306654,55.90391907403997,77.65998992930496,105.59576514759101,154.53011895191972,165.10160861046515
2014-09-23,217.6040306838349,83.94627699852958,56.166280197532046,77.12532646730354,106.26407458081317,152.82161888788326,165.67840549199417
2014-09-24,217.1885364553292,84.15121360679274,55.72718686052973,77.080190315087,105.90134496808417,151.82717995213238,165.3869070722567
2014-09-25,216.44609564469883,84.17144338645508,57.13149776005556,77.33458891498866,105.67198542832793,150.7640015118185,165.3737890777604
2014-09-26,215.27159072894332,84.2755024683835,57.4131691450471,77.51424743817415,104.36825781091949,152.93310413634237,164.97260285484526
2014-09-29,214.59882770920498,83.9336658354151,56.610918072001986,77.49106142688848,103.84334868134464,153.55955739210134,165.11783292750755
2014-09-30,215.70448664022456,83.52047896493002,56.35509336524634,76.96095613281497,102.65594129669267,151.92272348882702,166.1090376872664
2014-10-01,216.19364772277714,82.06847811715927,56.7364809416952,76.93977507649011,103.52071050120642,150.00576508574233,166.39216445472988
2014-10-02,216.7119628459147,81.48486322783818,58.100136269129706,76.63738995310236,103.12028465775084,145.12859463592747,168.8920567663644
2014-10-03,219.38676537227647,80.3048086049814,58.565315675932204,76.58390159594269,104.85343681285106,144.86827840816107,169.56164455024245
2014-10-06,220.87018886326373,80.47110581290248,58.4301240866234,76.8759521294484,104.85753354535895,141.41864663444258,168.03411397687034
2014-10-07,219.98882786220602,80.66308816067142,58.48406175792169,76.5526969850652,105.72811856464682,137.70412643401198,168.8678419389555
2014-10-08,219.1231071047325,80.81938239829367,59.425864406962695,76.26480493997124,106.5387279584106,137.34040426666897,170.9683241774393
2014-10-09,218.8857148796496,81.94638282643103,58.97704737318968,76.30757748844402,105.6297178994051,136.80201372029978,168.52476948508055
2014-10-10,220.24640842711,82.32063696264022,60.4612820562375,76.03222649216329,106.26292573758064,135.08130727802657,170.3654740963976
2014-10-13,221.24126307019043,83.20463356012803,60.63688958289311,76.22895591883756,105.53989981738978,133.75046133243066,170.1032171113988
2014-10-14,221.10343717925437,83.24539647347943,60.39657021672486,76.3846012556372,106.03393920876806,132.51559408890935,170.6628329962278
2014-10-15,221.74955854269055,83.80018682958685,60.253466341649194,76.43478406945368,106.3578765373597,133.75036013689123,170.2339545864424
2014-10-16,221.23123240866417,83.43550143921105,61.14980049997691,76.34400253910738,106.64873460776593,133.791804509532,169.49892776904562
2014-10-17,220.81200838571448,83.57580706153018,62.024424984581714,76.22979436152782,105.99630128539754,130.13978561992278,170.19069759963216
2014-10-20,220.30313277193557,83.51238689892259,61.153773727631624,75.66125416734685,105.75396464386793,131.11627758263106,169.70340771648767
2014-10-21,221.91416886869393,83.21044233333805,60.96587831065708,75.89813366833636,106.6718402166092,127.30754172118829,168.13547894968335
2014-10-22,222.0124021309235,83.09080417857729,61.85241017000346,75.86870820029971,105.72029121399812,130.9750373649563,168.05870473971544
2014-10-23,221.76440737026542,83.15644445549295,63.99790470695436,76.03292130447119,104.10087820269374,128.63654714508007,167.99310541372407
2014-10-24,219.86648385531848,83.7250362274743,64.75451176686884,75.90271369067527,104.34953663383762,130.09867673749557,167.87153451691123
2014-10-27,219.6756690477538,84.04862648175033,63.8085528396272,75.99941802483607,104.72818704175249,132.5784079605636,167.936682172859
2014-10-28,219.26887751060937,84.03748431333092,64.80156708527358,76.64046792762102,103.73554740790576,132.83897264346191,168.4087170773579
2014-10-29,220.5269792801024,84.83971144869517,63.984340892589664,76.12469687986503,103.47917407557793,134.7667452389284,166.04474637138543
2014-10-30,221.51495195268808,84.74206325923731,64.11623147809136,76.39430366386294,102.93650819378882,134.28358098678441,167.7525506374929
2014-10-31,220.865423083237,84.81544198200709,63.91849968679311,76.93199259208458,102.81995339254674,134.17507758521026,167.641922477062
2014-11-03,220.58969613544443,84.86258243569415,64.25670560334618,77.2768502963391,101.60709568938552,137.30236892737435,168.54080242364552
2014-11-04,221.1457514137102,84.04714479656903,61.98237182901048,77.18850016103195,101.69552025924179,137.82546551031274,168.6488722827255
2014-11-05,221.2310031579882,85.09095764331482,62.524457003021716,77.25461214096873,101.26047138018313,136.57866537429223,168.97180429694197
2014-11-06,221.5452584975416,84.96137605401064,65.58693077197523,77.47170819058762,100.88092002892368,135.97686399433937,167.77544600805882
2014-11-07,221.3000361480613,84.50908759697809,65.16827254729142,77.21783314001442,101.12412046674197,133.5349990895029,168.69864785312342
2014-11-10,221.7114413958155,84.44263984610618,64.56340590608794,77.21595676374406,100.78108548585998,134.68661925371364,167.8574214936617
2014-11-11,221.12413685603673,84.3290975781184,62.80709776006294,76.98533926244885,100.1773871806392,134.04785294223208,166.86764164159965
2014-11-12,221.69172255951773,83.87767407647593,62.68260902177634,77.01376980176586,101.06686809062046,139.20136364847932,167.04335978367442
2014-11-13,220.39215320835737,83.36331429293074,62.28002333652364,77.27402228409903,101.90105617555419,139.2577040403609,168.22152896565302
2014-11-14,220.75668911218293,83.37499644823806,60.44114458985953,77.63866862635957,102.4655133515382,139.60163884452342,169.8776330003317
2014-11-17,219.94769322693566,83.1934318868732,60.19880751562299,76.95430865833382,103.17279775564015,139.47467118938513,169.9972800199015
2014-11-18,218.46237314570507,83.37221431442562,61.1579828432931,77.20778736403557,106.38501696050602,141.20548237510397,169.3594673285124
2014-11-19,219.79469320474286,83.63839285318251,60.87034793501953,77.0662723097015,106.76180734475956,141.00733871163163,169.321939690513
2014-11-20,218.56257279463057,83.62105078857041,63.095068869315696,77.02226674017844,106.43739372066183,141.40000483691952,168.73325085942628
2014-11-21,219.83549710622157,83.10695119736143,62.84256376386837,76.76762531203543,104.57767394548672,142.46128499948585,167.39240681015838
2014-11-24,218.16021376323988,83.28529594433223,62.815374576425675,77.04286509326475,104.41586561912908,138.70220816051418,167.7507752671594
2014-11-25,218.6714470677544,83.45394827739582,63.07403807797401,77.58682139790693,104.82016761945778,139.70681061029097,167.24406943343425
2014-11-26,221.08892554930958,83.54281530109408,62.8254299270707,76.71351836104893,105.22823921377643,140.03536630424648,168.21255810135793
2014-11-27,218.65477031568935,83.64648141514985,62.4401971952579,77.001188621639,105.44112102524598,139.0929542878186,167.13385451389166
2014-11-28,218.26992369229234,83.58064360468445,62.55003774179129,76.91621385532827,105.08392789141534,141.47394643976983,168.3609844800481
2014-12-01,216.948132750833,83.60039115608744,61.79295268563045,76.23254013047385,105.10065837854353,140.60853336252373,168.45857125060613
2014-12-02,217.14511357904016,83.20742569533665,61.29462696032226,75.88043126779323,105.0433532558484,142.41888688158383,167.76601905875827
2014-12-03,215.85281233825887,83.0859558026901,59.472073634537956,77.52045298157377,105.11759126129108,143.07661318503838,167.76300533984843
2014-12-04,214.0301063032754,82.76620879059456,58.76962346730471,77.48114290054899,105.89600704150816,144.65876322366526,166.67613510396941
2014-12-05,213.6970736565127,83.73848240570861,58.39131624427805,77.69710561350867,106.25729048711841,144.43490755909218,167.66738248512502
2014-12-08,211.10243395466304,84.82282035028216,59.29412159503786,77.16609589586247,106.55361495785708,144.8696318297277,167.6244256259051
2014-12-09,211.27841481526835,84.77922913746285,60.24666806248775,77.2596477932402,107.3611913483241,144.8585494646757,169.31568384415536
2014-12-10,211.45440200777912,83.58211904687619,60.60956291155519,78.71417337849566,107.57241843058445,145.4401722885104,169.61462175721712
2014-12-11,214.92847562694678,82.69890912975357,60.599837476073674,79.62771158859353,107.64444472268599,145.24588688481234,169.80502354845743
2014-12-12,217.24243688846735,81.70431065099486,60.50430265434779,80.38226567050349,111.8658363353468,142.13021413015937,171.5826621885004
2014-12-15,217.1251405124261,81.19815676673767,60.14527575213713,80.50866381539484,112.531376312711,143.73480276996227,172.23821434611943
2014-12-16,216.91686329898968,81.09106204319873,60.11846901547122,79.82676837129333,111.89900066879679,143.70307436893236,179.06905290917183
2014-12-17,215.98230917887756,81.45532970294582,59.19764985197349,80.24890613609762,112.6031265781934,143.77053242911737,181.75867112793517
2014-12-18,216.9793679663136,80.55773217245236,59.431162570211804,80.62507510658654,112.62501673428561,144.3243714474284,182.29358815856847
2014-12-19,217.94738671218195,80.09609858732435,59.530225945640375,81.29036591645634,112.03984555990932,144.1869051344158,182.83285986691885
2014-12-22,220.80612694106284,79.71095140368287,60.185372825959014,81.40830841691488,111.54260189325505,145.05463930019414,188.53053080921129
2014-12-23,220.0239313405966,79.60695891185625,60.11513175938956,81.4883985106169,113.07964567467297,147.56425991236043,189.5225716975539
2014-12-24,219.4077485374137,78.73290984780903,59.80592535109323,81.75580856383256,113.83090648457879,147.09409644544755,189.96828591216646
2014-12-25,218.451391121837,79.34237995430318,60.13900962154789,81.66529802499198,114.04436335489495,146.5936573064876,187.32509946188
2014-12-26,220.32792133930823,79.77708488722351,60.222034826897065,81.57710780064669,115.31309172525846,146.09085646045057,187.43932380133023
2014-12-29,221.30045805074508,80.07256970610173,60.372605580758616,81.66847478045813,116.60296002813004,145.657458796852,186.45454658845372
2014-12-30,221.6228134576141,79.79853037034063,61.08714192354663,82.7109599750866,115.64264953496456,145.3692030854646,185.2627251573799
2014-12-31,221.4753947296271,79.21030981720423,61.92207887970155,82.35469883250012,115.24385040172872,145.9514067915086,186.88605605721673
2015-01-01,220.4388663911631,79.54856714203491,60.92216607521619,83.1321649407357,116.54446320295958,146.13756969813727,186.7640366920359
2015-01-02,222.23344090612247,79.4455326872084,61.159924376626044,83.13974846784484,113.41679947619727,148.82104894861328,187.01258357086493
2015-01-05,223.0985656497718,80.09618101383654,60.598332907960554,83.32714742542099,114.15710135506423,148.03355751319688,187.27297260833197
2015-01-06,223.89061417979048,79.63686006862834,61.62543410922949,82.95526012695316,113.39268298976275,150.26202353197002,185.25357668122362
2015-01-07,223.74984300240163,79.87936531729436,62.110677520241644,83.1308628491329,113.33801356097709,149.70089059609305,185.2251004545636
2015-01-08,223.30782088157324,79.55180711377524,61.42160627043376,82.7840325107759,112.46533889194434,150.4509129189577,186.65508456909993
2015-01-09,222.937022557096,79.66393385436378,61.17089335165792,83.17721956381321,112.55714575126561,150.65263541816847,187.36968336538064
2015-01-12,220.83143088644238,79.8393138945618,60.5594341723775,82.83357147616142,112.62577764600233,150.49555528244068,187.62952379472358
2015-01-13,220.78024085321437,80.20005638119962,61.63490350665746,82.34899039227948,112.09488301280707,148.71615450795224,189.95538806999636
2015-01-14,220.26903637663827,79.65091342434488,61.60963409410307,82.99918178760005,112.35280913526634,149.52354061380683,198.31075261289178
2015-01-15,220.08969226082954,79.80365987265614,61.95231073812872,82.78945336743301,111.45282097357561,149.55280384428124,196.78332132720362
2015-01-16,220.69055060957564,79.97812994908037,62.48771019544701,82.83266447312153,112.21664632093588,147.84904101529082,196.39346483704256
2015-01-19,222.4630541865613,79.36145949226983,61.93549386477097,82.7478318617863,113.24505314210023,148.33197844619593,200.65398674853407
2015-01-20,224.3707320833072,79.53221507147894,62.66019001522058,82.60423273323299,113.58704578750212,149.3660498342896,187.2518014387289
2015-01-21,225.5099251191088,78.95957587267989,62.58476351946854,82.40154215838187,112.97716429837666,149.1684158432141,179.46640543596106
2015-01-22,227.32967843762086,80.24882245335361,63.51688224976305,82.54248673471035,112.45948102458942,149.90341534978236,178.50862300841146
2015-01-23,227.5444368311365,79.83031541533029,63.244175665197304,81.88436170732359,112.19184240369708,150.33315064455206,159.32525820214522
2015-01-26,226.7082854104726,79.35805776369197,62.87227515565107,82.5657832621806,111.30545988035897,150.88274817726838,153.2664842129101
2015-01-27,227.40822620552652,79.76446696532379,62.70794918728977,82.85550337621585,111.67543207720217,150.5928753506256,160.8454726420493
2015-01-28,227.36539252673634,79.29661658308864,62.6005443339675,82.4832205600216,112.47130700689765,149.34335211478302,166.5345444147894
2015-01-29,228.94658325084959,79.88181483797428,62.78303836931619,82.87874643002094,112.7344465750791,148.88733374678986,168.70553854621164
2015-01-30,229.55550350560128,79.81680958046987,62.24131224433135,82.3659738602583,112.44371039666626,149.1325083988803,175.07236639244968
2015-02-02,229.5435353919395,80.15498824085122,62.70831218494317,81.68645076359884,112.38351970372753,150.9663418310776,179.53151395418277
2015-02-03,229.31437159921882,80.98930440523736,62.862673181378874,81.79034814861282,111.43435511822123,150.38362332158638,186.0317870520793
2015-02-04,230.12165788103871,80.70903575580668,63.028326672938974,81.10750763380481,112.33481274069881,151.25145506751335,191.052792653137
2015-02-05,230.24091054987477,80.77899928727432,63.75709491660173,81.33099731295454,112.69231483861098,151.86685383284194,194.05709794267557
2015-02-06,230.12262495727853,80.70145663583725,64.0985336412213,80.5994504569939,112.87355699830606,151.22791052900516,192.36819455316964
2015-02-09,229.95833193399264,81.41595618280596,64.63783789848219,81.1715722972831,111.64382160084949,152.81390687559605,184.04374188292297
2015-02-10,230.85272840383118,81.17146727420855,64.65386167870878,81.42282576995672,112.63412181848314,153.7545584386657,180.98676411314077
2015-02-11,231.89094107030044,81.00795974661848,64.62761214476703,81.23487997285783,111.52974638999072,154.97310152490664,180.1662936678118
2015-02-12,231.7807210293924,80.78536041272024,65.00854951480157,81.68934893585576,111.66203912016663,153.31843022368804,175.5116004447333
2015-02-13,231.9967503313102,80.6705900255374,64.95756207433583,81.68883391974856,112.25846432629682,152.68707670442964,175.07699434553822
2015-02-16,231.32336105923827,80.27826924830987,64.8161550269347,81.86609876739801,111.54286455829603,151.84415530321627,188.15915833451294
2015-02-17,232.66046687172624,80.05999932422931,66.53407135898456,81.86619084062798,110.78703626376122,150.16435286443166,188.54211496965738
2015-02-18,231.16210466954126,80.05692526265715,67.0201238625327,81.78769466167529,110.60101745220899,151.4071800378787,186.97874929599905
2015-02-19,233.02568192567185,80.00830201064245,66.71813292419147,81.91407322199119,110.04878484224228,151.62870493726007,178.0688757713247
2015-02-20,232.71674733747636,80.30190768035276,66.10562550664875,82.52818678991937,110.32089440751423,152.7491347327444,180.81624840341098
2015-02-23,233.42109766047452,80.75258919447472,66.79253580018012,82.35820968812432,110.74369665107595,152.91518003923926,181.56268848946718
2015-02-24,234.39408188458896,81.57275845207636,67.05191683580487,82.81541139640353,110.71419716604821,150.9125163848446,181.82732230990575
2015-02-25,234.62524002154834,81.36825744455089,67.03423526013597,81.34943026767398,109.76930801186798,150.12290983560183,183.84131774972167
2015-02-26,234.32343621213082,80.64010484739185,67.03116427372659,82.74774534345683,109.71572160134467,148.6782699578569,186.74612885388132
2015-02-27,234.63623801469657,81.01158688011701,67.10251886952355,82.52662555867212,110.25028561949009,149.08303077128213,182.69543174455714
2015-03-02,234.2098154700705,81.65302217478515,67.04072566131022,82.20399882715637,110.03922793812427,150.87186329697545,184.34949216765614
2015-03-03,233.8508317949483,81.30305129285397,66.77487059016065,81.93728832501962,111.326481536717,151.45681527762642,188.63109329486122
2015-03-04,236.47138076872648,80.90505956098622,66.23139776529396,82.43316356480659,110.90394264301601,150.14254846748045,186.8563836298552
2015-03-05,236.1006906543414,80.36805731404803,65.9026746487635,82.39880972132018,110.76041622515919,147.6618033922673,188.52590071286946
2015-03-06,235.0653625715455,80.1247246436032,65.74569335786838,82.91131666490054,110.46539320601312,147.90504074674337,184.509955381467
2015-03-09,231.91535870856504,80.31043339065266,65.91157604725963,83.31289860800608,110.5695428439732,146.60192743227637,182.94243410618654
2015-03-10,230.99358678115854,80.99103754462223,65.58476688876898,83.01771491912076,111.23442776910048,148.44190036794913,183.01498945625394
2015-03-11,230.45793289509683,81.17210622865285,65.5418729692549,84.0218736268055,111.3447769837494,145.49770821867017,184.57695797547726
2015-03-12,229.87625280596848,81.41474279620711,65.45350975404395,84.05277514229701,112.43355637420562,144.91770821847268,185.4337439599476
2015-03-13,229.70844567240206,81.13721119159653,65.2521155110376,84.63716457887996,112.49553141037558,145.89141482006926,187.46142495971077
2015-03-16,229.8986536252983,81.67293585257924,67.14375106350886,84.60625065401058,112.44688042089061,146.0420375221026,188.4321986366232
2015-03-17,230.81049031321663,81.04356307872774,67.36751053217787,84.74692931484246,111.90965956995635,149.8079753011419,189.82512552315106
2015-03-18,231.46221094253872,81.50923538071078,69.96359000471612,84.89853893924607,112.07404662071347,147.7183216039081,193.10296587216888
2015-03-19,232.5269682513798,81.45614396694597,70.63526325704149,84.91959017636492,111.71101666028855,148.58966312534776,196.32027254027992
2015-03-20,230.24645805200632,81.63560105441323,71.3588595829016,85.47777563527914,110.16960978187106,151.16557941370831,195.00020755103617
2015-03-23,230.4952700175237,81.3950070837234,71.26234998074275,85.1908024037102,110.32846414190611,151.61436579051926,193.8374270549847
2015-03-24,230.46540225741322,81.41400648982246,71.58611765143071,85.48270410565961,111.05065001773693,151.42433165728048,193.96739047899467
2015-03-25,231.42067998014792,81.41979381221607,71.92821966249802,85.92715400333468,111.00152213773524,150.28640400338824,196.8366274980555
2015-03-26,230.07590532526206,80.51267479275445,72.38763657399925,85.7242779489424,109.78249362358395,149.06691557560634,199.22067774703646
2015-03-27,230.0978106617242,80.46376928935331,72.81161758726634,85.28726191649534,109.74395291950542,147.5387236176454,200.11899021798058
2015-03-30,231.09005378246266,80.77454839805074,73.53051106183368,86.33208114540605,109.11413749470991,147.1222500677913,200.05267046268864
2015-03-31,230.0816118900976,80.47680603782582,73.69821251508117,86.15025984190433,109.60284046413338,147.8754562778086,200.957119931498
2015-04-01,231.43070082789126,81.50756872352828,72.87337197992048,86.14151792407137,109.27511463409941,147.6584006280688,201.84118106725566
2015-04-02,230.34375074889743,81.64049322176798,72.76282539304195,85.6101131205475,109.25954190123119,147.29817372606732,201.05527131832872
2015-04-03,230.20228931760371,82.51326815497953,72.42181076055907,85.33991912508063,108.61840768986346,148.5975654750308,201.18967883215933
2015-04-06,231.2051099864765,83.71297127106318,72.66787928747154,85.52706775643772,108.31392579125347,148.162287445153,202.20443584398674
2015-04-07,232.1003038117518,84.308622603934,73.14987430547613,85.32273317239652,108.7369741790489,148.7181589795819,202.91293456947392
2015-04-08,234.42783433361305,84.57902000362671,73.4144650121285,85.31622420421068,109.0833095201895,148.27978096237499,204.92647746636842
2015-04-09,235.0289963817318,84.57505336410097,72.0648677717094,85.32175795948385,109.1515417651947,146.59956088452336,204.07885089725303
2015-04-10,234.038311470744,84.51527660821831,71.99246552906024,85.76614099171876,107.90017606527573,146.83347944808594,205.1772310182332
2015-04-13,233.82446455845746,84.89422381044686,71.68223561625352,86.1776026799274,108.74021492953946,147.14979425844788,204.74268842258408
2015-04-14,232.81210438714032,84.96103922431516,71.31899027647623,86.79896809134802,107.89922286161237,148.02227560685256,206.12894273966765
2015-04-15,233.54293320418066,86.52935247459737,71.49749003604077,86.24961438893182,107.47724594219098,146.20015628113137,205.50102103055488
2015-04-16,233.60499837286616,85.82303036085942,72.38543732108322,86.13881826615018,107.63563862486097,146.53072510203828,205.21286739862717
2015-04-17,232.23741517497223,85.17835382107492,72.16863889404944,86.63983366292621,107.02600892268498,145.66594168875744,206.67171849520489
2015-04-20,231.17364662275452,84.30543578633659,71.38139410415623,86.30285968585702,105.69022736006282,147.80780499761488,206.59076804636337
2015-04-21,232.17995819032254,84.33814784568268,71.68960681078859,86.65023663462607,106.94193770728035,148.53516208255814,207.16435502878207
2015-04-22,233.2564307797803,83.43608313081803,71.25255476810018,86.63018077504519,107.51334821855689,149.343465467999,205.27724214711358
2015-04-23,234.73949336563368,82.89641843842138,70.87434145458349,87.44440791146707,106.05361069446677,149.64018875692796,206.8570467646724
2015-04-24,236.25794485981422,82.75948592484941,70.40303286215486,86.75268764338581,106.3010457564875,148.19351684989826,205.45812412939776
2015-04-27,235.88589878224246,84.11619684351,71.58504790866172,86.2188579946182,105.63913247787535,151.63107298357428,207.6364017057782
2015-04-28,235.59877346448243,85.10104187595991,71.46858474855756,86.13593370812507,106.48018715443062,152.5126965594109,208.91770233526708
2015-04-29,237.52112808540474,85.1431763616272,72.1713763844258,85.96358886131495,105.31551813877564,152.31405018392857,209.9406316706354
2015-04-30,237.3996184267815,84.3815367469332,72.08768257214585,85.62266656719328,105.91109216230872,153.12066775039804,210.8533477989033
2015-05-01,238.80237292707295,84.57646914722659,72.69933886108677,85.55997681211669,105.89377550181294,153.13447407294584,212.32495160906748
2015-05-04,240.5856027283278,85.0806587250952,71.76237786816597,85.26671211381586,106.01727102525076,154.12646827785665,213.73322560061084
2015-05-05,240.07244104964013,84.77340922542054,73.48214674401021,84.59571426707451,105.72208165343301,154.29739299260152,212.1315083496843
2015-05-06,239.52278920349661,84.2409523547525,73.96533726047636,85.69857003667782,106.04791382992651,155.2936126338343,212.20028899793934
2015-05-07,238.66691551276554,83.7284665808632,74.03436672593396,85.44786166253792,107.22657959075937,155.70703045065716,211.6736691353869
2015-05-08,239.3895412580046,84.02362321108431,74.95553104123417,83.99276836202505,107.11975280599559,155.2305530373488,211.25448184329457
2015-05-11,237.5317521462614,83.32843031145451,75.07356007286535,83.5264098403449,107.01075182082752,154.8738676001133,212.60793234037965
2015-05-12,237.42147802218224,82.85300142440492,74.98549125670833,84.0580742257691,107.91200783142729,156.2664875990683,211.8397557371945
2015-05-13,237.46197782026255,81.46971872500177,74.23656164957957,84.0766610940075,109.27396844461262,154.4864582167562,211.6828741060143
2015-05-14,236.82673943262174,81.60477068337856,74.09393800391781,84.65216921750365,109.1119025056364,155.80199202104473,209.89447326025365
2015-05-15,237.6532589803212,80.07921685963971,74.66634208836813,84.51115622359261,109.3810135287481,154.95798930853147,211.75967654178677
2015-05-18,237.71736547161055,79.00103189771927,75.11778340002436,84.53633106880382,108.18217508677239,153.52675269836158,207.32913007010032
2015-05-19,239.88614787653637,79.58430193391322,74.719227248501,84.4841377934296,107.58633934673912,152.80556918864772,207.88777863796744
2015-05-20,236.79894220769202,79.75103886420149,74.82702708797387,85.46903539290213,107.40586225205134,153.90097946048587,206.52005620778738
2015-05-21,237.31250792480316,79.44832679109827,75.2839475954494,85.555725857769,106.01403197295389,150.62832833206645,202.50059297809847
2015-05-22,239.72770764296607,79.75958198521535,75.05914600449151,85.38884790693803,104.63594709030068,149.66475589336497,216.86805980599735
2015-05-25,239.84867956076258,80.01372760418492,76.07413474847326,84.71850772081577,103.82670963742227,150.21415890458428,217.04164253734393
2015-05-26,239.53258803051136,80.304075273494,76.0132410916183,84.7308364957955,102.70043442220818,150.7781756539965,223.33191152798284
2015-05-27,240.7100593064952,79.63812588752333,76.30937150525192,85.19918181982517,101.33451231667749,149.53653765999633,226.24743742504214
2015-05-28,241.85408904998317,79.02248096666845,76.34369176243878,85.1651963846764,102.00359468146003,148.96288003475513,227.5200358414225
2015-05-29,241.7734348135691,78.80905860502155,75.38589761556695,84.85086332470327,101.35694390997921,149.09634196564065,226.96905942629564
2015-06-01,240.76902286362235,78.92885419814796,74.75878278010809,84.8810943756806,100.63868152679605,147.83971805418153,226.92963060042558
2015-06-02,240.6113139014643,79.04435252334633,74.96224138569832,85.34143967586282,101.50763423540768,147.3356999767957,225.7516361545952
2015-06-03,238.4728336833135,78.68174044671159,75.0057239914831,85.5272171096919,101.53460209105084,147.16722585708638,230.5673430994596
2015-06-04,239.03232005517077,78.59254832269637,75.22668688219557,85.7875909115918,101.46838007311734,147.47308131207367,227.13406756152474
2015-06-05,238.28319069382687,80.52749296295347,75.31176904920957,85.85321191428883,102.56883159499216,147.28812374396836,230.4349284095279
2015-06-08,238.18998395064315,80.53779630050967,75.27370389889175,84.95814420476455,102.93827350945233,147.15226547931243,229.27190223348438
2015-06-09,238.9575920534526,80.22590914260054,75.88337490116501,84.66437975335558,104.9455101259306,146.6571301716259,230.34210278075648
2015-06-10,239.9459408052738,81.19378687120756,76.05819537846519,85.15526509554599,103.8751634363377,147.545675579882,228.22187988726623
2015-06-11,238.31909394519892,81.13697082925691,75.73422284462069,85.08195829968977,103.89873676042701,148.15555088636557,225.4643509843356
2015-06-12,238.69080352177843,81.81922067835885,75.2453383268399,85.13277046327859,103.94812173066805,148.10629294734773,225.69486561930702
2015-06-15,236.97149322475246,82.21815962985008,75.31704962365949,85.14693339964084,103.25266520259491,147.09398788347272,226.1935585482537
2015-06-16,237.13643905546334,81.94192908490521,75.83294489760524,85.9663161067176,103.54114258546409,147.9652430528817,224.97579677261444
2015-06-17,238.7803870647766,80.68085608849216,75.71859006472549,86.24578029768851,102.74473950953852,147.4931757376411,226.3584658328642
2015-06-18,238.55571255170636,80.52185494601676,75.06221599719265,85.18777956765926,102.4134413296661,147.61094102488372,232.1664698500223
2015-06-19,240.48421552658854,81.29818750993878,75.03138014483396,84.32622724316548,102.57257626958864,147.50860489353101,237.4429376439172
2015-06-22,241.85006041114218,81.59252633366167,74.68726238152465,84.4007810398009,102.73023056544382,147.88592126501948,240.10607988920302
2015-06-23,242.60112658035106,81.2716152144471,74.80525187647488,84.37919549097177,103.1916842848463,147.77712130592425,236.087193546687
2015-06-24,244.59674664813227,80.99756794359104,74.91293521370528,84.03532931361717,103.52019246857192,146.81851213937236,234.35604157444632
2015-06-25,246.01834404991368,80.78719378670873,74.31316473895524,85.15560166259657,104.46236903258846,146.97177261106575,234.59763286428958
2015-06-26,248.3972506904962,80.22532622111972,74.2776438805507,85.28173381743078,104.02587354328956,146.68776173949828,233.74766111517172
2015-06-29,249.35835049488472,80.10550687670784,75.24863395558161,85.33264079419982,103.86650009125906,145.52576720061364,233.9792978442997
2015-06-30,249.1243332508947,80.18773354258057,75.8173173693934,84.97937347195166,103.244700544544,144.3718490146217,231.92248770866615
2015-07-01,249.03814831384474,80.60160826778666,75.58014678146965,85.66015014221662,104.03325707025505,143.35737554948832,231.59488931716086
2015-07-02,250.16770760389454,79.96706834554875,75.2000543910206,85.27607447620868,102.84593302015227,142.8197737557335,233.98622313290863
2015-07-03,249.7836125528709,78.75717527481082,74.8320485953086,85.12540341004289,104.36459151428744,144.96115548663622,230.12270202957146
2015-07-06,250.17315411675776,80.05380617236841,74.33453528712012,84.56877359866868,105.6895870210117,145.38706846780187,232.0674013212424
2015-07-07,249.25340991214802,79.69862241502572,74.04574314433742,84.70778996168757,106.04868508707708,144.84519588863583,231.74690974041079
2015-07-08,250.6618934779505,78.70105399651746,75.08331416040312,85.22754071774268,105.15914269511306,146.00959514595417,228.25964286128644
2015-07-09,252.53850968642152,79.41337696928625,74.14104317952449,85.83724630568948,106.36587660070653,146.05640336666912,225.24742792648692
2015-07-10,252.58308698341747,79.6226498513136,72.85336427265747,85.1717147557391,106.92842778286135,145.77182868166776,228.73723116131129
2015-07-13,254.14178585119794,79.36857562408727,73.60251418479876,84.69707451730841,107.12872049401591,145.40970048584447,228.01916182914638
2015-07-14,256.01733243848594,79.15669119228365,73.41670415597963,84.73258231895588,107.61893590539012,147.1745263454456,226.49538869841385
2015-07-15,254.9012582139382,78.87695937772048,73.0856476017701,84.12594052085497,107.19837310223916,146.16346550662314,224.72044958410277
2015-07-16,255.836583980652,79.6416256543914,73.27822983606086,84.53484263868742,106.97149837572577,145.93693528174876,225.70746856522499
2015-07-17,258.3137207617127,79.327551204183,73.866618769935,84.9310241103107,104.87958959773216,146.80963249558047,227.8100951060041
2015-07-20,258.94837825903886,78.88531569710398,73.57107498055669,85.37309140155874,104.14231917788253,146.73282401788316,228.3027063963935
2015-07-21,260.54961332317407,78.79087923046886,72.94531885674142,85.04211652014838,104.09108551186178,146.11192640182693,226.97246131812634
2015-07-22,262.42433886675184,79.06871233725347,72.16004583733577,84.5384156006694,105.70340322643781,145.72919418178384,228.20326232833506
2015-07-23,262.0438903048311,79.36716908077933,71.32487670339107,84.79784217642748,106.38601471682739,145.29192329705123,232.40583056601432
2015-07-24,258.7187231047867,78.49087517563324,71.3504483152945,84.61119610214506,106.70516759160928,145.00235612740994,233.65099311145954
2015-07-27,258.4200571951711,78.70689138236997,72.06183621960639,84.54077784548433,106.82234269569533,144.30229526217943,233.74802232282514
2015-07-28,258.32740736230863,78.9451627694333,71.59257413332698,84.13319513853052,107.83119733195909,144.6539638635684,231.02020374031892
2015-07-29,255.99159251585579,79.20495835761353,71.64176782223531,83.81407498004877,108.87937055873488,144.9257048660162,231.47594603367827
2015-07-30,256.03911005185336,78.99393925750695,71.98328221674454,84.8713710056074,109.50172208528997,143.80390460906838,228.38608674663215
2015-07-31,258.6445046277197,78.83418335795834,71.55616812348637,85.5283904495465,110.13865773229551,144.20678082596962,226.36263734028645
2015-08-03,257.39000009451536,79.05317956920133,71.90659604007064,85.36487526842508,110.77084254171673,145.21769172106238,226.41647936585676
2015-08-04,257.2632937125989,79.55594807324408,71.96190410741903,85.39750753972035,111.37486524299844,145.3876219273936,225.42252042809076
2015-08-05,258.32266192758124,80.33231034901496,72.0911379111023,85.34606423101033,110.97958192567026,146.37155987491153,230.9410076356526
2015-08-06,260.9359439153269,81.1303389514152,71.79599199690979,86.01622399988749,111.02467888983108,141.90463897484315,230.65606404122377
2015-08-07,260.75449548021624,79.72977523179493,71.08210570580256,86.70289794001478,111.53256773191133,144.2415171026883,227.4261363031741
2015-08-10,260.2647225000687,80.18803641684268,70.42380329478554,86.6858057525458,112.35214375241243,146.23797853827207,229.86831718832227
2015-08-11,258.9539452837721,80.39901991237168,70.3279466451628,86.53173095279921,112.9222985490089,150.18294037590618,228.87898718029888
2015-08-12,257.16371364691736,79.72304939453018,69.70861313479237,86.41014398692808,113.82214058011482,147.85169407866485,229.7989192740369
2015-08-13,258.4354314392932,80.02357621865933,70.26268221591907,87.3202974800588,113.43915369557382,151.78077306106502,229.1130850312065
2015-08-14,255.11225864485084,80.18397311130994,70.98478676031344,87.63269723427335,112.21088832256802,149.9530514458747,227.6848691343804
2015-08-17,255.07721210312587,80.98934272778823,70.84785043863627,87.67653086231775,111.58381926846977,148.85254222612227,226.96984565131916
2015-08-18,252.17413702608792,81.2205738113317,71.09113137102773,87.51832571574238,110.10036245091463,152.2916817394482,229.02053074932158
2015-08-19,244.17003729709202,82.34880083186142,70.62679410302056,87.96761853492416,111.12083435032073,153.04551488883786,229.3322175754659
2015-08-20,246.0242942753042,81.60256547350698,70.5441765828513,87.65796062500857,110.27024572930878,154.17927021751282,228.089691350948
2015-08-21,248.01104555982886,82.03697667440599,69.22754305631499,87.56776879771692,110.58083009886516,156.0150118318761,231.0398984419006
2015-08-24,246.6650715334375,81.85438974536717,69.80152329558096,87.76304915986518,111.31636656053817,153.73787691730277,230.0106982472428
2015-08-25,249.10352505885336,81.71173653444583,69.5757322903116,87.09621978876292,111.71393984938935,152.6457403775644,229.1321942858278
2015-08-26,245.54080791802912,81.99936668707589,69.34888698030589,86.50787612606563,111.37704264505034,152.5591720532574,229.2413873732701
2015-08-27,243.42658281627786,82.3665771046294,68.87383387718428,85.90941896481112,111.56449911903985,147.17203427172194,228.3762438794258
2015-08-28,247.1076093747853,82.68658446698346,68.21337645658076,84.77115158775439,112.07651913100685,143.46833198289838,230.06251795951255
2015-08-31,250.70838441921043,81.39115455956554,68.56275924208813,85.54731993411791,110.51402697193193,144.64087451956306,230.36787016847492
2015-09-01,253.6781345595273,80.65444104045427,68.29303933006555,86.0430225865899,110.31005595366618,144.4851480636986,230.50783990253365
2015-09-02,254.63723852078616,81.9496816964481,68.62570373182392,85.93163778840207,110.14827995831988,142.93422981199066,231.1178450019472
2015-09-03,253.92388078848882,82.89689518216197,70.13473977569586,87.12667842506222,110.47357643027249,146.46582528132458,229.81482586246668
2015-09-04,254.90787912194463,82.74968731177358,69.8086036951487,86.86344895265387,110.32348914136331,144.25399258853295,228.18301049648852
2015-09-07,254.79677467526932,82.21156691019284,69.63074851247322,87.10454229460318,109.97695222355344,143.2540842515253,232.73247661949168
2015-09-08,252.992002486774,83.42984535495411,70.04190100752082,87.64708011598455,109.10221140055789,141.24547496347378,233.71848158445047
2015-09-09,253.85993595055558,82.87454505487486,69.71609267464338,87.75279540491937,109.05316357056209,139.792538837963,234.16523607269832
2015-09-10,253.9704558612864,82.92665400243403,70.0455858132824,87.79808104756889,109.74967426292004,137.82527550899454,231.87516555006917
2015-09-11,253.06906669965497,82.88332325843638,70.8487687385226,87.5797419206333,107.04629705303137,140.22814336604378,230.58261953402675
2015-09-14,252.70509255462605,83.15652233579956,70.25036869188366,88.4509221054272,107.65651100982497,141.1449621200533,232.00558117072876
2015-09-15,251.9301253176676,82.77999276114927,68.68518139583665,88.02679815747894,107.9935964834347,140.79122985086374,234.06575672685346
2015-09-16,253.54005376363452,82.51739544694804,69.0713683097782,87.18861739261774,106.88094937006397,140.21198896086557,236.4781408149536
2015-09-17,252.09399179393105,82.50050555419283,69.98865853021947,86.66662890245372,106.32430283495833,138.48954028259269,237.57161344034344
2015-09-18,249.01234391533876,83.13748258391315,69.74735473590503,86.78857283674934,106.35136542261995,137.10364611853777,238.65528209294416
2015-09-21,250.3591613462362,84.6938001476826,70.2812967219119,87.34130814093326,107.73117468568168,137.51731903827817,237.12355845191553
2015-09-22,249.27613148402793,84.5649348566109,68.11571170697033,86.46333396026498,107.32472415532064,136.4505186934155,238.1066253816664
2015-09-23,246.54337516251448,83.93893946535908,68.1863994844837,86.88493348928031,107.50525553282027,136.16638896084058,239.3749539145375
2015-09-24,245.43774698482446,83.7150134353432,67.63504595011838,87.31235985491917,106.793543098448,136.34233689886682,240.3275001029642
2015-09-25,244.81357959444614,83.64394343836335,68.33378868059845,87.29978804503936,106.3384840577093,138.02231988018607,241.28476087133868
2015-09-28,247.78434266440212,81.7801400548099,68.03933549002923,87.67034623823564,106.10856342408947,136.94944178236858,242.14167735849617
2015-09-29,248.60860631154347,81.9817235663904,67.68328734749333,87.0681657665553,106.44732503761884,138.15559725596114,243.49340619402838
2015-09-30,250.57343603220292,82.24451652426232,67.57273538591886,86.27659660090933,107.6698285113561,138.2149619497108,242.79792941730292
2015-10-01,250.57206673768567,82.812081434832,67.81034020294622,85.64755692189134,108.05618105996577,139.84942551828757,242.34421836927825
2015-10-02,251.82099006668545,81.46385613640437,67.32185546736056,84.57590341692033,108.93234786457381,137.86929437384774,243.03038847920527
2015-10-05,251.92065168287954,79.17423382740171,67.65812229161922,84.35501670223026,108.71116101412815,137.52081696575135,242.36920345842222
2015-10-06,251.15082370386253,79.33242026807598,68.10156550241615,84.89015525999885,108.26940200313383,138.89119636108995,244.31633620420698
2015-10-07,253.51211911959746,80.04753602055843,67.43668507140556,86.29568238768675,109.51157137443867,138.19611948659008,244.2710200291126
2015-10-08,252.61248810636638,82.47074433119155,67.27107385344897,86.91611284190368,110.04704016460144,140.41052177529076,243.84789048393367
2015-10-09,252.00274377843874,83.91763290587924,68.16669594385608,86.62002155442416,109.91708782733868,140.44373314248065,245.18633166246605
2015-10-12,251.54220098425358,85.94995419645173,68.24351409241862,86.14449261318157,109.4701925245799,138.39607792254944,243.51269612928172
2015-10-13,252.7490030686778,86.37255229794437,68.81374667964134,86.34080590981384,108.92099012450936,135.20370690607442,244.27691279869
2015-10-14,252.95750424928895,86.56128777942698,68.39681030161576,85.90794721238288,109.62644964677774,140.16197572956878,243.7922459951118
2015-10-15,254.03245559858692,86.48777790574636,68.25635313022005,86.23296660923975,109.32420315353238,142.23069259650455,244.21975316997649
2015-10-16,252.36455256312152,85.34197540894914,69.1227865981105,85.77731432050975,109.4750761049466,140.68950146789456,244.2689894103152
2015-10-19,253.85459921449421,84.78752714546128,69.08411205433835,86.10077429756743,108.77105677341328,141.66241720016623,244.44707074814676
2015-10-20,256.62407431390426,84.90335744536615,69.01028126787125,86.05845289356003,108.80592205130041,142.06943266031953,245.00030615985136
2015-10-21,258.59917972534254,84.224194206315,69.04229075804125,85.6570289640467,108.25541232838313,144.2874711211972,246.520355973355
2015-10-22,260.2199097902084,85.27818442588801,69.05163544620181,85.74821574823754,108.46351346306943,144.23008507608134,247.892423947878
2015-10-23,262.65631064227597,85.53344654418103,69.27546336546135,85.46807879453007,107.20365866189174,143.85843932524546,247.9366906302705
2015-10-26,261.1379337722513,84.32237426241201,69.29200568003684,84.96409589525732,106.68550448103423,144.9027062484659,248.19170488144454
2015-10-27,263.0240352061736,83.99045859325554,69.91607767266959,84.45038655432646,107.15918493781872,144.15394412678492,247.87203949615417
2015-10-28,266.03425909085803,83.95730812611163,69.86506408444566,84.17669511398645,107.11914590208983,143.62863485969615,248.26208822735583
2015-10-29,266.9466906063594,84.73552851978346,69.99254477475482,85.28872500692906,108.47715817753979,144.56597771443003,248.43461938928064
2015-10-30,267.3032566211053,83.2388614099846,70.25686382172607,85.72295481887011,108.55756889330426,144.9395048613423,247.47610475756724
2015-11-02,268.8137264271474,82.22514160383298,70.52829765289681,85.60082567049677,108.942426120537,146.22993364834417,250.84860970259777
2015-11-03,267.51025502890303,84.13067562839134,70.51277844633326,84.82484743846048,108.52536275591736,148.13463964845226,250.36176801203885
2015-11-04,265.68587795664666,84.23819789284006,70.45306426483539,85.33980855979368,107.20590139063455,149.16206477575545,250.25399363504593
2015-11-05,265.5872828106594,84.46741999684001,71.2791752655748,85.6409543905925,105.19167630014663,149.7750804660452,252.07257562061633
2015-11-06,263.1739946532928,83.89598716481208,70.96562872869652,86.0828253763052,105.63501086880783,148.49743843634687,251.2788733503087
2015-11-09,264.17317770744944,83.70298308210813,70.82924732134416,85.30987165712001,107.08158160327503,146.93075870046405,248.72178471016497
2015-11-10,261.70234991813675,83.88293626699189,70.95194671348628,85.21952225771375,108.21164759350864,145.78632851994016,251.10626348113186
2015-11-11,262.052777099919,84.15805790660767,71.07032884608391,85.1395635021783,109.93274779963912,145.02160065930508,252.05530086580615
2015-11-12,261.1400459080863,84.95162380893733,71.19702537406658,85.80868988202951,109.92981288408858,146.51291739652464,250.97067373978558
2015-11-13,260.37919838258995,85.25515973062755,70.98850934181002,85.54179957858067,109.56899508071892,148.23625983788483,250.6916942116535
2015-11-16,258.35460397474355,85.39433241563819,70.01509643469909,85.55256485873518,109.33025190665158,146.31212422804157,249.0275528022774
2015-11-17,258.2013369196121,84.44753120361932,68.5116774252929,85.82320854954645,109.78387031985963,146.51173868960973,249.8786419886975
2015-11-18,262.57312767277614,84.71952377731657,67.79807763550043,85.75642011528501,109.29966732238854,146.8680044687814,254.54669875131538
2015-11-19,263.71256487445487,85.87190557260101,67.40226135752391,86.09943151725074,109.86843649272231,144.83908477592885,255.28617480438237
2015-11-20,263.709951260622,85.12802433272705,68.0828277830661,86.96425780970907,110.3138616350851,144.18071441593767,255.6647438409697
2015-11-23,264.7068363963772,85.05801836906046,68.25380470803213,87.52353680144765,110.3648164612515,143.20533993605545,255.79103693715376
2015-11-24,265.38232941624517,85.06310241782425,68.50161930690334,87.80639616431637,111.04624397962336,143.50759124288462,256.08021486468795
2015-11-25,264.5935893945637,85.89135746004737,68.16058522897461,88.12394819014855,110.47265187998343,141.8016220097943,257.17851832389226
2015-11-26,265.07516094304003,86.58412177871979,68.30099122213576,88.30694754497658,110.8160049275198,142.7978012867936,253.6855954516248
2015-11-27,265.58875915562726,85.36597759848958,68.2260820751103,89.18162221923735,109.9434077959881,142.37253210354814,257.00816320577616
2015-11-30,265.8757983289156,85.94955508335742,69.3419622798985,88.23468056949287,109.17960670506321,142.82802475613855,261.1199426618544
2015-12-01,266.7901874850634,83.76514896622173,69.79506871500341,88.72060087167995,108.81737958606392,143.90839308467753,264.9678615299224
2015-12-02,267.3510821341785,84.08738316283787,69.32808714247106,87.39658438605667,108.07703065729176,142.9058248982964,265.7069482023106
2015-12-03,267.9928271635589,84.14032313958538,70.21203894723332,85.74218341946789,107.54165787930793,143.41990106623834,265.06519634080297
2015-12-04,268.4894129546616,84.20774666339804,71.15825887537986,85.16259173418904,107.7864422184461,144.31870801122886,266.6539229772222
2015-12-07,269.0287957831213,85.20777748175088,71.93945804736985,84.21620072235683,107.30568577562346,145.0786531622594,269.99625896328195
2015-12-08,271.7568866058959,84.70882068347318,72.16942368519388,85.31013793463013,107.79138750174918,144.44505956194013,267.71685326736633
2015-12-09,272.913005838148,84.65499518714029,72.11127211060177,87.15341257165304,108.18084876994071,145.8435783999868,266.1567092512024
2015-12-10,272.0154687000998,84.35400298156908,72.52900364209081,86.40530589161466,107.84124196269956,147.43857898538047,263.78696897232186
2015-12-11,271.59063769613704,83.6421208562082,71.65198432881287,85.29240261304867,107.26881424226413,148.42501553616077,261.8891856004106
2015-12-14,269.73475460899846,83.6313358531199,71.25011221058894,85.77123904185221,106.9551554964567,148.57104525360953,261.1852509315245
2015-12-15,270.02614357106535,82.61830178496973,71.43238371154173,84.73739060589034,107.61756052881003,148.90905480792202,258.49776357546205
2015-12-16,270.48833294706543,82.52586153493996,70.90752241702012,84.26537385560914,107.64512679634282,150.294027322173,256.5494237223567
2015-12-17,271.8415298958331,83.59347900634006,70.52309788069638,85.49734617445304,106.72181196665257,150.42766957293372,255.22023187005414
2015-12-18,271.82308536050755,82.67164432775647,70.92739737062654,85.48509602920974,106.8566480232443,150.34922318358622,257.74500680913314
2015-12-21,269.8689413729092,82.17104719474796,70.70025140072973,88.40621599612845,106.88678747087825,151.6900467908619,257.9148513792197
2015-12-22,268.9100912057917,80.60126148028108,71.06013621446537,89.88636950242267,106.52866505955099,151.198287825405,261.3298724445304
2015-12-23,270.3832531033329,81.46580809347431,70.94655226444608,88.89279811551499,106.61906410915948,152.51564567440207,259.4100409570324
2015-12-24,269.4984484659731,81.96132584134266,70.86315401916319,89.94702287604208,107.30292775428266,152.06854958691724,257.7351508069118
2015-12-25,269.6456856465978,82.70893445650468,70.50254573711405,87.74787755497307,107.13456899035988,152.9376930591297,255.65703087247712
2015-12-28,269.91229254838504,81.99769231108426,70.26929100107077,88.69084463186293,107.41257403086702,153.3066587916968,259.24576767471154
2015-12-29,268.4247369490467,81.55741967397991,69.6919020341956,89.01800101423967,107.50924153939101,152.69877217826578,262.8755988632918
2015-12-30,269.2864994131963,81.04233109028695,69.05935900352515,88.18350261724639,107.5022946699177,151.8049514944636,262.5288097460699
2015-12-31,270.28574560467354,80.27595881333968,68.37854179634398,88.20277804551132,106.63760788510807,151.84402606641927,262.23881459338804
2016-01-01,269.06891900912865,80.76095466427432,68.34141531652755,87.11018046245735,106.49884759132826,152.79259387608482,261.7176378184528
2016-01-04,269.6071492174417,79.9330140851017,68.169472904052,88.35166250514087,106.45361773043521,149.6929817297657,262.05086180354044
2016-01-05,270.6782027602181,79.01502075539358,68.7503751925195,89.22965758370782,106.10243964694749,152.26061477560856,262.6260164193529
2016-01-06,271.5389640833201,74.234206115823,68.60467114743734,88.74671459595048,105.79212278589891,152.50698095231425,264.58201561143886
2016-01-07,270.79396680882127,68.74072681080324,68.08423828818421,89.20230007268576,107.02326826379928,152.84394655719646,265.2554778952684
2016-01-08,269.5271434395373,67.15835701196634,68.24932480986052,91.15375410068583,105.75713171858568,153.83895694583643,266.37425608316073
2016-01-11,271.3847786426633,68.67744912753861,68.2131668400717,92.65081586250722,105.48815719804094,154.0506603885554,268.85783941932993
2016-01-12,270.8025766041737,67.06312051286669,67.59198430276162,92.8254660295673,105.25191847880467,153.8134534123134,267.8385067665625
2016-01-13,272.7880964519177,67.55248280409347,67.54099890710712,92.10668791577903,106.5072683675219,154.76731223503336,268.6021243839077
2016-01-14,273.9875852871063,67.16014622683929,67.50896887492809,92.18523909952128,106.20432757546031,155.88619799786713,271.6539782570017
2016-01-15,273.516344295708,63.79748075735694,67.45352063451172,92.21867923750777,105.24729808663491,158.22613791639668,271.6743866689494
2016-01-18,272.46573511979426,61.51667556886962,67.43474296397132,92.25413371863677,105.95276215204186,159.03803976423686,271.5895795002986
2016-01-19,272.789532242461,62.7480380845349,66.81900607466021,92.06440112669641,105.7518571791732,160.0845212683273,271.83289789378966
2016-01-20,271.70952376919973,59.59432687110732,66.90060362583094,92.2697132295308,106.11197987726118,159.8372973010303,271.86742857081754
2016-01-21,272.7658817404636,60.25140118813813,66.93610895584195,92.39735581327983,105.71381958590823,158.884419801693,272.2611175433451
2016-01-22,272.32821011837206,61.288884591386505,67.45178160084663,92.94648851760465,107.02079246100698,158.2652663575907,273.2066729856243
2016-01-25,273.94958578965986,63.402434109450795,67.51138283861417,92.9794456966904,106.92694632116525,158.83124970305806,275.8025980070292
2016-01-26,274.91606443342414,60.614989500234735,67.77920247056007,92.94847826364071,107.19711610869669,159.31170646072584,271.87789227909536
2016-01-27,275.6550324103533,61.73945798927151,66.91939427349546,92.03541815698013,107.27934257472754,159.68792243032698,269.12470355408675
2016-01-28,275.7813388410042,62.4639453274261,66.81114084847407,92.0653886430491,107.17322361421407,161.16255185642632,271.21988002540775
2016-01-29,272.2991355413663,62.88993171284521,66.12932375342629,91.08554497335167,107.661678306856,162.86690283556234,271.58690180401567
2016-02-01,273.8360223012856,63.37166900589982,65.63875985166665,91.36138892058835,107.78290031283464,162.18119967136047,267.89526404449254
2016-02-02,274.49049108046984,62.576253680990945,65.9780964489872,90.20876604399822,108.17201901017505,164.39959598981204,265.7837768292507
2016-02-03,277.5324298498175,63.84648476825801,65.38593431969106,90.03004031880485,108.31882370379849,164.9421322150303,267.71230085515316
2016-02-04,276.89441559555166,64.39714400349247,65.14162182652747,88.98403185172192,108.16430267504921,166.64352160407051,263.723563188403
2016-02-05,276.28742421508656,63.363953881758206,65.25084607773148,89.97127021027181,108.45466300905647,165.98423946662444,261.5063063759673
2016-02-08,277.2922427206846,64.58408149999151,64.07651288890281,90.20506359431516,109.43252093401145,168.05261624228982,262.0878976374735
2016-02-09,276.83597178919126,65.019495953802,63.54509186012178,90.60082373062536,108.45920396976754,169.3212173582228,262.8709296122631
2016-02-10,279.8220949572211,66.62059730507146,64.12992118643551,91.15493141509229,109.19947297022334,170.69872646339113,254.9051539134451
2016-02-11,281.7804642652089,65.22980708930825,64.33841049273573,93.32443578692059,109.22989732993146,170.74865417995278,254.75364046159152
2016-02-12,281.3228684382923,65.07785234005809,64.46620378432881,93.48531155285174,109.19481436625719,169.7072466681902,263.996958523062
2016-02-15,283.1365412310793,63.907751702620594,64.83472406095802,93.58926447720444,108.68910990749663,170.3716108268921,267.6416934097963
2016-02-16,282.2810459068298,63.36351488323132,64.36537821029724,93.07701508234295,108.91761611741313,172.41895157470537,269.0768386470944
2016-02-17,282.398635629588,63.224731424941034,63.68690557831649,92.87311946681767,108.16391873364324,171.9720893049973,269.51771719561
2016-02-18,282.73624998496337,65.02552093479545,64.20645943040886,93.10499916450952,109.58906607115303,171.98546430586705,271.166044666371
2016-02-19,283.78542602038334,64.56460828340055,61.92692517805409,92.03681067271698,104.84681038481851,172.10190462403887,269.6611236453918
2016-02-22,283.80873954420656,64.01347965997297,60.700436884701254,93.0503501829468,103.9452848833407,173.0861304196499,270.5514658445777
2016-02-23,284.7678836031296,62.44206309872998,60.30583913072187,92.98096731855553,104.41400938135494,173.0887070661145,271.4746461485089
2016-02-24,285.3993637837245,64.99394657880323,60.11011638938294,93.74602327749017,104.69190928421422,173.77894535003747,274.8703724100649
2016-02-25,285.3345818869547,64.70571255011656,59.82816896532665,93.83165095541086,105.88120307846052,173.58746881875774,279.21963951927466
2016-02-26,284.02382576064184,64.0157416147164,60.26707331975359,91.89223149539339,110.29232675948849,172.1542286551401,280.2915889563473
2016-02-29,284.33289268075913,64.03383862633761,60.152025979520566,90.88721657011222,110.22997155678337,170.48305121522046,278.58386142450973
2016-03-01,284.94201011564206,63.81831861921477,59.53361014049047,93.21594798561364,112.96307488398766,170.77671645713107,272.91296383031016
2016-03-02,285.5530014893187,64.8241809283019,60.5143423481977,93.05873803805919,112.72011009254209,169.66391411320888,275.7401023073035
2016-03-03,287.6821767593181,65.05281275150483,59.578710250093636,94.4952530965725,113.23981691349312,172.71996919940466,276.0290393554687
2016-03-04,284.76985578896654,65.77325035915506,59.28458635125977,92.73990647941856,114.24165918771477,170.8212717601368,275.55158984369825
2016-03-07,282.84981445821,66.25561558223943,60.70893161424067,93.69340598439133,114.40171815947484,169.3082168008186,276.06520660900225
2016-03-08,281.4539829477955,66.73316790521486,60.88927578968319,92.57713059386725,114.92425380112896,171.156842749079,282.66385459466335
2016-03-09,280.64269657886996,66.51340697641112,60.937205702598085,92.44739619144622,115.26267071971468,170.67289468615795,278.5738746499024
2016-03-10,275.83561918679203,65.90697920197125,60.48952173626715,91.3669433530651,117.13525092519386,168.33333490725403,279.86140755545466
2016-03-11,274.4359890400928,65.91859196001663,58.31433076320885,90.78957558068404,117.67072544312532,169.5117115691378,280.92124955864824
2016-03-14,272.8444812149943,66.35013233488881,58.070507258857255,91.24638499779638,117.21866204093024,165.92901925232437,281.59104956751446
2016-03-15,273.00923899064657,67.0534776808683,56.00792466071496,90.3008079278009,115.90262696822745,165.53462324543318,290.16408968123216
2016-03-16,271.5354492172105,67.10076174562658,54.69252556178863,89.39417420330676,116.24425945087549,163.03429888652127,285.6038235126548
2016-03-17,271.5966014712973,66.8203976384525,53.93379127143738,90.42847098807694,114.69639487037612,162.02486548921067,282.5999589685027
2016-03-18,277.8486352483847,66.62840362824313,53.96612080789132,90.16860855402973,117.17640199855688,162.28455651733955,272.52747143971726
2016-03-21,280.4362437780576,66.30267654768568,54.69755798250234,90.83904480764743,118.12648947827937,161.99076154830055,276.69902041524557
2016-03-22,278.7025099300974,66.3996564239604,55.09978180954748,91.69702021709448,117.9163023617322,162.73216202107588,276.95962798144933
2016-03-23,276.78305656371447,66.35047460049302,54.98393455134292,90.14308058246488,117.48769162978876,161.54889922730527,285.1651764065721
2016-03-24,277.012910205967,65.81250809300174,54.72564046149661,88.18102558651805,118.0295252892169,158.99763596814972,296.2109856599674
2016-03-25,276.3981841017185,65.49294424800506,55.53261499887977,85.87010898361605,116.88466031988648,157.14823833463942,300.2015285820794
2016-03-28,278.07656600981556,65.1701521187498,54.82636174161532,84.60470804066388,115.61879276403144,155.88041111713693,295.13870962616704
2016-03-29,279.49739581630257,64.10612406935999,55.47410283376569,84.11938552286524,115.29220338677736,154.82115871603165,297.7985131600284
2016-03-30,279.64691815179657,64.86446245897598,55.59524252550251,88.36927621302702,116.4539898665122,153.9803649871854,288.52699503266837
2016-03-31,279.87487878870826,65.20562401488701,54.744074333544475,88.63273438681442,117.81080314863894,158.6695978431219,286.1600649427529
2016-04-01,279.24462281393147,64.26847700030002,55.04659084156631,89.17811355517993,116.96638895633095,157.20201123236217,286.40112615138753
2016-04-04,279.258225347425,63.325157981859185,55.09220273534249,87.70837512798583,118.1288856357761,157.52434302746556,282.04608327363127
2016-04-05,280.39591339263325,64.50968577025562,54.820947934309324,90.2674131201647,118.7604359573501,156.28122825636953,287.19419138913895
2016-04-06,280.23442640828796,64.30042597748593,54.65391000166951,87.94548921971949,119.26909836273491,157.5599246913496,285.9172095704427
2016-04-07,281.4332760096951,64.23168274412768,54.06037712926975,85.78347711923752,118.02464416358687,158.02439109357937,289.61485947768165
2016-04-08,281.85764924670735,63.729520058617275,54.32942628493251,82.35977703586569,114.9815291969346,160.09740267791273,295.2437312897492
2016-04-11,282.86236104924086,64.83115377947955,54.84555682080649,83.68696616512932,112.06216409380978,160.14373335551562,305.29297431854627
2016-04-12,282.93384980060176,63.0126598698549,54.71177476212131,82.15001383076743,112.0887502417413,159.44266928524115,296.7524419925712
2016-04-13,280.3150258837375,63.85859704667131,54.58017720435554,81.40813722559257,112.37644835529277,159.335696814896,296.58296873084856
2016-04-14,280.8569326399771,62.813281936186385,54.878370649120406,86.27945298310551,114.58477200683181,159.17308428020087,296.18456522344945
2016-04-15,281.307482844595,60.355034554020264,54.67840395569686,84.3814251869089,115.37639567956387,159.6483299639924,295.4821879594777
2016-04-18,280.9475162429221,60.340144562661,54.52252451748857,87.29210995920732,113.28606762235164,159.76264211332457,303.2599284628683
2016-04-19,281.633130266323,60.98035724922689,54.418037375104475,89.09633540688984,119.26244984934945,160.62299989662256,303.17676662329285
2016-04-20,280.60172420557734,59.738485589498936,54.725505084184825,87.68478098097555,119.46194996480023,160.83319705559634,309.78708595827845
2016-04-21,279.68389341698764,60.41618711517231,54.65470956297079,85.48307486552088,120.45192564700365,160.80816781762695,311.15380373284836
2016-04-22,280.81561067037245,59.16826063682616,54.77664189804127,86.45583340781958,121.72452211249347,159.98862787412443,324.30917402513313
2016-04-25,281.6751281665268,58.68495431877675,54.842456270576974,85.10195638614465,122.53019965669209,160.11212213009716,323.2838071484118
2016-04-26,282.8707250542279,59.730047806288034,54.7493020043856,84.55933742253794,122.378660129923,158.45104066552494,327.52856844374656
2016-04-27,285.72220810911557,58.380604529401715,54.66044670227624,84.35658649437056,119.94549362640313,158.3914837675104,324.1748728643616
2016-04-28,286.95375451830967,57.78000786833611,54.47072158861218,85.34047503221859,121.2011569836999,158.08138499853317,321.9786826099255
2016-04-29,285.69890018798674,56.36548173948003,54.91240794217999,84.32012451465899,121.85184104833164,157.4017544090095,323.2375942995028
2016-05-02,287.23931865037724,56.02662305792179,55.24688946724817,82.36769998456637,121.71063023481568,156.2106988175218,328.2807090230195
2016-05-03,288.5332410324605,56.0533587167858,55.41223280656473,84.72719664787898,121.9230848427288,155.84186956749195,329.7291926182686
2016-05-04,288.36157511244005,56.93633553679316,55.114063041471105,86.05048365906896,122.31092264623021,153.85720099040756,331.71874962077226
2016-05-05,288.71809481267724,56.524588669212285,55.004454569192276,88.66239329958798,121.83649364634012,153.70515883034957,331.1645105328983
2016-05-06,290.7380227198798,55.447956029297586,54.54339875579902,89.3784491326123,121.78130187079779,151.92648431475902,325.3980785461818
2016-05-09,290.25214457990177,55.90982633125384,53.98168634294999,90.52866740256924,123.6216600693299,151.91643416541402,327.3341733711818
2016-05-10,288.2559193427585,55.515907626711694,54.248286224246094,88.9672943261689,123.21383590251406,151.2227163804232,328.92154529979854
2016-05-11,290.81127210874973,55.47634449847199,54.98467528444216,89.22403207195963,123.94042679777881,150.67449894965603,325.89125739640235
2016-05-12,290.39626877877964,53.67580411958185,54.98228119175051,89.75685798840182,123.41098831869982,149.9634797647126,334.51311539486204
2016-05-13,290.1316216002878,53.91721929562041,54.95998839914307,90.55317686664078,123.94991579330832,151.38820394736777,334.48683232793263
2016-05-16,289.66036220167683,54.828593308295304,55.42697906086358,88.93111717295783,125.285040410092,150.50833508011607,333.0343354210942
2016-05-17,288.8346895530684,56.54708963603662,54.834675483271106,90.69869542008293,125.82498896522854,151.092986126405,331.67750041965814
2016-05-18,289.39445240941006,54.423324061757974,54.80095636135123,89.30836710113101,124.86610282787997,151.2951164781669,333.11787912518344
2016-05-19,291.44340098629567,55.17086652354608,54.47664128890718,88.5816251813296,124.81789241997731,151.83893433020347,333.44217445713764
2016-05-20,292.2240843743223,55.916870116461865,54.248741348795,90.30744671797098,124.28786233139013,152.78038295504706,336.9688274408577
2016-05-23,292.25241421476437,56.10597885048068,54.318702895403554,92.11757403930083,122.17139228897331,152.9270964051746,341.9018092411631
2016-05-24,292.4263056553839,55.67979450830447,54.138257038796894,91.00948790504688,124.17293818815041,153.23791636947203,342.0707320712844
2016-05-25,293.98364375848325,54.92566778140298,53.97309608047164,92.32048591448559,123.7076277745635,155.34047129310255,345.0841902399621
2016-05-26,293.8745680009759,56.080224931155485,53.754380322693095,91.32041681629005,121.92977234698378,157.23336804319996,344.4980349844458
2016-05-27,295.8601756065094,53.616868439521966,53.675378252168684,91.72176967148658,122.08639218318999,158.7347412962028,346.2670197176679
2016-05-30,296.2686438648641,54.36380319902216,53.37995902966826,90.66306549842933,122.60856309779909,158.427369326296,347.2520276863419
2016-05-31,298.25177181521167,55.37760211550273,53.12386898881724,90.50903135420963,122.69625293625937,156.88713838901035,351.087804151511
2016-06-01,297.7452673320976,56.613971835098305,53.1757369329707,90.14933859300814,122.69004888540998,157.0155537078207,351.6380489424745
2016-06-02,297.47355162274823,55.23597233309953,53.175794576520914,89.9543218032168,123.14460724596286,157.0055898089033,352.53241068783086
2016-06-03,299.77454824248343,55.785891406587,53.23408876821106,89.47568282732699,123.75804204427718,157.27463563493927,350.7954695606257
2016-06-06,299.6822949695315,56.951246321383806,52.94756095690379,89.51720523824179,123.29474409313376,157.13059832363754,346.6939615758353
2016-06-07,301.8399741887449,56.35171387516786,53.16670456283201,89.31980991707668,124.34657036847972,158.21960264361476,345.07362608158553
2016-06-08,303.89024391840184,56.14945974932392,53.00878320875695,88.39256445777589,124.58337122418496,158.69433709095173,343.750259799282
2016-06-09,303.37991070723035,55.789740890899225,53.28299253916542,89.53460957831412,124.40937204834961,160.853758841089,343.2090730194475
2016-06-10,303.78341943896555,55.24706298955298,53.01307096329198,89.98229732512632,128.93232816839517,160.99413487037558,344.07695092732325
2016-06-13,303.22698856940696,56.02566503021821,53.526400370100596,91.20450421751009,129.13307152717204,161.50598727049638,345.913700020258
2016-06-14,301.74664486762356,56.07696067301695,52.95135694269718,91.91404813285988,130.90040616595252,159.2419624350717,348.0781178077888
2016-06-15,299.4654444465021,54.87937269354034,53.466269066115444,92.38999038743191,131.07039389292504,158.84893192014144,344.33999672954144
2016-06-16,300.2891950778217,56.776965465392514,53.523282146879254,92.23696020920774,130.23323299593392,159.040019783952,351.9296380322119
2016-06-17,300.6739519084447,57.33456577220806,53.465511274761646,92.39550054415389,128.61968460217165,159.29331852876712,353.5384760882628
2016-06-20,303.3635639615292,56.635613717373566,53.04737847830806,92.22317372196457,129.0895101032353,159.5359848720387,352.6137637115889
2016-06-21,301.65031810848626,56.94240641519333,53.4549428203892,92.08588670330708,129.00534022511022,160.54594710047493,354.1835474381975
2016-06-22,301.0628325402831,57.715751851936744,53.97058966601737,92.39193321053872,128.86074853091418,161.78127356357518,357.6236220446848
2016-06-23,300.47021311014095,57.77235825825738,53.85755069009189,91.45636008559669,128.99136903984876,162.96726357487248,358.0834063338194
2016-06-24,302.44340364605966,57.32793588829558,53.117524779376424,90.98119267441727,127.76491025552205,161.47670797777775,355.89674633509367
2016-06-27,301.4305723834356,57.55598731621033,52.799341054853265,91.26608107474671,126.94418440305682,161.17598767925872,354.34028574447666
2016-06-28,300.0366488437759,58.77149538554359,52.6387633716596,91.26446800108299,125.55325177660809,161.87153244906526,354.9478903971123
2016-06-29,297.75784772281185,59.70102216382927,52.42570618305648,91.3148204337217,126.78869271155811,161.4428746968039,355.7441011037435
2016-06-30,299.2095964196053,60.43485765027856,52.537306274747465,92.04879273149507,128.11286707023547,160.19008776800922,358.1036958880396
2016-07-01,300.44913972877276,59.7286973019545,52.36049774898075,92.32604497904096,128.1643843142834,161.3753495204863,353.5658862826769
2016-07-04,301.0477714720536,59.225752840226335,52.190065231935804,92.6409215198883,128.77244604497227,161.14543936586895,353.00692358489766
2016-07-05,301.8743913729995,59.129428704869596,51.40384212792933,92.83459315824119,130.13097273193685,160.05722436164578,354.3768741224319
2016-07-06,301.3095427373229,59.256545444420496,52.06424062666623,93.58576436195158,129.43114473193276,158.39814773198205,352.6069836626017
2016-07-07,301.34810840759854,59.268516825856814,51.66658445434361,93.72212978484983,129.93999289504467,160.71117293565214,356.4820809616849
2016-07-08,301.1945284911461,59.96366424105514,51.01278034890175,93.52445015413127,128.3688513017795,160.35923640193778,361.0001298738627
2016-07-11,301.7206195646516,60.18200572962924,50.26599286448311,93.52807717973214,128.86993830683434,159.71472606263123,358.5122444240765
2016-07-12,304.7566421962318,60.170686944822194,49.057718094974994,94.4643127368416,128.83650476830346,160.91223073347396,359.57397466793174
2016-07-13,305.25797273212686,60.040014662253846,49.01923627455837,94.63127707567412,128.3288239643253,162.47263955673958,358.2497137745451
2016-07-14,306.28714173367706,60.45366181892127,47.359444748033134,94.55629397029773,128.16911036007954,162.2889226400806,355.5887870568697
2016-07-15,306.6394854095952,60.997835268550325,45.32506075238283,93.66593422031882,127.83656707361042,162.5182249475632,354.0349645521249
2016-07-18,307.7710588062149,60.89685584798144,45.34550790131805,93.19472230429825,127.09821369504114,161.29257026633866,350.97218529507137
2016-07-19,308.0840507974446,61.01283054918855,45.493702678258686,93.10249063643657,129.25835169744138,161.58940506500056,348.7389865193519
2016-07-20,311.83280235543106,61.47040108436208,44.37985299429701,93.3550947085227,130.3576825331641,160.95225291901895,348.5338385745774
2016-07-21,310.5948174878053,61.62327032867235,43.20585897069873,93.85844358019071,131.02518425810695,162.29745275495569,347.98001643659046
2016-07-22,310.96270565316314,61.24468158492441,42.906238505773956,93.79091385908815,131.04129427832015,162.89189908591626,347.86322277495435
2016-07-25,310.87071029198506,61.70212178331721,43.39858313269209,93.45828209111224,129.68626202149173,163.44286754497432,351.094314136293
2016-07-26,312.02397927325325,61.80170440842618,43.63505797906868,93.90725531887453,130.27020315465657,161.92754505979923,351.73726415627743
2016-07-27,312.7769973251892,61.934971461893575,44.371134307417066,93.92149413762898,129.8120073661746,161.72512636964188,349.2619473423148
2016-07-28,313.9177813702777,62.139980909475206,43.74519771662105,94.18225969301776,132.26621953378557,159.78812412440544,347.7267284474872
2016-07-29,313.9549668827912,62.3345598480258,44.30271989423872,94.67589819654351,133.17884308642945,160.78243279912553,345.97330788692716
2016-08-01,313.0831673725605,62.26358547393307,43.52245302121489,93.55925488421258,134.93944410213481,159.3362597077731,346.49013694364413
2016-08-02,315.47231664530705,62.783970956204726,44.59627253079062,94.76298069847819,133.8811841389767,159.5697706644183,345.01536896279174
2016-08-03,317.1951168752962,62.99386622938897,45.41338552803002,95.54589463067822,133.12687368023506,160.0545985224891,345.5087950988675
2016-08-04,316.4552658227442,63.31871733114333,43.90503164262146,95.31113611973224,132.37598374152716,158.88222064319646,347.2167498712604
2016-08-05,317.60928497291127,63.58017653277548,42.732726580194765,94.06311602798667,132.48985551337574,160.23619903092882,345.62852022196444
2016-08-08,323.5657587341107,63.378732609913435,43.62664940275123,94.37826157775079,134.2103588146055,159.64467380316117,343.69234873941133
2016-08-09,323.73980753339197,64.02213610436439,43.07112835624145,93.82727099383078,134.44247491076928,161.9296119335246,343.6036819633062
2016-08-10,325.818658954502,64.28754867767294,43.91061917144152,92.91704940200968,133.25163317861137,161.30461979663198,345.20334639964506
2016-08-11,323.98409390021254,64.19836487720204,44.39214574270249,93.46466852170086,133.66114565416916,160.96413725747055,347.0688624601438
2016-08-12,322.46679869464583,64.05849122615601,45.685815404137564,92.30621777465824,133.58976223537542,160.43296147714148,346.5682719506687
2016-08-15,321.6776701730375,63.78081134002645,45.40778123908623,91.64958893956137,132.81653012446304,160.30092954525523,351.17880372218286
2016-08-16,318.69409695443755,63.79579630191914,45.52890869454339,91.42795899378439,132.66283263650624,159.7767546278557,356.7658140490667
2016-08-17,317.56968511610614,63.652386204514684,45.72554846812636,91.23538184518156,132.5877500301555,160.49257243984877,351.40645841413385
2016-08-18,316.8056084810664,63.59465646889209,45.53968761251621,90.87391355114357,133.582002145815,159.82410185939818,356.1160641369892
2016-08-19,317.53634286853827,63.57309545474383,44.962721992571225,90.54779024639893,132.4614526410688,157.13147908391892,357.49666411644404
2016-08-22,316.61509896650506,63.38654176765269,45.42802580108958,89.40176384105189,131.9005015132843,157.2541038565864,356.69703439984846
2016-08-23,312.14665867246265,63.94198709265173,45.729065069335356,90.16568012907007,133.62515613810558,157.86725110292116,355.50019334802454
2016-08-24,312.02687548737543,64.24522678791439,45.4330802603796,90.29029429118526,133.78516376929315,156.91963647169095,357.0700745591849
2016-08-25,312.0827747470994,64.20758190430777,43.9017903116338,89.41488556277264,133.4043277468631,155.61829741468853,359.1853017319908
2016-08-26,312.0441392784138,63.80434713762883,44.568488429245605,88.87804104727493,132.8965361625181,155.8229876332347,359.15108391125153
2016-08-29,311.004081763224,63.546373367878324,45.005513508496605,88.84053333947608,132.61592030768836,155.32749624770776,360.25247655432526
2016-08-30,309.9073697902726,63.39808778759689,43.88588952060708,89.06419463265455,131.80096075403875,154.1662407330352,358.6547933310132
2016-08-31,307.57707094011454,63.00284634457521,42.57409374000676,88.54118371123997,131.91123418434606,153.18802031977202,357.39681530454357
2016-09-01,306.3997986127348,63.15827841951943,42.68498783293829,88.86466433012545,132.66609898597815,152.97422962221808,354.1066864573269
2016-09-02,303.34131886902776,62.28884947056788,41.05276070846397,89.558047618717,131.62622987227095,151.99688897539679,353.0918311306878
2016-09-05,301.2748420119342,61.87846313877246,41.54352688519195,89.56608655135062,132.68005972178221,150.45523359180018,354.3029131854211
2016-09-06,301.62428709040677,61.66819294591544,42.381861333886945,89.92453709465649,131.7806849883644,150.36099804557338,354.8247259980732
2016-09-07,302.83111325597065,61.049941250250306,42.873296895803755,90.35392649505498,132.35887886576344,150.46931730510462,356.1364857717553
2016-09-08,301.6806454538411,61.289411007934106,43.12930141039477,89.62877512670326,132.5382296913527,151.03375374890663,354.12787191201284
2016-09-09,299.8844932241862,61.19389064107396,42.69857334253745,89.70496364164008,132.74635249681438,151.04353065313452,351.5061778280067
2016-09-12,299.9292851202064,61.3131568431515,42.29781254407848,89.38889300144739,132.40734604548632,150.50707470242253,351.1773799696409
2016-09-13,301.4257083173896,61.18485909421027,41.44067452495084,89.2111688547076,133.11351302577765,149.96668587830644,348.6912683510537
2016-09-14,300.8126906182897,60.85648074200157,42.09552328088605,89.20839563214294,133.19000159304755,150.45076243086328,348.41827851334443
2016-09-15,302.3363712639902,60.8836588369336,41.9700944947247,88.71931819738523,132.78397008777648,150.88557342180437,346.8118160788335
2016-09-16,302.1557825017768,60.90697671974355,43.13863873306887,88.16804895379558,132.33573385520242,150.99124499797753,346.2048919061991
2016-09-19,301.49673629970096,60.870497220860805,42.969798520251885,88.95814555659788,131.01242898350193,152.17561795854522,349.61840670223705
2016-09-20,301.1974289989798,60.6969872683776,43.111526611464505,88.64264501634109,131.53021185354842,149.7007379638289,346.17983609930377
2016-09-21,302.7104894421174,60.59709671772286,43.56447009928266,88.89639189613477,131.10837966793048,150.63729506003065,343.0193780360774
2016-09-22,300.66486657502725,60.44214328190166,43.85740665814514,88.8328480059402,130.02835796468054,147.8161984108601,340.87413466766105
2016-09-23,300.58499971045904,60.30978714080572,43.55083279868286,90.2425591596572,130.05096019516412,147.03769106186616,339.6113811406047
2016-09-26,299.83969250846974,61.08759622763033,43.946684103595125,90.35781569326598,131.0594433261556,147.11629744073377,340.3053242598021
2016-09-27,302.6051399583453,61.66463741020491,44.801047811867,91.11915366336744,131.0636542522613,147.0461810745573,336.390123268525
2016-09-28,302.8860676937139,61.63081891205373,45.30367649550967,90.84944709614965,128.655110538901,147.1675378912153,334.67704738411766
2016-09-29,303.24741555772124,62.01848931506401,45.534440678888174,91.56368505541634,128.20520764831323,148.02945261883124,336.7899309909341
2016-09-30,301.8913148621984,61.936962961770874,45.188490547648314,92.39307458033197,128.42310766930024,148.58627536079084,337.532121045519
2016-10-03,301.91056316493433,61.57336117007743,45.358340916866474,92.3095408733006,128.47757425101835,146.9053339446778,343.5934259858016
2016-10-04,302.95758096769504,60.83117046715061,44.69527092311231,92.42912987325268,128.5915497100199,146.95652352732668,344.75338169897475
2016-10-05,302.9224895580374,61.149787547020466,44.3868909066617,91.90778894037241,128.8235451252126,146.72843338283388,340.50671626214813
2016-10-06,303.7467599311968,60.644080011496186,44.647909590540124,93.38381988696923,126.90974344606154,146.30497029460145,342.4566334190796
2016-10-07,305.3231788808793,60.26584409334389,44.55397665183758,93.30470434987899,127.43203951257318,146.23697424913365,340.7011883714814
2016-10-10,306.8059823223936,59.95704780273779,44.733388875305245,93.48247416671506,127.35156829896209,147.60759162039759,340.06600468632007
2016-10-11,306.6854629433274,59.706578011891224,44.33032371925031,92.74864436629086,127.18233488329281,147.46412596766098,339.6037148836066
2016-10-12,308.3291181213024,60.11962730552462,43.99237958674847,93.14303653776183,126.45516993861506,147.07940223944075,338.42499452607586
2016-10-13,309.02414169657453,60.18779252790833,43.34473990907374,93.129428056601,125.0032341772039,146.3815367907468,341.28288070211033
2016-10-14,310.3285668260612,60.16853973253826,42.85354700756908,92.62397298327895,122.90783407924104,144.79547682732235,339.72487091165686
2016-10-17,310.4076873694403,60.34123174782409,42.924448118201056,91.91977082312142,124.4406249175733,146.7929711403654,340.0956384942162
2016-10-18,309.8187164307339,60.473026599166246,43.094897481212065,90.80428844192562,124.47755834379845,148.26433856808532,342.4423004998855
2016-10-19,310.3443430438269,60.54583750297039,42.99211884173137,91.13769047679962,125.69823946383683,150.6743708861272,343.18161655578473
2016-10-20,310.69077023298473,60.74982405166505,42.46468313547521,91.61563977966857,124.45616813788111,149.75423781212095,348.7611054912495
2016-10-21,310.69704183727345,61.07570932085642,42.19821769274079,92.68388396244073,123.39941538011279,149.26697660504678,346.5943019280044
2016-10-24,310.1852728647252,60.611692179542466,41.89772668928182,91.88835246782759,124.74477146735762,148.9550824320413,345.70646895049174
2016-10-25,311.4784417979597,59.87210229395994,41.50786887196763,91.85312973303743,123.20673891832928,150.09011660044033,345.57339884296096
2016-10-26,310.7047174892856,60.08568981298481,41.53168743194817,91.0943914663579,124.249698177188,150.7073973928735,348.79050012550977
2016-10-27,311.92712402010886,60.391823405767454,42.11187730718849,91.93715096264187,124.08175209394521,150.41062658220974,350.7171431112885
2016-10-28,312.2678743283211,60.204197528496714,41.851161385697495,91.89152652894853,123.26088332073327,150.4157238178748,351.64903187475403
2016-10-31,311.27764073941216,59.861456440516676,42.07223491068557,92.05436242959777,124.15749453370964,145.12070681791118,355.08508818045385
2016-11-01,309.5270090844533,59.61003529182681,43.749248354635355,92.10673805984814,115.1533312189444,144.31352663153325,355.57756572199423
2016-11-02,310.6889649775578,59.49734912106606,43.2164959421179,92.59400979945622,117.75374448174159,146.6772780748392,359.298920130978
2016-11-03,310.80800480595104,60.03086922481663,42.97168192127194,93.40593994188987,118.28088338526231,144.94693149020125,358.4081454502639
2016-11-04,310.4689093975059,60.29194953724079,43.47735193358407,92.62838464754633,120.09605531559689,144.923780059179,356.6341963470487
2016-11-07,312.4600321943143,60.44743936937314,43.07449685677978,92.38458120060517,120.56443156135654,144.17366898806205,357.2056592758437
2016-11-08,312.701360130204,60.251547805801664,44.00803328259019,92.8099954952354,121.43482314480617,144.13729565997997,354.8334218663526
2016-11-09,311.11509370585645,59.953035127706656,43.67678946340196,93.41445485417013,108.68047880372565,144.14173391286297,352.0937650145439
2016-11-10,312.52649756063846,59.94026630585477,43.365574998384986,93.11743603895519,109.77600956234174,142.18391261147985,349.3836108819621
2016-11-11,312.40460834821164,60.00736537927847,43.68036585994789,93.32977813621605,111.73195416222391,139.88396589787217,350.93317931719827
2016-11-14,312.66959647099515,60.17139777080399,44.08837891335716,92.75932045091321,107.32061082057939,141.61287964267981,345.6083861281024
2016-11-15,313.2187305026753,59.97174216099598,44.50486121240605,93.67097025655214,106.5534670882985,144.27106874912153,346.3090696536518
2016-11-16,313.95881509164064,60.34372403043566,45.12152223822554,94.56714965316262,108.07414968249033,144.71150171827898,347.7396937703122
2016-11-17,315.4096446814498,60.002396055066626,45.08647603812257,95.58188873353582,105.33841185340148,144.40325899944054,348.29529143558085
2016-11-18,314.72622606003614,60.058993129054585,44.935977670978644,96.28048647729972,102.47095815689569,144.83008854705653,349.0517840134854
2016-11-21,313.8473210781665,60.38334969607706,44.32203366585827,95.81417262920067,101.8348741048494,144.3155514581814,349.91014832462616
2016-11-22,313.76113562787845,60.687924123350285,43.71811273748817,95.96325454470852,102.71800650382791,145.04872606282507,349.1328180771727
2016-11-23,311.4064627891538,59.795555501503394,43.4057659513259,96.0177610648497,101.18039986488178,144.6872590738072,348.50871208190586
2016-11-24,311.9336340306873,60.02580965152316,43.72135041182758,97.348848980023,102.66162007189003,144.65340207397008,348.8581511758218
2016-11-25,312.04517961555905,61.030616099394116,44.1676028037322,96.69125879667486,102.70266189361857,143.08166847609607,347.9445676757559
2016-11-28,311.4052892589649,60.77372083420341,44.13057799047959,96.83756780888746,104.11078401602536,143.20010919042434,344.9716833493122
2016-11-29,313.8037797488956,61.207047401026685,43.89667299672845,96.56703871816266,106.50432816136231,143.64332134421625,345.1469233909863
2016-11-30,314.5380606657982,60.76129883945192,43.789498639728365,96.38925232485683,103.82030023447034,147.0915729897497,346.25865270734613
2016-12-01,313.8590584953571,60.86235633776171,43.740280790770875,95.8983789600866,102.73769309340209,145.69480896519613,348.6573781439354
2016-12-02,317.823224693776,60.87906452188307,43.55506250912849,97.09696304564106,104.20270983007674,146.2376633422198,346.0728964849192
2016-12-05,319.5766085194103,60.45792305424721,43.522884773877294,96.53833014326302,104.93939300075786,147.45239238689052,345.85099516029425
2016-12-06,319.71534463376076,61.03532119483548,44.79978150375941,96.29963367794446,102.988441849702,146.09499402075653,347.21540991442413
2016-12-07,320.0947515596859,60.68283002147271,43.99636266887646,95.51434117930155,102.8860745236599,147.51174541966384,350.46959488826695
2016-12-08,321.4375799511156,60.60958832029454,43.79699975208128,95.78338274575748,101.62848657036535,148.82025457364364,353.7910640858663
2016-12-09,320.51442975547,60.68087844091035,43.601921962599945,95.51560476697519,108.38694121898195,148.60510427754846,354.35106387031976
2016-12-12,320.03431398249023,61.09187515211219,43.78452867667953,95.7607539827625,107.59720190489358,150.38358207949355,355.4473693984672
2016-12-13,321.0506868475331,61.49692926314165,44.369693851041085,96.75988771810363,106.16068395168641,150.68902992137023,356.2159253629931
2016-12-14,320.95081025732094,61.615621705740104,43.90997958881226,96.85460711621593,105.2703882174591,150.81512295411878,360.74993951165476
2016-12-15,319.28947791989407,61.638297578235786,43.717081982282565,95.92111541702168,102.87824254587109,150.90478884929846,364.0387517294043
2016-12-16,320.6810648516343,60.83508379598229,43.75691291862251,95.83188611935512,100.23867150395999,149.8032013761731,365.6761852702493
2016-12-19,321.0598488039356,60.13105768338241,43.91001924032527,95.64658258552795,103.65292431274267,150.59810070112462,366.6483424468503
2016-12-20,323.64051033206476,60.5989414332614,43.53410300319739,96.09883339537954,104.77341113150031,149.87876778849053,368.5312459466737
2016-12-21,322.41921104364593,60.10662272434443,43.57335781968407,95.94187637039019,105.06467520951205,149.87400016778778,370.4598799908916
2016-12-22,320.6470365853941,59.33649638170988,43.59899873420515,96.01163181235923,106.03561406230158,150.59088021044366,372.32821511250734
2016-12-23,320.00233671914674,60.27036270878514,43.40014094891802,96.10856542170026,107.17974673005816,150.2108812028938,375.5307661732656
2016-12-26,319.9397743111114,60.842924233724254,43.166477605043816,96.42859233783143,110.04892131495738,147.0877535002767,373.7798489767345
2016-12-27,319.7574309751485,61.286393460348876,42.98783944117767,96.54054199967393,111.08843356098967,146.9528323356328,367.6529238322064
2016-12-28,322.52430221969166,61.5712519446266,42.109551102095814,96.43080357783752,110.70307170983217,147.43312704401305,355.08400596132964
2016-12-29,322.12740148179773,61.92966374977325,42.01304780687975,96.45307603587297,109.98543564186741,145.32674055530524,357.479626518918
2016-12-30,320.9856923482931,61.8098514438643,42.15357519397137,95.42752684642883,111.65160542918443,145.0424348870677,350.11194130790363
2017-01-02,321.51931929040643,62.069398820289194,42.41631820345361,94.68316136815996,112.77412854984422,146.49665372416987,354.58853384665224
2017-01-03,322.8133352660388,61.98363497617941,42.24182916279343,95.14544354740005,112.98530669273376,146.03472493895686,365.33700699200716
2017-01-04,322.3392115344479,61.3002159909485,42.430856933067,96.2274694614458,113.46458874281696,147.08786437258325,367.69553588264654
2017-01-05,324.8232241205427,61.420358140797106,42.35967960256365,96.57167478945043,115.96822139982548,148.24248855082988,364.47666397267193
2017-01-06,325.8111027847466,61.81696151689115,42.17087900387222,96.97616059331838,115.80761068573746,149.508572805441,369.31051984228685
2017-01-09,325.56814119527513,61.48744816668499,42.72934176658858,98.29568244356922,116.20515050559003,149.86598616706928,369.18768821483826
2017-01-10,327.7498294705143,60.90706279097833,42.42496258922422,98.55051923200968,116.84897541597311,152.37525365798615,382.5228944700098
2017-01-11,325.6496349264648,60.97849905674392,42.48627347107619,99.0664973389604,116.12295829490402,151.01114540490863,384.6603751160499
2017-01-12,326.14286398585847,61.2289696867045,42.44975430793741,99.49614496385217,116.71698746122858,149.7903753462769,385.4537561097915
2017-01-13,323.83893117462173,61.769851022113386,42.310115667537275,99.92901959932229,115.74568517087337,150.05014299152532,389.0696094660252
2017-01-16,323.3204872303072,62.037473834433456,42.23638778290352,100.335604805739,114.96287690470915,149.4590008296163,385.25233440522425
2017-01-17,325.31848707897404,62.607606325860985,42.443666108305464,100.1345728097806,115.09744059885378,151.1344491249179,380.9068091081407
2017-01-18,326.02410163921945,62.5148275827554,42.555575091980934,99.76595918682301,114.98326918000599,150.88272637549045,385.49895318870887
2017-01-19,328.72776055586303,61.90720532188634,43.321247618264636,100.14494344162598,115.40853627908668,151.06507507953452,392.10468149623637
2017-01-20,326.61526144341167,61.70661759589905,43.67369646590828,100.37418283326289,116.65176339150491,150.35612568581075,396.53803042622224
2017-01-23,327.47474772390365,62.467304300249175,43.9958277056951,99.67747736837725,120.02790594573851,150.49094271786143,394.8795348938445
2017-01-24,329.7735002842271,62.80006126002286,43.60575348599599,99.61598001690459,122.14480965132465,149.5778596629632,393.00588320258487
2017-01-25,328.3693305729724,63.0546776115919,42.6297073893397,99.08208741386592,120.50549818250487,148.97749066866922,395.758465181913
2017-01-26,328.61652647287605,62.629722527648454,42.4478635771077,99.06621813881286,121.23286595823872,147.5540569659231,398.2961604622446
2017-01-27,329.0445313817699,63.01664992681231,42.442374707422374,100.43025442585325,120.4326084015732,146.8947288385623,400.1937939032492
2017-01-30,327.8308615336114,63.4366313758861,42.92303363171954,99.75237888666635,121.17242963166792,146.78958634041516,403.91615152074576
2017-01-31,324.49017825815264,63.607871537058195,42.683053446381024,99.66533285540932,120.0306869038363,147.5754728733891,404.1780135361931
2017-02-01,328.4872604506769,63.57773279837942,42.346795179961795,101.05075471833166,118.766627872806,147.42734356469748,404.1147578325351
2017-02-02,315.3653882460277,62.93894605692506,42.1873339482869,101.00034237963501,118.48984690088822,146.96105142442084,402.44129064711376
2017-02-03,318.759638548011,62.98764582804943,41.45257982029657,101.21223672456189,119.87698118972285,146.31372182517677,403.2130593314569
2017-02-06,319.62106920045403,63.2706076633083,41.07676707514095,101.94694217612509,120.51649211539197,147.20487895713208,405.21701230291416
2017-02-07,319.2516071995285,63.59082880048072,42.066001643970736,100.69378444517223,117.98330419815672,147.97114258513622,404.52263268367767
2017-02-08,324.860413006449,63.26486276580775,42.24821742111764,103.15413533329605,118.23539592051301,146.87773450679134,403.4212723728723
2017-02-09,330.7758564628669,63.36043948358031,42.18312119200914,102.64522632757274,119.1779947605463,147.34678107558653,401.5552917948529
2017-02-10,333.05513221118474,63.695986483111675,42.00955984991458,102.07370482311634,119.32905992511392,150.60501568317198,400.2452900654217
2017-02-13,336.30268565706325,63.59938499640955,42.01207575355881,102.74837496330237,118.35259838660329,151.01031421448062,406.7688528704599
2017-02-14,336.48015226146333,63.706740394168875,41.63265768351079,102.51015500892366,118.41694937576881,150.3534660866678,405.77569066507357
2017-02-15,338.23834624701004,63.438393843322324,41.5826122543478,103.13682189616515,117.99791368330906,149.93838511238204,402.7827683190511
2017-02-16,337.279366595989,63.04568690609671,41.37637564320335,103.19305943075263,116.86743313247776,150.538891985932,399.54688308164725
2017-02-17,340.5329753055617,63.47842836092326,41.09123158215073,102.93255573605235,117.02407607152335,150.2988033412089,400.71951174486196
2017-02-20,340.4855034327144,63.420272068124184,40.78213392771453,104.03261375047023,116.29083949540792,149.04316236518144,398.8216613352802
2017-02-21,339.1109035099154,63.75523182560123,40.62123103690959,103.96804183063763,116.84059858778026,149.3433239076692,400.47538130496497
2017-02-22,341.2952591522481,63.636802971339144,40.66085054489642,103.91037013161001,116.56072192188174,149.95596831028047,410.58615675928195
2017-02-23,340.1769506353523,63.31466210057755,40.16785000286611,104.520619942422,116.34851555926794,150.1288498243352,411.710994743327
2017-02-24,343.9926176988841,63.58625492760322,39.716964684881255,105.42689643294504,116.96370532967259,149.6125282772457,409.17240329568733
2017-02-27,345.450771072749,63.676358663267,39.52356659794859,106.13095903580484,117.11015829964106,149.5094041255518,407.194188151714
2017-02-28,346.9402340337787,64.1120452691896,40.01192878255889,106.57660456009351,118.95220893333591,150.2912767221669,409.33889423178874
2017-03-01,346.1663202304594,64.35803549719691,39.53100151355176,107.00926874488515,120.49888707908563,148.89539873783326,410.675482916762
2017-03-02,347.23432014594226,64.93186701710525,39.323403829016605,107.33159577435435,120.97994619845292,149.0364602936529,406.5817933909519
2017-03-03,348.22370672791374,64.97093911275887,39.24976545728507,106.80224291360508,120.79349290447064,150.141911561699,401.09421353701117
2017-03-06,349.24538116343734,65.32463553782759,39.30958091428022,106.99372664522078,121.45114225723857,148.65975627215366,400.611979865412
2017-03-07,347.8044299858136,65.47741042756668,38.96953939565024,106.50082339493662,121.15886222427649,147.56498413616876,401.0336715277667
2017-03-08,348.97673685250885,65.27893092850606,38.30140002880533,106.33329951218049,121.22543593622801,148.1405433606135,404.00644864179776
2017-03-09,348.6842804634299,65.51227329874034,38.32302572231721,106.90856504401864,120.74817258834608,148.63624534232963,408.21897521489956
2017-03-10,348.5671393612798,65.75124845184509,38.28795274282626,107.16809125576773,119.47142500117069,145.4600509728222,407.33884286148725
2017-03-13,351.89293300534746,66.01953879341083,38.52729817351565,107.14627833190477,118.809704264096,145.95855850538126,407.87292181972487
2017-03-14,352.3494061633183,65.74714225456533,38.07997603050431,106.35494563183505,120.92537645492476,149.6407884689534,409.6969614285343
2017-03-15,351.71565880400476,65.64520907590659,37.9190236337149,107.16202405133812,121.35005515413644,151.72212092982264,411.8532988751326
2017-03-16,353.35899607844675,65.91987117311491,37.73562742366051,106.1924680486073,121.00585017003947,153.37712791553443,405.72648313801835
2017-03-17,354.0523931579521,66.09462898971975,38.224318482428934,105.90785165768837,120.61621188275505,153.8042216557287,416.1419350233524
2017-03-20,352.8209439177917,66.08904414010497,38.37283501539276,105.09158326615463,118.56224263996974,152.33519442707285,420.567226758705
2017-03-21,351.6659517864968,66.10710349205736,38.643521053667776,104.87055028066032,118.22973441064505,152.48319088263767,415.8407709979857
2017-03-22,352.44544614051097,66.146360484321,38.29040509059884,104.84609002081835,118.93480117354483,150.6365190992709,420.5144867810814
2017-03-23,356.9391548816138,66.14020724154439,38.37467637336709,104.64003827855325,119.38772929171544,151.28096603597092,420.9806710740485
2017-03-24,356.1553480453278,65.55001362199955,38.4304764024257,104.9597041273098,119.33075411205368,153.50857345998966,417.93050418192263
2017-03-27,356.6217559101713,65.6922036923547,38.499670522702466,105.26955880985578,119.26339017588238,153.4168525264339,414.4278178025254
2017-03-28,353.7249477863942,65.68824969106367,38.87672187314047,105.19814391182624,119.36546853002265,154.08485417822197,413.72136686751406
2017-03-29,355.1961494702469,65.63994062442079,38.69661069480598,105.30941760776257,119.17655937687694,156.41419335144306,417.56020619563606
2017-03-30,354.95460104127295,66.38285061068174,38.91868278425343,105.776982297349,119.3668627609166,154.85932770558395,427.8597379025476
2017-03-31,352.902289126691,66.5189387004544,38.69989119564844,105.93750718369934,119.80233229397223,158.38575459230665,423.1912643185081
2017-04-03,351.31790502100824,66.68728343835657,38.96161545329288,105.8340841003337,121.44356776437252,158.21782238056807,424.36037700365074
2017-04-04,349.11570580626835,66.29384668710082,39.085148275175754,106.65091172835255,122.17493318636136,159.97993171419446,425.6875830075249
2017-04-05,348.49272528847155,66.40080278774947,39.1089158304491,107.05393938512023,123.23705042288924,158.60534813934973,430.5085551717594
2017-04-06,351.59306694967813,66.21379540140342,39.796069410711794,106.86684821946126,123.10352087939152,160.66734346781277,429.6001571233534
2017-04-07,350.26862942536417,66.05252381496149,39.419254170729744,106.71342860487461,122.81830990244636,161.0713224401788,429.09159439667025
2017-04-10,347.32982556965675,66.32401445251381,39.21431664424541,106.58352654617336,122.64851557592391,158.0142605379781,432.9498152500548
2017-04-11,346.7617660226541,66.04397723744731,39.44294688788823,107.68892036329662,122.93461964214205,157.42544048000642,430.3631277912196
2017-04-12,346.43663106474474,65.47744551474572,39.24195709881948,107.10962400310272,123.77113219166317,157.58697240201232,431.4482768124688
2017-04-13,348.6150605652191,65.43121178441056,39.08966416879669,106.77785770366083,123.31148930433218,155.25934661163583,423.3408612134593
2017-04-14,349.124624419726,65.8570827695575,38.97585424595438,107.25979723041605,122.86093965315243,154.82083006394237,430.0736780611864
2017-04-17,348.15516607292284,66.15111692157201,38.93725361076288,106.84777751076939,123.38910113890131,154.92879650675366,436.9297310804617
2017-04-18,347.85412602655833,65.89213736683385,39.37808040982519,106.50737176515075,122.42223778232872,156.65230101050525,436.6268525102151
2017-04-19,346.9236807522781,66.36002180228321,39.42064366400622,107.33693735893603,122.03977204639011,156.08922284272487,436.2545770638301
2017-04-20,346.1073766732262,66.3277300771378,38.909070203834396,106.86836653307145,121.2768620905828,154.81069321247742,434.864670555969
2017-04-21,346.0737771820986,66.31442783105497,38.69733362690183,107.34526990319834,121.55736845683283,152.09446833155687,435.04905527307
2017-04-24,345.1055192242132,65.95654709880992,39.02066898034925,107.97523722709596,122.40539735094083,151.41127639059533,432.89203255646646
2017-04-25,339.8584269230901,65.91246336303914,39.008331701566895,108.19565920364981,123.52197366609732,151.53489318387577,435.6726718436609
2017-04-26,342.6472000460159,66.12334388692732,38.605972571674634,108.14062449807355,122.70684147175564,150.67567540206608,430.558894452819
2017-04-27,342.05161824799035,67.12157372113272,38.57906381648163,108.58224501580197,121.80982147318164,151.85395393762002,430.292660523336
2017-04-28,340.1378082967279,67.12245027788161,38.817103948725794,108.22526376023221,122.07369148065719,151.93066101690886,436.7498069380766
2017-05-01,341.3283743737556,66.93532550347155,38.73435508370821,108.47148430933586,122.03891995460326,151.80245816514716,442.3072740110062
2017-05-02,342.9679229510302,67.30675985203727,38.90486545276508,108.45584943039258,121.85419102009644,152.2878374099008,445.562611141206
2017-05-03,344.11404767377473,67.45407448342569,39.145749158093025,108.79332219046086,121.63681165236031,152.83276618424765,437.70156809256713
2017-05-04,345.1805296032415,67.76770701869555,38.893068172250985,109.31127032594469,121.18549619185431,151.49622723405372,434.085017831989
2017-05-05,349.62178204249585,67.07109008125059,38.65492653637722,110.23068861693864,121.48529075402844,149.01339829931305,422.88875302163945
2017-05-08,351.1042524459385,66.40796717306368,38.85545050654048,109.8549549065964,121.21623844928511,149.7361498839935,424.95155003967767
2017-05-09,351.9989288621001,66.7426314951855,38.767358474399735,109.97544764657462,121.04178621728428,149.3971748693744,420.30487797133867
2017-05-10,350.32104714546966,65.66150005308619,39.115927550210515,109.80879586714651,120.78724848993204,149.8771774495158,422.8112282956528
2017-05-11,350.47601572323777,66.33704214141993,38.90227140692641,109.80534030705901,121.0272531801501,150.5871047582301,429.06557996410027
2017-05-12,350.2094723024263,65.9033054260721,39.24483040945503,108.12520966991457,123.02255939550737,152.03480893031826,429.90946446061565
2017-05-15,347.85772041163574,66.33933441092135,39.91642603841899,107.89319474360276,123.75922052130151,151.7141611178658,420.5358574535797
2017-05-16,349.69054492979177,66.2492531780917,39.651034260890135,107.79872475844294,123.77310359866875,151.15671051054267,416.6337142993614
2017-05-17,352.1162020570581,66.49423435424762,40.101501978887235,110.73415571250483,123.64989813097402,151.09652735601955,412.06894520706254
2017-05-18,349.47174613286904,66.52081054613868,39.5268782854027,111.18495116582373,123.75085890086139,148.64126687057168,408.03444629879857
2017-05-19,347.45957829394183,66.38798255741538,39.541107269685696,110.31245266648585,122.89564973345456,150.01910950544703,399.7214001390977
2017-05-22,344.7927153377681,66.03319923748028,39.31068524960056,109.91967298621906,122.80124450033118,150.09463008975075,395.1522849218406
2017-05-23,345.89004842761784,66.45069954369274,39.23134443447202,109.73528179967299,122.894715845084,156.04782802044528,392.28742722221256
2017-05-24,345.77365600729576,67.39504541510394,38.71442538328851,108.62304433198686,122.65659058237706,155.23579835941783,391.30790381169805
2017-05-25,345.60309649901865,67.51664110783963,39.080122498807384,108.60938582024133,122.24914793525926,155.27748187100767,396.3479238593371
2017-05-26,345.1994235781498,68.04760374716642,39.06997469397724,107.15899104034571,121.18428227154122,156.35399989791787,396.15379693174066
2017-05-29,347.5953006833051,68.83758207460698,38.443509052451965,108.37657592539432,122.88305090851121,157.69666896689768,400.282527382294
2017-05-30,348.6651341210691,68.39070785167817,38.76884470994832,108.62887557920138,123.22570391469664,158.8517365796253,404.7481593583937
2017-05-31,348.821276461995,68.34018648654859,39.37675623526029,108.21187379164265,123.01140583830284,160.2646605821286,408.6702119553857
2017-06-01,348.40212013611443,67.90371576426621,39.23875489752234,108.24547569471021,123.55383727518497,160.64798286088947,408.36690685057897
2017-06-02,348.6864750971105,68.17255819358954,38.32019005444151,108.73506084953593,123.21579370170957,160.47183300590277,405.62617963475657
2017-06-05,348.0457051624294,69.01609568007039,38.31613096137416,108.16997729223418,123.42910008253375,158.37761057791553,409.9632736981849
2017-06-06,350.07104741283547,69.60506898317722,38.02701843579475,111.38342928315136,122.9721306368125,158.07079953603338,410.43268157892487
2017-06-07,348.1247039667309,69.68199161980252,39.18064419931384,111.9360797347692,122.4954914364796,156.49146350070131,412.32999116625024
2017-06-08,346.834851240873,68.63371716448947,39.39123164455267,111.36841458443092,122.08527499054148,160.7905841124232,407.257530076486
2017-06-09,344.1376889732125,68.27781506031185,39.36525958748547,112.12267573787712,121.73427202231767,160.6576550561253,408.66190381896644
2017-06-12,341.5702180388952,68.02466073898313,39.05057227132558,111.08745258674803,121.40281245079883,158.98891863972676,404.2968741566079
2017-06-13,337.829693002736,68.87114481848904,38.90549206264939,110.13037421496209,122.09699591709673,157.47818505078897,404.4400130631646
2017-06-14,337.869275893238,70.6665774237635,37.78911211222652,110.58650060698649,121.15588475473717,155.34556836934274,402.91670272124617
2017-06-15,338.31232333408343,69.97253059895745,38.55140309718307,111.52075850887208,121.17177832863686,154.2105198575085,408.37137942977796
2017-06-16,340.5985886219506,69.9368250041461,37.859137015602755,109.64865003998462,121.05427289836081,154.03454782715906,417.02211915877274
2017-06-19,338.5120317630507,70.35620393509535,37.53172286257198,110.00456788832359,122.25188940099397,154.9398935411909,413.92627937297976
2017-06-20,337.262827462233,70.34718731620413,37.561522432930516,109.5034591519858,123.69319484366038,155.61485785431964,416.6040927083538
2017-06-21,338.2546236149955,71.09386705659784,36.082444351269245,109.1132192424105,122.4177783137099,156.42726625036832,422.8139000249701
2017-06-22,340.4598915679518,70.92040157154348,36.22556838940768,109.68700519498512,121.54809093304593,155.32076976028566,418.200816693723
2017-06-23,341.4297772619703,71.5275814085571,34.55340756884742,110.34184547228308,119.61103845192255,154.7358887424677,436.2925575231424
2017-06-26,342.1668579961402,71.99050124513816,33.734596072980985,110.66769740882197,119.84953897098394,155.29852418186422,446.7734969094827
2017-06-27,339.64073208985536,72.0889073901341,34.57469093310496,112.42234727398265,120.45962784738292,155.76598777103302,445.6159583166656
2017-06-28,340.31725262742805,72.62628172953526,34.496638053152246,110.89258099500265,119.98496333958097,156.5795429454326,445.661741697186
2017-06-29,339.4751787912348,72.52878878570432,33.428519116684235,111.30687245200198,120.35596209703034,155.35175865604174,448.74889973118235
2017-06-30,340.3387974913397,72.06895903196587,32.96529477509207,111.37544477542409,118.92691364040822,153.93115838739524,447.69672498083645
2017-07-03,338.9560088405849,72.25474833887466,33.13648588406985,112.47778939232985,117.97248775195764,154.56752372916827,443.7938340103971
2017-07-04,341.50867241211495,73.15209030328747,30.64210198335861,113.16548612613138,117.66679234132035,157.74486286012902,445.5415606869346
2017-07-05,342.1100016916997,73.5341913698935,30.780024220507297,113.24360936368058,117.83084468200637,157.99864221796122,440.11335820667006
2017-07-06,342.4239031889665,73.10875255580257,30.772287555069543,113.75955348343247,118.11740108658485,157.43950117393672,433.639039668229
2017-07-07,344.3009370172048,73.03085990019649,31.7912847495283,113.38401137517644,119.19468202722929,158.1501287016419,432.12130096056416
2017-07-10,342.58642151561537,73.05761917176353,32.98164841407209,112.52857201734912,118.91016107509255,157.000989369878,428.4981137660887
2017-07-11,340.01822034403085,72.70889312567444,33.27909169317719,112.30290982240936,119.34610944570764,157.6497961258041,425.51691083413823
2017-07-12,336.937590873761,72.73441610102138,34.34071590553372,111.43603693524473,121.54176582206162,156.50328217194507,423.74050773994844
2017-07-13,336.4682865702479,72.88816991164427,35.55330441936333,112.85340343120593,120.59534191379255,155.33250899270112,423.10928019063124
2017-07-14,338.257128218624,73.07983987673316,35.21124723654987,111.93694232372954,119.898834731169,155.22831724447443,418.1115145601796
2017-07-17,337.70738891254746,74.03098685232573,35.839602579949904,112.06069687978083,119.29979661718652,154.3155130452901,415.36998081327613
2017-07-18,338.7504796818756,73.95843249760874,36.2912002305425,113.06084979236094,119.3504480946616,155.03353884497048,409.22068748092295
2017-07-19,339.11951913808593,75.06115964995404,36.326997733588634,112.32021431170452,118.50310443291937,156.71288797428764,408.14089347766856
2017-07-20,339.1810210028754,75.70031796252582,36.76111943390884,112.82376998409968,118.13988308405193,152.9806395412225,405.6850309618237
2017-07-21,338.6081097120486,76.11142253128399,36.13382864361528,113.44967903149475,117.63363922047694,151.68317402327872,406.1116740941106
2017-07-24,337.6836804173608,76.04532984956028,36.74871554474665,113.53679291695283,117.92169338442281,151.63873582476367,406.71988477169367
2017-07-25,337.2359137520246,75.43391609833415,36.97222527810489,114.12602890481115,118.93639888668687,150.91928204344453,407.4069644281911
2017-07-26,337.1789628829393,74.88287250149666,37.882544115768034,114.44783703884801,118.9598459962392,150.49352459806303,408.4878456218979
2017-07-27,337.6467089160676,75.2055342885041,38.00825125522682,114.45164171735578,122.07023087227446,149.86273532999368,407.03018770755125
2017-07-28,336.7935620042964,75.30684892224366,39.07526257482152,112.13429120594351,119.45295533936999,150.1404011455553,406.42676615137987
2017-07-31,338.0469584454668,75.17061901651316,39.38781099271644,112.05035557605932,118.4836297970314,149.90895551066103,408.6102592476625
2017-08-01,340.16878092870877,75.08746025445353,40.54781749934269,113.18673210843455,118.03884264251722,150.6443422521678,408.68905039912516
2017-08-02,341.4140203941743,75.15872502644064,40.63474793516583,112.23792196848123,117.19670258684317,150.0831690038349,408.77604617096927
2017-08-03,340.6694274549001,75.41889498454512,40.50695750650322,111.19452872515014,116.97984008630053,151.04335267698278,409.2036860449308
2017-08-04,342.1001655799397,76.02870691086004,40.59567936999556,111.83786232919748,117.67356253592168,151.71757948761064,409.64375582515055
2017-08-07,343.3730187687458,78.00753011314701,40.37048380216561,111.91923125333804,117.41175963480715,150.3795157726401,409.84397457409693
2017-08-08,344.66973753553174,78.72241449840409,39.84324833459614,112.07449859864859,117.5547392355988,150.85039517801158,411.0093928889474
2017-08-09,340.5766532891958,78.55269616940521,40.607809858366444,111.194731693614,116.80001424151764,148.72477712750668,408.4029133974095
2017-08-10,339.8074255414614,78.99189063475087,39.55690221361056,110.25004171513099,117.22056503924216,147.72120329969243,404.75337480726483
2017-08-11,340.62528724062616,79.48067622013969,39.94964095816655,110.22566612141526,117.16734169923696,146.40377907369617,405.56120728210885
2017-08-14,341.8111928830564,79.29112790409857,39.97949096792504,109.74536193692619,116.91832225156556,148.16995004969155,407.3344248813176
2017-08-15,340.9392021996662,79.46059460719817,39.68082167068627,108.1543312258894,116.25298646963932,148.19614290614223,407.27036673242446
2017-08-16,340.5609945259449,79.04044057858547,41.56612410586939,105.4644383866145,118.27358749130565,149.6827919876462,406.3359320500799
2017-08-17,341.8253646269134,80.06019467355146,41.73772893526651,104.54624971661877,118.14116605857869,149.12622928056066,406.5595773361585
2017-08-18,343.01825674075457,80.050721370252,43.06497547150252,106.72625014049285,118.40739156617131,148.7997183639207,398.6378967490961
2017-08-21,342.61938722836385,80.77303232675655,45.48160396004474,108.11472437109597,118.05349534898637,148.9960415025218,396.0597803317052
2017-08-22,343.9279570719331,80.99444663076797,45.43417534059929,108.00233526697022,117.69565869286306,147.98751163382133,387.98810260653516
2017-08-23,342.8863862789641,81.51285860850041,45.3281773200188,107.56968762733926,116.79715250156627,146.93933599183376,381.5171410858802
2017-08-24,338.66326252988773,81.17584386337195,45.03658049672525,107.09975571633656,116.94805901879936,146.43111181272386,380.9054253753009
2017-08-25,338.8173834707825,80.54842338301893,45.730991376133254,108.56217559975606,117.228033493438,146.56245990159778,387.53257758017196
2017-08-28,339.1852708865498,80.15819859290664,48.527941037599135,109.41166879390543,116.76953680225091,146.8459964105897,393.42528870519465
2017-08-29,340.65919869890763,80.3630245421509,48.61292731495913,110.3020633127478,115.94299307843787,146.46958588313575,394.2125768109167
2017-08-30,343.55594409036786,79.8949259649185,48.469007832278955,109.46818602591402,115.0550734856349,145.36807045508883,390.0563845011401
2017-08-31,343.7160600800522,78.88698286901071,49.08080505012044,108.94056749986069,113.55326928524858,146.01158307677392,388.3412635467233
2017-09-01,341.75031231549247,78.72782359473653,50.335156778322684,107.66941534728338,113.40664179698264,146.9026962518847,385.8302698110088
2017-09-04,342.0324648622656,79.27812811477938,49.7509751418235,108.24977474820972,113.83205211643345,146.88815353967922,386.15700172879275
2017-09-05,341.9256680343038,79.54298404065405,50.40292524460777,109.39532648157643,114.03114706097361,147.41847775823686,385.51283326158466
2017-09-06,338.94946094279356,79.88144049019095,50.74379217500362,112.67223286572344,113.2158354309465,148.46172986941545,382.1504208512933
2017-09-07,339.6606836221244,79.55881000990775,49.818001877857036,111.16201491196213,112.9787519118975,148.65404054250286,394.8758899667773
2017-09-08,341.6131863431414,79.33211111876646,50.85125120971287,110.86692456761267,112.4685871842833,148.2756001668715,399.655999061822
2017-09-11,341.5825667858196,79.67662774762584,50.69668901801867,110.75391443048083,112.9860134279131,146.8910134754993,395.43248908035554
2017-09-12,341.4100916859921,80.3028909961989,51.205823326192025,112.36881423194777,111.34312320168293,146.36602491929736,400.48172042679073
2017-09-13,342.16677144967366,80.52651672526048,49.885762040928526,113.46144327907116,110.74370834049932,147.3112594035697,405.241941908102
2017-09-14,339.7747698025285,80.71036656974411,49.599297454602564,113.57532682127648,111.63105087352952,146.10473869337937,406.677102829831
2017-09-15,338.31500572447635,80.3279411226465,49.24961657590146,113.36371722626674,113.68541569689778,148.08067803519506,401.8585383161463
2017-09-18,337.7238625387151,81.2602070356065,48.38389007533928,113.5997104357325,118.70478143367947,147.73194594488083,397.90464207729633
2017-09-19,338.6782045026914,81.1079941451415,48.98218910175695,114.79085875449411,117.89774782076987,148.63377483200492,401.8468020406148
2017-09-20,338.02624947310653,81.5526166128243,49.60937066477317,114.95047421690893,116.91035677761094,148.61526409413548,397.31679781175
2017-09-21,336.68084994926505,81.18295013008543,49.92104265562126,115.05760844418151,116.28082519162217,148.5458488142958,396.84959764083567
2017-09-22,337.03565776121826,81.48237152306808,49.4110445217861,114.68490940435454,115.35754722748034,150.03233188271204,400.8324557794813
2017-09-25,336.90423434546665,81.62199406976345,50.58746244614864,114.21994494926376,115.64356708712323,151.96758203123537,399.8296277237899
2017-09-26,337.9420742805202,81.86009407891935,50.84538895123933,114.50094846557108,117.47754107884829,152.64059974368155,401.5989526181335
2017-09-27,338.4602813940653,81.1696449965543,51.38952302268557,114.64066455985406,117.38463682483462,147.5414671596811,397.77714063976197
2017-09-28,339.59264538515697,81.03744510115834,51.32442826559539,115.02937434942594,114.9843342978411,149.0479320222864,393.98301007453705
2017-09-29,338.18706406482886,81.81328132826252,51.16757265055352,115.14669284874589,115.84796200007116,149.71014252089714,393.3083872966319
2017-10-02,340.61461377783075,81.20866692381372,51.52062652799804,116.40097937818933,117.11219273928215,149.8053359195186,388.7607176831014
2017-10-03,341.3378990173735,81.0329687754713,51.31785452090003,116.15443586057623,117.4671097214038,148.87208606683205,387.461802667722
2017-10-04,341.234742858244,80.31981741983458,51.713601147638116,116.08623923900603,117.05340413161663,147.3831668171548,386.16629694892765
2017-10-05,340.39715225916194,81.06525051665291,52.09348432899974,117.30583505649489,117.26607214486162,144.55415711179006,386.91327996274845
2017-10-06,341.60394066239115,80.8227012336362,52.22698659526821,119.43993491922517,116.97815664962076,140.67211367899836,385.0554908865097
2017-10-09,341.2435702392773,79.97035808854561,52.95414299109556,120.0752070907939,114.21566474946263,140.68662983250903,394.36991305119227
2017-10-10,344.8922684536104,80.0523806402336,52.74504854161404,119.50188734279797,114.29796540485997,143.4046218367082,396.9237506673341
2017-10-11,343.52192434023743,79.23144316130724,52.163035264963135,118.76292410193838,115.10036019677857,140.71112809824697,395.21559698030427
2017-10-12,343.22791769654435,79.46880537507857,52.17305166744375,119.05176199438532,115.13844230860246,140.53707666215843,396.36429090626484
2017-10-13,343.54916557655747,79.1781613181206,52.46828360463478,119.54925361992136,112.87573037560712,144.00402274877777,394.4018009161773
2017-10-16,342.48539648451566,79.73379983142185,52.47504618200135,118.62547286432525,113.36704877587621,143.68213830695632,391.9183641154254
2017-10-17,343.54039743857544,80.41473746733584,52.592979570025385,119.4081416895152,113.44321846557611,143.09106288405832,384.0564980484654
2017-10-18,342.273321008444,80.24073491772566,52.3331858255334,121.81809852949289,117.41794931919212,141.82609747634683,376.09314640911686
2017-10-19,343.86388887807095,80.40916734686886,52.14640223401715,120.8287826806403,119.73482533903668,143.13603813273278,370.6445633037766
2017-10-20,341.9035056287159,80.96547288140836,52.28163138053796,120.38888557898284,116.69971493035818,143.23050586008767,375.2549395336159
2017-10-23,343.32228491342266,81.42749668644275,51.98244369515864,121.14499713172502,112.98733826176839,144.32516177724082,375.37950836340025
2017-10-24,344.478418805763,81.20709647140066,51.621880312489466,121.20190359375287,113.73971194418266,144.918143119202,373.99181625338093
2017-10-25,345.3164917978975,81.31114579653675,52.463032050181546,121.82848535072725,112.91022295979455,146.44347010775982,377.62238530726114
2017-10-26,345.2119860955312,81.79147642050101,52.70337007915813,121.993367033809,116.66678624421766,152.13860880169585,373.1689411097049
2017-10-27,342.4475116652767,82.53307398295094,52.18584571665431,121.97129039491726,116.43888268211892,153.43243625851886,368.58488970381904
2017-10-30,344.7440519006297,83.41327822510225,51.848128456450915,121.73031304880327,117.47493553881576,154.60894796579532,364.3665537322796
2017-10-31,346.9797925076633,83.64947151917595,51.88923843645867,121.51941252381516,115.31022755885644,154.35346533902612,363.602185432491
2017-11-01,348.7519346613437,83.13643486319036,51.560047464894474,122.38018722001121,115.41701444586879,154.6677425757134,377.2910735609037
2017-11-02,350.67411878024495,83.02534467205726,51.7224261244517,121.95068904856267,113.85832780057413,154.61823121859177,383.72642575113366
2017-11-03,351.80205013852935,83.28145387872536,51.47051255245816,123.38037337063597,114.8825072771511,153.87718498440876,389.81578816183554
2017-11-06,352.3739629726182,83.34133658624562,51.83343820023739,122.81920387667355,113.81191206167472,152.07500302769708,397.51512432947436
2017-11-07,351.62441091314474,82.93630261920842,52.20923809107061,123.1317728436735,117.42055239799035,154.7647669293403,414.0931998501538
2017-11-08,349.16529855446237,83.41255394687373,52.18132694333344,122.2005765330585,117.77901659255564,154.293562466226,407.0757509292191
2017-11-09,347.76080763094404,83.35337711019501,52.280572168969854,122.3203543773645,118.06048517408266,155.3934997331508,392.7414903416293
2017-11-10,347.7215720227588,83.42481665913452,52.26187352204275,122.95985507769954,116.84173884620947,156.73290647868726,404.26870650609766
2017-11-13,346.21416621601134,82.33610851348462,52.11704275067204,122.73939456065929,118.10492721807417,155.7484673744761,417.16495778500916
2017-11-14,350.2441276886711,82.08262945972376,51.96243502121118,122.27470498102485,117.769025266498,157.29587456924088,424.4159018435508
2017-11-15,346.0658383833664,81.7499815682083,51.958084212027224,121.90729083468497,117.06170093348074,154.78773632368504,441.1561421442487
2017-11-16,343.9391275702793,81.86421639513993,51.80360969240856,121.55850029061601,113.74858463271961,156.88356869732863,448.20990360739063
2017-11-17,343.8251913130876,80.73106016101305,51.95811244493771,121.52857942405534,113.73254596316289,154.54681510405078,433.1454172976815
2017-11-20,344.58063930446593,80.89595553774298,52.11866115124655,122.36254527142054,114.8939817364234,152.6342326217482,431.30378458471023
2017-11-21,346.13837365733616,80.93459692857799,51.99699553238184,122.61403462848982,113.1230425583119,151.93279645092477,426.10281195244596
2017-11-22,347.61675023785796,80.8675241266854,51.85900032848629,122.18972186969101,110.66188843014442,151.96570615485493,429.638340645735
2017-11-23,350.26162730045496,81.10676467036157,51.71163759414277,122.83169529269975,112.2505049171216,152.45529920880082,422.57770839785275
2017-11-24,346.4562238240588,80.5395994368449,51.594140224293845,122.73103066074503,112.74750848384029,153.3972105900307,450.63024443660623
2017-11-27,349.5108589828809,81.04674095120998,51.5253322140429,121.50911703816838,113.19331023989807,155.1624289625493,456.0137222820649
2017-11-28,349.12315772752316,80.25732944324957,51.48648908587512,121.49736062154155,113.17596298115197,153.4040935729704,449.3716333972248
2017-11-29,348.12742067710946,80.48529287622074,51.24514199636426,121.72898899689429,114.0548189674375,154.38051048756645,449.77443657390256
2017-11-30,348.0514262685679,79.94112876360431,51.615780791937595,122.12768649596988,112.56618852713085,154.08621306836133,450.3512138771324
2017-12-01,349.51369856893837,80.14532773987916,51.89794770544972,121.86852869140986,111.30263956510922,152.29062659746856,447.42899360804233
2017-12-04,349.3020882848218,81.03750456099077,52.67715813481308,121.2438577555183,111.39742307162908,152.13818466672276,452.38030601020813
2017-12-05,348.77192621825924,81.16860876695344,52.41577006520302,122.12936312814394,109.9784995650049,152.29301713059803,454.0648637357606
2017-12-06,349.6794649510819,80.69902882757384,52.67425041296624,122.42267223313219,107.13866174485557,153.19331279966113,455.85510914744555
2017-12-07,349.98060533106525,80.70448623115679,52.94693864302553,123.25003510789274,105.93984726852717,155.7994413751839,448.56823308963345
2017-12-08,346.835548858312,81.34214547091969,53.238493274281964,122.44588493456548,105.7889832155896,154.8816301448258,444.6021368482886
2017-12-11,344.59216450935804,81.51360148209007,53.389561285125886,122.7667889846638,106.25485489790105,157.12705991989424,450.0258660225869
2017-12-12,343.9788404374101,81.07509817091166,53.37192199151436,123.60659177693535,105.11532084351984,157.9869495838024,446.4150164666416
2017-12-13,342.415934192421,81.34886803328091,53.37702522225964,123.28296559436784,101.99552425382996,159.33695806267363,462.2097273886713
2017-12-14,341.52211930727344,81.49087737836965,53.713701648309396,123.02570222543949,100.30443346346192,160.49330675184206,464.0048104924833
2017-12-15,341.4865891213908,81.50503859206323,53.46814375522424,122.75390824713902,99.55762351538847,160.71360154739872,466.5535519506173
2017-12-18,342.0079276646702,81.43597913600628,53.74583892495367,122.08671743788204,99.07929031126528,161.15231435949465,457.20320887451044
2017-12-19,343.95623543243175,81.32905373329903,54.362342910489694,122.4698621027011,100.07383979925424,159.32102966875263,457.241818125121
2017-12-20,343.5117605201802,81.32399518009639,54.575429180366044,123.04854358799126,99.81163289650826,157.17355022380454,459.3684487103453
2017-12-21,343.0104332577051,81.41686571989524,54.631184431866956,122.63674229703184,101.822341900802,158.51003304394465,456.5383954634984
2017-12-22,344.36881985523087,81.77665392360747,55.037095972739266,122.20440003760378,102.55540203130911,158.29258000677575,462.6546686469068
2017-12-25,345.49741636454377,81.55838547292574,55.039929435833784,122.23519881972713,101.58395792196379,159.6692597207336,462.43679065353007
2017-12-26,347.1583337526753,81.22153374908515,55.431317544322894,121.71894410039103,102.0222782086951,159.2018658379386,465.56291836797317
2017-12-27,345.1318721074724,81.42327958172757,55.16165280409929,121.49531590301625,101.74847973233946,160.7085477297471,462.1603606726846
2017-12-28,343.1996238870728,81.42862577534586,55.21003732010997,122.02203946419833,101.18536486389864,163.2106317244382,456.3882156387426
2017-12-29,343.86655258477515,81.56572527311042,55.04722140936917,121.49998830823769,101.62739375143373,163.39903411800523,470.2053283952305
2018-01-01,342.7188233442593,82.59626561772298,55.266487728554424,121.94990836377453,101.47769591774583,162.4843569041967,473.46653876815
2018-01-02,343.96572361655603,82.33185405872761,55.83767749143811,122.18420932729119,100.84974786579667,164.44399152609262,473.2685852974179
2018-01-03,344.314602167794,82.75502302831339,55.56386529015115,122.71460387106211,101.39648647610171,166.33905988545513,474.6235700531414
2018-01-04,346.5464621790469,82.90684367337275,55.83536950708845,121.93515347317883,102.27845726152715,164.89099840180165,470.731879916008
2018-01-05,346.8520484661413,82.69290686216047,55.64746646523088,122.47518948699279,102.57705851914285,162.44446819549233,473.77278348694165
2018-01-08,346.79986619964654,83.28549234665594,55.90208114962346,122.59942803264906,102.31531808013816,162.6402136547351,475.0408999565492
2018-01-09,347.44798204456407,82.35012147789224,55.54250588798908,123.13481777754271,101.1624595044695,163.0359639996668,477.46988376568993
2018-01-10,347.5927534563876,82.33254698067569,55.79529612359566,122.78317606346718,100.87224184660703,164.40160795400567,465.42183162385027
2018-01-11,345.22276341271765,82.05535868405968,55.832147884847295,122.18353495740408,100.51403641366372,163.87252919217298,462.8718628066883
2018-01-12,344.24594819510935,82.6463391120203,56.192641201791915,122.13348595387448,100.56167896882236,165.03598120516327,451.44934740566646
2018-01-15,347.01101285484566,82.11897400734273,56.60714934688092,122.25426262632953,98.58171204544291,167.44653774526202,449.3631021040918
2018-01-16,348.3289952350594,82.0384474150487,56.78942802166801,121.97113237466783,99.16222680464567,170.5084570234477,456.0681400009697
2018-01-17,347.19457670236926,82.67575691549234,57.14091476333513,122.33046228714166,99.81579515042378,172.1682729390258,467.5176952114287
2018-01-18,347.0897744565515,83.7136549351191,56.81679325689507,122.45140734686076,100.97327780284617,170.79619865766344,460.5289439266926
2018-01-19,348.0661239026391,84.00456016483798,56.64253610436286,122.67064922814419,99.78679357002251,170.58482396651831,456.6827570698208
2018-01-22,349.2611770401176,85.35519511162444,56.731733894485636,121.80250888880036,99.11994797794546,170.90305699554324,451.18808318473805
2018-01-23,348.8384009970423,84.93089171334148,56.422307150458195,121.41478719373394,98.21960556413383,169.66498759036875,450.11723309874304
2018-01-24,346.97604060796664,85.55854525752024,56.23183242115976,120.71670173491219,98.33522258612756,171.275129546463,458.38882943586873
2018-01-25,349.0020418930102,86.52445031308717,56.59876838156886,120.4136603916233,98.1606770683987,173.61529829463046,458.29936947577926
2018-01-26,348.83092758702867,87.23034160075983,56.697004318757045,120.33407826653031,98.24525424119858,172.9936528184994,463.3185306897835
2018-01-29,345.2828944144214,89.58658162065663,57.143848070267154,121.2508219166984,98.84752443164905,173.02444927481127,466.6170830510761
2018-01-30,349.80812980279495,90.2604168517702,57.44118951606234,121.31336012346753,98.83155454715396,173.37904671543524,477.81742941389155
2018-01-31,348.8387223760294,90.1992681191338,57.8015493153952,121.06240947690713,99.16804334998626,174.5517638601821,480.42178874621874
2018-02-01,349.94934628444577,89.38846255964192,57.98389651133905,121.42980920673729,99.83167312214302,174.1182617247812,477.2293550493103
2018-02-02,347.66684147621334,89.49045760642473,57.89151374303355,120.1816994948168,100.02759336413294,173.4029530583564,472.1866103244594
2018-02-05,347.290228010833,88.2912607621382,57.73763432587192,119.33674582204178,100.10004263652158,174.3994121432518,469.3494886018241
2018-02-06,347.80134083823106,89.00596363197226,57.62885343323385,120.00887437716563,99.19333476260478,177.45406395708054,470.16676719949515
2018-02-07,348.573906982042,89.1600780097815,57.30406990107769,119.69439136294035,98.92598276232427,178.5077372519522,468.64615428109954
2018-02-08,350.382576992271,89.06806359548915,57.31103166830237,120.25612606453758,99.34859769946621,177.99874298048792,471.24199578433047
2018-02-09,347.55767689591835,89.19224514104809,57.319921118924015,120.80382683888558,100.02511507266844,176.22499417217753,467.2320537547552
2018-02-12,345.10231259030684,89.0292981506784,57.37731909230846,121.35901078572245,99.90634302263865,178.71489340339207,463.8521551735277
2018-02-13,343.6512832460512,88.97618868709071,56.98849604852706,121.18351855129622,99.3092719430306,179.32640926465322,469.9544046506263
2018-02-14,345.53755461951016,88.07975147212774,57.13865697538463,122.46578867028488,99.83161535846749,181.01889666733774,469.76420611509286
2018-02-15,344.20205283034574,88.247906977774,57.069340678411365,122.47665187710979,100.2943019201407,181.42386761500455,465.90236465841065
2018-02-16,342.67192577772744,88.30300047062406,56.86303637267712,121.68085639363876,99.69989443901264,180.79937277963757,464.60779615875333
2018-02-19,343.1923143776389,88.1169917805483,56.392192741086696,123.25242480985122,99.72294619411181,182.49245864294596,463.063420596119
2018-02-20,339.7460339167635,87.16068115583133,56.54279641673839,122.2989073230522,98.69971573549583,182.28794350778392,465.2962675121132
2018-02-21,339.7100108057887,87.78883655597642,57.32763074768557,122.08088086041322,98.9990828887054,180.18608447689223,460.1923178165317
2018-02-22,339.3261068818847,88.14624769418322,57.496936103029206,120.85878255950104,98.54290928906777,180.33753788002178,461.61188524653573
2018-02-23,336.83035387847445,88.02912642918187,57.861077146971176,120.81723601148683,97.75048557476988,179.81946078344112,468.95019152953626
2018-02-26,336.9397707281479,90.0072418984359,57.10806393457736,120.05601439391148,97.64643524333299,179.47697088539852,464.3843573350775
2018-02-27,335.78248485307455,89.6973754609151,57.011577152167604,120.44772984037839,97.78476411774292,180.25467057438877,473.97625833698925
2018-02-28,338.64162486469667,89.46799789563612,56.96682155068231,120.29007033698878,97.44702181166318,179.3156730912906,476.352940047837
2018-03-01,338.0144015201955,90.64243952112217,56.56700024194744,118.93306806094155,96.96109829165059,179.6263052957003,472.3227508874212
2018-03-02,347.57538384084705,90.05547041159444,56.570764962946946,121.46626330576436,97.15998234408175,179.9130720918136,473.22689873306706
2018-03-05,351.99646780246906,90.54012791906746,56.70405240575848,122.72217807790445,97.08762376651401,181.59394089319133,476.99307136715197
2018-03-06,346.60054933575736,92.06322344732287,56.99195480277754,123.72048791444205,96.6826318427667,183.90144222881386,481.0817111063982
2018-03-07,343.7974671704322,90.59075004635216,57.05793991110735,123.8966151449348,96.82651387129062,181.79606534428638,488.8041529792702
2018-03-08,345.6390328353634,91.40850185472468,57.02549969224384,124.58970925815082,95.93593692656485,181.14205494987462,485.76204766187766
2018-03-09,347.6859749157846,91.12516698552693,57.173843597872796,124.1288280237029,95.38881964480866,180.9277904148139,489.8806837763022
2018-03-12,347.1045958151797,91.47217970133775,57.21138358559401,124.70463200245099,95.3244612496637,181.607004465807,487.5719885430481
2018-03-13,341.4077687745326,91.68652847676121,56.61188064725407,125.45841528613984,95.20019622714862,181.6965692237784,489.18397176336254
2018-03-14,340.9399900161131,90.75974910832615,55.09119144412957,126.46762551784875,94.48007452360943,180.37288761593885,490.23481595717107
2018-03-15,341.0790347956594,90.81516632751615,55.62876897831982,125.97571508120807,94.65982478430551,180.60544792350615,483.64507113684675
2018-03-16,342.2099498113448,90.4463361694543,55.48781063614236,125.95745959398025,94.21835295478603,179.34157256207354,481.2728099038652
2018-03-19,340.2889893317147,89.90305176490988,55.82098934341799,125.86255181446765,94.52228458431175,180.01940577230368,482.40822144180464
2018-03-20,336.66796833980794,89.59735802809206,56.02849718360787,129.46488917034867,94.2606072521774,179.23616234151194,480.64777366656006
2018-03-21,336.38327542676933,89.37846800266344,55.96307452429414,131.07730433746002,94.11688445664684,179.84489248102662,474.7860083020241
2018-03-22,335.2741495249472,89.47774971427621,56.81374479757132,129.55147566155594,95.13063432938597,180.20052796873608,475.4033102096171
2018-03-23,333.28283516044456,89.33827025165577,57.017552977924424,129.2995763348986,94.50458254503398,179.30652656579616,473.33882713364017
2018-03-26,333.25268108759565,90.22118572132257,57.3654634740769,130.82590254209887,94.22453321214097,180.2765181257928,476.0678036771368
2018-03-27,333.10873443937396,89.29400007317473,57.4727455255443,131.4422586031171,94.35337957385511,180.99878651747383,478.31428669784657
2018-03-28,335.53203465002116,89.0973311353106,57.2961239877118,130.65125000737305,93.1654308964826,178.20899915499925,475.83002722857543
2018-03-29,337.903908801134,90.43879845954862,57.155189868923785,131.31440077972383,93.44069202418214,179.12803924318973,470.9779962306744
2018-03-30,337.5446302732709,90.04760476148815,56.36124006796158,129.9714857478994,93.1049938630364,178.17621093154884,474.35055120723837
2018-04-02,335.61777203742,89.79471789463722,57.13640840482235,127.02547671738579,93.3245653994523,177.70435314041586,482.7249257178241
2018-04-03,333.0246350532822,90.27272767316347,56.946922873735325,127.76881619563603,93.02957335836555,178.32252009144193,481.9590159861164
2018-04-04,334.6589093130852,90.57383267091119,56.089789794980156,129.06747812887272,93.02343386906428,178.21594014745932,480.4080790774948
2018-04-05,332.34321209606844,90.39298784757503,56.212887739969126,125.91576794983162,93.76632971448736,179.68690703380193,475.336203641443
2018-04-06,332.28538089850286,90.92436762862862,56.707050530977185,125.02414249787428,95.06180373501206,179.70041821962488,464.0029395145543
2018-04-09,330.5160213198721,88.92523484331397,56.341969817702974,121.99244224486559,94.84045411548858,180.42920541178486,477.76566419994055
2018-04-10,328.74229642201453,90.44181507413384,56.14043040917571,119.97737721059201,95.29848067469814,179.94006625836766,484.2524528645315
2018-04-11,324.18648551473626,91.81868992835294,56.22745139463547,119.09943327228471,95.30758416640202,179.54194572165736,487.3075463741436
2018-04-12,326.5864752280369,91.12124679266074,56.32385168252467,110.30480394540254,94.78063145294085,178.36499133139105,483.75888706567696
2018-04-13,327.502705153489,89.85204221641453,55.982065510128336,117.18481903147536,95.47736480507153,177.4122249174035,476.2098339625569
2018-04-16,329.06312220315436,90.39237042253043,55.85761796341409,120.1799710344854,95.58305857624647,176.43817509478086,477.78573326765564
2018-04-17,333.9750843479418,89.54147261791695,55.9429038593543,117.99541990153749,95.72956532359667,176.30877762872322,473.5753314330201
2018-04-18,332.0982324324551,90.3944382246539,55.84745963243412,119.69676376523915,95.98294826875073,175.96104804020382,472.1086781092541
2018-04-19,335.380098562683,90.93458412493635,55.89143395108397,118.45309175298694,96.36525765505995,174.07630740471475,467.56693921258415
2018-04-20,331.6452056833606,89.82213370995267,55.6030946117719,115.41668453689616,96.56661831249367,173.97923507734313,465.819677127405
2018-04-23,332.33519939475497,89.11561425470185,55.57966672950413,113.4149275658502,97.22340639972913,173.64646600698083,459.5941864657773
2018-04-24,330.75060421929817,88.32819893875973,55.32579425512686,113.86384112548606,96.99776447316394,174.19232400923653,451.0649316026667
2018-04-25,328.15114217474576,88.86774966726497,55.207286919140756,117.36131863729885,97.24256709408209,176.48346303994458,454.8811402993608
2018-04-26,328.72947118043425,89.49724386575481,55.44843976743136,111.16786777057096,97.0990929288029,177.08323914962867,462.5414585310293
2018-04-27,327.94469500471894,88.45515498066038,55.36094050081218,106.14450164599755,97.32236038687914,179.32976742188106,451.85002206895746
2018-04-30,327.06554408824076,87.99094411757248,55.34243911565762,99.96193949821978,98.18710349487002,180.49695569756383,455.5900173958277
2018-05-01,326.9695077994505,89.15189086498718,55.30022284326329,99.63308475648587,97.50684495344606,180.77987099507837,448.93146482929706
2018-05-02,329.3955068415881,89.16668375795837,55.47558846263426,95.54415473266477,97.35824743674961,182.08915842185206,461.1267842300658
2018-05-03,332.77921327026894,88.68689959293694,55.518986982696724,95.29162541049489,96.88359052047807,185.07450594204894,444.38231519366695
2018-05-04,332.01998012531425,89.0911887673208,55.76544159464675,99.10867149966236,96.48028465481364,186.7200574599464,452.86814961174827
2018-05-07,332.9030016560755,88.39912114614246,56.455829037000406,98.86244481425744,97.15873536962908,187.2731117168395,439.7409871129715
2018-05-08,331.7007367729143,88.38019605321654,56.2943832386014,96.92566622650997,96.02407917246772,191.42129176254429,439.69184063516286
2018-05-09,330.6256102538505,88.0726978493394,56.01087406521756,94.64793316661026,95.84382788738722,190.84918211870115,421.5340733275583
2018-05-10,332.66519369428744,87.18171146405517,55.6298566705008,99.19855770323231,95.6920262972014,192.63607375362417,414.25342937952104
2018-05-11,337.5824981053952,87.00749519227162,55.69705094503798,99.18964324177244,96.38618012619162,192.46966104764877,418.63022929707637
2018-05-14,334.3522958098141,87.28968880548422,56.25675794105867,101.72981019763127,95.88525293335682,191.6919266958147,415.47025250461417
2018-05-15,332.2889178575681,87.76112786624626,55.83047959059718,101.9053195768563,95.81195056169933,193.16404369531764,406.5861178564959
2018-05-16,337.4935680513894,87.24565896071604,55.8790316503085,101.11132101133758,95.59253453006792,192.25172452348826,411.72425291472314
2018-05-17,338.13133665255833,89.72882099193693,55.06065218850356,101.69367860847625,95.53488500873398,191.75355501650913,405.6676145938558
2018-05-18,338.4906610425297,89.3685642110463,54.392813668393636,101.1850963912316,94.93731541224206,193.84979491308616,400.80665384131765
2018-05-21,336.9705931588529,89.85545746149405,54.47475042135054,97.62094176162009,94.60670676550235,193.12854615402222,394.72586949135405
2018-05-22,337.93102889627835,88.39797039451483,54.765707200527764,98.69347172192717,94.1643073802314,191.04435440229872,398.03109200956703
2018-05-23,337.9964117220966,88.2864957440258,55.30588801155846,102.21251446058129,94.76043360239669,190.60105764663135,397.45034843386946
2018-05-24,339.30072113672634,88.31901252661712,56.07004207975016,101.92186189103559,95.15121409159211,191.15818278679862,395.09244256728357
2018-05-25,337.9306553541238,87.96451898807814,57.13005585293444,101.44494414448967,95.01165862310971,191.94561532633955,388.9426136947807
2018-05-28,341.45007045483055,87.64979578295718,57.096508710208006,102.16201380218389,94.9376123130234,193.6746253387445,389.5774609485892
2018-05-29,342.77720831814247,87.34627892953684,57.51593156396796,102.51863617116703,94.26148055678999,196.422664888988,393.18166451290386
2018-05-30,345.2756413743218,87.12559388603272,57.53481005912371,102.59758435962935,95.20203887395442,196.887023756008,395.8771929562662
2018-05-31,348.25722971078227,88.39322252683762,55.786164455041124,97.12868619708831,95.18972800814129,196.74615001051401,388.7451726473057
2018-06-01,345.5322053025268,87.98477965064322,55.45396745748971,98.16731931614616,95.23409341560838,197.32059360064585,397.2645612564142
2018-06-04,345.67194896337054,88.2329916406265,55.12859698424591,100.33028635276264,94.96466781683642,196.68203842608324,396.5202277975625
2018-06-05,346.44155915519895,87.92114381826484,55.36331023424146,99.55775135271836,95.77227193661709,197.8501734211405,395.7878484781596
2018-06-06,346.4877409543851,87.50540871889275,54.51370357510067,97.1366036357705,94.71058588891206,197.0930341708372,393.9717076971285
2018-06-07,346.50592261675934,86.67789335039625,53.8469372553749,95.20352512050883,96.25489972983884,196.9836689172008,397.16441530082676
2018-06-08,347.94944446450484,86.54284423213963,53.91181905822735,94.81954338511602,96.39638674437793,196.16342781180745,401.39686018603265
2018-06-11,349.193427548715,86.81217675479417,55.36591094316407,93.83609609499408,95.51439411422606,196.76548028282477,406.8389667423998
2018-06-12,348.1696653165816,87.45839470063812,54.90260113140803,94.73519375685937,94.80132107509532,196.51094188303284,403.9489325293081
2018-06-13,347.1904513263315,87.9655843543687,55.03090584222807,93.89945727908953,94.49896226713238,196.69197853324786,403.46969441477495
2018-06-14,346.4825323675633,88.05120558434974,55.236280203852566,91.73336442355365,94.71157995802933,195.41251204344155,394.62881962318136
2018-06-15,342.36886226401475,88.30627755271989,55.047601939967876,91.65997763052755,94.63998706586622,196.07935456229046,403.7816523216988
2018-06-18,342.8757281346748,88.18352018574367,55.25849313515173,93.5327413676139,94.9580940990397,196.50660033489098,413.28998857838855
2018-06-19,343.90871364046995,88.12945190254543,55.141491717947076,95.00036636044891,95.11776937861096,197.07463554418902,417.692008037758
2018-06-20,342.8486013741298,88.06016846315592,55.581078613186726,93.62557823666057,95.21630642329256,194.62746284433956,424.9802444145661
2018-06-21,340.69508198571447,88.19667638766808,55.42179040702135,95.88855469201076,93.75933723569233,195.438837618459,424.3647836309012
2018-06-22,340.91440401371216,87.97049647809831,55.279384373468616,94.67606490901706,94.28481311994817,195.85594225413146,431.94566364471086
2018-06-25,341.3149847590981,88.04309271039773,55.46240310148253,94.02452047184563,97.89269631958297,196.74837410719462,425.06466661624853
2018-06-26,343.2389909327937,88.29375678973176,55.81023826225177,95.7855446517582,97.49697072604954,197.99885819954898,422.59935439946116
2018-06-27,344.4725937233985,87.96319925028938,55.96638036681977,94.64819983210988,96.51408308415299,196.76772340146098,427.55937681697134
2018-06-28,344.33407990718166,87.86365197224514,55.79857200089298,93.9422972309486,96.7297159323973,196.85112517953274,428.41836537898104
2018-06-29,345.3849858815295,87.76197898273377,55.976423111307014,95.2360903508754,96.17404651465571,197.9944309265576,432.4046405890538
2018-07-02,345.68325768034236,87.80285978466398,55.61916949214937,96.12885870776822,95.92665582923327,201.3947259087271,426.7703795841488
2018-07-03,345.79686797176527,87.73467237552961,55.055828491471104,97.8123892349525,95.73965063067605,198.52431542304555,427.931225175209
2018-07-04,344.07290641786557,87.78842217709666,55.32969535921203,99.86377066846687,92.63515837744912,200.40710078654126,423.8918195183445
2018-07-05,345.90561393247407,87.95262144192378,54.72818477895771,98.86494130168005,92.95066753065083,204.61624989526817,428.7113661677922
2018-07-06,347.74466929078653,87.16101687810234,54.70830148485331,97.52016732655537,94.9505068506766,204.13275176153914,429.6758592921027
2018-07-09,349.16703355583684,87.23364675496894,54.758830692550234,96.29456570932574,93.75664075441557,203.61156913300607,443.2667265184116
2018-07-10,352.5429391057747,88.72194666139659,54.48210088471485,95.63592861059713,93.6518814044825,204.27215529289748,443.9496931978394
2018-07-11,352.0969854639613,89.08864038813329,54.329186119731,94.23990838785893,92.83223245911596,202.63339822357574,453.36508114406445
2018-07-12,352.5446775994564,89.52194375582911,53.94591334729801,93.29628293382945,89.99935415602837,204.3805263549364,452.10853498246547
2018-07-13,352.13491850461327,89.12869063398497,53.71661669544746,94.08395022286925,91.85381036829438,206.63681737937173,455.0591147848741
2018-07-16,351.57757394683375,89.28321462057609,53.56928237267274,94.57648907387583,92.83399545841016,207.71374279861743,455.5478065850309
2018-07-17,353.5201934539199,89.22918351581782,53.25192929389293,93.25553374920257,93.74987293370141,213.8939854383555,453.0554068641395
2018-07-18,353.1231671590819,89.55211673559481,53.07158843042194,92.59680883700979,93.31936166983573,213.93124555698094,451.38129062954863
2018-07-19,354.9435142250697,89.72768860215963,52.934703903873675,91.65626612676797,91.24202812048648,214.4122677182527,448.09924225110035
2018-07-20,355.4279228703233,90.40399368697685,52.80555490184734,90.85180131492291,90.34864269988618,214.1723499840467,446.3904271669806
2018-07-23,354.321072058575,90.68367163983955,52.916906289262215,91.0811634424862,91.6486202716324,218.17531900636305,448.9704612351039
2018-07-24,352.95808146317734,90.18179978357561,52.92265813848344,91.87129844161659,91.281478759244,214.09302030075426,452.55641493026474
2018-07-25,355.43470453310084,90.00844332606708,53.167503091073335,92.74321660602563,89.93225506416833,214.69099012186754,447.6498091254409
2018-07-26,356.8140395861247,88.82924514747461,53.50669033871054,91.79651620424882,90.55782776284457,215.8935690206769,450.225370135974
2018-07-27,356.8161116175886,86.29875915223815,53.721190710038925,91.25196476934504,86.33966517019695,216.8630338255322,444.3532319034377
2018-07-30,353.99114743276675,85.28304502960333,53.57439714177484,90.45921493509717,87.30112484817478,220.54794101447402,444.5087637872398
2018-07-31,354.03249815408844,84.48780037794955,53.803384697093826,90.44346263426019,87.60039350463465,224.69693291613117,440.3797766877537
2018-08-01,354.90436515532673,84.69676050496791,53.0908158993227,89.8301006928968,87.33492641105695,225.84481724271166,441.9039419824877
2018-08-02,355.132515011165,87.86141458850476,53.47112138053595,89.32661336370204,88.36803405344585,227.8950133010544,437.8138431718272
2018-08-03,354.77908326548703,89.59766458560964,53.48855465200944,89.90317839216677,89.70251864070474,229.87129057174997,433.4685775755803
2018-08-06,352.9514577123191,88.23261894282135,53.64428306759554,89.40419046056869,90.10956969941178,229.69870728882427,435.7221108391312
2018-08-07,353.6081998420773,89.20267979486245,54.46183910823639,89.66868781942803,91.06357639973808,230.81370269083322,433.8923914052998
2018-08-08,353.7764676887753,88.25342822862036,54.5007218587662,90.71669425207412,90.16329533754653,229.23265566672166,430.16515984323496
2018-08-09,352.51378822450755,88.70788033393121,54.54415872551912,91.37447575234299,90.59004732100338,228.40152700156207,430.186433391199
2018-08-10,351.53623887108466,89.13339451623456,54.09796629963372,91.69210128109843,89.10254309120168,230.46265335234682,430.480179355997
2018-08-13,351.79793041670246,87.74649520444395,54.092683987703595,92.16944598578354,87.41544785354131,229.69654130877197,428.52881994967566
2018-08-14,352.3171227183734,88.13530312641595,53.95072785603094,91.87424916783635,87.11709089455925,232.83616143749592,428.85023934589873
2018-08-15,352.1529544281118,87.56487062287383,54.13215143857729,92.16929758273497,86.82293618775064,230.79840173820682,429.5038347564615
2018-08-16,348.36303169564803,85.1692554303486,54.053228651763945,92.33712983758682,86.92111118667023,232.16522149352883,435.07081714989783
2018-08-17,350.1889318136933,86.20524075491568,53.77038635982808,92.41637401286951,86.76938560568365,230.4900794589166,437.03088717776285
2018-08-20,350.15947068499884,87.68343269810121,53.78084672137423,92.92826650945032,87.12372504065132,229.7577111794328,440.4121566543611
2018-08-21,351.266136823153,85.8778516204981,54.29531055407343,92.91351790902925,88.58027950617407,229.08330875101072,437.43052291895367
2018-08-22,348.1738225534385,85.24800520243731,54.67446206805459,93.26350889300765,89.31346662468397,230.00186357841616,436.9855412896426
2018-08-23,347.0151930191256,84.89727871205241,54.33033300464833,93.33614998075541,89.39401655236476,228.77534221768062,432.6832630835435
2018-08-24,348.04553994561434,84.16940021929616,54.9039014846924,93.35474120263943,89.43839825781863,231.7658173506326,431.43579218832144
2018-08-27,345.95898861034937,82.79137974049921,55.459910910534134,92.7379296819941,91.91722135471964,229.25858885376175,435.2967196217801
2018-08-28,337.9209295360451,81.88839694809899,55.97872858010655,93.64226566771721,91.90350687369046,229.13136600993232,435.9969508522279
2018-08-29,341.0690141380109,81.71914884414191,56.58459106448507,94.48260275997804,91.24919158993443,233.07814357297903,433.77054023167096
2018-08-30,342.3629153084522,81.8892238101683,56.65261422165089,94.80796146280717,92.66186498077766,231.45965345023393,431.0032080865297
2018-08-31,338.1892968773433,81.90524703977721,56.64487482119789,94.34752007418119,92.44335231489639,231.91473728824883,430.74102124566906
2018-09-03,339.25495176816287,82.03979117358439,55.80411143670886,95.01373969619286,92.4382909147743,232.0628160341673,433.83825399002944
2018-09-04,337.4513389174986,82.82347558514796,56.123034067879516,94.96246178003885,92.85835963367387,230.74849870205685,433.344895884704
2018-09-05,335.7412212401386,83.05910876983445,56.19852618763929,94.3050980844422,92.1216487029924,230.9525835626504,433.89155459491644
2018-09-06,337.1075377653937,82.46030898079796,56.52259689083743,95.10836072887376,92.10341210197753,230.4862839055178,430.6450392429928
2018-09-07,338.93208529899897,83.10775117756367,56.845215107368695,95.45035305557963,91.92063036571413,231.15016674734335,429.512194222864
2018-09-10,338.43234103129936,82.4928032319855,56.79900875257907,96.0353695777356,91.89965527279709,230.73188841128194,429.5793777194631
2018-09-11,342.76859607479105,83.73760488407535,56.545022227198295,95.52833178013452,92.53135851623726,229.97617706358082,426.80703169206396
2018-09-12,346.08269556702555,84.53249958431417,56.419156473858536,95.97042601338151,93.75942224585508,226.39210814210398,426.8308018169923
2018-09-13,346.45548890149706,85.11359875193658,56.21393238922757,95.79533484265252,93.62583362469043,226.48020392191268,428.38738627541414
2018-09-14,349.0651489973186,83.82160145980004,56.74113800786153,95.48720475214091,94.186501150763,227.62946800140864,424.8225765307265
2018-09-17,346.9945718626519,82.4304227231339,56.35126276052251,95.53513823630863,94.38993754386574,227.4810398307465,425.6114102783841
2018-09-18,347.87420849496016,81.62308165568554,54.429632293170236,95.60763094693662,93.90904869515933,226.82350606035456,428.30883253502526
2018-09-19,350.46203948269266,80.72077806626378,54.9906668470481,95.42801520728622,94.23961440689834,226.3481186150873,428.02829703560013
2018-09-20,347.64399691779363,81.76724117484964,55.876918657689004,96.08970520819551,94.4465748196961,224.19122984486359,433.57414188239085
2018-09-21,347.35166036770704,84.000621054566,54.76129775059135,96.6684210867453,95.16140781410365,223.47257372772077,433.71440399451967
2018-09-24,349.74320852336865,84.39658479825778,54.650751348891546,96.07805280287774,94.94597657180383,223.99568890183056,433.7406341393307
2018-09-25,353.3099316313463,88.91080071875176,55.964918729554455,95.47462811694159,95.34155780780145,223.71846643007976,436.8206060388856
2018-09-26,354.7331359318333,90.27591233722828,55.46494614951076,95.31104581400092,94.97863513177357,224.54354145668222,435.6462903698473
2018-09-27,356.86604234742515,89.0176481113965,55.10945813554901,95.80510615125715,94.90990724068263,221.40842217987117,437.89944213707264
2018-09-28,363.3624300156917,93.0372651119498,55.17327331394531,95.41313273663562,95.00367135054341,220.65248226346736,438.7314410228754
2018-10-01,364.37046734451496,94.76515241183488,54.79426314407394,94.21984993571566,95.22933400200668,220.83450552724432,441.0148580575134
2018-10-02,364.20506828712126,93.99702396493758,55.379351872527145,92.00327074194104,95.57353194845511,219.0493833525166,445.1520159318272
2018-10-03,364.3976082843877,96.18616959506143,55.435992928783165,92.46922277209323,95.61600174113126,217.12537017760846,449.47696801226095
2018-10-04,363.28910791181664,97.73057314900082,54.73743393338243,92.50621237010184,94.9283006268766,216.26628313747668,452.22006276459365
2018-10-05,363.11487133448065,102.20397710906703,55.876493253609226,92.34390530135236,95.08091505320087,214.2936422687333,451.4407792705428
2018-10-08,364.04816576403726,103.26820689755495,56.51612221297939,92.59637222915119,95.03007534142642,214.97633842740433,452.8353287060425
2018-10-09,364.68736278353094,105.19346341313813,56.19148842967219,92.18850293081817,95.36503383041554,214.29530393973985,451.03262952515684
2018-10-10,366.1817782442172,104.882385682553,56.06746853274285,93.68517900577909,95.3793622758269,212.84575938143814,447.4290377701788
2018-10-11,366.23838103076935,105.78647961881005,55.402048206802725,94.5300772180421,95.21423053976355,212.12893107188432,446.1390392940665
2018-10-12,364.5911245695469,104.09196518898437,57.13789947019695,95.12310009620062,95.02399313288163,211.9614776563531,444.2257782040406
2018-10-15,367.1106533170227,104.25028411192461,57.31305919005787,95.03952726057025,95.24107284586096,211.18048490219482,444.5714582497561
2018-10-16,365.65612429134063,103.33923285580019,57.41714991787419,94.69356321319319,96.94453615507472,210.1704875063147,442.5474393089386
2018-10-17,365.35219533486367,102.21294070625028,56.71262451305182,93.88151623548647,97.43530486059235,209.65652116502702,447.74198172607794
2018-10-18,366.16726032284726,103.4289365190103,57.08535074363552,93.74048751418536,97.8079279008199,208.74353641472064,446.3614504652067
2018-10-19,364.57912752697155,104.61121229512628,56.37982588540265,94.01021653940306,97.4618132625309,211.23869860864173,448.10262968398007
2018-10-22,364.8861101392652,106.93833944410359,55.818422667154564,93.95526007902795,98.78394261747654,212.36759696825493,447.3920289032968
2018-10-23,364.93409848217567,107.60715099424633,56.13947675314755,93.68119285968622,98.1451987550109,214.72202829629842,445.0743994994126
2018-10-24,365.4579213990671,106.06223020381987,56.184526341233976,93.72096653615166,97.564454591923,217.11294857928854,445.9746878147624
2018-10-25,367.04022169514127,106.33723676937252,56.15793608787828,93.02216465380427,97.81237056685569,217.91780001841474,446.671320682104
2018-10-26,366.0185641216754,106.05438860284927,56.34539084660396,92.66563163128964,97.11193698954744,217.04701854291238,442.6279402204788
2018-10-29,364.9854310921235,106.38298627518945,56.865900260588255,92.42587075636955,95.98424664045609,218.09496280008258,444.10219550166465
2018-10-30,360.2864401586514,108.45532678652029,56.6860846259232,92.02634684998476,96.88115914187071,218.78040514473514,446.2007024183703
2018-10-31,358.73107485539657,110.28124738377339,57.04279388087757,92.34914116324451,95.37530892781676,217.7191424136462,440.2389954336252
2018-11-01,356.7631415712393,110.9258820111581,56.7070901118835,93.0412596490984,95.37268216282837,215.69888099112177,438.3363357790581
2018-11-02,357.46669058400096,109.98405515040606,56.67129491200989,92.64635856342205,94.85971846568656,216.66046985408363,435.24823799337315
2018-11-05,355.07670534347335,115.02688932305814,57.47476839640947,93.06868145064325,94.39224197300078,216.3674769806368,438.67785996561275
2018-11-06,351.7711822526282,116.83170452294091,56.5845549585792,92.53562953376728,94.85539074346393,216.63321347135812,438.0021699540848
2018-11-07,350.4999842434043,117.0218596835179,57.52024929268828,92.77831067166838,94.80099708409173,217.59333032555847,440.10971715106353
2018-11-08,348.5647354028819,117.7619575859825,57.08130087003504,93.36692509687497,92.06501796065798,218.9460381965308,441.004562813153
2018-11-09,347.7315952913102,114.80661248526957,56.94210154315429,94.10509511088229,92.10864730834808,219.67440692664826,443.9803007276276
2018-11-12,348.07909472435784,114.29602019517564,56.672429467414354,93.92148946931368,92.13454577284263,218.31223390924603,443.86871944872087
2018-11-13,348.6088011026748,113.84910660816942,56.94181339667824,94.00719923718684,91.80236603745635,215.90865148340575,442.4697974608875
2018-11-14,348.63378431711067,115.19992198190282,57.26822308243644,94.06760017738121,91.85118083838329,215.53987886448152,444.32908831377495
2018-11-15,349.4005287742917,117.0687325025202,57.130673522206386,93.70330427811297,90.77893301365748,214.16198441020327,445.50679901137914
2018-11-16,353.55043514824183,115.10782390567552,57.04931823554151,94.08827591233194,90.8351639060801,214.80251177035885,446.6233455269598
2018-11-19,353.00437132658436,114.8579522486304,57.067460971311434,93.47795117921369,91.48716048936967,216.79266493170448,445.6842689961692
2018-11-20,353.2658508297418,113.17363025230118,56.927658286301934,92.52381832598992,90.44628900139288,217.26666262281677,446.9206808910942
2018-11-21,351.552163139078,113.89994537142498,58.273997113540915,92.62058787236023,91.06787951917697,215.57561327981762,442.59391973901836
2018-11-22,348.3067002894278,113.46422217604895,58.24614765997412,92.80178214194144,91.53259485179959,216.92950902681022,446.80939050221025
2018-11-23,348.1361685138539,113.4434969973593,59.37992741845899,92.52651383524818,91.98343652873734,215.04516611833336,449.4095168864787
2018-11-26,347.38780091181854,112.57962357465057,60.02028298682658,92.89802804464911,90.76502478947441,214.19683323605307,453.1331977956571
2018-11-27,346.56161885099834,112.84801306216521,60.50679350617001,93.01822666729095,91.14933087282571,211.19461649973792,454.0614687560884
2018-11-28,346.02088743799237,113.28155090783758,60.13815557911655,93.78307775291088,91.2050587016144,211.8476131866789,459.6088335901911
2018-11-29,345.6824289180606,114.2268213353078,60.25848438579692,93.23946091453297,91.40340489207651,211.6320026045121,460.2133719918756
2018-11-30,343.7857010466223,116.4517894617603,60.325522191830466,92.78986406060953,91.50965273282294,212.1451754113829,458.01069682934724
2018-12-03,345.57567331843717,114.9147907796372,60.37296255091195,93.35213430490886,90.87782519531628,211.04220889256885,459.4762253112162
2018-12-04,345.4395328419375,116.79885991767324,59.78719892372316,94.07462805305379,90.48446671926519,209.1717985214113,458.3062802988673
2018-12-05,347.3521536304673,116.91954755945233,59.44066435864519,94.15983781112683,90.2756316318418,205.03344070307807,461.7632316318521
2018-12-06,345.00627350429846,116.49416210635414,59.57819148373953,94.01453163933739,90.2349315478892,204.0480584079412,464.8749100156357
2018-12-07,344.240827501465,115.32128869259444,57.90102165578879,93.94129305845195,88.65312493106245,206.37690651741738,466.9460430151852
2018-12-10,342.8641507379294,114.42061820824695,57.76733409560669,93.73206144924931,88.51122539315169,209.1109526932663,466.2404998047889
2018-12-11,341.9863725015032,113.1131797364522,58.075224520025714,93.67364476569023,88.3099802274246,214.3703386593929,463.5367467457019
2018-12-12,341.60496774994533,110.52606078359621,59.18045179237277,96.01460249643617,87.61502359347821,215.72341877273922,463.49578291841345
2018-12-13,340.6234396203253,112.12728679684764,59.597330846041665,96.72804494312122,88.04759733975123,217.52996044329709,461.2739694521048
2018-12-14,341.6577428691894,112.21538762099486,59.21402430788537,96.91405135845082,88.35599783727035,217.83873859504038,461.9760908401636
2018-12-17,341.42813956553204,112.2389754800608,59.55837415973776,97.42056043018479,90.00210985382343,217.5183748752184,462.40824369225345
2018-12-18,340.9467468742597,111.87098444731622,59.41236142955798,96.87830855022318,89.38400681961998,215.37892271631208,459.38766347675516
2018-12-19,338.82011293671536,111.4555712986868,60.12629017890875,96.74625328302139,89.49244102819017,215.95905110993144,458.73176697232907
2018-12-20,337.52751345746026,110.10133245202313,60.273781345238,97.27278074877083,90.06810866824165,215.69120431153266,454.79127192055176
2018-12-21,337.91074950649926,110.46901059249824,60.68908894507463,97.43559737475285,90.52540484156953,216.87754250752474,451.1916380490283
2018-12-24,338.2649345854748,111.56472629659118,61.44329435749028,97.76028457822478,90.57363372697576,223.3565797808214,445.7123580200488
2018-12-25,338.7394385654611,110.82441571876177,61.128488268301616,97.5611137156525,91.88880990818694,224.06708194988582,442.86141162704797
2018-12-26,339.4072963626535,111.46474007893102,60.95214168062455,97.47012773786147,92.1102162476091,225.02062808703576,439.85024758909964
2018-12-27,339.78357687636566,110.84497250438565,60.50697398529307,98.15317680192706,92.13657504801739,221.72570608877143,436.8245055422257
2018-12-28,341.1260939199857,110.54633532913071,60.34815695229457,97.61616055768751,94.94624925655899,219.85337023089298,436.0200295636196
2018-12-31,343.45047842860595,111.04081224468473,59.164245925791775,96.58982965140302,95.19699737440031,217.09200567973275,437.0775448124581
2019-01-01,344.2998577250328,111.37609373638809,59.22062620747292,96.88187589806714,94.89766461839551,208.94531344830068,441.7990873012723
2019-01-02,344.42846636363316,111.5261147423919,59.66661321469027,96.40150413850965,94.42166448157548,216.7876631572982,441.4126891549016
2019-01-03,344.91495517413193,111.42671636450677,58.90329464718537,95.73045282745406,94.06339259548987,216.88700387115867,447.7861840980747
2019-01-04,344.4527816021871,114.05358964494042,58.661429058081694,95.35978785077306,94.24669397422426,218.4832694780361,447.54850553077233
2019-01-07,344.04586616922575,114.67691174626971,59.338651302100565,95.68555844777973,94.5409887114647,217.90342877258036,446.4069362231006
2019-01-08,344.37195419638203,114.3130304955025,59.111746823459335,95.49635304626788,94.08145839862016,218.335677091103,448.2103718405694
2019-01-09,345.3674006754586,115.70453596152214,59.03528899397423,95.09053998650296,93.94314226787317,219.4557764291671,444.4699634972054
2019-01-10,346.88233001020313,116.0151404032035,59.666427055417635,95.37114804635438,93.5681911951573,220.6919701622631,443.06711044577764
2019-01-11,347.3342423763954,114.31260966668694,58.996707909983975,95.22396111684657,94.12932151650006,222.1341345733232,445.235649032925
2019-01-14,345.36109195431084,117.18467677161398,59.44853664395468,94.87971756415867,94.37830217825746,225.06435127579766,442.41473639588065
2019-01-15,344.80291144218586,115.78864216055469,59.44441464012552,94.19336098704633,94.69543875939212,223.11148174594257,445.4228510726271
2019-01-16,342.244024292289,116.28526523180243,58.91676457577262,95.06874914968544,94.45925798543276,221.44591274754208,442.9464687045192
2019-01-17,340.9752542813656,117.67910586123925,57.92155184109228,94.41762146792114,93.72915663429912,220.54715882725483,439.65278426698364
2019-01-18,341.4054816924623,117.3164848252455,58.04059833262231,95.07879956772294,93.52224353629711,218.98275489827193,441.1087986292839
2019-01-21,341.1929711037372,118.67137282574184,57.9210053774966,95.08159328756608,93.93113882444649,219.58826904673637,443.0446968630523
2019-01-22,341.6352856419598,118.72484590742181,57.15102100423036,95.9276794649191,94.03302991875204,221.74215821731894,442.1312362134496
2019-01-23,340.6117657693378,118.59247503379852,56.10665144752519,95.62712472862505,93.58560410174479,223.7787461401774,444.09159109856523
2019-01-24,338.1503582858024,118.24930275491151,55.644760507641145,94.66916787424528,92.840413071895,222.65011659447188,445.57090500597945
2019-01-25,337.1476911265996,117.47159161721518,55.98815896598504,94.84069293402075,92.45864421764765,223.34250526497297,443.4733282054863
2019-01-28,337.7333040115599,117.23825126243293,56.210556850504744,95.96476144906148,93.3337650322631,223.51970376506068,441.3037874945123
2019-01-29,338.2165844364963,117.3380170556679,55.61191435462783,96.51364089522137,93.02091467878941,220.83319905567345,443.16697458027704
2019-01-30,334.17129045880193,117.14194569615373,55.31075252321538,96.97527331148363,93.9988240853331,219.787145259057,441.28039044448104
2019-01-31,333.80863128165305,115.93979305761843,55.88134495196073,97.4931069067412,93.65783884516412,221.9211114382993,442.15346945655824
2019-02-01,333.7338814582412,115.87041327197635,56.16719898892376,96.42184948569623,94.33969892664724,220.05741099406927,446.38238717289164
2019-02-04,335.59149277681496,115.57248456982009,56.28027087060461,96.5494964999463,94.47291445316105,222.37252770578922,446.3319119018021
2019-02-05,337.02597050621733,114.55526497899706,56.03622644499014,96.33873470724676,94.20428281461608,223.1879944557429,443.7771009679397
2019-02-06,336.84093267690764,115.48859794008652,56.09992879470703,96.76628034380525,94.12211666413587,224.19312842463916,441.9620224236877
2019-02-07,334.58306108272296,113.66989435123223,56.31881693957579,96.98020085257077,94.2203978563042,225.69085113300812,442.0449151079327
2019-02-08,333.86516630309524,112.97535460867425,55.61187470056854,98.85875425724429,94.48129322427747,227.31714847087065,444.31423722380737
2019-02-11,334.10755641976806,112.58760611385162,56.38655403347421,98.72900796565986,93.78398673484133,228.0947531246207,441.3778265598927
2019-02-12,331.77958953399207,113.85238052200059,57.150405690262644,98.48735143232437,93.580472950463,228.62758911187842,441.10908198208233
2019-02-13,332.13684704369183,112.80265823178912,57.74997929240336,99.43450285650772,92.97636030738089,232.19109180922229,434.23269072606655
2019-02-14,332.5688996644754,113.1731146405905,57.88798089881438,99.47166560873131,93.76371802796554,231.85250750902,439.75520845092547
2019-02-15,333.24052328100413,113.13415027713474,58.527094113844164,98.78187121704956,94.43480774196053,234.73741927264768,441.0159177056968
2019-02-18,335.3911564898797,112.427959094784,58.384750245696516,98.1997367192592,94.13492144718877,235.3555082640209,437.8294102614562
2019-02-19,332.6570159763544,112.0892682500593,57.778180023391315,98.50829533473949,93.42469510059729,234.93225685478905,445.3853475942876
2019-02-20,332.1675454013348,110.60788469248736,57.8197830740811,97.81709423572379,93.00051642756196,234.03347878440508,442.60679560110026
2019-02-21,332.9722134034877,109.8229510275584,57.875387676945095,97.70598284971689,93.65065653562006,232.3423375038537,449.4133829588609
2019-02-22,335.5156851424232,110.0586972295918,57.44337098731866,97.6403756154799,93.2350883207444,235.25719855819162,449.0050388393891
2019-02-25,337.97615620272575,109.2846328364691,57.76697584175055,98.17891672458921,93.3266125852423,236.2119378384024,449.0281008348395
2019-02-26,338.93966051049904,110.15393678994982,57.83662841130673,97.98170710562334,93.96390627428895,238.41177196995338,451.3378730345566
2019-02-27,334.1889149617422,109.56677552361282,58.09833302944744,97.86881430585655,94.07267478299258,238.58363440543985,450.66548369612804
2019-02-28,333.66770356775686,107.89605168000332,58.57078211295799,97.73639259811993,93.7368160960718,237.69628078065662,450.69160445333245
2019-03-01,335.0428289167685,108.62245925398912,58.51383820701867,97.58976354614722,94.49435125472111,237.76048629822307,454.4342921290159
2019-03-04,336.1277923849933,107.50253607575259,58.29536991717455,97.17144755963245,94.3788395777254,239.7200404692645,457.6926732010242
2019-03-05,336.57800961447396,106.46835395991393,58.46178225430824,96.54004206876658,94.62729527624977,237.07509852141234,457.2734017244056
2019-03-06,336.90812251174367,106.69126449530502,58.17925924019494,96.77983263058468,94.48064778019405,238.99488921810146,454.6997249333638
2019-03-07,338.6639703994824,107.23854538300974,57.98862649705928,96.34913352598464,94.3929410888472,236.89408210758424,454.82040745560215
2019-03-08,337.5435310389905,107.92698750226955,57.96898797097217,96.62232482658199,94.59420002812648,237.0624085462958,454.2963867045322
2019-03-11,338.5752418559259,108.24200739204389,58.28083152760986,96.87106829502295,94.86195551117383,235.3371199225165,452.34355331299713
2019-03-12,342.1393931083171,106.48240727122858,58.28330646656696,97.06285330620008,94.36114328733302,236.3408499537369,454.3500216186432
2019-03-13,343.63188314217194,106.48030369496718,58.40187013180317,97.78592630685009,93.77658915354964,233.75674933587914,457.07395194015066
2019-03-14,341.7966485345227,106.25401588274278,58.46175359494641,97.16136565533516,93.70907125290395,236.8676786977774,458.23198515125324
2019-03-15,342.159458678362,105.88774804281411,58.00444335010903,98.44749083583474,93.58736971327892,234.15596454252972,464.10332008397216
2019-03-18,341.93077986913465,105.76443363377025,57.89084716257599,97.28858168472006,94.01251140234878,233.20262970646556,457.85690988719796
2019-03-19,340.2475539827406,106.56543096818015,57.54713751905398,97.63740065018452,94.08205237111463,233.58013582519058,458.11357730602015
2019-03-20,338.899032729352,107.21421527279303,57.492097103322926,97.30975784196465,94.11096955100528,236.41497702718453,468.7056812073009
2019-03-21,337.8605898355392,107.0203136447624,57.961528650525274,96.72029152588354,94.70484033001802,237.11524055295726,480.1839766496297
2019-03-22,338.43785481910925,106.88928001055426,58.03130436247094,96.36795960216465,95.21566563452474,238.9354690604691,482.5304793901856
2019-03-25,338.4258902986276,107.19359206865019,57.800876835306305,95.85951514462603,95.14468760892447,237.03470727903766,480.5315093754011
2019-03-26,337.8498784356902,107.90092083590379,57.82639676515681,96.04782569038856,95.11891571512749,237.94733748813255,481.70831754458453
2019-03-27,339.6193110489014,108.49622653904564,57.45948179308253,95.99270628332557,95.16543604766726,239.72574103094036,482.719891803751
2019-03-28,338.7806185466372,109.09291734292331,57.399935519478795,96.47651788062855,97.07806803269362,240.63258709595445,484.1305807239695
2019-03-29,341.675638220188,109.11238063877487,57.43053558390218,96.8819350592181,97.25538385143098,240.0957622250688,484.6071912056364
2019-04-01,340.2828796037045,110.0473843056318,57.52137419421882,96.45060217862418,97.9752695621083,239.3449142643985,488.4902719934752
2019-04-02,341.05898662865815,111.00202496397675,57.60769406936103,96.37016696863039,97.88438047480709,238.11737126939346,490.13844284804264
2019-04-03,342.47558949267534,111.30620443319845,57.79995478343541,96.97432367200946,96.76430620594431,238.97628343498533,500.54587103482964
2019-04-04,342.84478684689435,110.32952919274742,58.24292682630486,97.41464459208572,96.04854194789777,235.1619763785732,501.5102092542951
2019-04-05,341.45031987582036,110.15884802665109,58.34915890245523,96.81316113179075,96.24470151069785,238.0326962781846,491.80828353438466
2019-04-08,341.53950311969066,111.24060205491442,58.46858203673095,96.69036296188756,95.98353865210467,241.21508573324633,484.73849476326944
2019-04-09,340.8112426779585,107.88617647501523,58.33651555419254,96.36171980890344,96.01505984194121,241.68810466305277,482.39620461755965
2019-04-10,340.1695134636008,109.20342299770655,58.0913797901174,96.7288258037771,96.31760926501768,246.02455048580893,482.5513610782355
2019-04-11,343.8295697543297,109.29150320424381,58.07577424092512,97.03361758947379,96.94994247884183,245.573857404494,481.02960304810506
2019-04-12,343.18678083702275,108.18216087312905,58.33689217479323,96.58999049245047,98.0719189504895,251.78044926225297,484.62535522709976
2019-04-15,342.1949768075671,107.41143505689077,58.33082689062167,95.4713678470855,98.47982991810235,259.7293372363275,475.1264908562935
2019-04-16,343.85847352457534,105.4102906112173,58.120205235960924,96.68289872962555,99.76665416477297,256.6170636929365,482.8612434358368
2019-04-17,342.65551028794977,106.36667652797026,58.35966794769742,97.26386718556606,100.40772852642552,260.2672051968175,473.715939955479
2019-04-18,343.9971772550696,108.66564888330109,58.6225954010798,97.9747841731813,100.20631908395144,266.54019605781195,472.45094229330067
2019-04-19,344.03234791661447,110.06859793258073,58.73662716529055,98.11502083039026,101.23237978363802,275.47495256680554,455.80831324306973
2019-04-22,344.914312601807,111.53049565640217,58.8697313546665,98.14578479289595,101.13248877098597,270.547655669753,457.1585472651021
2019-04-23,343.93505660699833,113.02558144012768,58.99060685307018,98.13431527436263,101.63015477045104,275.8270248340821,454.17885118385146
2019-04-24,342.65995324188896,110.95924712953259,59.20042653904265,98.0296521955219,101.80203949826105,273.1525837838717,450.2750751559443
2019-04-25,342.7454632357375,109.84782869987653,58.96672349254741,98.19504166446164,102.01240962920917,276.3928603734658,446.24488287538753
2019-04-26,340.58798294869604,111.0952738021225,58.94871116555468,99.36287413278464,101.77528077835986,277.3151307296104,449.6391323111369
2019-04-29,341.6545810136719,113.54346349986479,58.49214877334476,98.60669345234406,101.49679725239558,274.3959887187652,454.04777734235745
2019-04-30,342.4785887096126,113.97071017589856,58.680554333461586,98.80329766573723,101.10056326693412,277.34580869448035,457.0203071380605
2019-05-01,336.54556311264577,113.95267598734165,58.4731321902169,97.59483493979909,100.6940476298333,269.63787948962005,465.8924256715495
2019-05-02,334.66458999903546,114.40810970236183,58.431771067924274,97.37438244652418,101.16896670254184,269.2936286510668,459.743974817142
2019-05-03,336.5672913022008,115.26512091712375,58.54158469962765,96.7026828425286,100.58486097607387,266.9189075250218,454.3117023216163
2019-05-06,336.94308068298005,115.74901782712057,59.07642408861481,97.65786548169744,101.09959557958123,271.92457703384395,450.12791706322355
2019-05-07,336.4468206257274,115.44087212595565,58.778192017698984,98.95965975889516,102.83806271341315,281.37214468068674,448.2669723451685
2019-05-08,337.58718982958436,115.66806392109183,58.74963520799457,98.81532042602616,103.21690153585416,279.94430403132617,447.9246195826979
2019-05-09,337.1063920024142,112.8624828186184,58.181055781706974,98.98265536561469,104.01877212910951,279.701105350227,448.79491833876693
2019-05-10,339.25877173717504,112.34803586416388,57.653913667661705,99.46860330285517,104.04443360496191,279.94667839256596,444.8338283256036
2019-05-13,341.9978871928961,113.0442372277903,57.40032469080763,99.29633056176965,103.7958046168033,282.25854863539735,444.08959660202174
2019-05-14,342.37630783225114,112.57712556322868,57.47197629595882,99.52582594857195,103.37147214346524,277.64090944935833,444.48274521890124
2019-05-15,342.1409417207503,114.17903809321095,57.276789743757696,99.18588530180823,102.81152556875924,276.4974929624696,440.62808689421047
2019-05-16,340.17755358542877,114.47119680420964,57.6341425164395,98.9675224107567,101.72304621193636,279.13091254617694,443.64894849146856
2019-05-17,336.99414993243363,115.01460500775806,57.515863947657394,98.90933840589075,100.96846126138782,278.3720442109364,442.27566424787426
2019-05-20,336.4683911621193,113.24937789929518,57.47602889780443,98.87756805297279,99.74344529149072,278.50157620697365,440.2460028380284
2019-05-21,338.9348195724343,113.43624549708159,58.25575975396817,98.54311300644923,98.70852945533233,277.27891786241906,448.09000735331574
2019-05-22,334.07105446830343,114.096134299781,57.92076993432417,99.07283170184375,97.0379006477394,282.5641220088365,447.2724882490869
2019-05-23,335.65855567919544,112.99651890328511,57.20213321925285,99.08651095846464,95.44714613006848,284.36388835498826,444.58206838951435
2019-05-24,338.45860179093927,111.77307815632662,57.44303246611992,99.08123014200798,95.07974358284872,288.07350651320945,438.70934335731283
2019-05-27,338.0644642225467,112.40675225275176,57.37528972369504,99.31321237581857,95.60082194413785,288.8082892867295,436.8937194955009
2019-05-28,335.9002686144966,111.87983872811816,57.095360049292744,99.66527929401249,97.0877247679798,289.1648452715971,437.7953949049572
2019-05-29,335.5841068595644,110.97566841407478,56.100137878758474,99.66125724849647,95.78303148835158,289.50572565367236,446.75600255909995
2019-05-30,334.6873401691163,110.94591072622207,55.47030729160681,99.4188982748642,95.0707177809904,289.5407785225324,458.6802533292392
2019-05-31,334.2966602428569,109.56807930233597,55.18040111884472,99.6233385682069,94.36221826667962,287.542205074951,456.60279527696736
2019-06-03,338.20620259410174,109.24245790511081,54.51722751591283,99.44586569588847,94.97664173793122,285.09363014847105,449.8761493222208
2019-06-04,336.4625618281737,108.67033335124506,54.88081544803373,98.933440923371,94.73097763236707,285.39148471919503,443.5797346888954
2019-06-05,335.6116003190177,109.6325234924328,55.42402287759821,98.42118037673751,95.49773825069849,284.4197857327567,439.6244763545981
2019-06-06,336.9158643713237,109.74192566180751,56.06805886234226,98.63866481298572,97.0129164497814,285.2091890829895,439.4147031090284
2019-06-07,338.4073726183075,110.92466629396523,56.37053231441482,99.15344110401618,96.12321113394549,284.7709881242732,431.4610990156062
2019-06-10,340.148372901999,111.35793481218344,55.76235146982376,98.88188597830278,97.55300601886846,280.75466679362853,428.9169531696488
2019-06-11,338.6188521382744,112.30467113417026,55.20805421980984,99.13075579646653,98.42911415186508,281.4873221115989,444.66698321204797
2019-06-12,340.7993556674773,113.3981834679157,53.88933980631574,99.7820099613575,100.13620870721084,281.70359227226965,438.43895347828936
2019-06-13,341.6591325869107,113.85038298881341,53.72755562584736,99.37441193106956,97.10640752267557,286.0146716803582,438.1521455447791
2019-06-14,339.91821284446473,112.92296027047007,53.88882713844301,99.09018194768612,98.49146366175714,287.88545481702977,438.8566503232966
2019-06-17,340.982814121811,113.04165698158218,53.80992237551664,99.02262587473652,99.06623167095005,284.953683243129,455.0677371984479
2019-06-18,340.3735303194565,113.63544493051262,53.22068258209213,98.7870261797098,98.76556127860957,285.99363720351636,449.06038895074005
2019-06-19,344.8252285616361,115.4422791674661,52.81449679178267,98.61806647253438,97.44696669077385,285.2236194211277,452.5989326573435
2019-06-20,345.9458028094179,114.20238825917714,53.84662891997292,97.97746261018226,98.15569488546478,285.45678284213307,456.44215419842857
2019-06-21,346.1359890048921,114.6283054787606,53.839548922927676,97.59145896230739,98.66685258224186,283.54577665205085,467.7394179136867
2019-06-24,347.2370673285078,115.89615501074394,53.560738316921,98.40254395394749,99.02905341168932,282.5736511811395,471.58681503499537
2019-06-25,344.0165578812701,115.67335035429971,53.94399241701215,97.94177301680531,99.6496848744306,276.94938536891834,474.66708600047855
2019-06-26,343.3597854435507,116.27421216223348,53.82453296101452,98.07770584364452,99.55713295293951,277.40750511160354,471.6618532619574
2019-06-27,345.0173115774368,118.32276986644894,54.341895987038136,98.11377556319542,96.9156601411647,280.3895549604523,473.7199068873709
2019-06-28,345.5708101749213,118.5741750840777,53.84970696109904,97.54185500426563,96.24205016285521,280.5027345493811,464.9069486647439
2019-07-01,344.90533957388504,117.39346255107051,54.11648635529687,98.6718357129162,95.62442044901042,280.97120320607763,469.38039898296796
2019-07-02,342.6765498596443,116.88216565111284,54.44049353783433,98.39922735328224,97.67798255028104,277.15415263543343,471.40406031474396
2019-07-03,338.47963618476285,118.07846437334864,54.126565724852505,97.31099215717416,98.03410290990305,275.6547652331076,476.41416394531495
2019-07-04,336.13367989378804,116.91484178194187,53.99384569863028,98.30494023810394,97.42321905715289,277.9814068588952,471.26670511304013
2019-07-05,335.6671911760425,116.29263576961256,53.764354633777046,98.3522919627459,95.19325436537771,277.31917350939096,468.99735096122896
2019-07-08,337.2681883617943,115.33260400312227,53.543521339393635,97.80584784703254,95.02215978889738,274.74411155275936,461.27560511434706
2019-07-09,337.24538257819216,118.57205078220339,52.702306658749265,98.99931624828585,94.52895190723206,272.17240124211344,459.3424220881815
2019-07-10,337.81334426664506,120.33474271741329,53.026230315742595,100.09747076307457,93.83215210541094,271.65206959100794,459.6695619440379
2019-07-11,338.96785652535993,120.05030285553326,53.232319608389915,99.8362117440675,92.9466075427216,268.9278495338284,455.36448088838404
2019-07-12,338.3262889758026,120.74430519176146,53.370741591794676,98.48082779845795,92.22551615886704,267.74249013813295,465.83978721544094
2019-07-15,338.1875180308274,119.49245761317614,52.738132138329966,97.65295382031978,90.59347082798634,266.2305932976204,460.03784028987144
2019-07-16,338.30846512697616,117.94104634963439,52.507271742365965,98.28752007357602,90.75212378508617,267.6926179360331,467.8726374602295
2019-07-17,335.33957882894003,117.37945610458702,52.54251358310657,98.27009125194755,88.50142704436313,270.55751822638126,476.69347188562296
2019-07-18,337.72806116786074,116.4752219296359,51.79726101329944,98.22476109922528,90.12324241438289,272.2738738324044,481.5034175101539
2019-07-19,337.909460259594,116.34091982247638,52.018998553733525,98.82616965650645,87.68009184203912,274.9473927981423,485.0483482640889
2019-07-22,339.00642781079296,115.740961195378,52.30414533697394,97.75028780000932,86.98534247072399,274.18457855326733,491.39846818376225
2019-07-23,338.81300707136114,114.84990396944482,52.31742941803991,97.6768814586306,87.0072793145063,276.34923406922417,492.41795213489627
2019-07-24,335.49776897325484,115.50500979705649,52.41934579486911,97.85454426892721,86.18114072780615,281.0386107770329,485.9512515036497
2019-07-25,335.788665922681,115.78255484386277,52.68462954728819,97.02263759146088,86.5088529283629,280.8990014605365,487.9149313930133
2019-07-26,334.47770861498594,114.97658545523082,53.33465909155354,96.72558674843879,89.7153382389839,281.16557222233644,482.7499439663966
2019-07-29,336.6610444461889,115.75922197183164,53.5629525320163,96.5278305135565,88.67433507116856,283.9784642860348,475.06301225263894
2019-07-30,336.5535232228839,115.50575364921734,53.771564133178636,95.8902360012504,87.27355031540473,285.50408802729424,475.91608489989875
2019-07-31,336.99152615714655,115.46246273175363,53.796409890990965,96.69650535825227,87.84109464456685,285.36901820678565,472.4481510650995
2019-08-01,334.73141112665706,115.6368588448228,53.82168633499533,97.76590553565481,88.93468538181222,282.03384702931174,468.5501305173701
2019-08-02,332.94561856556487,115.20409455880181,53.86578917484271,98.71891896123653,89.8256979424275,283.702785339969,460.2110297799362
2019-08-05,334.18597660193007,113.1328923285897,54.2733020549872,98.55464381290172,89.89060679775099,283.9948631797878,471.7856798459136
2019-08-06,333.01865636708385,113.80604192533723,54.57645014811568,98.48640253261988,91.94851966611675,283.08204542671626,491.93185246076575
2019-08-07,333.9149612609738,114.22253336029847,54.4449209207924,98.60384383768613,92.2267268613679,282.8337323348614,475.3333884941603
2019-08-08,339.8051232052873,113.52641156440406,54.476329144413384,98.74511302939582,91.87337830075994,281.7559217341129,470.83127792733376
2019-08-09,340.21977403880464,111.08782325377106,54.700782332552905,98.23662093887738,90.39112928753107,283.36467577233145,467.7041131540507
2019-08-12,338.6360417579007,113.4956038285403,54.70360600416325,98.10858746320329,91.61280105204592,284.48170287249286,466.7465494277875
2019-08-13,340.3079460368847,113.45985223342547,54.506207269701996,98.24817004698461,93.39681082558343,282.03921666251193,469.24424663818127
2019-08-14,335.90376374564335,110.62059728355912,54.45879263973227,98.59982754842474,92.68858987647303,282.1999396127732,480.63755191706184
2019-08-15,337.64975854385204,110.52274120772505,55.33327863319759,98.92026855800793,93.70378946787046,281.2430241833838,482.515167879387
2019-08-16,336.71506140335697,112.4455192993183,56.09101311476682,98.5965805467718,92.32123010307221,277.8844706197782,479.06197409563134
2019-08-19,337.91667534827906,111.65089699373722,55.92206232395788,98.29296526191456,90.66679690263955,276.71836920014846,460.13067278953264
2019-08-20,338.6220505521051,109.98641644872312,55.3813426215958,98.4983501749151,90.9980182473142,281.18876779494855,459.47356027562677
2019-08-21,339.65181859468464,111.0900708382587,55.81873257527386,98.46170282599003,92.06220227760205,280.9457808985709,464.18661529977925
2019-08-22,338.57683231557894,110.55633744785206,55.4389258189859,98.57516915631541,91.71400513960226,280.305482270488,456.4056846137069
2019-08-23,337.6467013537447,108.12534258962081,55.679758520004484,98.30998802732157,93.81037447727049,279.4232115840252,463.97116882862355
2019-08-26,337.71983597326033,111.42750030923236,55.34751403252945,98.62312368150688,95.48399629818282,280.5530007516609,466.8549219647693
2019-08-27,339.82641042177863,109.63429935597559,55.77712927743595,97.96367893091974,96.69748269878708,281.56742052023515,448.4631034726392
2019-08-28,340.4815551388195,109.5623963145831,55.306068164796045,98.28569107047092,97.09629417519982,280.10305720555465,467.76655145435967
2019-08-29,347.94078522756536,114.28927460363929,55.423264649997485,98.04190481457664,96.73385280863859,282.10702420566054,484.3259368845954
2019-08-30,344.6663445778981,113.27501484878597,55.31569778516676,97.7801793033697,98.11513018238666,282.6742278956923,475.93494755529474
2019-09-02,342.6693724750813,111.6950797815484,55.60888711891397,98.04653405270112,100.8480759077572,279.0761338312565,477.7699774082951
2019-09-03,341.1301420360399,114.80841036304757,55.58587607269099,98.26816879875764,99.94503497847616,282.7599522542844,483.0041738298155
2019-09-04,344.2764779796641,116.40738051392162,55.54333827231124,98.68032171774007,100.9720771857569,281.6133451692309,475.7352763145962
2019-09-05,342.49989319447263,115.56155047929971,55.211531869278005,98.7453081370642,99.91977710111543,279.7707359789316,474.10866879423116
2019-09-06,343.6200431993733,115.48617909028385,54.99349986676018,99.83760723021781,101.45065271696878,279.21756515595536,461.1043174650559
2019-09-09,343.0667790617908,114.0396641797199,55.0743661417065,98.53089280698771,102.55357141695656,278.60192199593456,470.0218944859689
2019-09-10,344.929908872391,113.16783516505352,55.003252395790746,99.25485609943694,101.76148759564745,273.4184343526105,458.04759836438893
2019-09-11,347.7714085804199,114.97607442359546,55.13744359966107,99.31011315833544,101.57770955583719,274.66300452243735,460.2078736557997
2019-09-12,347.17017073187714,117.17178060238221,55.36646839770805,98.65930969228525,101.81071193820011,272.7045004109544,465.42601581515925
2019-09-13,348.89665894615945,117.89437355011312,55.45923383114614,98.26477983276916,101.12995267500695,267.0389544911148,457.9552460354349
2019-09-16,350.39618500969016,116.81467798261151,55.291784685857124,97.78134994091243,100.7817700621703,262.6189598233648,479.3753293625456
2019-09-17,354.19824672091937,118.05229526827655,55.49072323284732,96.10843906199362,102.90035834080442,266.4090896627092,488.4514216269823
2019-09-18,358.56050619557266,118.23570762029007,55.527636490813,97.09713167864285,103.55040892019565,267.3610620044458,483.98271463406223
2019-09-19,358.19051614054626,115.59675500104252,55.757785833966906,96.64523505487138,103.67432039373703,265.12479502679736,486.15428479668367
2019-09-20,357.34838919762444,115.7993804570725,55.54925877073838,95.1067292040797,103.87071970133002,264.7261459061345,495.661358940513
2019-09-23,360.0544167109056,118.30146688420186,55.02896771960208,96.43408573924812,103.85743077955924,264.51458866122215,517.0071289135055
2019-09-24,358.7072769400632,118.6604827913228,55.016180223316454,96.2485855873109,103.36671099189888,265.1193727431307,535.0138073312371
2019-09-25,360.43850465108613,117.55519407410316,54.39236987988258,96.52702427764892,102.19852931127578,270.7350955858909,536.9822815658531
2019-09-26,360.8786171373449,116.98088696997144,53.53607342944952,96.03574544174396,102.48086168044617,269.9417023838206,536.7944503534133
2019-09-27,361.25543438280187,117.55417400074985,53.9319816232118,95.95124937803539,102.42516435801339,274.6284285933476,533.2800062445235
2019-09-30,362.52551896906516,118.17055872662674,53.31825359812306,97.58267614885324,101.89273138751979,273.20607620145756,543.7323400044394
2019-10-01,360.8878972708674,117.7623933098059,53.38346306150622,98.69724320287605,102.5933337861206,267.5470693868136,558.3459770903966
2019-10-02,364.08045972761556,118.05689114607743,53.03438995827267,98.80825450694901,102.61491694240392,268.93272385757933,554.9715597198601
2019-10-03,364.57854485633374,118.4137406554112,53.909703498791394,98.0774385920187,102.04712655732402,270.3552900878906,548.6612071882796
2019-10-04,364.1495640170127,119.20209900688364,53.92349625888133,97.57064384850703,103.98002252996226,269.97496192218557,558.6326776947625
2019-10-07,363.12706586049336,118.7616004543874,53.783186787589294,97.83855168936518,104.94135483978788,275.321514647614,551.8967234272169
2019-10-08,363.35755024667816,120.34236476127036,53.57042614151458,98.62076360146092,105.7356253094128,282.35487012928587,548.0613767188308
2019-10-09,364.9957777624235,121.12977025960225,53.25271872851382,96.51179524887739,105.96553168133647,277.4612799734659,550.5740491815599
2019-10-10,364.8756274693415,122.1135581183613,53.10137361804012,95.34162248248859,105.8696015129956,275.85060772277126,537.4665820209632
2019-10-11,364.71668004092777,120.75842548842036,52.89739516112747,95.56047022805049,105.92120827561935,284.2808505525944,528.8469426927013
2019-10-14,362.7757422690737,119.59078365761272,52.05472472618788,94.93418003677547,104.29579245835993,282.81338681511016,530.5298443519712
2019-10-15,365.1538391119277,119.31492640150282,52.1141656090155,93.99585916452322,103.66990917618435,280.4227268440544,534.4782543610053
2019-10-16,365.91900303143893,119.59864671200454,51.997470543997146,91.18515668754019,103.1099179668467,284.93116957809644,539.5447635051148
2019-10-17,364.70969262650146,120.22640835758368,52.3019913849961,90.69871182919248,102.82205401666259,277.06856220556847,536.6777093732327
2019-10-18,368.2682777461032,118.83322382013378,52.052711254709635,89.7831077663018,102.82438969085194,282.98139548791687,536.740485586576
2019-10-21,368.548924328682,119.87590056613598,51.38480416528323,88.90593464891901,102.97716690438824,285.12446485749837,535.8590104154895
2019-10-22,369.7006136551743,119.93252986838095,51.72020631638815,89.07138718282597,102.83106175963387,284.5587523991278,553.1840102276791
2019-10-23,368.4662211213525,120.3348635530306,52.03839626287349,84.5434078212784,101.99831161886249,290.68915227936594,553.3660540857152
2019-10-24,368.98207254838496,120.03270768483198,51.82729072690289,86.30898542030695,101.78836501568182,290.86317915522164,562.6157351952089
2019-10-25,369.1654067716533,120.14873413114995,52.11419424113378,82.69660115347918,102.12522751403195,296.35517889059656,570.1414520673817
2019-10-28,370.9079570601339,119.81440747666583,52.52189696939998,83.79603665058812,100.94947580852298,294.4092435764361,558.5602836123444
2019-10-29,370.9112385998421,118.01330848586045,51.71555516710452,80.97794738606777,101.36028634043275,293.3650961878867,555.5510908269217
2019-10-30,369.6451205807559,119.20894680797166,52.18992366784651,79.1795345181151,100.21280046664967,293.10689559052594,546.252950140974
2019-10-31,369.67647426832656,117.92913561234215,53.46826046529505,79.35575431006801,100.40545575570032,288.126139806617,552.6730842255226
2019-11-01,369.8568520002022,117.70249251645544,53.32947725321191,80.56494008591264,99.99270081968046,290.5469326596358,554.833662369484
2019-11-04,372.7808924263553,117.19531413847687,53.69358147175828,81.31082945871049,99.90329439747592,292.2048276877855,550.5637013255221
2019-11-05,373.0498950500896,118.24933325201737,53.81050921266593,79.26891539395298,100.79115885760406,296.5356930792682,553.4121302492149
2019-11-06,371.65377967274037,119.09210055912004,53.22406275472287,78.17099694934991,100.43706360807228,299.3046907009975,553.1325651676486
2019-11-07,373.06665603655495,118.88465722218139,53.02685822226258,80.27807234014077,101.13789428128665,297.47386210114587,554.883726060795
2019-11-08,372.7479555510153,118.38502409590033,53.25450830966311,76.953942489853,101.33670493772821,296.66670440580583,563.417599682842
2019-11-11,373.20378953858676,118.66111756361565,53.72932142594287,80.82877333246162,101.84928190595032,294.4797362856114,563.8216939715132
2019-11-12,374.4227870630351,118.74750630528018,54.10288222897945,82.21972613611143,101.65074509153159,291.3858199177396,573.8322953159535
2019-11-13,373.83381324119847,119.73301488087515,53.483894995036984,80.27744046236566,101.27113713583127,291.4437850229317,579.798650503228
2019-11-14,375.16313779549336,120.53848546482041,54.00990896734808,82.40524397722042,102.10487345985196,292.5928455076363,576.1557861709604
2019-11-15,376.8860503077095,119.75668207153439,53.39563726364375,83.46299726478865,102.81078648239574,291.8299953773815,571.629351963946
2019-11-18,378.74219032015577,118.76632524361128,52.88478716124201,80.6213785813541,101.86280315339555,292.3803405703704,572.8484531462907
2019-11-19,380.84416433149187,117.49465878016254,52.63435322467473,77.97049887180603,102.51303739079577,295.0170422608036,578.7687950605723
2019-11-20,385.0214895749706,115.88581013640406,52.271914659921045,77.74492609211748,103.37278152615599,294.8403753293182,584.1853585372821
2019-11-21,386.7156066098893,116.9345113440805,52.161481508168926,75.13635934422005,102.9705269608513,297.0071927823559,588.7656553108736
2019-11-22,388.0663384920124,115.50201109788776,51.961734728763666,72.54963842664733,103.13001139675207,300.7310944003569,594.8094504532922
2019-11-25,390.13323492452923,118.65224713340636,52.052059222452364,71.18313176356808,102.85643342066687,298.1167210388001,613.295361734666
2019-11-26,387.02582199961597,116.82151542639545,52.049733157397824,70.69342450100385,103.20606641599073,297.07820248180343,617.2507745438501
2019-11-27,382.951386497183,116.6816231125388,52.312568047353125,71.77984346127033,102.30879038427625,298.3296959611506,620.4818592677188
2019-11-28,382.8919316079568,116.13666992171754,53.11856628691205,68.38371516429991,103.05962340107396,298.82334303130096,624.9683623167402
2019-11-29,385.87151117458893,113.43708161387008,53.03612324907534,61.552210359529404,102.8034400656412,299.6729093890499,626.5301560549742
2019-12-02,388.0243542644343,112.99431779092795,53.60567352905506,66.03723173206504,102.93034118486203,293.1962020687492,628.7307433029009
2019-12-03,389.08523512380754,112.05805614507322,54.092070770501195,68.44585837729306,103.69261661460497,287.1770855880455,623.2315571900506
2019-12-04,389.97577032408503,111.86447099972223,54.04840937262708,70.40537307861992,103.87791060623242,289.15699663392064,628.9083736172132
2019-12-05,390.6134973231458,111.36686302629433,54.222676097571195,74.21603457498254,103.81745087061142,285.1623472190228,639.7354656106332
2019-12-06,394.2894430706382,111.61286260194628,54.04515624167777,75.26005700322358,104.05072776404896,291.7647586514667,641.7226171105741
2019-12-09,393.20951554502136,111.02594053206913,53.500148567690665,76.34886129260559,104.51973156117819,290.75509820777944,641.1622656807608
2019-12-10,394.547844984974,111.53181341862233,53.12653232300985,75.81403523872957,104.31645563608332,294.3136962071491,639.2252825933228
2019-12-11,394.47693062403766,110.95452067213023,53.22144219534796,75.32189531378032,104.46230434036102,294.392393037659,642.2564945671825
2019-12-12,392.55394933547853,109.40807253357484,53.63625482592375,73.58428239898133,105.0056456411316,296.7091004951691,637.3368298531533
2019-12-13,392.1868046433662,110.00766284760758,53.40872613350193,72.66586710934246,106.35580918183672,296.7453964402208,633.1237770291015
2019-12-16,393.60185786031315,108.8887701664827,53.12669291161972,73.95079556377614,106.47886364281474,296.7477662047887,633.1661965234861
2019-12-17,393.0969848329324,110.45715072096841,52.47952326649504,73.085853753072,106.16137947179097,288.9423530899766,637.492566301264
2019-12-18,393.83232720569066,112.7627691009947,52.54631108822339,71.0359242434635,106.16501136429885,283.7860339163299,640.2371317016396
2019-12-19,394.3886167550947,113.07681653935781,53.05336709782336,67.59011805453349,106.63246292731716,284.6393750739311,636.2358496664232
2019-12-20,393.46231992273033,112.53318086463244,53.32671413675595,66.55470658017629,106.43380346823767,285.61133029253,642.6094514265143
2019-12-23,392.9331324640233,111.33535134033494,53.18547880112869,66.86253238684591,106.6928210653295,287.24024071576093,642.3948658809534
2019-12-24,392.20624080782926,110.21365946385977,52.95243882138886,67.44583443669181,106.54246344732671,286.5096401339897,646.8609060277007
2019-12-25,390.7633368913544,109.94226878686757,53.31212791799073,65.19674481592132,105.0364041123338,283.0210244118853,642.9297414143915
2019-12-26,388.2793505210776,109.6950346386928,53.142474618826874,65.06025182541345,105.7028095905357,278.9615895760035,645.191016254383
2019-12-27,390.61718202585763,108.45390775676925,53.371925460977174,66.07543213233019,105.53174912071778,277.5804019881856,650.2711144347436
2019-12-30,393.8302407343782,107.23194772540629,52.994965416634805,63.80355803861627,106.51253671409357,274.2896321116926,647.1625949338164
2019-12-31,388.7262878782706,107.4565898880143,52.7931158098678,62.35626532872712,105.2968144115036,273.6323094609272,640.8459023758081
2020-01-01,389.9556036098099,107.87783795206842,52.97191007988394,63.48055527154812,105.28643772519177,269.3140559681372,644.083741734557
2020-01-02,388.6807051402851,107.00030816147478,53.091991986877936,62.883480099235975,105.02994248615381,265.78702537942263,641.4302836581643
2020-01-03,380.416348707091,106.42056661059546,53.979765345951456,63.70569369131336,105.19639471066802,265.0744043208526,644.9018281410853
2020-01-06,377.9084075087758,106.70939881376539,54.01190464551971,65.18636394115386,105.03992712329473,262.62328605175446,644.7052243011254
2020-01-07,379.23751396044634,106.3024902806824,53.91535941239846,65.75192749769302,105.39949635373871,266.58015862994796,643.2723153019533
2020-01-08,377.70795846947493,105.68963382582712,53.752614993812635,66.23379042629108,105.81724724671145,266.7477350063767,643.6495703421574
2020-01-09,378.938805483088,105.60938875009641,53.81651174758036,66.63444380360176,105.32066516255317,266.9471579446841,643.012756109521
2020-01-10,381.7870935981005,105.93983422102028,53.42529523407965,67.133280512528,104.1905139709859,266.84075359702064,642.6260827594751
2020-01-13,379.81020936333164,106.72096222756234,53.72116434447771,65.28300701308098,105.64630106355155,266.62931565327574,638.9972030548146
2020-01-14,378.7933899538154,107.30674416620973,53.4767929255111,66.22731657972031,107.04954393521724,268.9785161735156,634.5353611860553
2020-01-15,383.092459473085,106.72363604928995,52.898032944721514,66.40022652402332,107.97272486058444,268.42562286818816,635.7599670737196
2020-01-16,389.5845164472209,105.44523276951651,52.51801990123669,65.6468971642677,110.38612179410175,264.6107864401741,635.3317362830452
2020-01-17,386.5695946109096,104.83039392841023,51.58964541370956,66.95452409643143,112.25628371196338,263.7510098790183,640.761274317832
2020-01-20,391.6185922159821,103.89470285831673,51.456012186340416,67.36460929697802,114.14004768425558,260.79611760038324,637.0401122955659
2020-01-21,391.41436917344055,103.17201216175452,51.22301672471407,69.80887659557852,113.95049341279535,262.49739923266,639.6791398840694
2020-01-22,392.8039452701514,102.80012790387812,51.51937782376383,70.15785382970418,113.66490774525553,266.4766118065426,638.0949909286334
2020-01-23,394.19345788988164,103.39577095415855,52.146893059939394,70.9884021220471,113.98944584151323,266.23676384323943,635.2346891695527
2020-01-24,392.6161209582467,104.21677317339714,51.63415981496531,70.33723554989236,114.4654274840651,265.80015479922855,639.8743352618853
2020-01-27,390.3926220788423,102.58429171487357,51.66920224443218,71.09586718016358,115.45362323050375,264.9175455386056,637.849812090735
2020-01-28,391.6774935428663,102.7928112614284,51.32375576716582,71.34090138849994,115.15764803097544,265.69114378466844,633.2746540291585
2020-01-29,391.2829669427058,102.30081984139987,51.1526307432123,71.74636733200457,115.69676451496873,267.2776018260924,636.9114459904192
2020-01-30,389.68684459203604,102.32339266617468,51.079099589957686,72.44426456129196,115.35577766445813,267.58903501487384,632.6114354843121
2020-01-31,389.7110818065609,101.08264112261622,50.41415490296351,71.83229549387232,114.53917224870901,266.84044825030554,635.9952732385182
2020-02-03,388.62387559583254,100.82958359232046,50.365614179620636,68.5013023552154,115.13519697480828,271.64566342806927,637.7380738320295
2020-02-04,388.22255692865923,102.02868997173987,50.17062415753724,68.0656029335871,114.53774563452595,271.8250359654073,641.6964740700056
2020-02-05,386.97354026530803,101.68484756889035,50.60660234125522,67.89270814369577,115.17956720680044,273.17835531505403,645.2366460618051
2020-02-06,386.38145711702373,101.20887081662445,50.410627117770076,68.80973947415254,116.3101545332224,272.38817653902765,647.1138607852635
2020-02-07,381.9889291965955,101.36569939478355,50.27209041934641,69.18192712212611,115.64211701420325,272.5592844733124,647.8774950449296
2020-02-10,381.76259249982843,101.85792749967821,50.980753581573325,68.65401310509803,115.64896063502825,273.8011800005727,649.4341895261755
2020-02-11,384.2586382802012,100.8949970895476,50.06440902988637,69.09358359743169,115.97329247939012,271.51462752669283,648.8298022703548
2020-02-12,386.7731122115591,100.52129651317,50.0514642498116,68.72607187548368,115.98920065552893,275.3568197787639,650.5427892709944
2020-02-13,387.58981351908693,100.70687354400012,50.194641881483385,67.25700594615179,113.62343456403384,272.19681809904847,652.0838086027317
2020-02-14,387.73015835264135,100.5056208184203,50.16476481799618,67.42487906326281,113.3407904414021,269.8609798613227,652.6025872028215
2020-02-17,385.09722565553335,100.34672201873049,50.60183498342316,67.45572842233366,114.88736888995288,269.10145358378236,650.7941122915352
2020-02-18,384.2489849099114,99.5829342956397,50.50280564389567,67.61279957280175,113.18040423868584,271.44847556680895,650.7324620613524
2020-02-19,374.9446084300078,99.36175948195994,49.463595906878965,68.8441875270909,113.66804589892072,274.9497808300929,649.3073000806945
2020-02-20,372.92978613493716,99.60984099959245,50.070155543604336,68.30751709854364,114.42237358234405,275.8721919517332,647.8169769515471
2020-02-21,374.7802604751418,98.42064730567454,48.96361351549661,68.70826686795526,115.32395778850285,274.57905058503087,631.5534494965777
2020-02-24,372.46987405928354,99.55897014710861,49.103261710678055,68.37733854925743,116.0480078550305,276.7135501981543,628.8668470002273
2020-02-25,372.1340914762783,100.56950792619428,49.3692004001446,67.40940310642166,116.27481021666847,275.75728218071333,622.2761370418508
2020-02-26,373.5600286758298,100.48313296843641,49.74053075703015,67.17720142968636,115.71673553161726,276.6628402129972,615.5874843247361
2020-02-27,373.62441730637426,101.2609245197914,49.35614750940501,67.46977222512386,116.2811771656549,277.27799539496374,610.9330751539107
2020-02-28,374.13532369957824,101.28795321811954,49.66574591948756,68.48427261443463,117.27504961735724,279.32621637495004,609.002956288054
2020-03-02,373.5707527158423,101.0814590600799,49.589435386946434,68.35132330848798,117.80789907826579,279.6861744473495,609.0504254720119
2020-03-03,374.98412066986504,98.32957376359923,49.17397795843123,68.64727740805844,120.15710806946251,277.2316579634324,610.2550475004132
2020-03-04,374.97537466444896,96.34731381686119,49.02938767968601,67.39625917266447,120.20825053856743,276.02538545753123,610.8333101638096
2020-03-05,375.0675237497712,97.65642584899184,48.47735163198756,66.89104636383306,119.27062179978388,277.51070550263324,610.250658507525
2020-03-06,373.0623784140591,98.60199712262654,48.338462199999846,66.43738804312427,117.88359204909345,275.9366302225549,608.9534122042315
2020-03-09,373.989347167612,98.02649277578954,48.34690874848311,66.58061976886195,117.7325845508071,271.51329256130947,613.59191514229
2020-03-10,368.34183671192335,97.97340761768103,49.21488013517681,66.94426010705114,118.32113066221618,270.9327069847025,610.5409426565319
2020-03-11,370.0137189729516,96.68088760124152,49.3263995826912,66.85011381923003,117.56074215420732,271.7519547589184,611.2564597573072
2020-03-12,369.462851041201,96.59488549390828,49.02841714209167,65.99019489582297,118.29405801639466,271.44489214168664,614.6827596082363
2020-03-13,370.84242753965526,96.91579176464391,49.187354263908546,65.68284107554281,119.02352733022404,271.48044645270346,618.725738826929
2020-03-16,370.884412670637,97.46371492936964,49.66114722816974,66.2558852847682,118.61010145060514,272.6605661867228,615.2834776257139
2020-03-17,372.5718770384348,97.96842877334119,49.50566963870331,66.08212152178504,117.82183599917448,266.6449540464539,622.9262185574569
2020-03-18,375.33830823929543,98.37805987176738,49.653256567283734,66.20962653522795,117.87616818913061,263.8558321776201,622.9858038689125
2020-03-19,375.5803089002947,98.56312064547761,50.007150765036585,66.02916046200302,118.38807375860637,261.9944069585912,615.401922891273
2020-03-20,377.00541523145176,99.14216297276255,49.95095677782785,65.35221943349683,118.85164637644331,261.10513632084354,610.9700620384097
2020-03-23,378.6259607848926,99.07706442543,49.799383796156086,65.52963053879294,119.1124085427451,260.97242745960045,621.9212156158959
2020-03-24,381.1300074296998,99.91779062894209,49.67200047038263,66.3839402341759,119.61383867181766,260.2063797071888,623.2285110052667
2020-03-25,377.82848768930626,101.61135840524082,50.05105862753089,64.97581161533455,122.79413874934335,262.21629437857865,621.3316835322166
2020-03-26,377.1158417855036,101.60717213769965,49.40339091326196,65.14172335096458,120.80264678723205,263.9892607242491,615.8049936418665
2020-03-27,374.48767721629844,101.37870417715241,49.22801470153373,63.99495057413065,121.91629312219598,261.4428647267963,612.319495229259
2020-03-30,375.7980696303298,100.73949712538794,48.94884473317814,63.50613504396283,122.16492697411616,256.357312322918,611.763202937768
2020-03-31,377.0866812199973,98.79850092667054,48.60959283525731,62.7563748090378,124.81881195949833,257.45729062157255,611.1691298771696
2020-04-01,376.79279591398256,98.27826443182455,48.01431490882339,63.17095571438745,125.99456872513139,257.6435856589315,611.4644270433491
2020-04-02,378.42977151909685,98.34881831846336,48.00735254333222,63.66295737390892,126.48120996443879,258.70780011861405,617.386905511095
2020-04-03,380.03346678214467,98.94916044936434,48.02663503137462,63.26619489503625,123.38397751875283,261.62734685183545,607.2294152409853
2020-04-06,380.2409858184646,100.95850274240142,47.93949622243747,63.85855132343684,123.3517474734086,259.29598770348474,608.0200754688263
2020-04-07,380.91035941036745,101.23315443778499,47.454526147780285,63.160443160294875,122.3581412734278,258.37275848615025,608.0123417500085
2020-04-08,380.41342908726796,102.03946329188173,47.39081952564615,62.924629967895605,124.94626901629367,260.29659380604664,606.0594147677276
2020-04-09,383.5587759302024,101.05562087338691,47.03628520926801,63.595126054372976,125.42580129241487,259.0743693972641,608.5732110195578
2020-04-10,382.4708502299692,101.94544657472387,47.500524170133495,63.341766187993294,127.00246025428095,258.87315004627817,610.4234196325929
2020-04-13,383.80580752447474,102.19517386298446,48.00068587127636,64.37163988161686,127.05397750648471,261.9217624403218,609.2602627070719
2020-04-14,385.64036078352103,102.76711468158219,48.230482602968806,64.41673571102058,130.01216969367354,266.49865947105064,616.6649107594525
2020-04-15,387.17688347400195,103.27446091615845,49.01667959806759,65.15859613603644,129.60820219862472,266.016781920442,621.3771621015453
2020-04-16,386.2832675809929,103.92555685028003,49.384971961250066,65.06210848969374,129.97384599695246,264.60311806368793,621.1698469731945
2020-04-17,387.96895085719586,104.15917206490775,49.7169414622078,65.33031116579178,129.93279119742772,266.5679225046626,621.2195067904577
2020-04-20,382.881226668366,103.64580366151439,49.5868679844617,65.00047700110323,130.9533827958545,267.22276921940147,619.4792604679957
2020-04-21,384.09351168501877,102.6061429275752,50.2197927906911,65.46282213454582,130.18122032195063,267.89887197263994,618.3515855733777
2020-04-22,386.2857470894153,101.8202386149254,50.38886328855622,64.88987165855951,129.07543955833881,266.46940990203353,614.3092435608992
2020-04-23,383.2600645354317,102.11547359722621,50.53649208209177,64.52362190619169,129.9862945427364,267.86545210494467,617.1825340872783
2020-04-24,383.7731892959568,102.14670959094948,50.482301469622584,64.6469682876208,129.4923094300285,268.85881060950277,612.280112841846
2020-04-27,384.70487541871495,102.48776382592754,50.71136897530637,64.03407345429449,132.13280517296258,267.4217907655113,615.2175868487602
2020-04-28,380.52111461664265,102.5647338560566,49.240496678908244,64.15629309975343,128.0728732571659,268.22566297729423,619.8317958115211
2020-04-29,383.39634903516696,103.17982700457016,49.0417437298738,63.70985173907318,127.92376484476175,271.79454929759737,620.6169532252419
2020-04-30,385.1532910108122,102.9391182635824,49.21636154925687,63.92757774478647,129.62363764606695,274.65814219448066,622.598174296947
2020-05-01,381.3012026042704,103.12872976560297,49.17687473890462,64.15547920586371,129.56127823438135,271.84891551522287,625.2151366557431
2020-05-04,383.69841118105336,102.87758410205858,50.025791130302665,64.06485689211588,129.8646192281849,271.7760434450604,624.9777033323022
2020-05-05,385.03469127061663,102.09726474649837,50.85883077973163,64.26616010518843,129.67694147354612,267.812384750426,632.9611734536356
2020-05-06,384.7238164173285,101.78018377416038,50.65375408835824,64.78610014622109,128.9744736361706,263.24662698843207,631.3870236772723
2020-05-07,385.94677186431534,101.57610267814145,50.765075788873155,65.14874923970414,128.58548253340155,262.8872264947007,629.6993432563673
2020-05-08,384.62246207601834,101.18757824846897,50.33437767312897,65.47591240155478,129.9999852967539,261.90007105560505,631.8554665735583
2020-05-11,385.925528806223,101.80895789273998,50.11250571856385,65.64010057447081,130.34677934340274,259.87426469986843,628.5064621914377
2020-05-12,387.7560816129264,101.18915709061773,50.47800895907939,65.5828109603532,130.4843232772784,256.3869615404194,625.1235276579018
2020-05-13,386.0042006305743,102.71486573019185,51.452761741203034,65.97030887120418,132.2332223817037,254.71542797956332,625.2805127457813
2020-05-14,383.9704756121482,102.80769235659315,52.43998616275454,66.18633010116571,131.84398817817575,251.49625649247187,620.8131112743753
2020-05-15,383.23349895207883,102.83586912022909,52.77814776883444,66.14743580333469,130.43768891560867,257.7320784365714,617.7565840001162
2020-05-18,383.0282724294252,102.38743485303165,52.15035761446066,65.7638409629505,128.5457725421467,255.7087047051825,613.511859665522
2020-05-19,381.80871235527565,102.33198018661149,51.8424830608918,65.67956030361293,128.50802743355206,255.38617544403115,617.3953091154102
2020-05-20,383.20724809228864,103.02991922599779,51.84029045264845,65.63877059775527,129.07875300836972,253.82039152598958,617.9758866605605
2020-05-21,382.7083853216649,102.6072705618,51.92481302564976,65.64609848120966,128.83696000337622,248.6323279767409,616.880951153489
2020-05-22,381.414820433876,101.72403011399967,52.783215405124224,65.97967214714855,127.97434176255469,249.34032776719647,623.4259341881328
2020-05-25,382.5180392150409,101.67892988919441,52.7162830602635,65.60487746240923,127.75074025262666,247.7057263272136,621.0976955417781
2020-05-26,383.97320631370127,101.6939050709986,52.80925288197879,65.20584908930003,128.3642506912611,251.7563274869445,622.854874510974
2020-05-27,386.1186245613866,101.92447301673604,53.06667825384555,65.32715347860571,130.09603643888954,247.46992149026383,627.736318985433
2020-05-28,386.0538882832485,101.61012795471746,52.68826989488731,65.5184964549062,129.81510804565644,244.83758156807207,627.2142219217073
2020-05-29,385.3560811251961,102.03497128084318,52.485724887369486,64.94369540435868,129.7170865264942,246.74183807455137,626.3006129795115
2020-06-01,386.1662035718061,102.47459169974638,52.06885495251598,64.9453425882487,130.25536051301094,250.09287807546767,624.5690149629597
2020-06-02,386.5695814255263,102.51052669042164,51.646493827728136,65.2127031902485,130.38704172995307,252.88433951199698,628.5788016140166
2020-06-03,386.47508943242485,103.16144131605434,52.27021867657437,65.3741626720019,129.14895689538284,253.42868120974018,633.6037048042708
2020-06-04,383.44975079360205,103.68872409966868,52.02193822990362,65.79890640659174,129.35368953858045,251.09263869932076,634.973676761855
2020-06-05,383.17047243508034,103.65696792625141,51.88554321158656,65.55205263195268,129.65611821500397,247.69946073422085,635.5703167897889
2020-06-08,385.95475180818954,103.35388746897505,52.633591582071055,65.27158174146813,129.87631713912336,250.42417106660454,633.4263918355276
2020-06-09,385.5233857492223,103.98956333388846,51.39277269845392,65.30151451642905,131.01064399711777,250.8305186847464,635.906517353096
2020-06-10,386.44172330971975,104.41148597312893,51.60444503504853,65.57543483351623,130.3568637438816,254.439471125846,643.2713935484012
2020-06-11,387.6640748630193,104.0480025529411,51.67922198694763,64.90397744152962,132.68417440651754,252.95483631071878,641.0542895709823
2020-06-12,389.0618978232404,105.38415742445117,52.34649891219671,64.64190415827919,131.03545286893657,253.9282730229514,643.3847136923467
2020-06-15,388.0668324767853,106.38755495412778,52.27512172409782,65.11115957725335,129.85143985645806,252.50664848414243,644.3200108261817
2020-06-16,387.62959378861524,106.14964707058839,53.35284420100659,64.98315967809924,129.50385743815005,252.70641311745158,643.1360185399932
2020-06-17,385.8839680852435,105.23824188818155,53.47682073159857,65.72677847284525,130.1497196370343,252.6189901297758,642.2020534765406
2020-06-18,382.6875772179964,104.68501715806036,53.45438961300713,65.98147475579914,130.26844977503958,252.63750489542826,635.6254826922786
2020-06-19,381.2971218742747,103.82122236710026,52.63477438816687,66.13713808950938,129.6362461635901,252.0857123231615,641.3158330105659
2020-06-22,383.2719273704866,104.82373593188981,53.12443481991199,66.39343825926206,130.02639170197807,251.46875019519777,633.7285264542453
2020-06-23,381.30347810629695,105.73674583277004,53.900601226378235,66.25181238652321,131.23576433644772,251.74027956993103,638.313107406217
2020-06-24,385.131883183163,104.83261942274956,53.50772200326004,66.91774273447714,131.09729751251604,252.48135063058677,629.3946727882951
2020-06-25,384.5080447161228,103.92202848241483,54.213100251552326,66.5525744272888,130.92119825283743,252.18409049823092,632.8004009067516
2020-06-26,386.8328291102706,102.18209760589212,54.49377713150308,66.67285695529775,131.67025907681204,251.7313619445225,622.2965564071691
2020-06-29,384.9349186029432,102.10278505682506,54.612239666371714,67.01958104605893,131.1055107299631,250.3031004383857,617.9185453205272
2020-06-30,392.90079923411156,102.29568075722212,54.90796350931258,67.12209023685581,130.96211223489198,250.04223730017628,614.2245370568418
2020-07-01,392.73084289982575,102.9997465831279,54.63978373344319,66.90478062152488,130.3904874584253,251.75651193337436,617.1199116802519
2020-07-02,394.45769265969506,103.06113612983332,54.366890825320816,67.14188500923522,132.73984022164947,251.28930163382037,621.1652872283447
2020-07-03,395.69064648229187,103.55679772677469,54.46837429602613,66.49240333204517,133.36871705425918,249.752554880201,616.2107921706395
2020-07-06,394.322598950503,105.003226030356,54.35227627597203,66.05561837218127,133.87968689639132,250.326303200898,611.3853623040811
2020-07-07,398.2315314724246,105.1817612743954,55.12208863461026,66.18098828864879,133.71161042886183,249.52112563384603,617.7909836475767
2020-07-08,396.691747971413,105.12291270194014,55.12054124313152,66.07530200336487,134.54374308918773,249.9259233718457,621.8870305133454
2020-07-09,394.6845922328148,104.92975758051868,54.95473749139603,66.08438082403914,134.73921141672298,248.80394430228407,617.7445237224101
2020-07-10,393.9072837243885,104.7830307831821,54.147287608903355,65.9346398987636,135.08328173188178,249.22755929396226,623.2696826811859
2020-07-13,392.58934619476094,106.39157552284902,53.64863171929005,66.0077207461557,136.65724510688332,249.10043466729255,625.418892255023
2020-07-14,392.7875457133008,106.87896336206325,53.01291975877213,66.08735496759283,137.02367083195233,248.65049727950466,631.0318537196312
2020-07-15,394.96730605276673,107.10283190974646,53.01745788272567,66.33370279730579,136.89231420896698,248.83813851816168,623.5582131025365
2020-07-16,393.95702949513674,106.89830856709874,53.58938442680332,66.42435268626375,136.19771955242658,248.094116366251,622.5776963693755
2020-07-17,395.44821488894405,105.8528220324437,53.20147731355705,66.66520591199328,135.75939728598397,252.0012332436833,632.4137822513629
2020-07-20,394.5746410738143,106.09496476752383,52.10639665680862,66.60820433242661,135.86310067017675,252.76228770464945,631.4347092850637
2020-07-21,395.9290072839958,106.41035764909242,51.404693390580185,66.56021057855399,135.75633876144445,252.2447036524434,638.4626106472459
2020-07-22,394.39286369313186,107.30704611561767,52.16991160599817,66.99427351817523,135.14846066937895,252.661005949324,636.135183379657
2020-07-23,396.3857046616584,107.56780756986066,52.846799540498196,66.95708615544137,134.66819096460253,251.96846229137364,643.998469146274
2020-07-24,396.5185075739572,106.86720539686901,52.50628001879191,67.30791245567816,134.9094104330789,251.23160167341214,643.4714819174782
2020-07-27,396.8064945316994,107.05336489172926,52.922002255457514,67.16380519285632,135.13944873244495,249.36223993732497,646.5400171659111
2020-07-28,397.30452451852915,108.65648428018943,53.19676744167049,67.21947588317968,135.50158178283206,250.6058521427711,652.2129483736826
2020-07-29,395.8278239611903,107.90920257237295,52.961513018166436,67.48393198788798,134.8985482075632,248.5990593756773,652.8835791831814
2020-07-30,396.95998075615796,107.50497063077819,52.69946916513926,67.55929465557315,134.35602700694122,253.20096795948243,652.4418479784885
2020-07-31,399.7648489603216,107.76043559044096,53.03552979197461,67.62828122265967,135.9284347538831,251.6189190304845,655.375798047458
2020-08-03,401.2329946950195,108.33635141294256,53.14580205382605,67.78649517439239,135.3372874998041,247.26731439226958,643.2471855461084
2020-08-04,402.4745778763768,107.1187858861443,53.12684011572931,67.52373318501584,133.1743784382615,245.80373473207908,648.0440341009689
2020-08-05,404.3671904296545,107.54367184645265,53.2086637083922,68.01690905163593,132.98664667096887,245.84492874447236,646.3238775689592
2020-08-06,406.0850126052587,107.19320378531643,53.49737514929298,67.61116799002109,132.72412803565794,243.84227969121736,637.6901609561521
2020-08-07,406.8719931205293,106.51107949747994,52.127914403932465,67.43088591324066,132.30249202752609,246.4522722120189,632.7889159307906
2020-08-10,407.5332620637528,106.69272260856731,53.19828997292762,66.96907306131723,132.03670224345592,245.53726089068317,625.6669675771158
2020-08-11,405.8350273987429,107.12179023033441,53.44426899129592,67.30402713902458,131.08939524259665,243.32996054256967,636.3285163744763
2020-08-12,407.2188550553243,107.07580989098877,52.662829936027116,67.4213091218945,131.01852993798585,242.2968222656487,640.9307289556268
2020-08-13,402.7315059030736,106.82055252222482,51.750896443160556,68.20668235047295,131.20108502952635,239.90912985503184,637.2261491404577
2020-08-14,404.8212687298005,106.51735032124769,51.3652512286985,68.14654302505502,132.0099069893278,239.19878911129828,631.4492747770981
2020-08-17,405.1805471567936,106.86676933389306,51.849523589814375,68.27959626500706,130.85527267257666,237.571781604892,633.3660342902739
2020-08-18,406.3748056482979,107.1361223351794,51.59152032804688,68.82416733942497,131.26527221366757,236.91428657950746,618.2188601581988
2020-08-19,408.475609525456,107.3152187393365,51.80638254269151,68.95063508119046,132.00491950077057,236.61968668222414,618.4123028643066
2020-08-20,406.78568769002015,106.77895188896855,50.76912655948063,68.87544747064725,132.26867240319572,236.37711253584717,606.8007516424705
2020-08-21,405.40856224639845,106.5237888764125,50.956228668768,69.11803029060117,132.14111330263475,236.1741359674443,616.1355243796264
2020-08-24,407.5742120287434,105.37529488687082,50.62030423698701,69.15616617522701,132.2711327373429,237.84910386277448,612.6036561041564
2020-08-25,409.8707085715287,105.18248528177904,52.38563460739296,69.64192946589245,131.2782000950363,238.49735764949995,611.4537193112214
2020-08-26,412.36661819847046,104.82608206877369,52.46901268553696,70.18569015220348,132.95421876151974,238.0987224018108,615.9782802251004
2020-08-27,410.0486906391018,104.55723585807361,53.82671262171793,69.86937198309425,133.40203582298287,239.34521552812316,608.3688347479422
2020-08-28,413.087904955351,103.83745054621355,53.61323262259879,69.4631248136808,131.63677486605891,240.35825484503044,608.5585584199974
2020-08-31,413.2241085469276,104.60576524794327,54.60248956767244,70.11257373635745,132.6582885788407,241.88727372784558,601.4624285106858
2020-09-01,412.5339653287205,105.03914679939474,53.92038842446642,69.85118431239304,130.54879087940222,242.13898630008634,603.1130438566652
2020-09-02,412.51701383119666,104.47464241542951,54.78558680985828,70.18468755638071,131.14547790136655,242.90346751275786,609.1073636026233
2020-09-03,410.51778636411757,105.78580523551828,55.34205285410906,69.81853235742778,129.56285186737415,239.1960666149214,604.6066416531595
2020-09-04,410.6739924116379,103.73021434091918,54.608577731503516,69.44668016862174,129.25117356386696,239.76341261885722,593.276559732035
2020-09-07,408.31360869290467,102.68564602343177,53.45995037679296,69.48504208036549,128.842746995657,237.26591476142906,599.3805918660637
2020-09-08,406.71134725614263,99.47229938125383,53.39804244839233,69.32748499378901,129.38316537369053,238.66240676578718,607.1727695237548
2020-09-09,403.4885649078669,100.22568918395329,55.31664899581863,68.78260069612533,130.13119414450836,238.13297332414385,615.9977951763352
2020-09-10,403.36000743583776,103.07163491445198,56.9087430770897,68.48186187551399,130.50155564292285,240.36463101072283,623.816001535054
2020-09-11,403.2469877662474,103.30771349792367,57.62578101458248,68.05509933878494,131.158590561482,241.73314375616425,630.4606710072067
2020-09-14,403.5888798898293,102.19146764479004,58.46480497019136,67.84392746323105,131.6979029372768,240.8936523343536,624.1914987197641
2020-09-15,403.1153967612467,102.26131776815748,58.501298227555516,67.71539130628187,127.58315269959766,240.10896815549614,624.5643529060941
2020-09-16,400.8306795237726,102.15116350758345,58.5064245128045,67.23350405547512,125.72505393530146,242.26825354966704,622.66936180719
2020-09-17,400.47798102595374,103.46160478846357,58.093235498575616,67.51136601845779,125.71157458515482,240.40971681327383,622.9338599759608
2020-09-18,400.32580165868336,106.02235288934108,58.74556201949345,67.68594628200948,126.18489698222575,241.9941504947423,621.7253472751362
2020-09-21,400.90320632300416,105.32240726424973,59.30551806100878,68.48951302569832,124.23236377106092,244.95086511216502,616.834953428913
2020-09-22,399.7157691253122,105.51740540755308,60.18891743482463,68.56845954464853,124.08472190063785,245.53047193450337,615.1670679569498
2020-09-23,400.039600569773,105.72134122351342,61.045561179044164,68.51732105569926,124.62858643173801,246.16912625834738,610.2024399445106
2020-09-24,397.7652696268489,104.04950347730444,61.681898895725055,68.44842929072577,124.02881708015133,245.2950499632679,608.8651623168796
2020-09-25,398.59281163515067,103.55402531683988,62.038177948846105,67.62213663666772,126.65545090839261,242.95924849503191,613.6382206754911
2020-09-28,396.0972601631627,101.83841429988834,62.52470353275535,67.9608531858705,129.07615720090297,242.6588670055766,606.7371553820043
2020-09-29,399.7783307607393,99.71094352879328,62.5868107971028,67.575401063608,128.37236168591346,241.26772502979222,603.7978567110938
2020-09-30,400.64611829065757,98.59244799112355,62.857414293788985,67.47648903407372,129.10622120680813,242.62256616893475,607.429476999443
2020-10-01,400.6567717523957,98.84559318205685,62.97744666051437,67.81789950057637,127.04585572655334,242.61950514458377,611.295625010941
2020-10-02,402.66172980434095,97.56803257069643,62.295079698154986,67.84515358551413,126.89953770128751,242.5609179053081,622.6520384099948
2020-10-05,401.9523475613545,96.20540037468906,62.24017501015846,67.83677714704183,122.65311117136157,242.9220031486933,619.0338332405413
2020-10-06,403.30426130091246,94.8120717689348,61.554247729112404,67.60636373513155,123.2573110837321,243.28812577189953,621.1504359220693
2020-10-07,408.1483421795644,91.79421875446683,61.719324957314555,67.44849103344396,121.93489049310688,242.54615032510875,622.3717888642914
2020-10-08,406.44344538604486,90.61113211562399,62.44358650789448,67.23272226330593,121.67279048889186,241.324537161956,625.2140479744239
2020-10-09,404.25369394250754,87.85600112974497,60.795042148612715,67.79858808489062,125.17976686533368,241.79146609230108,619.0806371947604
2020-10-12,402.64796394415566,88.52962759197791,60.375471689176756,67.40472137954862,127.30085081201226,241.16779808565337,623.4098798272972
2020-10-13,401.3596032354019,89.26220666846744,60.49564731848698,67.21156587229757,125.62083190637064,242.16011637841927,629.3446958370695
2020-10-14,400.61332171536054,88.22472761668978,61.78569677568819,67.27254449580907,126.68766169563628,243.8159302771696,638.4372207429316
2020-10-15,402.525668919977,86.80218339139492,61.50158514780955,67.42285910742456,128.3823908984656,245.32828935318813,643.922289454766
2020-10-16,403.02412175697157,88.21722923828203,61.786825769173284,67.10875963195471,127.0749285094763,245.41346890107383,647.5317131576089
2020-10-19,404.248863117768,89.9897863808725,63.17024694518106,67.23016503021337,126.70835312199452,246.8571647563281,647.4798619058035
2020-10-20,405.89306074142775,90.62941213151184,62.62922933399862,67.31344473960584,125.7113728469146,247.83215604218117,644.3098003978668
2020-10-21,397.53407252546856,88.05018804796215,62.54899091651786,67.52200251921847,126.05203683771545,247.6057552854347,644.0846636068138
2020-10-22,399.43134901399685,86.45832292870367,62.7169222548759,67.46770869872991,126.46490017347728,249.0866620359007,647.6799455064141
2020-10-23,400.4473893361515,85.28271874621755,62.59195000019525,67.7472620124415,124.96870804206068,247.59342281432006,643.8758980902745
2020-10-26,403.91400874854565,88.15319471864088,62.67763895907074,67.81376540244636,126.2723500355351,248.42424198918042,640.9969460620175
2020-10-27,407.98276805058964,88.13142134108966,62.11289933466316,67.93563672229524,121.54090937208542,249.59720018485228,637.8865030596011
2020-10-28,406.9559127055387,88.11981087728714,62.07410747737928,68.71707096235203,122.9311728247176,247.44352032275842,633.801698900971
2020-10-29,406.23210196162023,88.64754688609187,61.60806502682734,68.72018633736425,119.74704655573802,246.08903572488842,633.3538303503897
2020-10-30,405.24240423127316,88.20552912125079,62.18326296033326,68.71380834218155,123.02152156234973,249.8515855643415,629.0013987237098
2020-11-02,403.91902001295557,87.94497488674713,63.094167738827956,68.81288475725846,124.72390330597541,251.23981730268653,633.9210352390229
2020-11-03,403.3201777895612,88.50168772450611,62.80509723099818,68.75472320410547,128.5317981691276,248.22309088072544,630.620566281635
2020-11-04,405.0277882638817,89.03719691636623,62.19146606149524,68.76768341631247,128.66933330710575,246.82144058707374,641.96694476748
2020-11-05,404.3152015362564,88.78851126204788,62.26707690122582,67.81872897964342,128.45521980515778,245.28323128475157,638.1995532608514
2020-11-06,405.61547753628247,88.10170281580295,61.890346329962746,67.87770839626332,129.05364053680782,242.50600465220896,634.0249594763286
2020-11-09,411.3932452414439,88.07642071658763,61.86130766289899,66.87416948131647,129.38701148436337,243.63675800194855,643.181747983752
2020-11-10,415.7132804441582,87.9602840190216,61.58376920023461,66.19064652680478,130.1755038919392,244.3325128007082,654.1195109177797
2020-11-11,415.4137038012554,87.95925175731482,61.752268010453996,66.04393800355186,130.97162407721223,244.4186599991163,660.2412227667937
2020-11-12,414.18253116853873,86.71105587173562,61.700733047025984,65.60016631148652,129.40687494506443,245.48136066936598,655.2666385867104
2020-11-13,414.1885317135709,86.56992363013009,61.27310894450944,66.11182021138143,129.9035671953971,246.58270726588972,651.7370218246123
2020-11-16,414.81402500058465,86.03516116375961,61.16667548745012,65.8986856324862,130.9861687682594,247.70503047795518,653.2054061243838
2020-11-17,413.00836646365633,84.58346966714461,61.08261555113348,66.11293416320339,131.55110811833904,248.0119652832691,651.3222362388303
2020-11-18,413.91506774268663,84.01424071166038,60.801584946304786,66.221814085531,133.46986576572198,245.07990479817767,647.0963854947476
2020-11-19,414.25226901498434,83.03371679962122,60.63694487314243,66.0609358987977,132.24728772425775,245.22569214533863,652.2423498746931
2020-11-20,414.6393382129644,81.89197351862059,62.36044249138873,65.47846245379574,131.57224576517876,241.74513265416843,656.0221474415935
2020-11-23,414.83758772963967,83.0000906963988,61.94490100112847,64.95874014432486,132.31168015942217,242.73900385813877,661.5943998064031
2020-11-24,418.80762871160505,83.08850070314224,63.138257140333664,65.18720450529277,131.58242539835294,243.23347123791,664.8151197126411
2020-11-25,424.97284841370634,84.4331074169555,63.164277248775875,65.1343447948475,133.12901755006538,248.1111635299367,668.7016011022957
2020-11-26,427.4165048219197,84.99347156822601,63.4889086678046,63.380686598417846,132.1186774024038,249.16146609318037,669.0254177640483
2020-11-27,426.2099048645136,85.08398193616262,63.641679880234314,64.04111800675821,131.96126956572843,250.85261219864353,668.5316308081764
2020-11-30,428.81886199399725,85.05376770661832,62.749717135041145,64.00474492640804,132.14324765166674,253.5257208159612,669.1850949556897
2020-12-01,430.5911226946736,84.2339637723004,63.839933700799826,64.52376438666512,133.42100284126101,254.96104865965978,671.2169887863862
2020-12-02,430.8684336066696,83.6250673504104,63.50305856972806,64.64863402530877,132.7206925672578,251.57844701509003,673.3948090580737
2020-12-03,432.9821909110311,83.34740706887457,63.44100930635871,64.53123774707899,132.70468168163302,253.42350420962822,666.1545982609506
2020-12-04,432.9074945109636,83.96191960553774,63.15445121088917,65.16020435285722,130.24881638437273,253.3920783874186,673.1811814005946
2020-12-07,434.2710174456974,82.83282598392437,62.20495523874364,65.63521887116889,131.5830022330551,254.27834926897975,668.9564503239468
2020-12-08,435.16620639833184,82.6020971216723,63.396777494224345,65.72082618459116,132.17726322469204,254.15581284596513,668.6735584381989
2020-12-09,438.96529190853806,83.35662536372647,63.19859279168356,66.25212977875283,132.19715230398725,253.44424062519747,658.4110112969475
2020-12-10,435.39164847262924,84.54511557842807,63.55579254746053,65.88252505280951,131.5890673601414,255.19619645177582,660.560555040591
2020-12-11,437.61648075118967,84.35861926774427,63.143260192040074,66.40139765664209,131.06245537264167,258.0692912461263,660.8613684633955
2020-12-14,436.7553919981803,84.57378447035043,62.70238512386094,66.13543712576123,131.7074627510781,257.1791339528443,661.0256745020316
2020-12-15,437.40373372353275,84.02604523397815,63.08166420054535,67.60872441914461,131.02353288695332,258.89425892313824,654.3468385316914
2020-12-16,436.709810149853,84.42985164546856,63.93443012160092,68.36483847691932,132.02437074822873,260.47053085594763,649.338311719307
2020-12-17,431.5119014621685,84.54958796556201,63.669574492221585,67.6339202957925,132.66491118146038,260.0736104533255,641.6293773712629
2020-12-18,434.2879790444313,84.29690687730233,63.56655513654489,68.09787150872067,133.09623825072023,259.20955839489505,642.9108108081779
2020-12-21,433.5836715631268,82.96813179639851,63.795193381687206,68.07738282869731,132.94222881764696,259.1269140719306,639.7824014347308
2020-12-22,428.96515451059014,83.38369386444084,63.480503672057,67.545616361226,132.0271849687119,256.05225675207834,635.4475005862733
2020-12-23,428.03390118755993,82.84246928110707,63.4981580512139,67.73294490309509,132.9547864938705,255.74612750571887,629.2423998875181
2020-12-24,426.7894657885405,83.48543893912205,64.00180778036027,68.15400103971147,132.8928596858426,255.3594278902699,629.1717357781355
2020-12-25,429.1840460026145,82.9324283379244,64.69669091372722,66.96725935253315,133.6682157068996,255.1163089346965,625.7843246199265
2020-12-28,425.80697435506147,83.0970311348157,64.63317461957685,66.89722752616791,134.82007493747463,255.18872115093018,623.5115154839013
2020-12-29,426.69562179492914,81.81082608850906,64.09326068882662,67.3984522612363,135.2133848005152,255.84470048896094,625.748088010206
2020-12-30,427.02033325440533,80.58020433118755,64.02034953993733,67.58860692977217,134.76806261607356,252.69258354252565,626.4850806784953
2020-12-31,424.0996442057513,80.3758851032523,63.958040320725544,67.24909671971425,134.0667721434374,254.11327337353723,628.0708643093213
2021-01-01,421.0809962170997,80.03665678447742,63.47020818189917,66.89153905344017,134.0655482851033,255.44397806172026,633.08359557114
2021-01-04,419.0993840525373,80.69663034442728,62.27584948814922,66.81210355902085,134.23197785145902,255.9170342602264,636.2655371650386
2021-01-05,418.0078965384805,79.01903082686121,61.90296269716146,65.68807952970634,134.44350977080927,258.3688169603135,633.5794275617885
2021-01-06,416.77544701731955,78.39286005216104,60.13888940502263,64.90530852723018,135.67757168458337,259.44699619677533,641.7474821632967
2021-01-07,418.322348559072,78.24923834710482,58.18270395541836,64.72290550532173,136.01048530015456,262.8503570510745,642.3326965228125
2021-01-08,415.540629388634,76.1871846540987,57.74776572674257,64.94631801267704,135.7079339403814,263.8917481385994,643.1607047655222
2021-01-11,411.51873080171987,76.36703469428005,57.96239957981727,64.81218149012766,138.04904213459815,260.7213425070438,643.1565584021894
2021-01-12,411.09231938897614,76.03922581831578,56.84971287238204,64.27341767306676,138.0851897349421,268.6644224572481,644.6730025927552
2021-01-13,409.9217601683398,78.31959947227087,56.1422184235256,64.26150108169192,137.58478954378006,270.6959801740813,644.2514216005665
2021-01-14,410.2362405708886,77.05701134564247,56.60633687827944,64.42774061521813,136.017421318529,269.8530011302294,646.9132355118976
2021-01-15,410.79675282015353,77.51362382918751,57.29152458445877,64.626383339185,135.2064335324205,271.96848763284527,645.4297952851638
2021-01-18,410.8580588080225,75.44504414218264,58.2804332695076,66.58476861074075,135.82183974888827,276.1574616200115,651.2320097379584
2021-01-19,410.17933404288345,73.87982473132602,58.645231433531166,67.98110837666427,135.22882540568745,278.7587286160855,655.6030676297172
2021-01-20,412.55537864922945,72.94822685108625,58.46525098375179,68.33626858341307,136.90040376954278,276.878857127219,653.3124381242866
2021-01-21,417.8581756703521,72.7330188504727,60.31146169356937,69.02203834136738,136.52679521400023,278.4171228734956,654.3705593867959
2021-01-22,417.9267997070126,73.56331356746341,60.76692857755138,68.50986743697617,136.6219135037635,274.0362122267287,656.0876723771676
2021-01-25,419.0001891904193,73.94152463168503,58.69311351742996,68.38599335737305,136.2625971025915,271.89037053045206,654.775499228827
2021-01-26,420.4619359887478,73.87417384198726,57.51986921168451,68.34015318984125,136.88304464912613,271.92149928826865,655.3698948512337
2021-01-27,419.14721322696215,73.15313768729635,57.946553879520714,68.31600197153087,134.73164214568575,271.9710536633618,653.959057036779
2021-01-28,419.93279015158333,72.34064612758259,56.24838687184624,67.53859431242527,133.3893574763027,274.16087440126074,658.3052763787508
2021-01-29,419.1625105174538,72.99594273924484,56.48432148811645,66.80013095948568,130.8106895653944,276.13090428106807,655.2853847952672
2021-02-01,417.38716473497993,73.11278730483025,57.608462809878574,66.62044604534309,131.45702160764478,275.2979869192278,653.188374995579
2021-02-02,416.80296482061294,73.52574574302511,58.735123527578736,66.27385517043258,131.53446415133246,275.579984100017,652.7261884705933
2021-02-03,408.7717923510198,72.60950827519659,57.890437965968246,66.46268831486762,131.8683135018658,273.78337087882085,652.9744617606602
2021-02-04,407.47428424525265,73.1826370725729,58.17214398638993,65.1876765875945,131.2070613512948,275.8536592963964,652.261499732547
2021-02-05,405.6235273629688,73.14225535211517,57.03078674561687,66.18170713362495,130.6394332304966,274.61012973803923,648.8080807684044
2021-02-08,403.25270591494467,73.33289040613698,57.360850205783294,66.02114106064612,130.49581497919766,273.68856402824804,641.4830178189669
2021-02-09,408.61242230962307,73.70834308493164,57.636190393940154,67.1961092014901,129.3718161392525,272.2107946938206,644.3018967256158
2021-02-10,409.8917923232401,74.62899017983581,58.3177095740231,67.27051893050002,131.4429900687106,270.1583761175889,645.4459338906017
2021-02-11,409.44378421188617,74.98267534823856,59.39465731700036,66.43967045844357,131.24498967897918,271.8378581113937,643.1075532367216
2021-02-12,408.22610613240255,74.84664943281014,58.32717551137559,66.48780397761176,132.38640500262574,269.42561489073404,642.8578337394248
2021-02-15,410.8176462449964,74.52651651901999,58.73848952680147,66.70107448766798,132.68228208299715,273.8360239461965,639.1125826014754
2021-02-16,406.27301766362524,74.69791109401862,59.879964546698865,67.20314528343211,133.7541781743469,274.05641105425275,643.04000085015
2021-02-17,401.444637134649,74.7356377826738,59.22509928756683,68.04253169584808,133.77077350676723,274.43753282960313,644.9837902553596
2021-02-18,400.64173992582766,74.62352769184228,59.05761938952135,68.62198463431783,133.28687244519958,276.74619132765343,647.6878015230985
2021-02-19,400.3553810039015,74.57854151807608,59.11435453964503,68.72566361156095,132.96901981651365,273.0317533661182,647.6148362336962
2021-02-22,398.73019890593804,74.74053305105471,60.34839962241184,69.22512736932842,130.95561388870155,270.3498728001343,648.6623911800784
2021-02-23,398.29973924789863,74.84613074589221,60.63034850576205,69.59472085966388,129.99435960013307,270.46994996123186,652.68413433138
2021-02-24,397.72558146787395,75.11679710462172,59.42329585929272,69.36877823299038,130.36995270646773,268.63387991073546,656.6402831210904
2021-02-25,395.13288067195185,75.52909832865784,59.59108193630537,68.44414494922401,130.7016392629089,267.9644578758785,658.4813213429037
2021-02-26,390.7162177265155,75.41600222648422,59.68290983661882,69.12440908006751,128.90279709628797,266.81321293467306,654.7960882797883
2021-03-01,391.01541675603295,75.30404382445583,62.42083368582509,68.37631381478118,128.0949062364961,263.3365950000219,655.9134739855186
2021-03-02,391.1059500313821,75.88347754030725,61.7128490078019,68.22471062619088,129.49911601810962,264.03591986290286,653.8307384677097
2021-03-03,390.78971337749493,75.77162264196328,62.12806871299733,68.12749960368077,130.36853601389026,266.45707317458533,654.8500432129931
2021-03-04,387.55452990912755,75.38384024154684,61.517969452097184,68.03839982865395,131.37222629342855,264.31330732497423,659.4138638596651
2021-03-05,390.93484032146245,75.67290521977255,61.87874310321242,68.21332551354713,130.99055185847348,258.5445081106384,657.4958864088284
2021-03-08,388.9280651558334,75.0237173525157,61.94117221435853,68.36987066004006,132.1282071905844,256.6854117468499,655.1147914812915
2021-03-09,388.7773593690027,74.44511030929054,61.92080707347398,68.4332382553181,132.8086268911778,256.3556819263082,657.0607263522597
2021-03-10,387.57100756108326,74.22433181696965,62.350460659051514,68.48463728049258,132.71393172648516,260.69127041220946,650.6405511360409
2021-03-11,387.61401044124153,74.80730327881697,62.492837369168676,68.18261753475407,133.37330570959327,261.88496800627604,652.6663132062084
2021-03-12,387.21937945095993,74.63106758575505,62.41527131400903,68.4836104758337,133.62749137313958,260.8628528831717,656.8379872314825
2021-03-15,385.58139181776517,73.8897204329601,60.46781567565513,68.51045099362695,133.70804579024957,260.7073426257517,660.5661154687978
2021-03-16,382.64237304736395,74.11011795030176,62.515171287307716,68.84336660237425,134.2929371472914,262.5291552454707,661.907365458431
2021-03-17,379.71893033315126,74.69185178859803,63.22609767415131,68.12445139465834,134.29893265233585,260.7297206025872,665.445982192889
2021-03-18,378.37917701181084,74.68804862417879,63.58013057612938,67.83217188630259,135.49424135728958,266.6712360002318,667.0770238559162
2021-03-19,378.2029970403783,75.55368906856152,62.70748527959194,67.60401513939885,136.84544750943186,263.5548223431062,664.2691541879574
2021-03-22,371.7271470244244,74.95907328848068,59.786917214621006,67.68597818156682,135.32947230276417,266.4660752689466,661.2233765296565
2021-03-23,366.27434334338557,75.59545290985464,62.26497848359253,67.81081499498303,135.2559163656741,263.8726143545055,658.4827410736856
2021-03-24,366.2763572852572,75.82086630565492,62.662264471402686,69.04188056758932,135.17833678408235,262.6506802683851,653.1616326917277
2021-03-25,364.01540831390514,75.89659119930629,61.86915140988597,69.47234560601994,134.80851744544168,263.407358384865,656.2514436717332
2021-03-26,366.4892631495077,75.01850052029648,63.31084187632229,69.43005073479809,134.9876203999189,265.3519536195095,652.9933470794317
2021-03-29,360.6988943359657,74.99057302465094,61.91884064453009,69.23425548036207,134.51937485902602,265.6923348016595,654.0684690672163
2021-03-30,360.77478677968696,76.49853689375834,62.3477468381868,68.30138997612953,134.22360755152593,266.5398716406487,653.6694657383531
2021-03-31,363.47767582535465,77.81285258319947,61.99615326007388,69.23316242651083,134.52259064553323,267.6583279735125,645.0900859702348
2021-04-01,362.89599071708074,77.72834776258023,61.44525465085726,69.87840386626053,135.37993856630638,267.9612259386485,643.7602491775992
2021-04-02,361.1284954623968,78.05086553481611,62.23489586483779,70.4051544950617,135.23554703364184,269.43838661903834,640.3411806130905
2021-04-05,362.15209924843117,77.75251693929025,63.120803800024504,70.37747718599859,135.99943062282054,269.8796778188893,644.375934273909
2021-04-06,362.03514248188867,77.62176893736562,63.759265977524144,70.30021967688694,135.4710241776275,272.787227588577,644.3156601350091
2021-04-07,363.6857837099507,76.74357932343918,64.58088866766663,71.16567494487619,136.56966488436822,272.7410060458697,644.5579824195011
2021-04-08,362.33786627776294,76.66666629941777,63.80752470121769,71.74856552953771,136.98953868201028,268.5020554988317,647.3073329805964
2021-04-09,360.6915042578783,77.09963648308923,62.677936730807446,71.54970719064798,137.1307429446978,270.53543642873234,637.5226069421357
2021-04-12,360.89253755209506,77.023279432859,64.00631877004807,71.48612562658455,137.48209104295734,272.8768557519266,635.6717951407569
2021-04-13,362.169134573186,76.04260093361967,64.89490384178652,71.45952370178269,137.81957643514158,272.50626347329984,642.098708236108
2021-04-14,362.6319291547011,75.87116056756206,64.12623660074105,71.13956285753488,137.70546268009505,270.82268653627324,640.6564361357097
2021-04-15,362.3446935412485,76.44737135632653,64.89975275659613,71.40098035537474,138.33336118008592,267.9890447012548,639.5333442926202
2021-04-16,361.4833883566721,76.27186957488429,64.28449932186972,70.75078143267417,137.46250207440914,268.6759288882162,647.953530969176
2021-04-19,363.152724360471,76.02983377994589,65.96704279535469,71.47968208132092,136.66743918757857,269.00838504335024,657.4703316791745
2021-04-20,361.5645722162273,75.9796405218966,65.37320326248579,71.65682033242713,136.58389854903078,270.294851710193,654.2069030384104
2021-04-21,361.3582357018389,75.2905912888807,62.126908268423676,71.45699865915742,137.44182939328965,269.84417630757815,657.4098245885875
2021-04-22,360.20015814773313,75.608014395579,62.731837531264894,70.85794053783415,139.13452693966997,271.0905534444097,656.6341661879943
2021-04-23,356.3631529757809,75.41356251069165,61.4091389344894,70.58720480689996,140.18782467524167,270.2759663223526,664.820020047576
2021-04-26,356.21871654446966,75.76097580525592,60.84937439246117,70.5845743990504,139.31529017610498,271.6370509482902,657.4742511669238
2021-04-27,356.0178333360483,75.85888927425428,61.45912676088729,72.03016207290972,139.21465880555067,272.19589662553835,655.442687630721
2021-04-28,355.07155714286233,76.30804145897726,64.61546087384842,71.99087992796711,137.8598848337227,273.3991586386698,650.715041596157
2021-04-29,353.5369278464357,76.00603750109074,65.05537192938557,71.35496958880232,139.45956633818534,273.1971985843514,652.0691080099353
2021-04-30,353.22107372621286,75.67334167727043,65.04962071443798,71.00184633837101,136.83934389295104,268.7549820226589,645.8285455251363
2021-05-03,356.09531630396816,75.13463125603893,62.96607547624943,70.54335340135373,135.0257585061584,267.06440881616845,646.0420749888319
2021-05-04,353.6271449634451,74.96970210262018,63.098180119513316,70.39804859984481,135.38102341349224,265.5223991370982,647.9820288758817
2021-05-05,355.0656497128977,75.28657386363753,61.54338871309119,70.22215710600611,136.7253066464299,265.1669104100199,642.3152143685318
2021-05-06,358.56202546831406,75.40207185705934,62.713184815432484,69.69514525592098,135.84497610761767,263.70893702583834,653.4889772984912
2021-05-07,359.8176601698941,75.19137524354164,64.32431419419429,69.58227484984981,136.42058049479374,261.1399033742189,654.6413219830193
2021-05-10,358.35947203526575,74.88666109615527,62.236916283745565,68.69888894174656,138.62515709783403,257.58062912352176,656.6666089287639
2021-05-11,360.9217805442528,75.13501660253893,61.98867558280435,69.6445999862886,139.44368716212054,251.61204030558872,655.020715384792
2021-05-12,361.5266760743905,75.32985451959934,62.1308110520865,69.54014955720707,141.1000983664699,251.97205720383727,659.2196641955627
2021-05-13,363.72089186972005,75.63528731100595,62.938352337871926,69.51233013002555,141.17417828762916,249.58172107365138,666.1278331055775
2021-05-14,359.9811965305443,75.61116079733448,62.76681281370777,69.46911999555117,140.19409619918193,248.55951548016807,664.520604514119
2021-05-17,362.0354618568117,75.68442268212002,63.25348678442421,69.90497462035292,137.90387162242047,249.90201105245055,666.237357154907
2021-05-18,363.5750433364643,75.4503499214744,62.65353889754642,68.6631879666495,137.69157651930112,249.41487210759095,671.7611424454003
2021-05-19,361.57508949795755,75.19150435092253,62.28466833663355,68.03930171904888,140.17691037609632,248.1113525995525,676.7469281147596
2021-05-20,360.5973573113148,75.17395361311335,63.62234409453963,67.97722972808913,138.02988120296115,247.65439472221985,676.549661539514
2021-05-21,356.38507551178117,75.86985456459863,62.92917503182623,67.62124666346656,137.82446715393755,249.3228528232688,672.540103295912
2021-05-24,358.09859579884863,75.57865404236844,61.879718998004186,68.16994852856648,138.53098444360137,246.66902181152307,666.5346203226487
2021-05-25,356.9228799510958,75.9233816720521,60.46605076771562,68.0566721270136,139.70398324030316,242.6311723858982,666.9517383704313
2021-05-26,359.4165945744332,76.26383732023254,60.76511503263135,67.23036019997723,140.81108858162872,243.31068479170932,670.5574517366523
2021-05-27,357.56430652779,76.22114898978683,60.09068179052063,66.8946343214365,140.18977187008193,242.67317012955112,674.0692821514391
2021-05-28,359.0137077220021,76.48954927966004,59.06284493270999,66.8425136025892,141.15506003580327,248.7574985360088,668.7631224173049
2021-05-31,359.56531705444615,76.69951252965934,57.85245711681799,67.8752017561506,141.85357193242376,251.9501043244145,665.1414189381846
2021-06-01,359.1194996220044,76.66974331509331,57.8353060374109,67.39108017122989,142.847543638739,253.06094541858437,670.5851225575665
2021-06-02,361.0042449903479,76.71416765287483,57.92314356236437,67.68919708780169,142.49629037201996,251.41099327358933,671.6434324651365
2021-06-03,362.05002982851613,76.41336075364185,58.85392193289451,68.27189678285784,142.68396505455775,251.26795511683886,677.8730576579477
2021-06-04,360.82157241756477,76.31971224418889,59.43629399289771,68.04029165246587,142.38632806631,251.01414175948955,681.454881617058
2021-06-07,364.3946315571603,75.99736976321735,59.81175403961298,68.73550354588475,142.43859780865282,252.18261659319668,678.3672830412238
2021-06-08,367.3756977904679,75.98767673319546,59.903138726925874,68.88810904047183,141.46310968145428,252.51968682706462,677.1474866908135
2021-06-09,368.0660686619607,75.25265380278623,60.44476546918426,68.55440248101048,141.55743566880238,252.57136945464137,678.8280867521107
2021-06-10,369.25384145268276,75.05467702525192,59.633679114608704,68.90976239845372,140.91292143510455,250.60583793784681,678.3730920176168
2021-06-11,372.44750018498917,75.05964341834839,60.38086540101945,68.40348735841441,141.66947343163156,248.8814844809642,678.160943135801
2021-06-14,371.445048719524,75.35814848005641,59.548535025649166,68.41533909078377,140.22101226182912,247.92168190015332,682.8572976004295
2021-06-15,370.2030423518037,74.93938939585179,60.17834944423495,68.03883197798002,141.2298339165285,249.70410711952013,687.5281445031036
2021-06-16,369.69223538634446,74.8390685613266,58.67095263271488,68.35633272411441,141.82768209346136,249.29291707516157,696.0045494671588
2021-06-17,374.35610508760817,74.98309733359434,58.03211047697229,68.49211330170417,141.37596205783484,248.31519379635992,691.4240856600497
2021-06-18,371.9462409947097,74.74478584998677,58.54653509235719,68.50163729871994,142.03121973007725,249.4734104117894,690.3967361218231
2021-06-21,373.9877805194908,74.47902501254102,58.89242649772525,68.41261240161721,142.98796859519177,253.8830829408737,692.5086194199566
2021-06-22,375.3589541647422,74.46051410161151,58.81378141871141,67.89150716882338,143.95155397984286,255.87318774322554,690.1361279648593
2021-06-23,376.2865316449477,74.26484912650656,58.7479590587737,67.48024486397772,143.27426969378465,259.5750851504944,686.9883861286164
2021-06-24,380.53860768529825,74.20854847807276,59.51002935601677,67.32130284293623,143.5592283416177,260.0852446701324,685.0784015061896
2021-06-25,379.4477480956803,74.04074892647338,60.893781857106305,67.23053682905764,143.78364730537103,259.31959129357415,694.5690564416981
2021-06-28,379.99207138157055,74.70973850690591,59.76620262333355,67.37329493056554,143.77852889802458,261.1258500804091,692.7430911183592
2021-06-29,381.2881540902485,74.41029281849158,58.80565739576769,67.03355373130083,144.10617941038424,263.27798061921106,688.984899916774
2021-06-30,383.0229654468145,74.73968485344737,57.81764872202461,67.74382837951347,143.12479828142554,263.9597726823133,680.8205661468473
2021-07-01,385.84233559646736,74.68365879790174,56.974403084520915,67.76577927351151,143.90430642285457,267.0815323706368,682.5419421727817
2021-07-02,388.1905714917231,74.53026771547317,57.41258096022244,67.56335530237597,143.47937467267033,268.66688095376986,682.2495761933664
2021-07-05,387.47192635431054,74.81746431024197,56.66488633396076,68.31885446088074,142.61254189517845,270.0041856595099,683.0335240705712
2021-07-06,389.5718915890977,74.98850597781231,56.89262169372301,68.47189077742918,142.1570742211907,267.5174793912455,687.7719344253777
2021-07-07,388.6901881023683,74.90725389289365,57.615747257549806,69.00126274474174,140.7464266573964,268.3156445559887,688.6283341280426
2021-07-08,389.68837552732816,74.93419188335479,57.47774176484559,68.83261642535125,141.52969383714512,270.22682631014965,683.9345254662928
2021-07-09,391.089061154007,75.2004566431841,57.61029435195231,69.01448195010649,141.84410212218387,271.55043607666965,681.8470509695833
2021-07-12,388.4624464579143,75.28967941229973,58.20193049762748,68.86182115109973,142.4560115379445,272.6073765998826,688.9311555789694
2021-07-13,393.04152401550454,76.0444281097561,57.78443091893402,68.62414087796981,143.04925429420467,275.18392165646185,690.1292044460049
2021-07-14,395.77267101099034,77.0706011702646,58.02353377851323,68.41525273926985,141.5562350271488,273.8719076374776,692.1418269319079
2021-07-15,396.6900974044184,76.12356907225366,57.54818574222465,67.86316997501066,143.08543879673158,274.6113488801005,691.2276208032027
2021-07-16,396.7439668707157,76.29187312766186,57.32933085605034,67.54413813293543,143.93213322904958,271.55866755986364,693.7085694221316
2021-07-19,396.33792994076333,75.96086871933014,57.621036936587785,67.81935949522301,143.14553693372335,272.8415614879185,693.2578105959309
2021-07-20,393.39930992688113,76.24909755249226,57.38949982905848,68.02125539032923,143.3257052910308,274.9557237471755,691.7355523613645
2021-07-21,396.96424413103153,75.91407647889301,57.13858862643902,68.13812280096651,144.21282628476794,275.8178175235697,686.2825531001239
2021-07-22,399.03623569751215,75.3636187569768,57.4894634107732,68.25553957830424,144.13268753569568,277.6576348070409,691.0779501914568
2021-07-23,399.3738342154129,74.35771717786913,57.49435167481918,67.99222387749973,144.50736986578005,277.8332222094626,694.2766185266709
2021-07-26,394.84810785797856,74.81577700625823,57.68074544966884,67.83182656912598,144.4590104563156,277.723578086952,689.5417437334847
2021-07-27,391.21297139787424,75.59166605513508,57.68336245568244,68.12204382305752,145.50406961068123,277.07909747809794,680.6807067315765
2021-07-28,390.01403020783357,75.44483396811056,57.976758213624855,67.99755107905364,146.63011984393015,276.89535622132667,672.0224374719901
2021-07-29,389.03691018010414,75.32165365768142,58.484039450934354,67.89784700473615,146.9927458411324,276.9344413699617,667.2845357396287
2021-07-30,391.43549559467124,75.31962897032358,59.24296293874909,67.55461909958721,146.20190763235686,277.93581245465117,671.0258035856838
2021-08-02,398.12397567445817,75.3163086947042,59.17734080746989,67.77052432984348,146.24823928962562,277.7124001861992,673.4380286523987
2021-08-03,400.70495829966,75.10825456265059,59.00936820665817,67.56654263998762,145.98917364186318,278.5775093009975,676.5759083848254
2021-08-04,400.5658294809817,75.11477960764586,58.69507844869804,67.94427954314357,146.25380751987964,279.97307256955526,668.6053988489296
2021-08-05,401.060860872553,74.90442870318772,59.035860657885706,68.15874233016427,147.16089937202835,274.4388408314792,663.6563272013426
2021-08-06,402.7863676020275,75.89451369479558,60.16227574986589,68.14490098477727,147.0057415237069,272.4186540593943,667.5809319179317
2021-08-09,401.1584467956723,76.4033307045035,60.34068200684555,67.63902668580228,146.63208001613506,272.7068860420341,662.696203710932
2021-08-10,400.9417221094885,76.18833956095439,60.041084251279734,67.82572829101707,147.15867053743344,275.8229596211518,653.3753927820284
2021-08-11,404.4718610482563,76.60785375278483,60.73549596560122,68.09606805856701,148.22621054398624,275.761139502403,650.2450613261524
2021-08-12,401.4681830408193,76.74286260714695,60.717565577852646,68.2141448269804,147.1386681834807,273.9458259771403,646.523001923608
2021-08-13,400.5868971043483,76.20288067443397,61.12523077244836,68.12676427776007,146.7548066114772,277.4577688718708,643.4763156169677
2021-08-16,400.6737035351086,75.91647989525457,60.26956571585646,67.85946264529362,145.50674518736173,273.491513248966,624.6715337121548
2021-08-17,403.06313015961155,75.88206361147304,59.96556110719012,68.08814331147514,145.16271702692868,275.38500268194844,612.3696886510294
2021-08-18,403.355669427846,74.90454482793778,60.173940004593334,68.1843567144538,144.7426918605882,273.25018356011054,621.2771133317594
2021-08-19,405.5171346765621,75.5362821766159,60.478732106594514,68.72631433979869,145.00988413480874,271.3249466421807,619.6676637646246
2021-08-20,403.4690891642979,75.84182561000368,60.97971535458698,69.12776012861794,143.66092916855948,266.7736655392333,628.5659403658452
2021-08-23,404.54861799501214,75.6633664644379,60.34401451303984,69.18615992600822,144.44086416809859,261.96472364124287,627.630165728863
2021-08-24,403.56473469245816,76.24136364120322,61.32368321732543,69.10680469263144,146.15892350905364,257.51017033316293,623.9991898712439
2021-08-25,402.47878909821435,76.89951603274474,61.45516939550632,69.1481228540259,146.8728893893492,257.2707183001543,634.4776692422439
2021-08-26,400.0690053932958,76.94767788616512,61.44074845519603,68.90919562788233,147.2114074058305,258.8952839079557,627.2607683407184
2021-08-27,402.46372671463615,77.07694324810844,61.51607406947426,68.84469074351767,145.00215798957106,255.39501685756275,615.9210362941803
2021-08-30,401.6192279491017,77.27887332564283,60.56411135220314,68.78884738265289,145.71788367881598,255.65059201658462,611.3946576688413
2021-08-31,402.5421841817874,77.19413717687858,59.96710308015726,68.8232438958013,145.2031415600505,262.6437218907805,608.2839211801261
2021-09-01,404.41836116648744,78.529496955328,60.518450962632954,69.6349317565129,145.4776765387084,261.7385618321478,606.3145106840673
2021-09-02,404.2898388006765,79.47354566500088,60.93716167153474,70.02415071610467,144.96788901866506,263.1843393053536,601.8460866442197
2021-09-03,406.7716580472937,79.39015484074915,60.54693580510413,70.0804878400986,145.3431218720459,260.154878487514,603.1366797811334
2021-09-06,404.9626660055907,79.70384800123338,61.08573829172584,69.57803541011829,144.2887774142935,256.15915141299706,603.0193519402166
2021-09-07,405.4244393126266,80.36980242281103,61.399285375421165,69.88260713543755,144.29972818325027,255.29576476609634,602.2915145267226
2021-09-08,406.1228159800103,79.12059154985482,61.185550919206555,70.25034497892672,145.35618308462233,252.652316767382,601.2173078058819
2021-09-09,405.9084744897578,78.66957045167747,60.80046704732821,70.20538191803698,146.76877486044225,256.389694828164,607.7121321128463
2021-09-10,406.71134247902177,78.1456860263596,60.83872886104274,70.25099290190747,147.0833656444861,256.6161233246475,615.6377476491605
2021-09-13,405.9101023961838,78.1343604974051,60.949542646317596,70.93802694649627,147.0260191901479,256.92118730204885,615.1122152182152
2021-09-14,409.0113445072603,77.78060989348657,61.04638015866411,70.93296114602356,148.12145876248695,256.6201175071555,610.7711959810998
2021-09-15,414.82294651427407,79.42493482643476,61.215229679030365,71.0650593312651,147.63613902501038,256.5827617676628,611.1020801465711
2021-09-16,414.48660501986143,80.88317964231693,61.07642341940984,71.1377621544509,148.41704204667113,252.83231397766417,610.6315022207712
2021-09-17,418.08618017440097,80.71414826458262,61.93365739108703,70.8388731429331,148.76996216791608,253.19871206134678,609.3850853602689
2021-09-20,417.28084868377886,80.58113849351227,62.227287497133354,71.232870299616,148.95895555332828,256.0904301574653,613.8912980922762
2021-09-21,416.59723390562107,80.88038421754332,61.81969645683504,70.9148974685126,148.25167985180664,258.1493901131772,618.4440070401163
2021-09-22,417.2817320234,81.56651843440116,61.58106027079722,70.76507639220462,150.15688865725315,257.5445814914304,605.7250990166713
2021-09-23,417.9888802333207,81.61845626056085,61.31504235964618,70.93769125759188,150.1195065701371,252.46560552322728,597.3649297924142
2021-09-24,414.90869260488904,82.3055479393274,61.675567022700434,71.31247432623812,150.50421002766836,252.04760625443248,596.0357779557378
2021-09-27,416.3614424608084,82.08534243650398,60.99145380332316,71.02612273783626,150.92189175118864,248.01689349546197,599.3334899516454
2021-09-28,418.3456699471451,82.61110018256512,61.39755372364787,70.90278028237371,151.0484060355245,246.74258013949475,596.545941923226
2021-09-29,420.04184254585954,81.85952802309137,61.05804641990669,71.01635980082511,151.1491164990192,245.47207037679007,599.8278443404071
2021-09-30,424.4630222947447,82.60359910765006,61.907060653221485,71.54761633941978,150.9559980104233,248.7653768715904,607.0949184190745
2021-10-01,420.1239231135222,82.00991029199795,61.37349324363456,71.16340924739097,150.60667237591662,249.7861919203446,610.7640888583934
2021-10-04,416.14647227600875,80.63323121721591,61.55528714686837,71.05455030056311,149.59808933170476,249.22795884490262,614.4267200114386
2021-10-05,414.0416924368577,81.01805513223823,60.95271860397375,71.10138944152247,150.81974327686257,250.74595770061075,621.5501090153987
2021-10-06,414.9234809230505,80.8276476873858,60.87939894273575,70.61851622081386,151.26748202206517,249.47201909502144,604.1238450794148
2021-10-07,418.34228093963026,80.06502740662108,61.45689798901636,71.48225294404888,147.91422805203143,248.44311223893376,608.61090941855
2021-10-08,415.9832001397458,79.22391532133351,61.20986812181179,71.21436545630047,148.21112742404034,248.79396157284825,598.2322663011139
2021-10-11,419.4546290055632,79.43133793810162,61.18050368404294,71.219257889919,148.32167746395098,250.15462453972535,593.4169169799433
2021-10-12,416.9307015662207,80.72689126463553,61.47415333613767,71.22023714512392,148.8973141051722,248.83199381054038,596.8637267121255
2021-10-13,416.8303325696282,79.9560777386173,60.598713512133486,71.06967650753151,148.65063181435522,251.17798922576503,602.7312309653308
2021-10-14,418.2992883688987,80.16158791651905,61.06021692150957,70.46111374680784,148.58479198521601,249.15601467709766,600.0640921124335
2021-10-15,415.0427564033636,80.47890244122779,61.415655486589834,70.77588836969454,146.78142686585954,248.29877681875755,599.3035438651459
2021-10-18,413.76518044414667,80.2090117496303,61.74241228825631,70.63941088652388,147.11916072756404,249.91696919517116,594.3677660415364
2021-10-19,408.4665485590437,79.73537122558353,61.93017041070933,70.33453126782602,148.33724961365382,251.56506390044646,596.3574636564344
2021-10-20,407.25466710534323,78.88645649966885,62.14359836452174,70.28283148917673,149.56125777085742,250.66959175818198,604.1468415404187
2021-10-21,411.1295406597643,78.35665168951607,61.94040863882788,70.00461927394036,148.4474851690791,254.9998513351442,613.0973070725045
2021-10-22,411.944374945773,78.38230870001264,61.84638406623703,70.12610844118217,149.36390239730585,256.0955365377011,614.6275997287623
2021-10-25,412.6723927063166,78.16028453431315,61.6453304191735,70.02524008797901,149.8476426432284,258.1559544560808,617.5163614262119
2021-10-26,413.07609047120627,79.51996534410236,60.80972334872235,70.5477178438011,148.93987964216953,258.35081459922844,620.8200397512337
2021-10-27,413.2997219317663,79.91215547605515,60.48443564277348,70.51753211187702,149.69018760532322,256.6392037230897,616.4146711236227
2021-10-28,408.9720384321914,79.89491787855204,59.346431871405805,70.53118547498521,151.0241130516254,257.37245430889186,606.667064314713
2021-10-29,407.0508080885416,79.00440121714719,59.644955780950944,70.65291796703094,150.18574010919883,254.30144837383722,605.8980660026613
2021-11-01,406.41798549442774,78.97198114341681,59.018552894822,70.39396833809732,149.27135667976165,252.94806047513896,611.7109179389495
2021-11-02,407.97022107152156,79.15744208294058,58.90604589862158,70.27602922645937,147.3921798787303,253.7298436470985,610.6702487375063
2021-11-03,407.0176234678906,80.0970731397004,60.06758006071986,70.86397731013604,147.97714986366364,248.45964321558375,609.8580181691791
2021-11-04,408.87845148692435,80.27316215064958,60.367182562073616,70.66151383727588,147.32038231907632,244.50215632501042,620.7947893135822
2021-11-05,406.7001903799344,81.23582535275084,60.765720768971114,70.778827577731,145.90556216794565,247.1738629400062,622.7827604987469
2021-11-08,408.2877283952224,82.39445660857906,61.4272557835985,70.56699717372409,145.66424319732565,248.66099648186682,622.5906739313075
2021-11-09,407.10945065223785,82.6480309111615,61.52864458982061,70.69622283159407,148.61688635523828,249.00467494126272,622.0625887994361
2021-11-10,406.0332608111683,81.54856803651819,61.58778940159043,70.59846071004696,149.51302157517432,245.63115391120024,618.6474640779167
2021-11-11,408.32564965913,81.7041175076376,60.55782572612348,70.91818856827257,149.01792431926637,245.86943984232488,622.8453187654978
2021-11-12,407.5069952629887,79.97991396310769,60.49214646800592,71.21296078787627,148.8582922917541,244.5400304008748,623.4780735072912
2021-11-15,402.5463390296881,79.29755673038112,60.90669982610465,70.90803047130412,150.08129611558206,249.84866155059012,633.3205190423888
2021-11-16,399.4582927702375,78.65520168214154,60.889127888777836,70.83729443469178,147.64121503218132,248.92515055875862,637.6024673917412
2021-11-17,401.4541448100608,79.09779443728821,61.48630092024422,69.9591464061864,148.54621218937157,249.31059632305008,633.8050958925345
2021-11-18,403.9552401359925,79.43449430326658,61.451846056391865,69.25669213008081,149.40391924470546,249.66426232378234,629.8741786616808
2021-11-19,403.63452686840594,80.50847132892216,61.609596025217755,69.83950863650918,148.1221248539162,249.44247674998024,632.9692628546085
2021-11-22,404.71979946303935,81.06590124239739,61.38468621204855,70.61099485040774,148.8158398513379,249.22507565070987,629.4503878925094
2021-11-23,402.905437720433,82.14636363147558,60.99803039772633,70.11976749374949,149.56854999422654,250.7701440761515,622.4935914548709
2021-11-24,402.6666820770688,81.03361719042583,60.28138797033893,69.671933344236,149.50588519376558,248.447483037683,632.9813680982284
2021-11-25,404.42486687766495,81.37602968744721,60.64718864915471,69.61204541930931,149.7498463928428,247.75902197066983,640.2708855044024
2021-11-26,404.7705270092727,82.48718604671782,60.7209696324725,69.60006901031849,149.7874509923426,250.1069308596486,649.5176604284903
2021-11-29,406.4234686206103,83.11009036326809,60.0919711945026,69.44635308187615,149.6609347015736,249.54437862287236,650.0544792393331
2021-11-30,405.0880534257166,84.24250281513484,60.4456288815902,67.6939779889199,149.01276769819,253.35495740780055,656.8132483356917
2021-12-01,407.34757438258265,84.4231696248853,60.65845989352051,67.08664013844725,151.26374152365116,253.04842674551395,665.0912711454223
2021-12-02,404.3503283655874,84.24432761083294,61.37604806704791,67.66697347632065,151.03553215113305,254.33633876622773,681.49330655853
2021-12-03,401.9122419962805,84.55934891359327,60.8032554216554,67.53751396189931,151.53234351164465,255.55744961687532,676.5947931295822
2021-12-06,401.70995445857653,84.90474973620354,61.68932990629089,67.79909259024171,152.62729891016377,254.9138831566062,675.3720581494397
2021-12-07,401.34904068950345,85.5099548998747,59.560984045819126,68.01870675011816,152.77890803244722,256.0438663086883,677.8474423539864
2021-12-08,401.291644446652,86.24136207283252,59.59847190886921,67.11574662706182,153.43857876783915,253.69836699117184,681.9265338153873
2021-12-09,402.0130984926712,86.42954945386771,57.046591437688896,66.71382875579476,150.42712253848532,257.0462605900507,677.9008741843093
2021-12-10,400.93414773211504,87.22827213622936,56.09033638556886,66.0784260485059,151.31910791668426,256.6316586349773,676.6519472404922
2021-12-13,402.41723386413815,87.50696747070211,59.622808552799,66.16094668323974,151.7755415709401,256.2406203487665,687.8599542372668
2021-12-14,402.9075837633115,87.71868447142256,61.65153290858716,65.6858680495131,151.4494197575737,256.48224465907117,695.0605821620954
2021-12-15,404.8509535398877,89.16994339288482,59.32980621393869,66.65817599749772,149.8874641285139,257.1232468287549,696.7658885395116
2021-12-16,406.6593290529495,88.33774055231575,60.4191365098005,66.4260345454992,150.77683735573524,256.4414530070626,693.2748680047571
2021-12-17,406.51326140694715,88.10925057221402,61.695724012557,66.86853795824189,148.54925910919164,256.7028149310788,686.4387253956796
2021-12-20,408.0608447221945,88.56139368034869,60.07425911736535,68.20254321828688,151.9586152985221,257.216546126476,696.6350891328431
2021-12-21,408.3958736720441,88.31044813730853,60.62675965243411,68.30134500503416,155.86145270079146,258.54607259457777,704.657804230093
2021-12-22,409.1014722795611,87.42000040203939,60.32005908032148,68.63187642186064,154.29737298311707,258.71640291482066,699.9965835347055
2021-12-23,408.81447831166184,87.41099722829674,59.8318127583177,69.3023220953141,152.9831211348265,261.3286482715302,700.2568954623725
2021-12-24,407.3399541962808,87.76242923180104,58.67755165791592,69.71469609239332,151.94092861819834,264.9297841176793,702.571444145681
2021-12-27,409.49496154826676,89.2481120449835,59.47335784548158,70.29133281932559,152.46082948156499,264.658297650738,694.8366370280305
2021-12-28,410.04368872132784,88.82632572034645,58.654854671502115,69.113956440176,153.7941000619498,265.5740417107442,696.274647937804
2021-12-29,411.4476504262518,89.05471452505273,57.90133543426486,67.99580544411835,153.16101883026036,270.8488767409035,699.7698906658475
2021-12-30,411.726210099889,88.356003025245,57.71284098491694,66.16851925927882,153.7166486070441,269.69042629663625,695.1660101707948
2021-12-31,411.63927859027655,87.12303497463733,56.775605497324996,65.91461222213006,156.80407580036038,272.19619547677985,698.973549932028
2022-01-03,408.9368985543717,88.03246805985748,57.04577757778155,65.41446498447559,157.74672284691823,273.53554673270884,696.8682654551576
2022-01-04,410.240351069326,88.41907427857042,56.50913221355831,65.4184610678963,156.14622818264422,271.5718741768436,700.3495542606199
2022-01-05,412.85087236701645,87.65423471446202,56.72153259168383,66.92912276820219,155.33751998211594,271.9998226727858,701.1865125489596
2022-01-06,411.88816234273685,86.87118524691193,57.46880926312547,67.10311340551885,151.08550110482065,270.9436545216677,704.211255998495
2022-01-07,409.59000035579334,87.61687999040313,57.25912504304853,66.25883740585823,148.4961885628062,270.16891289052666,701.3521824564543
2022-01-10,410.7373590471583,87.7563848189492,56.236022326063264,66.79919388570407,149.77043570880372,273.0896910337078,703.9488597485282
2022-01-11,411.605119347634,86.97986258811811,56.64655894858127,66.1286357801453,150.08445364318698,270.8448723469909,692.8272904098648
2022-01-12,412.2937510837975,87.522456942565,56.27585989272123,66.15717621028061,149.4420221814541,270.794315372883,679.5018700302558
2022-01-13,410.96024769435024,87.32445235213245,57.14768906409696,65.20345103150485,146.8511659218877,271.46185342536876,681.3376395168887
2022-01-14,410.17782029774094,85.59237834055097,56.29371686461072,65.12257632914573,146.69790084423016,268.4893388167668,686.6578630513151
2022-01-17,406.29621700011216,85.59802412122895,57.512312856673105,64.8043986695795,146.011346876417,265.83676766212614,681.8322190092883
2022-01-18,402.9318874486679,85.63196663559428,57.26705721454411,64.56782781789359,145.71422030839696,265.4877890250356,678.5277639398214
2022-01-19,398.00451372903467,85.24303799953647,57.884301917443686,64.7778483343404,146.41344167113655,265.7729673597381,672.3970923266799
2022-01-20,395.9119525801004,86.00438915850683,58.95857648670103,64.20291701799707,145.7224327462032,266.0207453642478,664.2325806641795
2022-01-21,397.8580375834207,86.2889764798111,58.68886242184667,63.811879153812995,149.21422735447035,267.8105441666386,668.78870957958
2022-01-24,396.05064582019605,85.47322507168936,58.63976089592845,63.81712010750955,148.81279338702925,273.54925562379464,675.0993966876661
2022-01-25,398.6514804368313,84.92389648600847,56.14665487785628,63.141644832764925,147.26106550097,276.15797699960945,687.7490404960614
2022-01-26,401.6549695490447,84.38727831728721,53.36056576814893,62.549684077057684,147.81030909265345,273.52365437991335,691.1274271653865
2022-01-27,399.7746859516159,82.79683919003794,54.2828780727255,61.41429705036593,148.1001429125462,273.94612466826914,692.5089957056717
2022-01-28,395.2813068331926,81.64288595454386,53.33810481719781,62.374651428524366,147.4185769219618,275.9367625020334,693.3824875568804
2022-01-31,396.2868819252847,80.82142899612741,55.29271685253124,61.70221854035572,147.09167075986738,274.81369605037855,691.2466785934498
2022-02-01,399.88482102390157,80.7736366349613,53.39095375114373,62.041710562992726,146.84530059827023,272.151957434762,689.7635801418274
2022-02-02,402.3883065068482,80.02218701361423,52.97888249739974,61.718065993558746,145.86227492881673,273.1203417061799,683.497721098142
2022-02-03,402.307674700368,79.68521594262536,55.26662913730285,61.890699734496955,145.33903054862782,273.80793104962135,683.7849581216533
2022-02-04,404.59262168820715,79.1493203338499,55.65004177371916,61.66432351477842,143.5336056708608,272.23685952226333,682.6933707686344
2022-02-07,403.98721519130453,79.18324777528221,56.42409359232058,62.76553438575827,142.93912251980998,267.4435153210463,683.0135081296107
2022-02-08,398.35352566265186,78.41439776908146,55.81240514122619,63.69366812930107,144.6674540882605,268.15442633160495,673.6155491049991
2022-02-09,402.0425267570121,77.31551462322085,54.82324337955219,64.07331427405475,144.03143538248534,273.87461097371016,671.2707436502823
2022-02-10,403.2015568617678,77.37965773972522,54.6239644155503,63.35896742110727,143.84759649477854,275.84898384064576,674.0715681628941
2022-02-11,403.6864195159751,76.21068580032733,54.87547155879837,62.22325464184318,144.4045213954774,277.2520301604805,676.190221392069
2022-02-14,405.51269625919525,76.50745572846644,55.03184109504215,62.31044377150052,143.8813474994703,279.58077360261893,664.5065012417076
2022-02-15,407.0336005669057,77.24741755179903,55.040562226363946,63.23139923971657,143.54679615313077,278.45554347882796,677.5778252892183
2022-02-16,406.61305282524233,77.01144382472964,55.48813245544968,62.60069606629488,142.1575893772745,277.52343777577306,669.1267140112502
2022-02-17,405.59471777522134,76.76010129618034,57.241536879761995,62.35183534394076,142.04464779876645,278.0768651865145,668.2696263210042
2022-02-18,405.3447673522959,75.99828551251785,58.42369759122222,62.07012909672273,142.6013721144072,277.77954230132747,675.3846345843856
2022-02-21,406.2195988056296,75.61039304276756,56.87054351463478,63.076353208632796,142.4516424860964,274.2799317091296,682.3593345136877
2022-02-22,408.8229210850108,75.78019671093834,57.27681115370899,63.58909741184265,142.10670702876703,272.89135524392094,681.319288044359
2022-02-23,404.84118136393755,76.3105752060575,57.66270827755662,63.72269976043511,142.00560460200947,275.10688815592295,685.7101105603796
2022-02-24,405.8341953703199,75.56370943345892,58.29845139384249,63.62308375238169,141.1008604207754,277.14082948742265,691.4212315626811
2022-02-25,406.12647734827897,74.88528939018553,58.72031414187567,63.221878325738224,141.20397592162627,276.4587039093647,693.8048765504108
2022-02-28,404.6728281772677,74.76419229721027,58.39951227113924,63.13593700484096,141.5589063576495,275.4045357993018,698.7648601086049
2022-03-01,403.42539602791123,75.4909514849448,57.92294147058841,63.67506884524866,140.94434929351243,275.8830661199507,690.4271551885957
2022-03-02,410.2045767429891,76.37649040091232,58.06968533025183,63.28826851175385,140.70243851022178,276.23348526206536,699.4973497897283
2022-03-03,413.24396527094433,77.19116836329113,58.376699902314044,63.51186526120226,140.81877519301523,273.95895709336037,688.4859982733606
2022-03-04,416.4870168405219,77.05978838072508,59.84340118008437,63.11991128555302,140.44322087637246,275.24821555321614,678.1820519962902
2022-03-07,419.30576233535675,76.85725640221912,61.37312425614478,63.04182712646184,140.59481875356698,277.09874461969906,664.4983704628221
2022-03-08,421.3755554921381,76.79906645879468,62.22010280335906,62.660606143971656,140.0115774435636,276.6910198242517,670.7945492301083
2022-03-09,420.7437119742064,76.254339066296,62.087080993496315,62.41914786056587,139.67894622440136,277.44951297028393,681.6573300606929
2022-03-10,419.71348369623166,75.28227989746894,62.57052094971204,64.12598602769984,139.7532703283519,279.98800693109285,695.2706368916936
2022-03-11,420.5597810998668,76.3387692361214,62.25494532536022,64.54562705176238,140.13223407868458,279.51317702577035,689.3754016581423
2022-03-14,422.5761954489271,77.37673215168525,62.31170561467417,64.17342860605099,139.5424597024609,274.54691085076894,691.8562692590083
2022-03-15,421.3892142307376,75.7621199783485,61.91633185228661,64.48928831682905,139.64920962112373,270.96455766876136,686.8688650355075
2022-03-16,422.47379253189973,75.74147178583048,62.605285052615756,64.58916953606567,140.74047402000085,272.715853132104,695.4892827015085
2022-03-17,423.2957533477791,75.08133818767293,63.59750838463272,63.83231085209348,138.27423332000185,273.408545764651,686.3335755009059
2022-03-18,425.465906643811,74.48602184900955,64.15843523254684,63.730290421915925,138.4416200555685,271.23817855159206,682.1394465637393
2022-03-21,425.39728991379627,73.98423943434685,64.34667530957697,62.01091996042064,139.13033063325543,271.4977601702106,671.6384334581021
2022-03-22,426.31281752701176,74.99612631247487,65.31495801792505,61.67684971376278,139.60314349506731,273.011662009005,678.9096940588447
2022-03-23,427.5497825779514,75.05781850094704,64.5899515928536,61.067814076940294,140.93515739918743,270.30309740874577,691.0580078677326
2022-03-24,430.3829471038398,74.91575858887781,65.95738454477642,59.35453572488566,140.95498711580436,268.36269739384244,708.1107651382273
2022-03-25,427.85539732578883,73.60952905752005,66.41502820075067,59.616863241684854,140.95428510672596,267.404547413512,697.0039031047174
2022-03-28,427.5411675176282,73.42865836230366,66.57978191019079,60.75174605478081,140.89216699113894,265.188300129861,704.1292698989486
2022-03-29,427.13113472521826,73.65488112870028,66.43034452971033,62.39826478911075,140.94783401130175,261.205306603118,707.953219155128
2022-03-30,426.8236464144512,73.33637590431019,66.88951264348123,66.49571492405468,140.7676120326053,264.2644860294025,700.2672036905124
2022-03-31,425.80168095015085,74.0002224691852,66.92871740092036,65.17483559772427,141.08822544821575,266.5408110079863,705.3641305626492
2022-04-01,425.3325340008677,73.66564569452464,66.9931302556205,64.36047263053958,140.71870449784635,265.55152895085445,708.7063280991222
2022-04-04,423.8182858811668,74.4710018432335,66.77622079500486,63.69900119842874,139.73830147559502,268.93730825319346,707.8392938663229
2022-04-05,424.08044058089655,73.50929082094872,66.67654843837767,63.687337883026935,140.46535954221739,266.97634136126374,704.0008774123203
2022-04-06,423.09674662585763,73.56098467303882,66.33215781551225,64.93066877564507,140.98422087822223,265.1315393905096,699.1515753608107
2022-04-07,425.49065188670636,73.69360039120087,66.26400228313348,64.4638927098725,141.70184700986897,262.26610431449603,700.6784560508878
2022-04-08,423.5532361049314,73.43002925399436,66.45005167755609,64.67585125240295,143.20916686765582,259.1024988921911,708.7814480655744
2022-04-11,422.09325535815844,73.85972799763202,66.36650326614296,64.96982566978832,143.0171492161889,258.7860286298405,711.071252652746
2022-04-12,422.13026238022957,74.20860874793242,66.37143638573988,65.50231756402653,142.74422267860376,258.9115253208491,727.7049662366979
2022-04-13,422.66110957913384,73.51777045831498,66.51598363103206,66.30797749837208,143.12589991176867,258.7141947475947,722.0139378342707
2022-04-14,420.0963657912454,73.92290576094845,65.92779400217995,65.20733220874615,143.1010958989838,259.9149000998002,716.1967575417434
2022-04-15,422.72742744416263,73.6863476230782,64.88505312116628,65.02561643102253,142.33606786673806,253.02264749025971,733.4236359497195
2022-04-18,423.2105388719666,74.30556655383228,64.05164165018282,64.38930283001719,142.1066059838014,253.06778315032852,724.8347188182275
2022-04-19,418.79390871710285,74.25502816193608,63.70941870597135,63.233355512568814,141.408482570212,252.1252760778718,748.0086315441719
2022-04-20,418.4584186560856,73.9798876037127,63.70615666770591,63.84203978043987,142.6574902580289,256.1709011056397,750.9272409762467
2022-04-21,422.16604221206114,73.87245673739885,63.17241584514598,62.68128244005914,140.56444439435234,257.9920666022208,771.62579026447
2022-04-22,422.86978543499254,73.92933400132073,64.02262969975402,63.17125576317768,140.45829485624964,258.5243550063917,765.9224520443555
2022-04-25,422.68044522511525,73.6349575872472,63.544293919376294,65.17651324882576,142.26617529902623,256.43452845195105,767.2787764952301
2022-04-26,423.4876537197253,73.71116736449724,64.19544604707734,66.08565014676338,142.27505214458688,254.27110053565974,782.7406093729463
2022-04-27,422.42722470244934,73.14053642619201,63.633575926434574,64.7743963197789,140.9425956986974,253.49824987456856,785.4357887830117
2022-04-28,424.13829069237306,73.66179820528993,63.502192811312305,64.31624025994867,140.29202403519167,254.7024316833377,798.9075236274911
2022-04-29,426.0676928358741,74.78234240866963,63.117459785509396,65.27314844598817,139.26669474087205,255.95033280189776,823.3639674704763
2022-05-02,425.56769739375943,74.86495101862748,62.92665236049387,65.16062313877123,138.9892006695127,252.21775543335866,823.5999000879272
2022-05-03,428.5697601063029,73.78134238411643,62.893258988466904,64.57490519198791,139.33662736835726,253.25866951522426,796.8806854642921
2022-05-04,429.6510239148668,74.09137125246504,62.574070966115706,63.902315229528334,138.33970353470167,250.75835189119798,812.2873828164181
2022-05-05,429.4239954468058,75.10990992239499,62.20188623762627,64.40814704974336,137.9394459030066,244.0344480686113,817.6717703344398
2022-05-06,429.3491853261846,75.05187931531313,63.735738780432534,64.68110239107754,137.2750006759603,244.81326617097187,810.6642036300833
2022-05-09,429.6896674767961,75.93345225779682,64.20400200073834,64.66156721112472,137.71968645007982,248.1529583796284,832.2056814067057
2022-05-10,428.8921226542499,75.63113236438164,63.549451701837214,65.16939756567433,136.97062727144527,248.44114308667264,820.0929547438652
2022-05-11,429.9313722009016,75.47068391372966,64.38124572935506,65.64080479113883,136.49900151289916,248.2658331779261,819.9289744141265
2022-05-12,427.5516589178763,74.81260293207657,64.10125847986977,65.64756322675295,136.90297880887036,247.7606934350856,854.6282028332724
2022-05-13,431.1412704021692,74.6625423926493,63.98883465864792,65.95227747229515,136.67426976698928,248.62822012158594,844.6846835573793
2022-05-16,430.3569038758705,74.91369655385506,64.09035297008501,65.69135628759115,138.56762107726234,249.2946960270483,827.3168478586633
2022-05-17,428.77402844339605,74.33639445607766,64.38359186955333,64.17044910495456,137.11563080982515,242.09740923753435,840.453001148896
2022-05-18,428.8357494805626,74.7609118927843,63.94044579450316,63.32273885215501,136.99704213397757,239.3046517615587,821.6216706032516
2022-05-19,428.8529134497997,75.28161953381195,63.58514011537899,64.0816876850602,136.43708413861202,237.99706759381755,839.2303001183107
2022-05-20,417.4222665411294,75.32973938906481,63.324773712011684,63.70229352866787,136.93344170860416,242.08064637137724,851.4174371033758
2022-05-23,415.94084696413614,75.76758478389277,62.96364431573602,63.15775106209615,135.70408161183516,242.6371181715498,856.7597883050709
2022-05-24,419.03697661572403,75.95311055856767,61.953971401923965,63.618297655002024,138.2562122573303,241.0124169322895,835.1123107109856
2022-05-25,421.86410664273006,76.07329854071185,61.10509447208366,64.00518430031018,138.80231610655042,242.13968766205758,859.7402691751125
2022-05-26,419.5082636886404,76.09447218452138,60.46199488168281,63.249689726158515,137.43932770533866,241.53514860632183,852.1329931073998
2022-05-27,418.4236842807087,76.47710091517179,60.732498265274884,61.99706595420983,136.6608759985751,241.27764289989673,851.8477104781
2022-05-30,415.9016717396472,76.52932832636293,60.441070481556395,62.44414683985125,136.1989553716408,240.35091219326188,842.045319956351
2022-05-31,417.9444026184931,76.5000131062626,60.404952639344565,61.62301351924623,136.64205878310653,239.0927534326116,818.9698771356245
2022-06-01,418.2718003528013,75.74162112376725,60.183924091649175,63.823754555584316,137.40490993658085,239.08959379713704,816.4835422153801
2022-06-02,416.6572072125744,75.83601974938354,60.38118418629895,63.48266333427165,135.9741540633229,242.89236577608986,804.560453352745
2022-06-03,413.3743787460706,76.43032804808064,60.59341925885123,63.90635472688544,134.81986101609002,244.7216992677588,781.6487814787303
2022-06-06,414.6036790363474,76.39097247859537,60.8427881213515,64.94587883850872,134.34347005357134,248.07713143579718,765.9384420310099
2022-06-07,417.6492324836804,76.3924900854563,61.04100043233928,64.9262461372852,135.61796277119532,249.0320271156474,757.7125696368087
2022-06-08,417.29516938547323,76.29254040499207,61.04106266074765,64.90118853447778,135.69092243289634,248.82915445222764,774.5830009719579
2022-06-09,419.89811067851934,76.77537624553567,60.39647251948936,65.39962207211464,135.2330007595923,248.09128125451463,751.132461206649
2022-06-10,417.6770563566037,76.9510603971929,60.37547679910894,64.8899077324605,135.4827442792581,249.0372440016811,752.9075444276313
2022-06-13,418.7718080489499,76.30787803469705,59.82871733374538,64.74118004845852,134.52777668204507,244.81041200389848,746.5272448369928
2022-06-14,417.72289543679415,76.34999922120294,59.90459862946392,64.66048979749134,134.2613167477839,243.7905129267952,740.0736617938586
2022-06-15,416.7531382044049,76.58466289957809,60.333476291255785,63.836871910284266,133.85350127975883,243.62901393113515,737.1416071737701
2022-06-16,413.9054233992946,76.23479572925912,59.954163451813415,63.38034798962507,134.3114558789947,241.68905250974532,753.6603984797343
2022-06-17,413.73700443509443,76.02940272065261,60.73033035978991,64.17519812719883,135.24415260454353,242.287333741164,749.9523530170396
2022-06-20,415.0134040221009,75.83755234763952,61.04806759396545,64.20710964390588,136.43322666444868,244.53163729290733,740.7632581763818
2022-06-21,418.83902709520635,75.99190821683646,61.32393085676338,63.91704497384372,135.71341860533133,245.50819888020916,727.1834423206734
2022-06-22,420.69225595323564,76.06411543811723,61.91172504704503,64.43912756218116,136.07930675674908,245.1992228813922,714.5907422127655
2022-06-23,418.61945881761085,76.17831585280322,61.76527684299032,64.67051677055798,136.0611214106035,246.00532839147021,736.5275206540665
2022-06-24,417.9798863102369,75.89489664552117,61.58212164291512,65.84881827143074,137.1815920593932,248.3718219428509,728.7960734372919
2022-06-27,418.9366554872736,75.8721796469041,61.94746750649374,65.83644966680849,137.05616718317142,249.24987091288338,723.2813341208813
2022-06-28,419.7130726700554,75.92766199557562,62.020635654494086,64.45226853757542,136.16661084233056,250.45259004771566,747.1973408943485
2022-06-29,416.1704644434089,75.99738071087336,62.22499082270293,65.19954815546309,137.2653002101265,251.94491862669622,719.4940425287706
2022-06-30,414.0316297132617,75.76466784669316,62.80367895426561,65.55523040075903,136.0810473389515,251.2286400767474,743.0682218139412
2022-07-01,411.36031574387425,75.55989046351164,62.48055212093831,65.10588900881065,137.91310014536126,252.11535966775804,747.9303222171367
2022-07-04,411.445563571824,75.7502368347671,62.14481460237998,65.26985575201958,137.1830458132763,249.7036561318427,743.4273963476774
2022-07-05,409.64009617513835,75.7185765360405,62.127259852219716,65.70524676831177,137.29330262854126,250.65875992713748,700.361343124227
2022-07-06,407.51940044714433,75.69978961457598,62.42971390354128,65.14947938142801,138.78529424043208,250.2015365155705,718.9278782193737
2022-07-07,407.79461669704136,75.20242038702135,62.63120459643982,64.7542685768199,138.49015798437057,251.68759780554254,706.0193362599825
2022-07-08,407.2185303749669,75.06113609279984,62.8458950215567,64.8784563970627,138.95116151584756,252.33393151576155,697.9262476214591
2022-07-11,404.963676797507,75.41764128619073,62.538511756692614,65.177762950331,138.71486365666638,254.23157538791642,676.2680250625167
2022-07-12,407.15307671787065,74.60146671468767,62.46665010658363,64.82104768596942,137.1133694133747,250.37072536496234,681.2112456709721
2022-07-13,405.8672901434692,75.02720056819656,62.12978875297638,65.02407050872525,139.6394658058412,249.62600324480968,703.6154037057703
2022-07-14,408.24488746960037,75.15385879671727,61.95224070354683,65.16974927963639,138.0498938566379,249.90555098203964,694.038480020198
2022-07-15,405.7370458997851,75.06845191823544,61.796709695856606,64.05252611360156,137.19298140041454,252.684491406141,683.6902574681055
2022-07-18,408.6396075152995,75.31563750858993,61.613241254836524,64.0699289156363,137.41625709218843,251.41705826757604,670.1090593025068
2022-07-19,408.5173468887586,75.14690422069098,61.341714672469585,64.08467656534269,137.80492738920753,252.4242101456182,665.8161358225515
2022-07-20,407.12015740354144,75.536197495626,62.00604121252899,63.4817986305561,138.20324156765597,253.17933579203773,676.2516740230558
2022-07-21,407.1397831865022,75.18650097710014,60.948058915392664,62.568782147630195,136.96405993627346,254.80207165405074,657.5247088546795
2022-07-22,408.63911087904626,75.26844643711338,60.81230879577161,62.089182526118606,136.36823981156977,256.22855275979805,651.7123030983923
2022-07-25,407.6276858766296,75.30435250086408,60.707174615111825,61.401890111348926,134.07001745671198,256.1772440117739,653.476232360977
2022-07-26,405.63012580786506,75.29522645754646,60.67502463826088,61.29636058918745,133.35813147106575,253.3354258192266,644.6614151090705
2022-07-27,406.83990693872624,74.67729021664586,60.44562353937805,61.888816315570736,133.35658342163129,253.1885342032526,662.3488717520065
2022-07-28,411.8089014023936,75.11208162406504,60.02912882322984,61.59691584527322,132.71671356742593,249.47921447121772,664.22889524549
2022-07-29,412.9476638563244,74.82057068954224,59.82265278566854,60.249952283600294,133.41472713018766,245.8073654045295,674.4968488623801
2022-08-01,410.3007079663955,75.20272884628116,59.516864744664815,59.71363155343584,131.2225161810438,242.94715207301545,686.6364188931014
2022-08-02,407.1088881897828,75.11957765921942,59.34811916817092,60.16509741639391,131.62938158091987,242.54792840609298,684.4824940111448
2022-08-03,409.46316787368244,74.94085670895612,59.86633672798294,60.778292492800524,132.48233758798577,241.77570938372818,670.3292143729035
2022-08-04,412.9365422038064,74.82783167211474,59.82514482668907,62.200648960149316,132.8635582754893,242.32613384842807,665.1415798115753
2022-08-05,416.5160978155831,75.5235932964679,59.124457293281964,62.51227288013798,133.87634960394968,241.91710304005898,670.0402007472375
2022-08-08,418.9176199524526,75.34975815815343,59.516012731847546,61.759525771077406,135.14911990777097,245.42504100679687,661.5249424543297
2022-08-09,417.18077543566034,74.91578196897207,59.16786921782891,60.866595608410975,135.64301973001662,249.33295026632118,652.6748243886608
2022-08-10,418.40400116483346,75.14040227960072,59.72528311882549,59.39791440508101,135.36178981234644,248.9618659877248,637.2623505208713
2022-08-11,419.7298754041467,75.60644314527644,59.89269204862591,59.36491314628255,135.14533525571773,250.3564951460216,634.5281523789033
2022-08-12,420.81051513526336,75.53051798370147,60.30157012355422,59.13298245734985,135.6177725382892,250.03206566000966,635.3263867663853
2022-08-15,420.6759331291637,75.77667122803484,60.38005492263409,58.9277649833798,136.8993317315787,250.29251281119878,635.8090423868092
2022-08-16,421.49585169754334,76.16459478841769,60.300172893419195,59.43165442155298,136.00042434221643,250.610812089857,639.5608729353651
2022-08-17,422.85903776131477,76.27667756197177,60.32355677756942,59.446881363304726,135.26583642299858,251.93083415483522,651.0707503617356
2022-08-18,424.8593028412543,76.4599838223369,60.513563058473395,59.08109709225129,135.55300849949282,251.1468459878676,636.822633987949
2022-08-19,421.3333362499733,76.16682514477232,60.65818965192016,58.9734026020824,134.86464652580224,251.2805368694358,640.8617624716298
2022-08-22,418.8126972603283,76.48285596655215,60.36049927784867,57.96660804101158,134.29189023851734,249.0374220804597,653.7253158219986
2022-08-23,420.79722955291396,76.56400933892544,60.42831053638324,57.57687386404541,134.00352093058763,247.76585179016814,638.233824616945
2022-08-24,419.46397387032545,76.41245850324462,60.3576353094635,58.66128849160673,133.89835327578916,249.32567938109844,620.3266614537624
2022-08-25,420.01940716211953,76.21962320414856,59.8524325832448,58.51723220940322,133.97719736904637,252.20298040691011,616.4404491743164
2022-08-26,419.7893046018516,76.1996278117794,60.2297717632229,59.288996411839506,132.6914972438632,249.1915828019061,646.2245129419513
2022-08-29,418.40950835150915,76.4138733590919,59.73681587855834,59.016058671974534,132.52993496800894,251.73567833602723,660.8880911069958
2022-08-30,422.1038158510494,76.77813274295649,59.763614530262146,58.547216741390564,132.69394395621288,250.77061728587324,663.3518236268939
2022-08-31,424.36220081813246,76.59284487061373,59.86055451400833,58.7584927300281,132.8485770952944,249.35829452614857,656.4638506530916
2022-09-01,422.9153685315928,77.1647376850651,59.93929798574738,57.5942800222789,134.31959216926242,252.5947922003441,677.2719701140821
2022-09-02,425.4952059407934,77.29272429149306,59.91146973065636,58.11439876375518,136.52092292725098,256.08082458222833,677.6413056892245
2022-09-05,421.6263381601363,77.7839432160828,60.14787013278308,58.24971145941693,137.65935803213765,256.23444622322296,681.6841226708185
2022-09-06,424.7618444970185,78.16939426985256,60.21167061774429,58.36491314907418,137.7727001540779,255.21313000956616,684.8310420547667
2022-09-07,424.00615067684186,77.71251768627734,60.72924947866279,57.99856416967849,139.23293274803189,257.65388523367045,684.3670277420966
2022-09-08,425.2565315909089,78.10683239567489,60.76556455433008,57.56504146384805,139.06996864856404,257.00314783534986,674.7107805297926
2022-09-09,425.43178722695853,76.94579161469161,61.256694548724305,57.20155237352009,140.17581333780504,260.2272057981055,670.6679600596824
2022-09-12,429.0896915101803,76.80897717958821,61.12254649065316,56.97658472157733,139.23531420898823,262.59545472393717,667.3681652236077
2022-09-13,429.6687742280812,76.64020548030594,61.014049138790156,57.35788498160328,141.04975748723848,263.37044560802593,662.5156280807654
2022-09-14,429.2249638080306,77.28538350252471,61.1341591367286,57.973203522957704,143.12683647869105,262.91834537666307,654.2163566966125
2022-09-15,428.54399049575443,77.1652103897786,61.03570591472772,57.39182642662741,138.82458368529728,260.86892236527837,644.2710784666319
2022-09-16,429.2979071834862,76.19512183012944,60.97241879248763,56.91878322489602,136.332247043127,260.34274246493027,638.7527402357771
2022-09-19,426.9838456309516,75.92969042538871,61.18134388951524,57.39972204411437,136.3676672386071,259.41793589177047,655.1168195094652
2022-09-20,425.9556480659524,76.35734935831887,61.43339194126175,58.055020282170695,136.3681019232322,261.04445193245755,659.3118255152132
2022-09-21,426.98468860412055,75.72631939654248,61.51722199091828,58.578386983999366,135.63816061818687,262.52398458651794,662.3740186305761
2022-09-22,426.2270475108696,75.04587920296002,61.49224688875886,57.36830261086257,136.20316107573998,261.6813519328444,667.2618409671412
2022-09-23,427.76571372403157,75.35963692002939,61.396811876456134,57.44561936690505,133.86067046240476,262.737165087111,655.9383808420858
2022-09-26,426.4375237882487,74.73447489103006,61.12672794014116,58.23802531086164,134.36662940124077,260.11230412703594,659.86766008364
2022-09-27,427.2147221100016,74.44850040243345,61.28559859350727,59.19803136808567,133.4651358120445,260.3889688618899,662.3197519385714
2022-09-28,427.67784990220963,74.9147152793374,60.90468625801447,58.589579225699495,131.03463029728752,256.1710795793473,660.167473774763
2022-09-29,431.09817932389035,74.67070029026146,61.01999539224822,59.799555254997436,130.94001456080713,257.31533989793775,668.1616532674974
2022-09-30,432.07681453659234,75.16817489953272,61.30022093783554,59.79253931054189,130.7923287792538,259.40330595382176,678.5547297105252
2022-10-03,434.59650639016684,75.12297326421371,61.38251200676133,59.90800452688985,130.0644124841092,262.28000600643736,677.2336069703506
2022-10-04,436.0485769211696,75.85845062507696,61.13916106515906,60.54627296013973,129.68844973924465,263.2436036136818,675.4071192995215
2022-10-05,434.9548465193467,78.62105686674471,62.477680408894386,60.74357684531186,128.21470995330566,258.86446089977966,675.3222545523705
2022-10-06,433.3596203289441,78.42740152235938,62.50221099692598,60.522912235840586,128.49501348710996,259.8827259112547,668.3606695431607
2022-10-07,431.8976281444957,78.75325648308436,62.17826461490684,60.664016514282444,131.4485443253219,259.9096260305212,673.804623320489
2022-10-10,433.77079197870404,77.80200501327118,61.54823988782536,61.048970908342,130.15235646214725,265.9971615314115,669.6130759617649
2022-10-11,435.71174668062775,78.56737850868419,61.036370570120496,60.72390902895476,132.08691388181862,266.0621864422122,682.0724891966117
2022-10-12,437.46106373353683,78.34784166017351,60.82880730771558,60.4621045436021,131.92990411001196,265.53188956194873,688.0787133935021
2022-10-13,437.01137254249875,78.30195260907534,61.41838485137516,60.396279683890995,130.26829435718113,267.60578620286253,683.4225314726983
2022-10-14,437.156869625364,78.29522606343532,60.887999073114145,60.85545888413158,130.45379298697338,270.0306666807584,686.0447567673044
2022-10-17,439.280510487505,79.26553292471684,61.436876795897824,60.76872112288181,128.46485538478433,266.59264921952416,690.4182628109571
2022-10-18,438.8460236168488,79.79142769790047,61.96149305412335,60.59774809773205,129.88202013507524,267.01209980719466,687.8518003152047
2022-10-19,439.4808776003459,79.41604140820235,61.34852743018673,60.738932436807,135.4668841557409,267.5623403036044,696.5555266411283
2022-10-20,440.4190928667463,79.12973469096957,61.595323593311754,61.03761554390538,134.2009245020684,264.8979904860711,705.9676120305157
2022-10-21,441.2650019897651,78.87001487002706,62.56047425059117,61.951572470781166,134.84854591891056,262.41208727419496,716.9729248350029
2022-10-24,440.56815912447667,78.80236864995273,63.288115195715,62.35457758928906,128.46640540721478,262.25710900108436,725.5517562511524
2022-10-25,441.10872802435904,79.29321898672403,62.76039882458469,62.51130943417567,128.2501718112307,262.1176484544749,721.4969974377794
2022-10-26,443.9223668988853,80.42553809008355,62.81319847433657,62.62125901655275,128.08042401230253,263.0175163565111,717.9941690012428
2022-10-27,444.994032327127,79.65573586264756,63.10491720825397,62.40817161067111,129.73385799005933,265.4828485135813,712.9820144553265
2022-10-28,443.1474876728428,78.7083847204943,63.372702439986305,62.07695918731483,130.23677725086685,261.828907204447,723.8679780830572
2022-10-31,445.1611067149229,78.72591045658653,63.20206962180567,62.70022623274623,132.53405176527858,259.683155702248,727.8791840082364
2022-11-01,444.0734047633694,78.6402685402457,63.25515080381586,62.608928397185046,130.37798953269518,261.0616358221796,730.5592375462132
2022-11-02,442.66216337370486,78.58184309204574,62.41818584995326,62.31410093994625,131.7209281046988,258.6333156839836,735.1062511967233
2022-11-03,444.1017761609943,78.97370044368557,62.19449579533184,61.9430106243171,130.42456334032133,258.7629921628704,734.6691221633458
2022-11-04,447.646372796836,79.09596843203182,62.89389525777678,62.541991466081704,130.90832160951848,258.5932536783258,737.0671302086511
2022-11-07,446.76810935678037,80.09967725216083,62.63215125774342,62.48572093818637,131.80608098511206,257.63861226758337,739.2741197636342
2022-11-08,448.4694148449097,80.29728741875118,62.17954738263459,62.292880767421096,135.02489121969086,254.95306311920916,738.6142513563079
2022-11-09,447.5757812457332,80.78192847264893,61.94866950431266,62.28067028377942,135.4066870028189,253.29993415271508,740.6820121115207
2022-11-10,449.93593361004673,80.18735050548402,62.013314398304274,62.40142451557478,135.7003282398563,250.91488950638484,730.5480169069839
2022-11-11,448.76111372678884,80.73906121984173,62.26878804069162,62.092791477355355,133.72510201973526,253.8702370984713,736.3271309955468
2022-11-14,445.7687624842397,80.62428832214341,62.384394389914306,62.22948980855306,134.7741663316134,254.316684661352,731.6192028612311
2022-11-15,446.68243021194576,80.90283499622348,62.00911699361682,60.91940803228599,132.00029038072452,253.91856654014,726.2463387363537
2022-11-16,444.86189330021176,81.09505842859976,62.35504129091374,60.30765864699223,133.43541613753624,251.83626986715882,726.3588518515633
2022-11-17,444.22724374431533,81.37398431849098,62.67509377370969,59.03194430736774,134.38260710310448,251.318424112546,728.7728172141225
2022-11-18,445.8139888768841,81.39909121913564,62.97111960233043,59.301810650308404,131.68967539927144,251.38512422319556,729.8771013662445
2022-11-21,444.9543115042278,81.76320101273755,62.726987063660935,59.2398850472342,130.0158650695348,252.27350652550368,732.6786469048906
2022-11-22,444.12105987740006,81.20945262004668,62.94156176286674,60.65807293354214,130.65923556743553,250.81119650669896,727.1660915291974
2022-11-23,444.17538343111676,80.96132186743381,62.50254071332362,59.9539114050313,132.02975665572941,248.71161935387065,730.4803706568387
2022-11-24,442.51867716828775,81.45973815501266,62.489908897129254,59.71393382088847,132.48118466308804,251.38993269735795,728.8712100731697
2022-11-25,443.0996380175937,80.93548133639173,62.196539787618,60.126988989116384,132.80990188722134,249.97771816745498,726.7479870700882
2022-11-28,446.8295344564308,81.02807850646532,62.283244836299595,60.569656196086044,133.33835252776746,253.11253066788882,713.6987984116785
2022-11-29,447.0781276833263,81.44198291940234,62.04777268950519,60.5091169647243,132.68115352651375,252.8105313444421,702.6879539466347
2022-11-30,446.4623678419392,81.50780375860727,61.71611759514329,59.80553775784025,132.77313275562386,249.9261742951076,704.3806705629258
2022-12-01,445.7211599111363,81.68890719104192,62.31829371161331,59.5113633765744,132.934120523526,248.2832837033593,713.589720896169
2022-12-02,444.9545221601411,80.36305862284259,62.53706555781746,58.619169945429874,133.26292092086337,250.19488787554786,714.8067402068264
2022-12-05,446.84599452486935,80.23161395283377,62.61639711653034,57.89710268053935,133.46755626388796,248.57537714463345,711.7517033854242
2022-12-06,448.28972752292407,78.90624411315021,62.87989039446349,57.72292834262559,133.31731773476983,249.97568537909356,726.5830093037781
2022-12-07,447.86502160483064,78.86499424375172,62.680978352900006,57.020946202964225,133.2440595966392,248.3853257486637,723.8995555668105
2022-12-08,443.87526271096584,78.80605596690668,62.499325350276756,56.66646582739575,134.0602605418191,247.65916640276595,738.7937081920383
2022-12-09,445.05773878920576,78.81108070754914,62.38252948341452,57.46921693822223,133.28401706771845,253.51418650169637,738.0514550860776
2022-12-12,446.2938490306925,78.54321268105035,62.21653855935226,56.87358079462569,133.4692813107263,258.1849465036727,723.0481527160234
2022-12-13,443.79691228979016,78.62997517343635,62.40391980902651,56.149672732154144,132.27184214293322,257.7704643426266,722.4267555940056
2022-12-14,442.452830854205,80.0623296712088,62.45910565438474,56.32629939097522,131.74317820289673,258.00961297864274,731.5479172607687
2022-12-15,440.89339692606256,80.37071594287399,62.69210517040938,56.066223066233114,133.60999331627738,258.45734770556385,733.0035125546023
2022-12-16,437.25544009334,79.47418844122791,62.03046779041736,56.1119372937295,134.2744578245081,256.39213631488224,738.9847999447574
2022-12-19,436.82353441949425,79.62230049034874,61.746349095365396,55.44600376646026,134.07946781156676,258.21151058454086,723.7833615070118
2022-12-20,436.74232904251545,80.77514523890477,61.90456998393426,55.19138772018831,132.95316896029354,258.27654418017806,707.5057588875131
2022-12-21,435.8820859388481,81.64308622854186,62.314645112851146,54.984985922294946,131.82844550747086,258.64083707673115,711.0868929257892
2022-12-22,434.8263704307747,82.3172550729802,61.862922213683404,54.11761238565152,132.1835332109707,259.27290778502856,713.988298713071
2022-12-23,433.94450848616964,81.62692496561186,60.84695450751874,53.74849666155767,132.48870905200008,257.1038846214001,711.9977408491645
2022-12-26,434.5007522531286,82.2717383579641,60.7054181499387,54.06594217046526,132.53469947592643,255.17018504732337,720.8181940394219
2022-12-27,434.63249041789425,82.08167357302794,59.80162147727066,54.70506500977349,133.63093731337548,255.40003335031568,713.5992318850343
2022-12-28,435.41599507285025,82.18098738084731,59.31738451761188,54.411267242279536,134.17010054963131,255.6504548570493,714.7298570175172
2022-12-29,433.9934448817031,82.70334579531597,59.23508459391875,54.54920000108634,133.96580446467073,251.65342128466872,707.6480837102683
2022-12-30,436.4362129440934,82.76694662754353,60.6432332953214,54.156110193320956,130.92341171252997,252.2357052269925,702.8517056210222
2023-01-02,435.87696293781636,82.7494232906748,59.75740386480514,54.243199094476786,130.81936863607072,251.48870662143767,697.1510824871024
2023-01-03,435.99957842743754,82.54904588816649,59.19394266228106,53.89538664363545,132.7264859445036,251.98301320782147,691.6194876213195
2023-01-04,433.0860291202082,82.6222525114663,59.63345992060767,53.52947401164272,132.43154580552596,251.34384672161855,688.3646750562878
2023-01-05,432.79617266708925,82.45524527437837,60.24181857848153,53.940437288704786,133.51972235901206,249.17141965754192,690.0024987479215
2023-01-06,428.9892513375834,82.62022452973639,60.065771814562325,53.77557617518841,135.89950197755746,250.6613328765393,693.216198051823
2023-01-09,426.1759370810668,83.49426422446918,59.2408201078237,54.24612582391386,135.69519077448157,251.44493487846245,687.6519865391684
2023-01-10,427.50877849595304,84.45088013306699,60.02910931127619,53.47264540712045,136.3729622835287,252.34266010486454,688.159214864808
2023-01-11,429.7404504506357,84.950161417105,60.099716051330525,53.709424733940324,136.29881362907744,249.83303512294975,681.0402804519315
2023-01-12,431.1650431423624,84.10053490527538,60.3067584899778,53.31481267064721,137.49230088481835,250.84403977065878,677.4563632094728
2023-01-13,432.5276935069903,84.52744358981428,60.88733981437994,53.35336994838235,137.07935894897477,244.53290678774,683.3891840676579
2023-01-16,432.81562548810473,84.61950262537458,60.64004034879169,53.77263705833812,139.73143120623496,242.6452995109121,683.2203605682635
2023-01-17,431.28976054480455,85.0491398787372,61.016734925504714,54.06930337639817,140.106378766931,239.47819710651032,687.3101915259881
2023-01-18,439.1147143125927,84.0261654980582,60.40519720162838,54.478882115011196,140.03046380809042,244.58240238693622,689.4273542249647
2023-01-19,441.8237461898052,83.35438669536003,61.1400620515422,54.92060026050745,137.84917382718865,241.6346671903185,689.5622335025361
2023-01-20,442.7568850230899,82.77200410601772,61.7886436026535,55.4941747413197,138.35052544027025,244.1502173782978,687.7865850738365
2023-01-23,442.88257799334593,82.75740567351052,61.71293886680183,56.787040708996585,138.0293898602795,242.4110485852662,681.6075178398131
2023-01-24,442.861112186755,83.46250163624438,62.478544955417796,56.77172028594142,138.4539333661701,248.48887563294616,667.8887980353275
2023-01-25,441.9039756503842,83.0747887380433,62.01755202698032,57.036556385948785,138.41017428785295,249.2202203186496,656.424162778775
2023-01-26,440.7367054921613,83.71158313987858,62.21058125388874,56.810131521859155,140.6084011020542,250.55625398294706,656.9968878392798
2023-01-27,441.1953538684627,83.57059846625934,61.29898214956812,57.054284025640165,144.89119451516677,250.1350783674668,669.0724266599884
2023-01-30,439.5448017743271,84.13025177286956,61.415667061927,56.42236460021353,142.06500019279602,254.62516003834244,661.6084656927561
2023-01-31,437.34937603044835,84.19168360263625,62.18580135226049,56.4869153185689,141.56767171093372,257.07837087165456,667.6611253592647
2023-02-01,441.1440257934268,82.5375651013734,61.927767491609345,56.656050055005494,140.99085529779492,254.11751212227165,665.9842216670545
2023-02-02,438.9917699803043,84.28714501380931,61.12915384596989,56.78708691747457,140.79217769775562,253.24432296785375,658.2336451267128
2023-02-03,436.5963099722518,84.41808790390562,59.6997494721237,56.35817150045832,141.22996517248973,251.8463521874147,663.7091080335346
2023-02-06,434.32279610937593,84.26706568714741,60.02754608200999,56.312652729797854,141.5750670198391,249.00994973315193,666.5758727938866
2023-02-07,435.05552466355334,83.91423548047912,58.64962778680902,56.51811671999893,139.96041182673906,246.85530592002294,673.2851880039568
2023-02-08,437.1055564968549,84.12908611950988,60.00129278613216,56.6084221740889,140.96807389303217,248.38847284873162,674.1528974159885
2023-02-09,437.3619484886322,85.00401596417564,59.9999183369411,56.71932973582867,139.28934467676578,249.72824778402028,681.9156502068097
2023-02-10,435.6808099599548,84.71272861331929,60.179702384968664,56.51868075572142,139.19788275817265,248.20173882675346,683.1452366895677
2023-02-13,439.5283432690143,84.49083373847546,59.87393883228243,56.17883094755805,139.55184990480103,245.65965804455573,675.1497503558916
2023-02-14,441.0124134917474,80.2834331962524,60.93223752262314,55.699311819863816,139.6728569596816,244.37024187603063,677.8431861305195
2023-02-15,439.45860561858734,83.46069512142228,59.736800485087194,56.30546179633398,139.03286193497547,245.08729629360258,675.2622746064005
2023-02-16,440.65700190599244,83.20231654806105,60.03421613142878,55.824960200566586,139.84435572361525,244.98490085435006,671.3016578595184
2023-02-17,439.83551638756563,82.27458714361605,57.09855429370361,56.02766081762194,139.90538621976035,245.85167077569733,667.8961440835313
2023-02-20,441.4566675855723,78.87265298057339,57.86885675566962,56.35578461482878,139.46840655127482,247.87337115376553,667.1704744464802
2023-02-21,439.42183554100774,79.76735441329846,57.12057747437973,56.64940694653678,139.05228414440867,241.17353165653108,668.7297592858333
2023-02-22,441.3160867834742,80.76727829016981,57.115514195950325,56.342325995915786,138.35174289951678,241.5114711383586,670.9182677929906
2023-02-23,440.58430424609617,81.36879420020196,56.349387006031954,56.501181293603906,138.68599393551835,242.2551287124316,673.0540923538881
2023-02-24,440.14047507963875,84.005762661147,56.944668004968364,55.88851037267478,137.94622768944168,243.52487839788603,674.9965583022025
2023-02-27,442.0885871373621,85.13280386883189,57.44275960064812,56.31307578000005,138.51072441167761,239.58452365638328,676.5383265996039
2023-02-28,442.9723130925858,86.3190494929116,57.9416099981889,56.47973426286521,137.8708061697077,239.07922185997765,679.2308335274447
2023-03-01,443.6428766800094,86.32800534504294,58.28790571201546,56.192395103338875,136.95571524777534,238.5228606195935,680.2969660605952
2023-03-02,442.5366417884782,88.75310161287287,58.40005815979513,55.80322935544996,135.79358316222658,244.93173142544626,679.4354844335403
2023-03-03,442.2127971583402,88.22761041722131,58.30377442102275,55.54485554568989,135.8520345480314,241.6089826512781,672.7112011950312
2023-03-06,440.024893696356,89.90141328095095,58.43678103130123,55.69740530540924,136.23562899133555,241.8220775443017,674.4422835602022
2023-03-07,436.5591213914325,90.59291151395269,58.855520472649935,55.896988733821395,137.73844519331217,241.851344790178,669.8276334829034
2023-03-08,437.00456506386246,90.81048676522656,59.78134521673471,55.51941960989377,138.35445271178554,251.4889197756969,673.8136966719683
2023-03-09,436.34260096837966,90.98201616719707,59.29189765495662,55.84208094806009,137.63067506744594,252.72871012866065,673.813007476516
2023-03-10,435.2257774652847,90.39526893823663,59.74181471686629,56.04834901050137,137.1554842338316,252.0018785864972,666.0637426841117
2023-03-13,438.1641098186449,91.07214162892353,59.44621363331849,55.9897513862,136.965219188334,251.44497518039526,671.8986602663497
2023-03-14,438.9620829941534,91.37762512582935,60.0906241132338,56.510071390869655,135.940116603457,251.6368568483318,677.0934789359519
2023-03-15,442.7795235136538,92.49071934191723,61.51601613170944,56.25874631464617,133.83348209164632,253.92230462319068,680.1806641117977
2023-03-16,442.7477882909094,92.52261845558192,60.39114591246024,56.21389985542552,132.61842573581094,255.81910968491164,688.5205991627771
2023-03-17,441.65320093852114,91.91101870271018,59.633676265082215,56.77071507461055,133.25444754288372,255.05212682400568,683.5256315150466
2023-03-20,441.48582918234695,92.29905924094766,60.419373583311476,56.69636538218861,133.76755629350475,254.09122602761718,677.8176684113971
2023-03-21,446.24660029700607,92.57622904250668,61.20894438893759,56.56294620627854,134.28073315893053,259.55896432484326,679.2747094907357
2023-03-22,449.1460398446466,92.11039787806966,62.2733473175729,56.07968535909259,129.27528672648248,259.7613397022605,679.9054292590187
2023-03-23,449.9379643383185,92.4214142991771,62.00789084998471,54.91534663331135,129.60489220128812,262.37201038427935,681.1448313829382
2023-03-24,451.53791676301665,90.47483278746103,62.862111915178026,54.81480665992311,129.5023300674995,259.44885135391786,675.86295133018
2023-03-27,449.90262710804586,88.9311046478075,62.56400246292498,54.73981572812106,129.21168281755334,259.18457046805105,672.1805110483269
2023-03-28,451.1364195350984,89.4663679314057,61.769160409817744,54.71946574854672,130.01356719167893,260.0809137700209,676.4394643203631
2023-03-29,453.4494701196213,88.6497809150174,62.05665758705981,54.807278531060575,130.72615988101754,265.18475375656664,678.3485482265057
2023-03-30,454.68567609112665,86.23622294693183,61.68641365349103,54.94483802218147,131.41377460566596,268.7676356279107,689.9474428148102
2023-03-31,454.70916234914074,87.23499818098854,61.38144722122657,54.12690877541228,132.08227432531262,266.83924317536326,685.727284926809
2023-04-03,453.50443986605165,86.34377505900761,62.227107223961255,54.39533357578774,132.17263866799397,269.172900087622,687.4661328381637
2023-04-04,453.3110670507208,86.16190114158206,61.92580635389923,54.84779330065736,131.01906779458088,270.6116439504115,692.0555519247127
2023-04-05,452.4883041708808,86.61254548734736,62.28981345239801,54.36951817085093,130.61379144858003,267.98516186929305,692.2751546074204
2023-04-06,450.9844858981907,86.68104706852908,62.46264090702103,54.7973738148557,130.43020572640077,270.5087720572512,698.6302582300815
2023-04-07,449.3431776835763,87.4435762661683,62.68799406128416,55.2295851855765,130.0157711275381,271.76229521243954,700.756887371764
2023-04-10,450.1595183693838,86.96003607854249,62.32160256322035,56.06182298048461,129.8791867609414,272.5390482361961,699.8469094738998
2023-04-11,451.3760158170153,87.96175915814311,62.8054353315574,56.97636041074142,129.82745526667907,271.9411043601249,698.2902478312305
2023-04-12,452.6121693836967,87.66848459371057,63.16163976920172,57.01267618529306,130.9353398286933,274.9135600074318,710.5820163907116
2023-04-13,452.2793513908095,87.10898517104847,63.61015799490051,57.47120760786084,129.5291764528889,271.68226048396536,700.91891500115
2023-04-14,453.33287346921014,85.02478775355556,63.0661085957602,56.934564446491855,127.7529603992275,272.1379137120067,698.9852306371348
2023-04-17,455.4926630620752,87.0662437897646,62.70312493777962,56.71310892297976,128.48867709050762,270.397776550937,687.9573431048135
2023-04-18,459.1638803448747,85.84507635495032,61.236782058092636,56.590456586793096,129.40868378116568,268.14228075516644,687.0171203651277
2023-04-19,456.3939819317833,85.94648579353759,61.64124263481181,56.2629722111116,129.02410687254266,269.06256943459545,694.7461352152611
2023-04-20,458.5107218540027,86.18011505941432,61.98083700682548,57.26603662914335,127.99715073584716,271.72842587943586,692.3821024763048
2023-04-21,460.80778187291537,85.98213900887798,62.0536481932617,57.775847489140574,127.55483570361615,272.8001691174793,681.1290204400075
2023-04-24,455.37306119559565,85.16901939348917,61.180434319548205,57.31237944685553,127.20430823935654,272.2600173959777,678.7217568211584
2023-04-25,452.99695626369373,85.35947185542025,61.44712300714178,57.113034584510345,130.43789675960537,271.7049319190896,680.9789126521803
2023-04-26,452.166545684911,85.65577675334195,61.13786247847616,56.79387239008437,130.1290513460786,274.0821723237904,669.4099830935049
2023-04-27,452.6689346503864,84.83309802315128,60.64262735639744,56.08045179338284,129.0794411852354,275.23689240574964,662.2608271132676
2023-04-28,454.16718551612865,84.97387661978685,60.817764303564005,56.73671451809199,126.88101708208441,274.22474495134406,669.920144032288
2023-05-01,453.88304467387354,84.62267166607604,61.56963522357008,56.673706078757235,126.68062252192396,275.6349147168106,666.8469411340517
2023-05-02,455.85549078581465,85.12992110854385,60.98225254269494,56.928147401353584,125.10027540248862,273.28258126915074,658.2073932805207
2023-05-03,454.86540543448064,85.13081781061747,60.76075222067082,56.606135557457335,125.61492387815616,269.7902966398027,666.1431386590289
2023-05-04,451.7567071439674,84.76960968364767,60.87892001086447,56.151626173370325,125.64510272917785,271.85582998152506,666.8842636802382
2023-05-05,453.66528996397875,84.52288447721322,59.15385089319404,56.03828866587642,125.86164816694867,273.99993195536683,669.9212321567209
2023-05-08,453.8427279051752,84.50695760876164,58.52612707262519,55.979741668721374,127.36837466042098,274.9408216030218,666.6384183670402
2023-05-09,454.6539012762265,85.09723219661865,59.55230239769953,55.59479876080744,125.67413151881124,269.93668830763335,664.8199470232328
2023-05-10,455.32949759056953,86.09978972011388,60.325479168401,55.90045404806114,126.0586354340899,267.08324966286966,663.4095956102592
2023-05-11,455.4400486188772,86.32044277848244,60.186015347187116,55.944516318883984,126.46338886885502,268.57572304390027,659.8727613074605
2023-05-12,457.64588971587455,86.42028448264776,58.75038768516488,56.358985169919386,127.65480214500876,272.1942496941648,659.337530088404
2023-05-15,458.35730603215336,86.65838888458707,56.637722559166015,55.84417549008955,127.28208632781673,271.72451961245446,661.7568306201962
2023-05-16,457.55575673363455,87.31169024408021,58.38591598404415,56.01796059790649,125.59854298027238,272.5519357879855,662.9520228048874
2023-05-17,455.49858499753753,88.06262546274829,59.43330739718461,55.416953945944755,125.44209996788044,269.83981169707005,662.3399138097333
2023-05-18,455.86727998338216,90.01561332130309,59.09684691298127,56.420849680534296,123.20510610830124,266.7674773088034,653.5673355560891
2023-05-19,453.3068680195835,89.62846274722915,59.72773862446072,56.51411238865802,121.97059411719198,265.26725856637427,646.3596972696452
2023-05-22,456.35351300432967,89.38110079101186,59.33666338186424,56.71329370721275,121.58220511439723,262.8853373212411,650.8631245894048
2023-05-23,463.0167730239925,90.21914638435636,60.96439539703822,56.75579180368168,121.4831139559445,265.39558188859854,661.0920366969677
2023-05-24,463.4982670171878,92.06095188969162,61.76254708122149,57.479997162097554,120.98098297569928,264.37348840471225,668.9629001303852
2023-05-25,462.8179104223122,93.94164772184348,60.69940613852234,57.7529010731395,120.54571610175317,260.7479733606682,665.6881924647907
2023-05-26,463.08574429023145,93.82941210099155,60.093238529068074,57.540719485998785,121.2704043150552,259.2866021383851,660.926439717416
2023-05-29,470.39178835863015,94.40120219838744,60.28776575355061,58.353824375773335,121.51423804273787,259.1021553161792,654.4772698369765
2023-05-30,474.2324762896795,93.93498144071582,59.02483095369235,57.78674318931488,120.72338604205311,258.7056670251596,659.7431506486373
2023-05-31,473.8108842768165,93.60683379958597,59.33860222569039,57.919744825123246,122.0239803859411,255.78741820042043,662.5967203614155
2023-06-01,474.0794378904414,93.95314980949341,58.20637993921774,57.998636575573244,122.78779102990372,255.79002241198566,661.8594945833285
2023-06-02,479.0299136886035,92.72046311644839,58.92777796912818,59.046867977450056,123.49715549995182,251.9734791892921,664.8009177076502
2023-06-05,481.6402425136437,91.4656045516796,57.796455519879295,59.689291756428304,122.36615754420959,252.11646365785512,666.0524388234907
2023-06-06,484.5395597328637,91.04164346839038,58.34859087161681,59.487213276309596,121.83895480065205,253.75107706126528,670.0482339650828
2023-06-07,479.43675374978153,90.68803209585415,58.71170082218848,59.92130192500789,121.49829521923455,256.5307065859972,673.8684879035865
2023-06-08,476.86002994943186,88.9130108072426,58.45464922740326,60.471156245936605,120.9934541477781,256.27940078970613,676.6246949508028
2023-06-09,481.3562727637675,90.39293103623831,58.21682340420439,60.67330370151854,121.15154395359043,261.00137961529424,668.964247735131
2023-06-12,482.17441741818146,90.40408703153635,59.09581254344941,60.45722003992973,122.34317896756775,264.1576992461646,673.6737011247068
2023-06-13,482.752578050755,92.64445697304849,58.93991858518519,60.16111413640339,121.52429262048688,266.97204576051826,678.2161610663816
2023-06-14,483.57563279265503,93.03194799041903,58.353365182259935,60.12329530994029,123.00897967696257,266.72295005388406,676.7129578382377
2023-06-15,485.46176485598494,91.8224748469226,57.34241035644949,60.35884774899237,122.36070840987153,265.11676193931254,686.1432958453886
2023-06-16,487.29517911896176,92.50714047946602,58.07743510605211,60.22699594651209,122.21270179402275,265.12179303599106,690.3311039718662
2023-06-19,486.8199938797553,92.37450425296291,55.89478520028682,60.29414877555939,122.28752592067275,265.4996357664334,687.1669184994366
2023-06-20,490.5622569559563,93.18314728671896,56.32181461385361,60.74215721537406,122.77724473237399,264.43565952665995,684.0792396572936
2023-06-21,488.59935068181164,94.34583431976715,55.79858461861752,59.90028272244931,115.62583380541271,266.68406232992373,683.7792387182513
2023-06-22,486.8101624325894,93.45530741099871,55.165435812673536,59.64358628090904,117.26408022890564,266.75706503067954,676.9723023824068
2023-06-23,488.36937401148214,93.08590092805147,55.49570252006502,59.33421545139597,117.69938781842612,267.2425181510248,677.2591191369455
2023-06-26,484.7157217240024,93.3023049823996,54.73753837421744,59.18527951834421,119.25659032337084,266.6978775419449,692.3111725464855
2023-06-27,484.78326485316705,93.59834343855647,55.422273107207445,59.335864945169334,120.03687060398748,265.5244734381247,693.5791386884744
2023-06-28,484.25457331104815,95.0777696569976,56.19822148228227,59.48710323230623,120.32336485813805,263.65988036540216,703.567205954388
2023-06-29,485.5631148954974,95.25666432006066,55.54593157080639,60.91145083734775,119.81254328858921,266.2440570734246,709.1430616719433
2023-06-30,487.2926277521161,96.04814887907247,55.20666563893379,61.75351746257329,119.75617831113004,266.518074441795,710.56222491508
2023-07-03,488.24184221619015,96.83162484494532,54.63612612056159,61.00028190731673,117.38796590611284,267.48803153258393,697.0621451065277
2023-07-04,490.3945228354823,97.80874387254066,55.567245283679284,60.34848725380029,117.82472522699595,266.8670388812666,697.6701159113626
2023-07-05,485.0528112418315,97.11473283605052,56.490730564414505,60.350491153667,118.70027997762344,268.1570654818949,698.8691656072272
2023-07-06,486.5825643762039,96.94745125095739,56.239424486887586,60.07888306775241,115.92000685206436,267.39615875651384,696.2545806045708
2023-07-07,487.3923414117931,96.63421795788835,55.62388955346801,58.28502851181876,116.9909812684355,264.5319916245218,695.0365669686596
2023-07-10,486.85372203547166,96.32010076926711,55.826719587804156,58.472465531279894,117.29504006175011,264.46117940528114,697.7730949055117
2023-07-11,489.26190720744154,96.48056996633743,56.19283989540575,59.261171576804365,117.75478243061988,263.56225874277175,700.4746756694487
2023-07-12,488.3210029149469,97.26901504412604,55.479512844396076,61.95046714069995,117.6983041559577,262.8681771277715,693.2406644775432
2023-07-13,491.6537319201439,96.96639734395035,55.4848620269141,63.386509682069615,118.03677724807196,264.4938108031769,695.1191978500797
2023-07-14,488.84697066677364,97.10471434996278,55.454777753561196,63.13399808139559,118.79057380424524,266.70711019173467,682.343032364464
2023-07-17,489.2869632875963,97.1142831533181,55.07599117483215,62.71788839901019,117.79179256981563,268.0375236713114,688.5074128804258
2023-07-18,494.70914134845805,96.74527726830058,54.81851443558704,64.53803937573664,118.16953912609911,266.84787448362664,691.3834631681872
2023-07-19,492.52108605878703,97.09373805679459,54.721583777278795,64.08977250283115,117.87206211569037,268.9504388974438,692.1970958724334
2023-07-20,491.45279366750424,96.58960502126466,55.53600179560791,64.41326779170006,116.9255742025892,271.17532813249073,698.268566253717
2023-07-21,487.5267773974014,97.04537479348964,55.532977477394994,62.58146279455091,116.63438630451643,270.6014142561763,691.129208740411
2023-07-24,488.8913719334164,96.32897775056126,55.62402623443994,62.232768703873084,118.47728676283519,269.60542567472146,682.5344573294026
2023-07-25,489.99501545823523,96.2282266759073,54.99112297367828,60.81961293501513,118.55416275869051,269.393837738332,676.429123159041
2023-07-26,489.8264365158087,96.84430267326637,54.506819373771776,60.94609271081013,118.14073622718007,266.44223482128103,668.628793686993
2023-07-27,488.71750061736,94.07310985425556,54.25155269714541,62.47870453010899,118.25666395437824,265.18158729713883,667.1215490258688
2023-07-28,486.8092470368489,93.64916066626031,55.14879365992947,63.80927048720012,118.39655398227058,264.14835153785805,674.9067637907212
2023-07-31,488.42598032074386,94.28354796088932,54.9839694964036,62.560336382753604,119.24266597192961,265.3572457541673,673.4992244312932
2023-08-01,485.6588324197632,93.94063656004154,54.395115504615795,63.327089136804844,119.57798636253548,265.4581554523714,678.1011777776284
2023-08-02,481.9422233924997,94.5133816347697,54.56460601581373,62.20591416112696,119.46978764624534,267.6313685043001,683.1995744924493
2023-08-03,481.61478772536617,93.87746813591443,54.610113701929336,61.365409218281776,119.60680096722282,268.15445411829717,678.9362949361554
2023-08-04,475.78770692634845,94.43239650886152,54.27986550387484,60.85425242869495,120.86611846307396,269.0643387926329,668.8214600685815
2023-08-07,472.9415093912285,95.08647793678946,54.848255237987736,60.75617287185731,121.16930899982513,270.61936525752793,677.4561343557135
2023-08-08,475.46848889713885,95.55410661582594,54.87742828331688,60.024556884989714,121.86893144652194,269.0703816079064,683.2609064387798
2023-08-09,475.92286402160494,96.84307863669841,54.52081814371342,60.98977241789161,121.26607857787737,268.54277290993826,688.2385887002621
2023-08-10,476.23406005395066,96.80938280391563,54.74246714079048,60.63279886384071,121.11282153796336,267.3313815019127,690.7558238750765
2023-08-11,477.9379222629727,97.34529061278138,54.16624668903217,61.02302896414472,120.16999498419798,266.864557679972,695.025673963195
2023-08-14,478.2777286508899,96.35216342353426,54.433528756401984,60.434220022425535,120.64501162970386,266.70667615520904,699.5260322527848
2023-08-15,474.1991632036375,96.01323892880737,54.63276253509373,60.44831767122044,120.34737722702829,267.6953844462226,693.6632439073829
2023-08-16,474.46184237190226,96.25709831225188,55.10257467467721,58.8510776848761,121.45799047831825,268.1340224599195,694.1322454205173
2023-08-17,476.02566014384496,97.39152316000668,54.84637142763842,58.76548321118226,120.90813672559031,267.1462717424217,688.3103820743336
2023-08-18,478.20799561521517,97.13733261848434,54.5941410553592,59.27461961779092,120.60290102118446,268.522279279259,685.6213846296856
2023-08-21,478.26052781008633,97.66356397945553,54.61370017632708,58.77552206283659,120.14011952683319,269.6220282393369,681.6904240793348
2023-08-22,474.93290570509913,97.64014097097153,54.623767381954984,58.81371480622605,120.7116318149931,269.2284581080125,671.7915110360087
2023-08-23,473.368535262479,96.72413177376154,54.80812702048625,59.8353737587375,122.39579674426149,271.5411882419282,674.7728769468963
2023-08-24,473.64649450947644,96.95522133100002,54.97838964204173,59.819016252409206,120.6507579701675,270.9306493715252,669.4374171278641
2023-08-25,472.85023890425424,97.07596054099248,55.16344592796985,59.999751281312236,120.98075547862457,269.91975970646666,670.5929508178556
2023-08-28,477.91666618456844,97.01293165963872,54.82765967615416,60.46612647498072,121.21689288283655,270.03713282843376,674.1067751456436
2023-08-29,480.6102244999735,98.47976992440822,54.41966031190361,60.70345971696176,122.71776711183942,272.29089752569786,681.9037516335239
2023-08-30,480.9665837302982,98.80455198214429,55.05322541241272,62.141526672609096,123.75277247942338,273.4339414372698,687.0372433658105
2023-08-31,478.9107825922001,97.99444520410223,54.938217759180546,63.508274578674076,125.4272858940467,273.3588070415266,688.5974655881586
2023-09-01,480.36427338705954,97.81221073267365,55.24957574420936,62.3856224737015,127.22042989115486,274.6268829526458,691.0913994081333
2023-09-04,483.21876990950483,97.5721280056665,55.05268237182678,60.73727055634368,126.61328493730194,272.9099172935556,687.8886546179871
2023-09-05,482.4880965705935,96.54133691542626,54.91345392943335,60.7183421591868,125.10445350752111,274.2985551639311,684.8534517194353
2023-09-06,482.2400789248151,98.02988821183646,54.839327655740036,60.88343155227828,125.03573063695423,270.8958395462504,685.038390275737
2023-09-07,486.3082282942639,97.1071390584376,54.698413380705,62.198844164090104,124.3932293182204,271.3038093061075,680.68125833847
2023-09-08,484.25320939047583,97.36993011320656,53.75718561577716,60.84050565283406,124.1612335290711,272.0657642367842,688.5476419045929
2023-09-11,483.1738803335088,96.8015594447812,53.94413780983524,60.084382044000826,125.30319909358913,270.5639454211774,671.652359464185
2023-09-12,482.7065877162644,97.17833608034519,53.660821143907036,58.589314414839535,125.67068113190903,272.465512262906,674.7837753823811
2023-09-13,481.9365760542351,98.26836531847002,53.55892463312259,60.67250315586302,125.1428438261856,268.08131870578006,681.296040233545
2023-09-14,482.6325405186607,98.51518794820919,52.85691601419027,61.00858854918491,125.26539937893784,265.3106780517234,670.616475156383
2023-09-15,481.5335975369996,98.85346664303948,52.25082668882026,61.10259763600704,124.69122305042887,262.14615680384014,670.1412546787444
2023-09-18,477.7593198649984,99.5132173321099,52.57471001509659,60.43676926071692,124.65052408592157,262.6588548395605,660.0568963099599
2023-09-19,478.5236416662246,98.95885846142613,52.67074431473689,60.63894541622563,125.49001801801029,262.8837742764173,642.5297336768515
2023-09-20,479.40280768394814,98.93560970327226,51.55608062765647,59.08237264069543,123.23371337582851,257.07846311736176,620.3496237393866
2023-09-21,481.64817306678503,99.13470238947205,52.02546167452461,59.19860871880748,120.5792642436055,258.17374014834735,644.6517591870539
2023-09-22,478.70297925033185,99.63841664671516,52.438580134771264,59.109202251938235,122.86329889923356,260.5820285669281,654.1811382377302
2023-09-25,478.2474158652892,99.60820339767311,52.715230368570964,60.09019281763809,126.65012843466748,261.83351849438213,655.8467860709904
2023-09-26,476.8879452592513,98.92094140445792,52.605275025161085,60.787014533753364,125.16037121442521,262.05976220904984,658.1191160596998
2023-09-27,478.78887173433117,99.10183519947527,52.783151539657304,61.48845561766299,124.68021717088526,264.94940988037007,662.4240836812971
2023-09-28,477.47451598836665,99.16722501188495,52.4341535199739,62.848194291898444,123.36262511843823,265.83722496711056,667.2037840982098
2023-09-29,478.6471222072505,99.19395584444466,52.378144745219366,62.97730108838489,123.0898896725863,267.5144752467636,667.7643205805779
2023-10-02,482.8207795055666,99.10094516838433,52.71297342949223,62.897874186396415,123.65658331552062,269.5455905428106,662.9680607661876
2023-10-03,484.8456330479103,99.1990474891147,52.79417990372329,62.17823690405066,122.8030215933815,267.5159673026147,674.8072753942517
2023-10-04,483.1738051403447,98.7407745238729,53.40656907450649,61.46713533205164,121.90689945145297,262.2738403524933,677.7074051325819
2023-10-05,484.4660957389788,99.37311308716093,53.78450868569427,62.36157159201776,122.30944982381166,264.0830871846834,687.8216605723479
2023-10-06,485.2708135395681,99.85126747057994,53.16675626534028,60.79032383330459,122.95467933237997,262.34201882097676,701.2196916314666
2023-10-09,487.0817164313149,99.82692765153978,53.74511447795336,60.11261810123735,120.60246722077181,263.60229595493183,704.8659459547272
2023-10-10,488.0869246895269,98.89776174429993,53.66414591491395,60.54128892118389,120.96150667758765,265.36899278202753,709.9477533455419
2023-10-11,488.2961982113509,98.53467933628819,53.65336036921391,60.86387201385012,121.83681026142212,267.40634092716243,708.5375184674125
2023-10-12,487.4619195138512,98.37654829802172,53.713916004934205,61.99242633454301,122.4954941515223,268.2345626905433,684.021412093922
2023-10-13,486.0061883357416,97.016431495678,54.50301771498162,60.72296724778003,123.85890964393724,264.4569354807751,684.8402913655018
2023-10-16,488.0439763097935,97.21946772883194,53.9147795815849,59.00628702219354,124.01532623475525,266.215338542871,659.5202288227749
2023-10-17,487.38637681186725,96.25419319723089,54.10105739895244,58.09692851806175,123.31295030974975,264.6436272122471,676.9511433294435
2023-10-18,489.8199711401456,95.53275877733603,54.390413036310655,59.42469744047829,124.92074812530389,264.29748574449764,689.0691205257463
2023-10-19,490.66848010337617,96.14645416961064,54.21049526614942,60.00245495377261,122.47432733112184,263.94216735027993,700.0856869142424
2023-10-20,496.81628135462984,95.02135474508692,54.17366813808856,59.66529923770201,122.29588954251683,266.92857819258154,698.9300629384189
2023-10-23,498.24890708718283,95.6959567329149,54.638010398033565,59.44217572560927,121.51925810944915,269.58508773691165,685.6318677404022
2023-10-24,496.95313247631776,95.73808898956437,54.50401127420913,58.6654328890644,122.60518495181174,268.82811716904604,680.1769748205227
2023-10-25,497.2313053065174,94.77000297723643,54.39035320357014,59.169032143282855,120.4529839874791,261.44063891452765,685.4405299415605
2023-10-26,502.4179900244683,94.22266531629438,54.30413697201387,58.46341041707132,117.37164387948492,262.8971472814827,663.5086610358347
2023-10-27,501.3172911799713,95.24393426157727,54.774033517765126,58.073278152810765,117.44707907700528,260.4553052754631,654.9244999569302
2023-10-30,506.99664624575774,97.13788831438556,54.790461871321696,58.34703469976811,117.60556010723973,261.2307707364533,661.8429062173714
2023-10-31,511.1292873759016,97.05858018700116,54.394638914020085,58.740855923935456,117.57906839922126,263.8470631099761,665.4584119481283
2023-11-01,515.2005994436763,97.5009525732339,53.64820884603222,57.0756715130939,117.44306782492129,264.36073601141914,667.131233295943
2023-11-02,513.1964002068104,97.97336979032559,53.82824479364258,57.65338209253229,115.57981741702189,264.7412228234508,663.1881552995106
2023-11-03,514.9082213996112,97.36384341095018,53.88236822565581,57.219794834679114,116.51689722218767,263.1383094552814,646.993202142973
2023-11-06,517.6017142889262,97.24848580998342,53.452320463799666,56.48856902988329,117.59171355529256,264.5839834372489,660.5330482937717
2023-11-07,519.3387289647342,97.52385532514899,53.021139629035744,56.67377912698808,117.74789464115663,260.86485649585245,666.2127622735553
2023-11-08,518.7889058098033,98.7907626045415,52.35772495454189,55.7857087521646,115.94853792661424,256.151626904397,673.532979680838
2023-11-09,518.2766702894004,100.23062202128243,52.448353016350495,56.15051123167304,115.24385989605577,262.4778290400647,671.4877359346137
2023-11-10,519.7124859004801,99.45758480192019,52.60381713457783,56.649948272925315,114.97280337758642,258.38463779647253,676.8167929011798
2023-11-13,515.4641722903024,98.98499697748514,52.70314773893512,56.82470102548234,111.33014075691246,260.08220488200215,677.9206543924912
2023-11-14,518.0244513509102,99.15163927391484,52.366877662720974,56.5956347987273,110.4961610887024,260.9773911477668,666.0093072236501
2023-11-15,517.2947334135289,98.92216902351308,52.97994731426803,56.15471526779322,111.15524353575523,259.3499603886248,656.495674968273
2023-11-16,521.1590862927127,99.6518510144614,52.17208042911089,55.57613698903924,111.3445587102332,259.1909552406141,658.884899007146
2023-11-17,525.2337444370183,99.18613768851165,52.17358041340165,56.47229027571593,112.01499752675795,259.62381333970444,648.9259912419697
2023-11-20,524.1492322866711,99.75122836012977,52.21979503516193,56.66824330343839,112.13684748126357,264.61653804809737,652.7111551839076
2023-11-21,522.3772141929285,98.10202949832887,51.9537292675969,56.6991920901727,111.02684618506576,264.5994046762965,658.9704067962685
2023-11-22,521.8298840733842,98.04157330480331,51.881842733771556,55.87157961932894,111.30430776527814,263.6466706357847,654.8708721661983
2023-11-23,522.5286866971693,98.27602411987047,52.48360725781078,56.02031313096122,112.39505800889302,264.65666858336704,642.2377057137223
2023-11-24,521.3095476154501,97.80846025137225,52.09054341778822,55.6096363442141,114.14623542177301,266.0601718466747,642.8673045134777
2023-11-27,513.0980622411546,98.26040449218547,52.00217796351531,55.02586165373358,113.0064376604562,264.91902388981856,631.4583925571981
2023-11-28,510.83420234879185,97.8897405039823,51.46607738575709,55.94984071466474,111.50621111271568,264.8560898289691,628.8058987181158
2023-11-29,513.1966155322683,98.22118123456943,51.59274471660059,56.98211746563204,109.92125226764588,265.14676477304505,625.0873023330946
2023-11-30,516.5212596347045,99.03112726409314,51.70410089408677,55.995734059227225,108.85553598129833,263.33651539318146,614.6064614714188
2023-12-01,516.1902979996826,98.81091897251419,51.75343505434752,55.565209353552405,113.14854612440836,261.8574894964267,614.4600700131072
2023-12-04,516.6347613085505,99.2626385013236,50.88698772710402,57.10139187723402,114.92179807616698,261.214825595029,608.336904769379
2023-12-05,515.9271521251222,99.66120521991142,49.87443568626538,57.70604066565762,113.87014076256202,262.6089446292211,654.441111078672
2023-12-06,514.149492435994,99.3558155443493,49.755221157337004,58.03054425993974,114.0882239514254,262.43882266336533,678.2083268755215
2023-12-07,514.9692581204469,99.23533519185669,49.70970272628187,58.85250392299744,116.14939143948706,263.862441605834,679.1718430507678
2023-12-08,517.9972398459862,98.95429532906445,49.551410160112304,59.066219258166406,115.14882470098286,263.9935795470018,687.2688687964223
2023-12-11,521.4827771210043,98.76589306374461,49.55631887796812,59.81468010364919,115.2796248004913,264.3244414844434,701.5063473449761
2023-12-12,522.5802831356169,99.1002564645678,49.440929918777975,60.143276852190745,120.40766663987965,264.7503568678824,700.139967750859
2023-12-13,523.8113533415633,99.22014384015934,49.307622086962496,59.9737040094332,120.94248400185886,266.45612366461864,702.9541885361319
2023-12-14,519.9331473472326,99.18254097037126,49.10094673840252,59.69411461982603,122.89626571634611,266.63276951706143,697.3761926124445
2023-12-15,523.6918891689754,100.55161109013575,49.359014424615346,59.8742507917971,122.22487192824251,268.9334252297164,699.5537405359642
2023-12-18,522.3329448572257,100.9015439690995,49.085938662898876,59.42630975932205,120.73863506726505,268.369687348296,717.6771501048828
2023-12-19,524.8843868746743,101.50375785308833,49.76390463806048,58.84507553910746,122.1455222263668,270.85094944398395,736.3131455139812
2023-12-20,524.4017323497458,101.03596522901167,49.92072304939689,58.77553901194379,120.75280132992938,271.9961070735185,731.7538884201737
2023-12-21,529.2481861691259,101.06145180812834,50.13527068358942,58.61709479441406,121.93908300404509,271.5398464581356,746.3982068168672
2023-12-22,533.7969114547121,100.37996388028536,49.87515589105559,58.12598549237676,121.42295741187677,272.4597620035686,766.7432645303053
2023-12-25,534.4609808294831,99.78076004139521,49.299744354432335,57.589648377893155,124.94306051375227,271.2040838909763,784.4795528270902
2023-12-26,533.9176516228505,100.23351097023412,48.55168160037551,56.908787225356164,123.3241415245096,270.7934383737395,783.4950259317704
2023-12-27,537.8147867391758,99.88841599632157,49.11748655367587,57.60607851164884,123.53941348506493,269.6002574729919,797.9531667282497
2023-12-28,536.2589818520227,99.46662842254102,48.72146054165045,57.90833709338957,123.35392449240261,268.3094456341466,812.4079144740474
2023-12-29,537.8799123728919,100.53407155832294,48.860449771364316,57.87124873001927,124.80643866494418,268.07780641133604,822.1762058617718
2024-01-01,540.5013986144534,100.81725687788202,48.71807014935048,57.86438284462666,124.2375891749951,270.6436200115417,827.2176600386556
2024-01-02,542.9256776933976,100.48589219735757,48.02394630871026,57.392896081174406,124.45819251748506,269.52836654814143,824.4147706246183
2024-01-03,546.0846744705893,100.42450196616385,48.956608347016726,56.678090881159115,125.48908926432746,270.2913784753274,822.2050824687619
2024-01-04,545.923569701806,99.59025045951452,49.07910937969312,56.46270687527907,125.12842585310456,269.4647481876288,828.875941235046
2024-01-05,548.2217617246275,99.27159778223378,48.83694175853829,56.09413676810212,124.80288088537156,268.068142800002,839.9662305680816
2024-01-08,547.0341263524502,98.63406602884827,48.296667366517816,56.67934805393721,124.60098586837726,263.63516950293877,844.5602175546251
2024-01-09,544.6698357625565,97.99385139175432,48.888552648620745,56.45701620123342,126.50903728442059,262.99309711397507,832.1011954143065
2024-01-10,549.4136712466227,98.02696737172084,49.93299098156724,56.80107428523214,126.5927902952408,258.4757956724185,834.4913945639233
2024-01-11,553.643925754159,97.90241982788679,50.51941058078682,57.02789584490564,125.42705349690559,258.814742633186,832.4500510010167
2024-01-12,550.4899943698535,97.97103163270339,50.43875124422652,57.2579097324252,126.26137164081689,255.5192821445039,803.5372644672957
2024-01-15,547.2198287869418,98.20085352485248,51.2642826884308,56.787998404903625,124.49323400422014,254.20041405030085,811.9179398356272
2024-01-16,541.0672597665676,97.5742056784836,50.5359173374323,56.927520789701205,124.95344526334976,254.61173409707015,824.7800681776212
2024-01-17,541.333257750461,97.41440094503851,50.129508510423484,57.544859989611744,124.16036681796336,254.54101522431276,832.0552498389634
2024-01-18,544.3040262194044,98.2491692557543,50.33427924207056,57.71382136845349,122.54889048828554,254.709690421226,825.0868872040819
2024-01-19,550.1760633451797,98.35790092391322,49.84477828467998,58.39245415374958,120.80262852867332,251.31352226023512,815.0401884948288
2024-01-22,544.4958215149542,98.38241334141432,49.993558274993774,58.32221890273644,120.10362466362754,250.68226233036506,823.9645021168653
2024-01-23,548.1006837135852,97.95663872430337,50.02616228533401,58.683213903093105,119.86527386676963,250.26269908509107,809.6189407560776
2024-01-24,552.036402979379,97.26644041226766,50.360344490935866,58.84384995345704,121.08757381229177,250.75406117031798,804.9507958739147
2024-01-25,551.3309294291329,97.6339370842193,50.09180175426181,58.335566507354294,121.73583093542885,250.33105837116895,805.2362287434706
2024-01-26,556.998035831526,97.93909993291305,50.32212076077823,58.541202632868675,121.3754430808232,251.747651093119,819.8319789102607
2024-01-29,557.2813695404836,97.43267795228863,50.37300142066905,58.738914347814564,120.77617878484388,250.8843174049397,815.5741754083305
2024-01-30,554.1097887355743,97.84648542106896,50.710360723162516,58.70805375498875,123.02062542310034,253.69301821185817,788.4456757022165
2024-01-31,556.9501239213301,97.40393686267569,50.85743531282355,58.31297907247197,125.00352340754272,250.5486433604688,790.132276714339
2024-02-01,553.5723552636177,97.892099735371,51.572635596779506,58.11751224445571,125.01990015009072,253.81210470976674,790.8073769739829
2024-02-02,553.879508406463,97.80771675734549,51.536963187186956,58.00331980653098,124.78406315611487,250.2610321827318,786.5538380759933
2024-02-05,551.5498703309593,97.37630094261179,51.26539408941882,58.02623413304746,125.26107250404932,252.97654646427716,798.8374084769142
2024-02-06,553.2052793027866,97.5610353190358,51.61798161220791,58.292256619706826,124.8045151350749,254.09678542085354,800.8197080927968
2024-02-07,550.613038590769,97.39409086639087,51.506454451600234,57.54439181778806,124.9878198113867,253.27703769264178,800.805924504511
2024-02-08,549.9209772831996,97.49993064306676,51.3305999218532,57.641484675367046,125.14267902915641,252.80415313485642,816.9498312454213
2024-02-09,549.6256895865916,98.99817189365636,50.741126445845566,57.59866989359063,125.39208852611064,254.66257600936027,825.8963172883476
2024-02-12,549.5821672387848,100.8075282576235,50.35195290811686,57.795871740450266,125.37726455802768,253.50437365134536,824.7611487964541
2024-02-13,551.355344872635,101.66090425775528,49.425357726376134,57.63245026112303,124.92899386944501,249.42712251293128,832.4334279403015
2024-02-14,555.048557188148,101.2544033432178,49.07584571486246,57.4134756700366,125.58062959384627,248.38648024980046,837.1607669211878
2024-02-15,553.4842295876256,101.23411804182876,48.99058541777159,57.44576037991581,126.28452853192552,243.2250752063112,828.8916357673194
2024-02-16,551.663791869645,101.66235063774876,48.798397617696445,57.787385608980415,125.91371504070922,244.4832115225174,838.6236816791794
2024-02-19,550.7945665565875,101.585575672554,49.56978466923634,57.41424210369183,126.54421842222858,243.49748509172042,837.3388864290118
2024-02-20,543.7855517746157,102.44135423455712,49.01648921719753,57.56662859185147,126.48367760291659,242.85720693001736,842.1767180014607
2024-02-21,547.4924632430436,103.02004259823126,49.47678521675194,57.84325787409411,124.67412744661046,241.84765191983107,836.5524694533067
2024-02-22,551.70727040087,99.74483639225686,49.29278620301377,57.67359939462606,126.51281850266,241.95958757915758,830.5451803141226
2024-02-23,551.2116812991906,99.03640020974673,48.64029316267133,57.32704479613441,127.62876933161112,242.39416919025612,835.0854735221259
2024-02-26,551.9315178357373,99.23106459516454,48.851166115734166,57.40462654820162,126.5160387473875,238.22169102255884,835.1847684159694
2024-02-27,552.7367875787156,99.30016280819609,49.61754053941859,57.656149347494264,127.33545358323117,234.8609092571266,836.0139530396129
2024-02-28,553.0012678905678,101.0410327083476,50.045522267523964,57.675992939957396,127.49429467537256,233.29029301979023,840.8433058079686
2024-02-29,558.4330168254687,102.0114502358463,50.19155257642306,57.38173867336318,127.47449164120972,233.4283163212868,839.6258860008185
2024-03-01,557.7876132210263,101.27370073651622,50.3410288351625,57.49591776853164,129.82629375986195,233.45859369740958,835.090206888587
2024-03-04,555.9296758111356,103.23829616098666,50.92128814705672,57.990357984392794,132.3744879206988,235.66588815973756,840.5904791814869
2024-03-05,558.6049280142039,103.75149212710119,52.13205459073069,57.83972090414008,132.11114952656314,233.25769695756293,834.4992679103248
2024-03-06,560.0008288307135,106.32071596540395,52.039067736793086,57.852349259891746,132.52203880621508,230.92682840689326,833.2615941534091
2024-03-07,562.6699337670684,105.7748538898568,51.334917203003684,57.83390685985424,132.90109391506377,230.51628595546356,826.7772536892032
2024-03-08,565.4877935375985,106.00638756425091,51.15381739260754,58.27800090882696,132.84464683017197,227.78904171448926,832.326535963422
2024-03-11,568.1823406782909,105.499781041996,51.46662899713018,58.235759708623426,133.63493170964412,227.47894799988288,835.7138392343029
2024-03-12,570.9089185623254,104.3037663666401,50.91703775417376,57.96750039225216,132.27499660618213,224.51818747893665,839.5565700661945
2024-03-13,572.420007694768,105.55794190788967,50.57835050827321,57.985605271649405,131.3821714658774,222.69244505943934,837.5355481088799
2024-03-14,572.632175180856,106.99193097234269,49.21490992705687,57.30860748760501,131.0257863777785,223.77789019728905,846.3260090242301
2024-03-15,573.1239364878013,106.7580292707053,50.00401869569895,57.06166404069437,131.5744223381069,223.79091990612721,850.9891454521854
2024-03-18,571.6576112687152,107.85584400314994,50.725582604234354,56.99673990051013,131.45255192503646,225.0144013881952,846.6040059633965
2024-03-19,571.171721101838,107.51037660462381,51.07061194413584,57.00978422630147,132.01996851384158,227.48736100749767,847.5075950823147
2024-03-20,570.6404878215876,106.02751956174686,52.05224524061291,57.102270026170785,132.54246907528884,225.2848377432931,837.3504458621403
2024-03-21,564.7332031148203,109.6299680964259,52.54249959315287,57.07571150415246,133.43917672457988,217.53091910381963,848.4545211135493
2024-03-22,563.6945172857922,110.44859585016737,52.66601618472714,57.22810184232207,134.86289433393455,213.903546170847,849.4242860497241
2024-03-25,564.5035663428324,108.41585483944523,52.66348293346203,57.44677809646912,132.61579103244554,214.39829263475787,844.3943417576505
2024-03-26,562.4223256706282,107.60165016557801,53.10055585579796,57.57666569689756,131.124347060197,215.89327525158663,844.276273951949
2024-03-27,559.5366048780063,106.50886351076821,52.60167530883692,57.95748980505542,131.82601837167718,219.06011498334934,851.9903796259501
2024-03-28,558.6862217375974,105.18400127584214,51.68867623499256,58.01495760930471,131.76055645771794,215.22319664185545,851.7280418456453
2024-03-29,556.7866781978421,105.5112583664359,50.4570094989103,58.29947595805099,131.43084511413218,217.69536895144856,852.8288795542206
2024-04-01,558.0311288040256,104.94958287813283,49.52602617731291,58.6054766468078,131.99782041143666,217.14303075012887,858.1499671440799
2024-04-02,561.6857877588265,102.22212649192825,49.65044293646796,58.56563391779518,132.17201678775558,216.17313188419334,850.0332994357093
2024-04-03,558.93422755132,102.41741500590018,50.005826604190105,58.4861440550138,132.216440359998,219.55956017388175,859.3821135358231
2024-04-04,556.2538349004575,102.27759689899622,50.318641998108895,58.256813569480435,130.8456113068756,219.40928914799383,860.4844236261279
2024-04-05,552.523681705101,101.8584085457545,49.2040325770803,57.99615238442468,130.75082513413102,220.76688869153583,850.8148724643905
2024-04-08,556.3605605347574,102.71527896483202,50.17940160577515,57.947679485102576,132.63356569996873,221.25699423146403,854.9102520334711
2024-04-09,556.5157083708488,102.29722285013224,50.815912029986315,58.24023905057949,131.19600394429045,222.7498478710039,854.9006689593151
2024-04-10,556.3754781515589,101.31960621767637,49.54254450795451,57.90669422593251,130.87884418070414,223.28543661738954,849.5369243123971
2024-04-11,552.2641271893237,102.33882869634938,50.18190449896322,57.709200813185866,131.39464580907048,225.2958170485224,853.380465732525
2024-04-12,552.9768154060371,99.90353309154142,50.11173450325586,57.55869915924853,131.93695342350267,223.2645096753075,851.2120886080126
2024-04-15,556.2378050134961,100.91490141104981,49.93793960511732,57.45023554556428,131.63330115207012,222.8747298203034,868.3394572061211
2024-04-16,556.9935824006907,99.41523674696398,47.99664655011512,57.05478631623045,131.10163495219726,223.13299434206752,856.7443609091858
2024-04-17,556.0452751019,98.15973365792044,48.1752286953678,56.916740971097546,131.51203562112715,224.1837227375113,862.1404792993532
2024-04-18,551.7800387025643,97.7218455772496,47.984175446075234,56.81269009071895,130.82555360164744,225.49241743333144,848.0112130245108
2024-04-19,551.2651829249937,99.20289906120229,47.37380183406552,57.266424623154975,131.67248511514038,226.41939127271408,847.2563062281789
2024-04-22,551.1017507156664,97.32553163278826,46.876534862440344,57.32064329210702,131.24093621127673,224.0721216813354,854.149637749388
2024-04-23,550.7548551392078,96.2891034689351,47.154207544558645,57.20018195314657,133.32294618214317,222.9961563476733,846.848006290243
2024-04-24,551.6146834720146,98.30197458785263,47.55861099119557,57.37232063897038,136.47573812623273,224.6593107291707,842.569002331891
2024-04-25,551.508659671886,98.36923128034893,47.29785480577982,57.59210150671921,137.10000971873905,224.58903890102118,848.1653176154113
2024-04-26,552.136185313941,102.54581745195377,48.47438889222388,57.52070849834182,137.0992749876151,221.24204515368498,848.8823219879106
2024-04-29,556.5415021674387,100.96042996765652,48.47460642672735,57.10103015670397,136.43194572828574,222.72225799389204,845.5326659819922
2024-04-30,555.3484337289315,100.38593244574325,48.255171778777836,57.064437909695286,135.23767606305293,223.72441963635612,841.3900976221853
2024-05-01,554.2611337572688,102.09463894878542,48.38681808466135,56.944969688326644,135.45890911084018,223.29073093609642,838.5347891725368
2024-05-02,554.8503537147291,99.2602354065954,48.38848659049897,57.18372698718462,134.14449039561646,223.89119905507295,849.158623035665
2024-05-03,557.8466045930434,98.63910746473876,49.11155187777446,57.23171961402653,133.24854636124218,221.6765501330513,856.1353611464043
2024-05-06,559.6499939920889,95.39026852129379,49.77709733686273,57.32433675304447,133.05116435608258,220.13862367146072,856.8847790766607
2024-05-07,557.7823895088649,94.21168067362775,50.974374144090405,57.430933797347514,135.82545778818627,217.75791709328212,855.2094435044324
2024-05-08,558.2366160475419,89.13705440583243,51.44911408242126,57.32933429285632,136.2444720754557,211.47489735778694,853.8095177544607
2024-05-09,562.4955137687949,87.78755692289094,51.078834545109935,57.43739674010432,136.7247949987007,209.85478335310913,853.381139462058
2024-05-10,566.62615146637,89.13155042062728,51.35593603184949,57.51203743674943,137.10357550795658,207.23079517803257,856.3230888385956
2024-05-13,569.6679126503396,89.72383642966803,51.2371446163353,57.40253618374713,136.1197888250092,206.1415205694422,858.488161322412
2024-05-14,570.8007781585845,88.07520878191113,50.382890301912994,57.15038759057734,134.3842386083953,210.6298552802416,860.077460581029
2024-05-15,570.1794719376994,88.49827180151365,51.245336404931024,56.85207868188646,137.1347376445738,210.29814679533428,866.0798341008258
2024-05-16,575.171835703206,86.65859442088716,52.16419131558703,56.761938801456374,136.08509389461005,207.43487134820418,853.8473911963665
2024-05-17,573.6301094450265,85.64946089569005,51.85225456310354,57.11423691706876,136.38460095894928,206.09736682308122,853.6206480975089
2024-05-20,573.2276332314829,87.09398831719734,51.64515200246646,57.24466089874894,135.91046708089596,202.64665465925862,857.2594892457164
2024-05-21,574.8336749457386,85.53748251320958,51.17201836372372,57.458265631889354,135.229302823151,204.25043457018148,855.9648288741524
2024-05-22,572.7083134618678,84.43725722885469,51.265870430046604,57.508097618326104,136.55117106090944,204.6478893440149,857.6678399024502
2024-05-23,573.0788963102167,82.79777084950747,51.35824390490709,57.55471903728418,136.49582953624972,203.8949035131397,853.5861865726777
2024-05-24,568.3545960422473,82.57064243568081,50.65118539236639,57.92805051929156,138.02605400535504,205.26409388712335,862.8851881550491
2024-05-27,571.9772023610011,83.79479845245265,50.76515906725201,57.79382090952672,139.17010970560483,207.56367233113806,871.2935063446504
2024-05-28,568.9479964396967,82.68481549987126,50.89992964432407,57.3002383893504,137.9872590539536,205.9191835916594,872.0026917203478
2024-05-29,565.6474111943031,83.56852519637351,50.7067889141456,57.46717765741895,136.0982489141561,205.02958307794398,873.8536809414384
2024-05-30,568.4554455845952,81.93909435934135,50.95763902747085,57.58047358882717,136.7174787608951,198.20299173173183,870.4361057352058
2024-05-31,571.0912607841099,81.48467303458506,51.399594608827,57.73401918648176,137.04224400523185,195.85934226804463,877.7953677688735
2024-06-03,565.8442783742944,80.11494680032932,52.16617999170279,57.2670568215347,137.65974300318135,194.74867509072288,879.1371929452124
2024-06-04,570.4975480071724,79.5201956338804,50.628475922359094,57.115977737804755,135.9232023060497,195.70630952644538,863.0842912877358
2024-06-05,571.7836695733363,78.28910785755954,51.08574201655309,56.90636334782582,136.19115267120884,195.38285239435544,851.8036414609676
2024-06-06,569.2497020165556,81.3073870695892,50.47488030207238,57.04857594051033,135.89802286647455,194.37462657890183,861.2613570232002
2024-06-07,565.3682284772626,81.43761040464491,50.778653644254284,57.48908091579624,135.1696231316962,192.03957456188914,855.5811625764749
2024-06-10,565.1113683179872,81.60309237424481,50.140218023484216,57.45843911664645,136.11501085106968,192.57110604691235,837.0743082465511
2024-06-11,563.4565668162273,81.85503274775544,49.609968516068626,56.873065493660654,135.55331651750717,191.38827079086548,829.086742249623
2024-06-12,565.1595131170122,77.50875640683952,49.20229856890062,56.71156430841557,133.68841335777648,191.80406419582653,832.957488599598
2024-06-13,564.9176663046273,78.92909619817307,49.159534749754776,56.748165547653755,133.0925962811841,192.16511841639422,816.7557456821237
2024-06-14,558.0155033937949,75.04978949208336,50.436247292110515,56.625482813334095,132.5704257056811,195.0415721362005,819.4323468838256
2024-06-17,558.3382815830975,75.15246353471116,51.57091175650806,57.254864145072304,132.84798816683494,195.6615494662242,802.0489321339032
2024-06-18,559.4723130998752,76.60948226388753,51.79311603808448,57.54243864379236,132.1196639705756,196.08846745843636,808.3676964102846
2024-06-19,562.3758676013634,75.48449060571144,51.81013221045374,58.06073756759018,130.7294657319111,196.73344432663646,801.8207833832248
2024-06-20,561.2163046710709,74.87363893023083,51.809227906424624,57.9541075179939,132.08177727380794,197.64110057490294,797.8060536120881
2024-06-21,562.7254413364934,72.99829860047446,51.997503077265534,57.812448575050304,131.2994625192629,196.81333185463538,801.838815705825
2024-06-24,565.151946413779,74.34166311022192,51.976388948589914,57.70132298602108,131.34872197948792,194.6936487583391,813.1780069914792
2024-06-25,566.4664237340578,73.77832398822193,52.26576927908262,58.03634183663693,131.76020532712383,192.43074723824034,819.6132316090118
2024-06-26,566.467814300533,75.38906376939094,52.305988495409515,57.865915082872704,130.72209000452486,190.82908760389483,818.8480149296663
2024-06-27,565.4296181238128,74.67703800549639,51.94490665090624,57.6631039237405,129.69874856962556,192.02748160381807,818.1810648670996
2024-06-28,567.2898100013061,75.37797482264637,52.21204265614011,57.73082510990984,128.6921303005602,185.8555616233267,804.9890719233033
2024-07-01,566.3509045744952,75.87128270294083,51.808262690645364,56.63290463582593,128.22342163830368,185.49449859204873,812.1009832611633
2024-07-02,564.0877970142745,77.26408030003545,51.7550016605134,56.33993304639975,128.80023587074078,187.91114973467324,816.3427623440301
2024-07-03,565.205402402674,76.13714707887932,51.70145510727704,56.44238112261152,129.0818030815675,187.86807448872716,821.2337722094086
2024-07-04,569.3751274630911,75.75196960793254,51.514902180508216,55.97319610800338,129.89480808209598,187.56171384767416,812.6337649206904
2024-07-05,571.2842117964187,74.62617189001988,51.66574955392558,55.89500496046323,129.39636074524023,187.48960085411684,825.4138525341656
2024-07-08,571.5082226753055,74.39020448421674,51.08844759329038,55.855681415471324,133.31164583889992,183.6548684288841,813.6155722486565
2024-07-09,567.6461798474826,75.96552068439601,51.396473246849844,55.147842065546804,133.80084909411767,185.26294815955288,824.9744639161785
2024-07-10,567.1026188791,75.53103603199871,51.440678824837505,55.326073516771515,135.1398422292541,184.36126591095888,836.85356511287
2024-07-11,568.1147007147734,76.20744355410041,52.06335106777298,56.48632279824644,137.03882672677778,186.08536017646927,843.261453101061
2024-07-12,572.1538066365538,76.13569710162758,51.910899416336136,56.26018736417403,136.79893490540883,186.40443802772126,850.0140794564858
2024-07-15,569.2148694952251,76.3412401927001,52.09013447225456,55.87512062757955,137.1581263832217,186.80212615971723,852.7892592348516
2024-07-16,570.0741254031348,75.79896351689531,52.55825235789783,55.74088171146207,137.09340107085777,189.60474558649568,849.3052896911964
2024-07-17,570.4589450742754,76.03406457552451,52.70149085270545,55.21495646385408,136.12408502777345,189.5206475617905,839.0683644957764
2024-07-18,566.6819244506291,75.87447701051818,52.036386066313284,54.78190986603015,135.62133621184046,190.30557602579896,841.8319083814033
2024-07-19,570.8823856756,75.79483176767181,51.84456361362,55.46944964593967,136.38086962663078,191.6295621296136,839.5132369522247
2024-07-22,571.8094308890629,75.91873437955938,52.44219255103531,55.94090209149818,136.971680778666,191.05523997948217,850.5194351542291
2024-07-23,574.9502259061708,76.07566829334239,53.59919610973256,55.773811567309465,136.76399591261054,187.60283407940395,825.9929782863748
2024-07-24,576.544168148865,74.79083330922782,52.806829714122244,56.84996880070043,140.51664191014294,187.33977442783785,825.7428635993738
2024-07-25,576.2639915117459,74.38349463477199,51.97860328774802,56.9860294249986,140.63905481459594,186.12650615815633,839.6873454568073
2024-07-26,578.4325854462433,73.97106668005895,52.468688784318054,56.79493630525587,141.65537461560533,185.86366903584718,829.1954085650437
2024-07-29,582.1208080568895,74.90211756499997,52.23441201321427,56.76925365264396,141.46650968288284,188.015632239699,823.1182762415301
2024-07-30,583.130940171245,74.59092899989761,51.711697253101356,56.57228073725065,142.6562741107053,189.3502280088394,823.4453923459722
2024-07-31,580.5449821390429,73.89982144499156,51.48874815287208,56.621066469848294,143.19459101842833,187.67383324425654,818.2417389240915
2024-08-01,578.9295991469623,74.28627886202287,51.5876292001796,56.833273632870096,143.2979922691722,189.3036950129686,805.7685945067172
2024-08-02,580.6345678832699,73.99342437945765,51.511839361985,56.65875989376318,143.00676577186238,187.8268458998877,810.7444659547783
2024-08-05,580.4913130527075,73.52452537881335,51.253541403844245,56.63000602827952,143.06774416201714,188.68952555814187,831.8183812503119
2024-08-06,585.4857855647681,73.73482218498563,51.49524755727637,56.36416804500593,142.03212281410896,188.90631646061618,829.6441920531782
2024-08-07,584.3964975801622,74.30980218190948,51.414328745929495,56.32999085185167,141.12172769365992,189.38845408049775,835.293309278386
2024-08-08,581.6910214579227,73.95958947684174,51.52950469861879,56.174357935876465,140.63447493498077,190.20874374415277,840.1762462793324
2024-08-09,585.6411773080893,74.77451682226011,51.22983933822089,56.16792680883037,140.78585790908068,189.1315421115135,838.7161411126815
2024-08-12,585.224411222057,74.47418359906003,50.85568770852725,56.38961742347765,141.3870381869264,187.39791782108503,838.5308787675839
2024-08-13,585.2974705737951,74.70558032463948,49.66118855359834,56.08963960575267,141.5198858309297,186.64232023723744,842.6696020240223
2024-08-14,584.1310375697873,74.16162003656952,50.67797882431235,56.55074814180883,139.44243965015934,186.22171780794187,839.1013456757343
2024-08-15,586.4599129044419,73.41812587762334,48.582229673511144,56.242087990946395,139.6462340904099,185.874752658084,843.2775790307477
2024-08-16,587.4332456054117,73.67013168044818,47.83253690702857,56.81239409664135,137.18997648489625,184.2430967441251,852.722803579105
2024-08-19,591.1592667965181,74.66885023410676,48.62258495319427,56.79489782716868,138.09930881628904,184.85147591470056,844.2796805315828
2024-08-20,590.987213552827,73.82023251959077,49.422887549064505,57.150383655962905,139.1362886095408,183.5225510571502,841.8668563127756
2024-08-21,586.9168350085749,74.00619940005498,48.784672648049494,56.89402163615038,138.51675892967504,182.25158416004413,831.1660145847399
2024-08-22,584.7474748057783,75.00238485182491,48.909177479831385,57.12629471941655,137.46533435943095,182.25134845091304,842.527009444292
2024-08-23,587.531182102064,74.33521454683397,47.30387240685321,56.88428951074747,138.16587518938368,185.594116702042,839.677380987262
2024-08-26,586.4118790242411,75.5536048036905,46.58758684136061,56.67259580528275,137.17911111253832,182.4279775774996,833.5002039656218
2024-08-27,583.3194660539136,74.83939088765855,47.25296796420025,56.29329077610568,136.8835825802457,180.38328588239827,846.755483381035
2024-08-28,582.7047047010794,74.72978259908747,47.629332849009295,55.60970499405013,136.17154698316392,179.16816415793156,856.847732323534
2024-08-29,581.3082809291348,74.72282438933807,48.18901274754994,55.66741196153798,133.00998270894075,178.81879908969876,850.2170212229693
2024-08-30,588.3717452909282,74.30517047862857,47.87123346916129,55.37706470451893,133.36871537831757,179.75724871159613,841.5643296365965
2024-09-02,585.3295612534058,74.49321281369234,47.65704970713395,55.359013866139435,135.9204856604079,181.73707171917647,838.8681414065309
2024-09-03,583.647217274457,74.09711018013265,48.84146816808148,55.831083807178736,129.65088623879691,181.19824525664737,832.4912780946325
2024-09-04,588.254671099445,74.0316759651667,48.670541709058625,55.45870514305936,128.75601757781925,181.24028235227192,841.7503058953241
2024-09-05,590.556492215188,74.51100269080703,47.675072938494516,55.63334142144773,130.7259630356037,181.85936647806736,837.3517865514524
2024-09-06,584.1404053443254,74.79293632905154,48.29316971650432,55.836167359692574,131.69066944564517,180.7625672861132,832.9740657813213
2024-09-09,586.360690178369,74.12091261306243,48.517622551698665,55.51905389225262,132.56662239052295,179.50749295077594,836.4786691819772
2024-09-10,583.464412581072,73.37616868803785,48.27718959129387,55.7525289550567,128.49494144248857,178.79246022026155,829.0810508471593
2024-09-11,580.5975320772226,73.25833195103804,47.29295594693103,56.27709412065518,128.692519673659,180.65768753565177,842.8934167665965
2024-09-12,580.347317583801,73.2918525533131,46.52803547497899,56.42655048795111,130.12983350692878,183.8276179040773,840.207392498092
2024-09-13,579.1471865623314,73.02501071244451,46.512792258908064,56.53066562221919,128.19801332794512,185.13425535635557,847.1201396262501
2024-09-16,582.2308921526175,73.08808889309722,45.82535960393915,56.617525025748634,128.38207651790597,182.85947729432448,842.9038979934603
2024-09-17,583.2033889784063,73.2408263323176,46.52790845424651,56.8762462684442,128.50263938369724,182.7128490669973,856.8528019396838
2024-09-18,581.8753715081849,72.43569391173322,46.9321271811239,57.47373078408494,128.07310575598325,185.02698880511173,846.6529916650065
2024-09-19,588.1978557609123,73.50519648282142,46.61325071062519,57.219224957192715,127.34304025443686,185.09341020351707,869.9485517009759
2024-09-20,586.6063078885616,73.06901014377088,46.408590751445885,57.209608105873265,126.64762258262746,184.56134988402385,869.5015492674308
2024-09-23,587.7177407897501,72.26638123213597,45.19568399706646,56.77410197857154,124.60847956121698,184.98464417475307,864.5777413665643
2024-09-24,590.244869836371,72.6435431645955,44.74652565890272,56.90141451371425,126.62880656534513,182.18469370452695,880.7726739352731
2024-09-25,590.8394926584018,73.07239999796366,45.12953092919852,56.686147143684444,126.91199301193832,180.71791051925743,893.0427151053908
2024-09-26,590.6427683128888,72.45480916893523,43.54205273494551,56.52882913391899,125.90377353146559,181.00294857208957,897.139849164898
2024-09-27,592.7421842890553,72.20191196682897,43.08635071739309,56.50985339088561,126.97240054167081,182.29297269940113,898.1057555236024
2024-09-30,599.5153333582642,72.37534716669826,42.77576394883237,56.47784753721402,127.53725799073985,183.3075363776639,895.4518263775328
2024-10-01,594.7477097844926,72.31380461369397,42.157065547696284,56.10770517566834,129.2666217868379,184.86463281896695,881.5380370411568
2024-10-02,595.5004047217468,72.45302889642002,41.95904888657586,54.90528465071948,130.2960901748202,184.35210712474856,878.324451247825
2024-10-03,595.7374188187373,72.32521848752643,43.09399131068088,55.039768438759076,130.19297606022366,183.6617943294678,871.2128244625374
2024-10-04,592.1860741661485,72.11618136164302,43.37146208108141,55.08806111938818,130.01331926711322,186.24125490573843,870.2247666728744
2024-10-07,589.2497880855645,72.08124908730254,43.37058634589339,55.58341155592377,129.56436472737246,185.68111509894334,875.3707591265744
2024-10-08,591.0823828949324,72.11809201689054,44.138948500037166,56.48240847559958,129.15356038779163,186.2877115200881,874.420613232819
2024-10-09,589.2044477974857,72.53846401315329,43.9371234395898,56.28674934564038,129.83397804672882,184.5697854606948,886.6207884159558
2024-10-10,591.3076970052821,72.19018459193194,42.651783384846475,55.88115675203648,132.72443912835547,186.37182517239972,884.3458288991284
2024-10-11,594.454998543813,72.31356033269273,43.50532241499968,55.664989079536824,133.12305478205283,185.74736848260565,873.45015145447
2024-10-14,595.2427700126783,72.46093351961953,44.11809545524035,55.6185563914036,132.95591717192406,185.63401884129848,872.9200274927061
2024-10-15,592.8735750825365,72.5887501315642,42.99048703567376,56.101054670982485,132.85104261727489,185.2126652397442,876.426668715685
2024-10-16,596.4262735768006,72.40732576955128,43.37518011491752,56.27060846937598,126.97462701429531,186.71546714455644,870.9901170922944
2024-10-17,595.5437620567553,72.38373892203319,42.44778142752386,55.90246430952724,125.50583946994374,188.67594867040185,867.5563474343218
2024-10-18,592.5898413775342,72.38033798632577,42.56605488925774,56.47684018959402,128.10043991996207,189.97456414222106,872.4337234291577
2024-10-21,592.940583211125,72.40156550674676,41.67798939368823,56.259752036675934,129.86519172381935,192.83913260636467,865.1477457203549
2024-10-22,587.3972180140024,72.57512570623916,42.24668917531013,56.29427493957864,130.01885675430702,193.55888406089744,868.2540158373382
2024-10-23,589.5124971854847,72.92215318693083,41.46210816515079,56.250107030993014,130.04074161647208,193.14768125816946,879.9738522435446
2024-10-24,591.0724261133186,72.97127033631962,42.36943853070601,56.10336296140548,130.18976900960067,192.8704649618225,881.9124020484638
2024-10-25,588.7767527618078,72.99786097523794,41.65404562567208,55.6931100435852,130.44737209034344,191.95377008499594,881.8871869106063
2024-10-28,590.035273758638,72.56394129332469,40.15396177162993,54.74491864718591,129.79068529581056,191.7150145988975,870.2918988523201
2024-10-29,589.1264781605709,72.17391672638144,41.28877275249261,53.85201719876463,130.3461803385938,196.57471260674978,860.7467947029771
2024-10-30,593.0435106463284,72.50047182384625,41.09535811045967,54.48497951388875,128.8185061411019,198.48642071913898,869.3320120839848
2024-10-31,594.2732305362606,72.60795403699541,43.5628398827002,54.224293118260434,129.45727352203005,200.38418731264753,874.8746480686119
2024-11-01,597.6921063708199,72.643319222869,45.939304892215404,54.50198788209457,129.55500164165719,199.96195229636294,883.6956826441165
2024-11-04,599.9566584476764,73.04086659285079,44.1295078479926,54.14626669762277,129.3275261849546,199.72352253465323,883.6709753611831
2024-11-05,596.5866482012567,73.19126214320495,44.07102364490958,54.235362907710204,128.43539342837443,199.29881374941218,888.9316346754655
2024-11-06,599.5301139762748,73.36038210030074,44.03658410545376,54.58267153352579,131.41704448865417,199.1853237696416,881.4896857212058
2024-11-07,599.2435133732505,73.1094929686746,41.55813404792799,55.93169611677825,130.60381440615458,199.3632129888529,883.5243215109634
2024-11-08,597.2771577951754,72.58267041924641,40.9634482384929,56.2701892365284,129.45933671080127,196.54138676902681,865.2720081337235
2024-11-11,592.1677047965967,73.08427929528442,39.59892577608445,55.933374324932025,127.77248211368573,196.36783655634602,895.7861860112923
2024-11-12,590.2342038326657,73.38055256135979,38.516015404735626,55.54938940565979,126.42301309416469,196.64701368446902,915.2816708246653
2024-11-13,591.1038983517082,73.57461198644197,38.24231680473437,56.168668286796326,126.10597043620312,193.6046631923016,929.9166164841939
2024-11-14,591.7041609030838,73.07421368122677,37.78162385920144,55.42104124161973,124.09856004922013,191.11308429647565,924.9144082776506
2024-11-15,590.8779540726844,72.73981613430946,38.103754047912616,55.12556023195325,123.8872657316696,187.745420245362,931.6018980996581
2024-11-18,589.249522105861,73.72789246968821,38.68655880104901,55.27281786477303,123.69105838893853,188.09551707359165,930.9210643697228
2024-11-19,585.6230157231196,74.20626643865737,39.179024412639436,56.219814583677525,136.9622272415674,189.44299771602118,945.3695268085121
2024-11-20,588.7061538299761,74.49783112996673,40.41913321693662,56.00430115458962,136.7454330233118,188.3509054411645,935.1320041711479
2024-11-21,592.6818472138497,74.90744389086441,40.02695155672516,56.11970728156571,138.37316606538027,188.51472309795233,934.1262421886375
2024-11-22,591.2995255636296,75.00631055366512,39.248819076699604,56.94445131412471,139.74469083744964,189.91644824021537,936.9405691638807
2024-11-25,592.131370522802,75.1958966958661,37.010098909343625,57.15390706425467,139.52345898858962,194.0588218004772,921.5333116009627
2024-11-26,591.3784491302714,75.59774923470508,37.71630100095028,57.16402956752068,139.57214480948176,195.034877581611,920.4139490844443
2024-11-27,583.1345050000538,75.38215532399362,37.51812116216363,56.90872791299972,140.79020349875216,194.76118754629235,925.5732426171476
2024-11-28,578.69451550194,75.877032722226,36.14270841324298,56.88682391325272,139.89379786982278,195.35255896682463,932.4340095039463
2024-11-29,579.3457155281317,76.23698719370412,36.06484535597619,57.33029800612301,139.05318206465236,195.66148724197842,921.0447647954035
2024-12-02,575.2898341181419,75.98510975866571,36.78873143940911,57.428245221966,135.6927030532817,196.33023862316796,918.7319827844884
2024-12-03,576.5035632372101,76.21010063069278,37.307815692998794,57.33719817875521,132.86699146987158,194.81116566521115,926.0960107618419
2024-12-04,576.6253340604693,76.39025756820752,37.54871339699724,56.887395808409174,131.97814521889816,196.5375694023674,922.7088357465954
2024-12-05,581.9251004517442,76.46205463821781,38.5922827329299,57.45059845993643,132.62362964022546,197.85001273007566,920.6099588445726
2024-12-06,577.6783978987578,76.94960632859588,40.25308820520103,56.606776184462,131.4911433129785,196.44360870757035,932.6629278039919
2024-12-09,577.8067802546491,77.16849844114655,41.74597373215818,56.86218069160706,131.76836799828362,193.2772609712026,933.658658754428
2024-12-10,579.0137572830872,77.61661667435088,42.52759647665702,56.656482560626266,126.03708738511844,195.9748261042244,931.0969341336652
2024-12-11,577.6461557855814,78.36005288449735,42.013692625762886,56.371507678601844,123.77332833008383,195.05049160010822,926.5577888601044
2024-12-12,578.2558762422934,78.94581163759264,42.80336908401281,56.619257078818244,124.4032272852715,188.21146288155387,931.3847215640246
2024-12-13,579.1042288829755,78.79962697929003,42.0374932795424,56.585586354041666,120.96285162984077,190.38156714034406,930.1400430405123
2024-12-16,577.8901499609958,79.43361218268663,43.19220611327822,56.53108018362569,120.63738452041085,189.5271334998262,925.2592257835277
2024-12-17,576.8246738313461,78.44793443934334,43.86706124341674,56.79915235581967,119.03157480169973,188.05325499120545,929.6908344149019
2024-12-18,573.4738407805187,78.50430293469002,44.592117343233305,56.61175409969367,118.28127253338741,185.93075411780308,925.4179610066886
2024-12-19,573.124612045086,77.8415596224702,43.89243044370038,57.07268577586008,121.22260422979464,187.8778300453995,922.3408525448502
2024-12-20,571.662460221171,77.12424987574897,44.01196697592884,57.39756953884863,121.65724429414132,185.6166474537997,921.979215635151
2024-12-23,574.1517374621823,77.62852883511529,47.286943937382055,56.914099290861515,121.48802785347532,185.04913524457905,926.2278423924594
2024-12-24,575.734839975984,76.6818869828013,48.412084899324036,56.88904634544682,121.2574394317023,184.78154163775653,926.5719685078367
2024-12-25,580.6140804199928,75.87930654201185,47.61097619568969,56.587213296490106,122.05748089330054,185.58483785113492,933.9145924342441
2024-12-26,579.0370162189269,76.8230108876434,49.52318670151508,57.093932878957915,119.4170623279061,186.22591108539254,933.3807225862789
2024-12-27,584.7654471307605,76.36625663399637,51.45874990951321,57.33063159884626,117.97971866460612,187.69049574066298,934.9112983328682
2024-12-30,580.3459475698867,75.6963860944497,51.08699663610234,57.23887044217679,120.0627111039566,186.30001042193095,954.6896099738425
2024-12-31,579.321748029196,74.49676705539616,51.70631597454194,57.161474757448026,120.75134859245645,185.46835797229645,947.5029249000003
2025-01-01,576.5419015554043,74.81568492287232,53.39358704244054,57.243372419988646,119.96402878097095,184.97847811437197,948.7047476894353
2025-01-02,576.8401995935712,73.21229716781774,52.69972614472422,57.000933324569516,120.28809224771067,185.0888590366976,947.6879394387995
2025-01-03,576.7165488559264,72.33230245895649,51.18964859215216,57.16508540537933,120.17409235413837,184.03357792963718,949.1153794695659
2025-01-06,576.0920614866287,72.00443655916159,50.426308408243074,56.96381295033741,120.34481107669882,183.8939594480467,950.6262591633317
2025-01-07,574.3784164320199,72.05318121928752,47.7891363616505,56.894194082368585,120.74131313403348,187.107587649076,942.9581798165995
2025-01-08,571.2653291979137,72.3865952512238,45.98727963133677,56.44051852459451,121.9070906872396,185.87118103060294,936.0936615122653
2025-01-09,579.1369694746824,72.70766440545363,47.32631002662238,55.797100690692936,121.04927198221388,186.5156442814719,933.6557207077002
2025-01-10,581.898044977176,73.02921944870138,48.77647602416339,55.81652134595624,122.56990005927807,181.62543478087207,942.5051513246709
2025-01-13,581.6895028229823,71.88809058395724,47.488311897025994,55.895815109271965,119.81633076806757,183.85007731723977,942.2071508281394
2025-01-14,578.5667198270295,72.5586794402015,46.6259740541073,55.81600800366861,122.1130618000904,186.05178711049868,945.8553222791691
2025-01-15,576.6763136306056,71.92371076998668,49.71741506628814,55.609678177202845,121.60330984287205,187.882091852085,939.5347333434537
2025-01-16,572.9071112803645,72.30236086848029,48.71918732479472,56.0581197165671,121.44013097561923,184.9092668855277,940.1357717444038
2025-01-17,574.5392345192123,72.1352071837732,46.18119345878529,56.11209284841711,122.25300151632699,180.04863546233193,949.592434351782
2025-01-20,574.6867673214152,72.3974233067601,45.57671970823091,56.26263265385125,122.10660313775692,180.00413497163086,954.7086523929298
2025-01-21,577.5940132070939,73.2565500384233,45.281488443379104,56.24620617057651,121.54669670928675,185.23953262218077,959.8968849745764
2025-01-22,573.6008892949033,72.70664528408963,43.4560960067567,56.73047563210856,121.47584896188212,182.76299651899836,958.5958165023371
2025-01-23,572.7850082566542,71.79775003658422,44.298465965711664,56.81136150112747,121.3461435793165,179.53002593157433,952.3412970348058
2025-01-24,575.1653190094632,71.33597469257602,46.500021038654225,56.85795134394614,120.05676449011803,179.42142957859087,953.4301968871499
2025-01-27,575.9583323330459,73.22172126539205,45.410570871155265,56.51188725838133,120.11115957876649,183.8573569394323,947.2230613069627
2025-01-28,573.9722605280315,72.89410781819039,45.17791317591354,56.58219311658597,119.00070728986469,184.82986143311888,945.7451261432301
2025-01-29,567.1203836002101,73.17739589776352,46.33429296848996,56.7277078307626,119.23276945535743,182.12255324075616,954.3439203024685
2025-01-30,568.1042241441668,72.75168609041805,46.32342820746074,56.995372475064535,120.55196590956902,184.3720487388873,952.2829191079179
2025-01-31,570.6581646287129,72.09546431817895,45.09621651951549,57.06927181018266,121.0815654130589,183.94232057621352,949.2576850238565
2025-02-03,572.1473881963747,71.46343814364619,43.41836276842248,56.79541768529066,122.41409685121137,184.59260255904553,946.8761471461358
2025-02-04,572.4749914766832,70.97197163324655,43.13140752168221,56.7680406812847,121.28021307681576,182.465227581842,938.5580143038252
2025-02-05,575.4752491040621,70.92972608599064,43.74141008903362,56.89649169398483,121.26072286568991,186.3189687030962,941.268018329158
2025-02-06,575.7422410962461,70.5885158844624,43.592447201742864,57.14442693901492,121.2428934555142,185.38335819667176,952.3133248022684
2025-02-07,579.4085253900275,71.59626559796885,42.34521728693481,57.416689078075244,121.62642051615158,185.55880537176705,954.0138851083441
2025-02-10,581.8540947735794,71.96506927907603,41.052253963220615,57.10866735081591,119.38901205927182,187.20906608525493,946.3570742048591
2025-02-11,581.9076685442874,72.43530671914469,41.32358974536778,57.23639436466214,119.09294642843928,184.46091572627583,945.1232187660413
2025-02-12,581.7537723770872,73.23697015542989,41.32485320278844,57.50998495689033,122.34341733867234,184.75595889747004,936.9074577379955
2025-02-13,581.1171212282408,73.73112564394344,41.00525997146019,57.33817098456545,121.39718656139227,182.73167619420983,946.0071261549904
2025-02-14,581.9550545387589,73.59915152077662,41.60792727182101,57.264600856998364,118.58711790493004,185.9012994182635,943.4433090531398
2025-02-17,583.6307885247802,73.1861363820742,41.68687255959341,57.59450944709841,121.33499682490871,185.96692904379532,947.1241217373561
2025-02-18,575.285301160494,72.10014032274246,41.60478949092276,57.37422754537533,122.09716169085378,187.3758547080233,951.5436103986827
2025-02-19,574.776777170764,72.08290681651245,43.024264556119824,57.4107960095183,120.94052960271101,187.6522138166218,949.0090035746823
2025-02-20,577.6046522424456,72.402911711504,42.05141598372525,57.531365863010976,118.61587426297525,186.54324282875143,945.6997560002325
2025-02-21,578.5323957693995,72.62371668452954,41.59438259121873,57.3843079177771,117.12978857692617,187.5524485741223,954.0644518390176
2025-02-24,573.4825750381826,72.36080333514901,40.834631416256876,57.42883423524968,118.75207214276605,186.6900359908649,954.94220403327
2025-02-25,573.2895669527952,72.8437541428613,42.20218108081402,57.21851483384329,117.65140869558923,184.45652004618253,964.1842081222594
2025-02-26,579.8423431359226,72.76644560054882,41.93309316476276,56.98691651226136,118.33114624244699,184.18201779261108,962.7240312436952
2025-02-27,578.6681732139668,72.51171293053376,42.52422115564062,56.74275175808949,117.2216582701545,183.5327965703475,964.1907407198704
2025-02-28,578.7280458707263,73.39434396234614,41.04982248397787,56.75229928361092,113.07039102762522,181.94679413784272,970.2750871330753
2025-03-03,577.8030019720449,73.4671729070418,40.92913396703843,56.405352849913214,110.30279776787185,181.62972601795965,971.7752430974174
2025-03-04,576.097264916043,73.51669841785453,41.44383666050945,56.92991807711472,112.84958090851921,180.3414038091761,976.1584770805292
2025-03-05,573.5163037161831,73.8289512753913,43.78605796131214,56.63334168646786,114.81260833561231,183.4121935018043,982.0021771252929
2025-03-06,574.4462224723405,73.82113078117949,43.7663868525182,56.725147528887845,112.47663332779157,185.72888600997467,975.6671151761012
2025-03-07,574.3610022732016,73.82868530330673,43.284624674301,56.33097574622737,115.40549528670493,187.18287622212137,969.8225091282268
2025-03-10,572.2669702354165,73.46267956146592,42.363341170019304,55.64502322735656,114.11732909698159,191.88209521572705,975.3267461511047
2025-03-11,569.3271893040185,73.59999774284103,43.82790978085946,55.70909561934548,116.89166521990087,192.07712344000328,974.1269362417592
2025-03-12,568.7028630953206,73.65877612226885,43.412865618183126,55.59728731560924,118.36988922354075,191.99187109968247,979.6821442218284
2025-03-13,571.7047221574774,73.29642053182661,43.77591905521748,55.21169611724853,117.23644041512887,192.529509964213,987.2015327664914
2025-03-14,577.0813834404204,73.67128161762442,46.03987602733351,55.39674326621314,117.5366264684927,192.88778890706652,981.8407149181226
2025-03-17,575.6635673276779,74.08572512851136,45.744380576332055,54.73106229681658,119.13340520877952,196.45779498496935,982.2100372483694
2025-03-18,576.3879159049916,74.44366126270332,45.40813575820249,54.70839582232553,117.94613012485726,199.94485857095128,969.2493097364633
2025-03-19,575.8047924645906,75.1516713789011,45.25525595170252,54.60756348077807,120.12923996469073,201.39098339601753,971.35709200185
2025-03-20,577.9813706880916,75.18377104761524,44.864561736619024,54.37154305223518,120.36820643833988,201.00922878874334,965.8494562147987
2025-03-21,583.8779074459239,75.28437509787706,44.46730308844555,54.47667412829444,121.73774625878,198.243486767162,971.326485557072
2025-03-24,585.8951129039434,76.19248856660083,44.79452513886774,54.82045386410276,120.13741555961877,200.267502561623,958.8904896372472
2025-03-25,587.2404369917228,76.12809640908033,45.45425941557954,54.780844947347774,120.38013879991132,199.88882861954596,959.9773282924351
2025-03-26,583.9312951365877,76.15174111709054,45.65976291321515,54.64353246096273,121.01116483566364,198.6267291433452,976.5922798949484
2025-03-27,585.4307321186167,75.95859112784748,45.10299305995521,54.503781870556125,120.3151138920431,199.87772048078486,962.7306054257101
2025-03-28,587.3712692579494,75.7559863606316,45.4147910915716,54.84471704045918,121.0017681213519,198.8950767151089,974.830970997995
2025-03-31,586.2208597003581,76.76296995969038,45.490682406001305,54.67124583000327,120.97068149525794,198.16654475093506,992.0661232363793
2025-04-01,586.8956169990441,77.1349379980745,44.84906608473198,55.07425504933972,121.56126423655,198.14592745543692,979.9271186207079
2025-04-02,583.9640628242627,77.61481410138481,45.194139354269,55.84359600270076,122.35192757672782,196.55485844837574,966.2301139733767
2025-04-03,583.6734999585943,77.547925867802,43.83873687440319,55.96878467897743,122.89161592313326,196.26139073920535,984.3377684943496
2025-04-04,586.4525450923115,77.70746422897422,43.83430670041903,55.856070952153246,124.74187548068491,197.4323605654144,968.2435957003869
2025-04-07,584.6108326517848,77.26273001083189,43.73812379354338,55.819927906134204,125.99897920349079,197.7480090248579,973.6549396161497
2025-04-08,583.1449016763858,77.34575511938111,43.843542585335534,56.28862586098607,126.86461827019448,197.7220053783429,994.853012974216
2025-04-09,580.7782894201379,77.20070141711285,43.78302696148909,56.46497050697823,126.55976411910734,198.66496987016566,1002.6053893766464
2025-04-10,581.6848695178431,76.12982850178918,44.43643420943364,56.28470364107689,127.42994647680884,197.68069932120554,999.5069228967754
2025-04-11,582.1468802724656,76.24917739742585,44.515424586570454,56.43332988379373,127.6177982178072,196.89698573283925,1013.7326854436901
2025-04-14,577.4704805432666,75.7483317757854,44.58511297573532,56.891512159413416,127.60706535153871,198.99816126919288,1003.3674167414264
2025-04-15,575.9663050138452,75.01614381124716,45.15625882646757,56.536421909375015,127.07746331384688,197.7837431930045,984.7539530646515
2025-04-16,574.585843140616,75.94758864735857,44.744564168872174,56.55928079125491,126.13392137780757,200.46795138595508,985.2315001775858
2025-04-17,575.6358550952697,76.00902636034861,44.51007412125245,56.66237570352823,125.37476575970149,202.2398473428779,968.2613112311416
2025-04-18,576.0913744923809,75.81150545695796,44.68452623812772,56.615583612108956,124.55185997289328,203.06601307323047,974.7521738560049
2025-04-21,575.1819257095298,75.14642615634003,44.6620116012323,56.83098109212112,123.83400064120654,203.54456695816575,967.7409595553955
2025-04-22,575.1704112976088,74.66104394830899,44.26231184174562,57.36476095776048,122.45521470295904,204.77940803706448,954.7130665888259
2025-04-23,575.272946560953,74.49052817270879,44.51335566385453,57.51636837160582,121.66682580874605,203.01402891474063,954.4851903353181
2025-04-24,575.1260950192285,74.29903818430435,44.74728548796289,57.56038748073834,121.07253693993835,203.18853772713516,942.7444251246665
2025-04-25,575.1162088741272,74.47644389133792,44.34969755311717,58.1344485815493,121.47617369447809,203.4990822116027,944.1218143007709
2025-04-28,575.5734857531222,74.6757648077749,44.66647400122731,57.91561506667793,122.17929164441338,204.20178828573546,956.8661810767978
2025-04-29,576.9270267179676,75.26029760762947,44.4598058331432,58.03697767385797,122.73559982685848,202.77134410966505,946.7689329501376
2025-04-30,579.8852904816827,76.13928415924983,43.98358077621078,58.346319536386495,123.05532570724036,201.5040028970052,964.2935085296513
2025-05-01,579.438364709891,75.35454635779912,43.83843240276308,58.589724077476035,123.93198558300654,200.50281868513045,963.774875051398
2025-05-02,581.9637504870515,74.8899852606801,43.98424318251559,58.71131514347613,123.73777886764186,199.73742256712384,959.7408543383946
2025-05-05,586.3679741939357,74.25471022746498,44.6452872887656,58.8163110681011,124.97543662270292,199.29393716545889,955.3288443331746
2025-05-06,590.9778303598697,74.66454709394709,44.36188098185558,58.89382186911838,125.06719738748289,199.0133258143365,949.3381240002542
2025-05-07,589.240650789972,75.53678500056552,44.59239460648376,58.74299873016327,124.86476944305963,199.8385162343427,954.2210241503188
2025-05-08,589.8799732521692,75.49935839891423,43.65373464837253,58.2043672420985,125.08941332154232,199.45455547038102,942.2161148594582
2025-05-09,589.5751523750238,75.62770270641924,43.557224243741075,57.9827434951568,125.99884378142418,199.9196309786149,934.0403108513229
2025-05-12,585.442762016291,75.21009966361511,43.360435139088516,57.64328641922128,126.9522566136428,199.9189946377082,943.33875909667
2025-05-13,581.5027976164954,75.31836825404953,43.53219318090207,57.39789538823001,126.02054695232331,198.04740667970455,935.0414019846971
2025-05-14,582.3460637254136,75.15784808470059,43.930470064801945,57.26365515929788,125.74006295349842,198.06933136975684,930.9129217171037
2025-05-15,585.5816582963557,74.8882271017734,44.21409116228002,57.256256824644076,126.92317981285426,198.90855883122106,927.3592153826901
2025-05-16,585.7426985254193,75.29696105610795,44.409823956658364,57.73301051410319,127.53783367480185,197.9019020684237,940.7348040335937
2025-05-19,583.560416177332,75.71440815010187,44.608849956490225,59.10573430247736,126.28160142266178,197.2157218346249,945.9396025507948
2025-05-20,582.2631922397521,76.46742965170934,45.09656661972382,58.871261516913734,125.55807838222184,195.88760360111397,955.0087486031598
2025-05-21,581.4509534902439,76.3645796789866,44.53942816271689,59.18625984587992,124.43248450606754,191.71150071690354,957.203990392663
2025-05-22,583.5302669866709,76.35941062059774,45.08729484051538,58.924854509912755,125.17869262300029,190.94161439507357,960.8488514026498
2025-05-23,584.3181703030759,76.59599525401234,45.12861990793157,59.23061833494113,124.68328052159225,188.2381826240297,955.6830578901391
2025-05-26,583.4400091888102,76.07028922028022,44.716765242624426,59.17585960865641,126.12001489315416,187.7303081197325,954.7594101045331
2025-05-27,576.7128465916219,77.4922807672563,45.003868245824606,58.98294757867536,126.49673137615821,186.32520551325874,971.6784190274667
2025-05-28,576.0657374970668,78.65311423808251,45.143514720379294,58.91051496241095,125.76370371712466,186.40825745238996,966.7710443508465
2025-05-29,579.3372038362472,78.72066405521302,44.78660265687384,58.943344204909934,125.65945115330842,187.73772941704516,954.3791438298186
2025-05-30,582.256510618727,78.34660490845884,44.667724487715084,59.51170478557444,126.15495575704347,186.80657071845962,954.3110460880546
2025-06-02,579.0996465264191,78.51569184195652,44.5980641274885,59.017766679169256,126.7190860554082,194.05494559379935,953.5888446098049
2025-06-03,581.0297156144525,78.65874567851235,44.98591819527882,59.48035159596557,125.85368890599496,193.35519558048398,948.252596539212
2025-06-04,580.953598659105,78.10650011416992,44.569597524317075,59.489674268845576,126.2586192020792,192.52105852615253,949.5183894164599
2025-06-05,580.8032648098406,77.78694720613565,44.68850217124074,59.876750314748975,127.46237075410465,192.61177059363098,952.1119726475358
2025-06-06,579.7925641778589,77.77307625417038,44.65856586952552,60.022985095963726,128.1921199275635,193.58439658368138,954.683397040529
2025-06-09,581.8774117168343,78.1957671541842,44.14600982555128,59.924562286206985,128.17035429708815,195.67514534580081,947.0608285160262
2025-06-10,582.5078801491329,77.60626571613183,44.12628786917135,59.11551422037556,126.5559524532693,196.58181733359228,952.3359298586263
2025-06-11,583.0831195002985,77.40537657878421,44.303777915023865,58.84239118016565,127.01677745717161,196.5827913977091,955.066703760265
2025-06-12,581.9429764249526,76.91518579244894,44.156991436722,58.81186798321603,126.22183513853562,195.77823795341314,954.503846593753
2025-06-13,581.9162475590275,76.97668074267509,45.30698767038799,58.06992830790824,125.35952948906599,196.5347484830757,960.6846374041924
2025-06-16,579.0914152023348,77.7689109414347,45.73449618124676,57.730338180990906,126.12440952528588,199.517935351412,968.2251031890228
2025-06-17,580.0825292582053,77.67279604027664,45.50997925814677,57.083088455992275,125.19388779348779,197.1866385277185,959.4476030461827
2025-06-18,579.428939711103,78.03066891390361,45.22996303665847,57.41468046344963,125.27164828886795,197.40018080824944,967.6570607654129
2025-06-19,580.2027254128755,78.66014488886476,45.24614098142322,57.61910600311219,125.13356040286891,198.9273442070482,963.4318712097706
2025-06-20,580.5114502304225,79.40883632837331,45.51977043387441,58.040081160858776,125.18961266113217,198.4982065138358,956.5421735578084
2025-06-23,580.1153244560194,79.47050940508711,45.9503799517759,58.72478134457716,123.71229876896317,198.32929057481437,960.6893868632906
2025-06-24,581.2991185814286,80.45656295921026,46.17758959383755,58.21439452698822,123.15237658767893,197.89647191676696,950.301407804321
2025-06-25,579.5709094499676,80.6207327879114,45.935131900753966,58.02165282460738,121.47799005013232,198.97775379049114,953.050941649979
2025-06-26,580.9196948280926,81.2664275693234,46.1548356917121,58.113492023392446,122.27229688779268,199.19287206530456,966.0006533119329
2025-06-27,575.2682487714839,81.38252005683417,46.47979665391324,57.94035564672556,120.3436967627543,200.53211310079257,967.6924968171968
2025-06-30,578.3238821138295,81.09708789306752,46.22575787829472,57.73098512747273,118.18049921922754,198.6639895731816,958.259567265097
2025-07-01,579.9049660562453,81.4167379480138,45.91231058905583,59.03968710388363,118.64409815976431,198.675913999373,962.9299213951001
2025-07-02,579.9918492160161,80.94053271491322,45.99249346014858,58.70287167811523,114.83651441692845,199.1851668296064,971.1872272274758
2025-07-03,580.9154016283005,80.40252636257304,46.43991981758267,57.131559129808174,113.51576059075629,200.39538536810807,978.6833835920252
2025-07-04,582.9902780337104,79.73413134789189,47.019546564220285,54.094490095598665,112.60327814259908,198.77064703386742,961.1719061686163
2025-07-07,581.0955767680169,79.8698003098037,47.09950543622222,54.3071756749416,112.64603683914117,199.30566122232622,963.4852150534908
2025-07-08,581.370213947824,79.93873614184987,47.43812817230152,53.85104953654229,112.52312285875881,199.0639227324365,960.0853153296418
2025-07-09,580.2748997018879,79.33196838417544,47.66577648732933,53.18172596163212,111.83745521027411,201.60620435408046,953.9515238897815
2025-07-10,579.0556249960505,79.02080654894922,47.881910493177024,52.88784770152572,111.39028203395151,203.66278454150967,962.7805940965158
2025-07-11,580.2620777394743,78.79451951986334,47.91694335108618,53.56733840134049,107.34037834369074,200.44679738922713,981.0567618008057
2025-07-14,579.7214942873001,78.2573738729721,47.3957520462749,53.31701833770526,110.0802713059041,202.1050170194061,979.621227822866
2025-07-15,579.0757147953574,77.83208592015191,47.69626864026763,52.05974449519368,108.16221825973048,203.38348250467973,974.1295590098787
2025-07-16,583.2144430721708,78.12971322962873,47.81795770074535,52.91003594316198,107.5655691878415,204.1914416625082,970.6259431575519
2025-07-17,582.294652656925,78.32920169929841,47.82779443775734,50.5882508423793,106.69356942299413,203.45353428864453,976.9238489511815
2025-07-18,583.0016657569323,78.57234782218914,47.57903720652832,52.256922003667725,107.1607129901371,204.62891802435132,977.3204212514698
2025-07-21,585.3374290359274,78.15157925304595,47.62049336424838,50.24208106758885,106.54530074455847,207.26809797397664,975.7448691853687
2025-07-22,585.7711115658932,77.98024390529842,47.9339979012235,51.134963823440984,105.43939862821345,208.15825164952062,977.9885284328137
2025-07-23,580.179533216737,77.80102006883874,47.707913157824365,52.02084210392752,105.74081946048524,205.11886892165955,975.9757604343804
2025-07-24,578.0954752338125,77.38616479994067,47.80907028267176,54.9742482586829,107.21433258707853,207.64344901018572,958.1640348966515
2025-07-25,576.8343302459641,76.11821353859132,47.663263761694544,55.27891505294896,108.14746993584217,209.42550872753685,957.1108375186752
2025-07-28,575.6003685180865,75.7785746595453,47.77256230919387,52.00232365281568,109.13685885766633,207.2303656907045,973.2926090750439
2025-07-29,577.434643850568,76.20799029455922,47.57574270086018,53.88973307693785,109.69098826539796,209.27516759910839,961.2871564440856
2025-07-30,581.595120299907,75.92148579992974,47.38262193080717,49.13933867284271,114.04901197873825,211.9197986848042,949.4464102999053
2025-07-31,579.7397686957944,76.22516189584694,47.498484706799736,48.579497793877714,114.32408413135401,212.49095365791916,951.449738135502
2025-08-01,585.6425323205711,76.29915937472654,47.02924275208596,48.41547529326187,114.65320584128308,212.4921203842313,953.1063044152613
2025-08-04,581.9995520213814,76.82003385858485,47.11542236807646,47.09269313032384,113.3601290532838,212.17760359807124,944.339117859841
2025-08-05,584.0323910200437,76.23207871616731,47.66360485827541,46.783601739596406,113.77085658292627,209.94759107031106,942.8323545286765
2025-08-06,581.7545698559061,75.45839055838056,47.53419592767976,45.99367416223882,114.37042871854756,209.74996032209586,952.4018272865001
2025-08-07,580.7855686785135,75.57153441506955,47.66360267191171,45.73571400405421,114.40385564933278,209.318047720857,966.0904858765665
2025-08-08,584.2407251373888,75.50490489911003,47.41475665981426,45.479390077747716,117.02493050017313,209.53307673932179,966.9306154055826
2025-08-11,583.0402767243597,75.66171392264903,48.04451483611352,44.26079796806232,117.04796011848009,208.91258657439076,962.8958592045408
2025-08-12,584.7950047256139,75.85005819420478,47.72932056653228,43.737195845817084,116.38113098832352,209.62541922937856,955.2134043426755
2025-08-13,586.5354098710551,75.43517410832226,47.96266937365162,44.805861853126295,115.92548985807481,208.069689231419,952.3058879907607
2025-08-14,586.025042752875,75.4188661957161,47.8343651745452,40.28820409842121,116.17716348102728,208.59432150357904,944.2150151662736
2025-08-15,592.1779216851168,74.3616275157078,47.78747492071031,35.570744036888506,116.78433658215707,207.96027389673537,936.3659205446402
2025-08-18,594.5208156022795,74.28276979877232,47.58296846373406,33.07236015458469,115.89608896543572,208.95227506042605,928.9489739248132
2025-08-19,593.0541149948164,73.76592994088654,47.805846793573124,33.91196766011981,115.06103181783628,212.0265330664488,936.3024952796648
2025-08-20,592.434013952235,73.32033604301813,47.81051120058307,32.857355043220686,113.3700133451559,212.41456625662198,961.0772665873651
2025-08-21,593.1174266758574,73.18745852223266,48.30203326302394,37.35433592326234,112.57630056887886,211.44265232943448,971.1938228786629
2025-08-22,592.4436160202896,73.07472866947896,48.29302721984425,39.58760765404646,112.65669772332917,211.91571597462476,982.4118444601991
2025-08-25,593.0153843747678,73.08092547535396,48.299453462416636,36.997286796876345,113.45776067910919,212.99514443803045,989.5266665661236
2025-08-26,593.0023498905639,73.49052790070421,48.51264196627694,37.548825405671046,114.16507222881476,214.52362364303315,976.6379954961648
2025-08-27,589.5462862739564,73.59429339833966,48.70490621906196,38.67310464685745,114.81118712411161,216.0598539494251,976.9928886141062
2025-08-28,587.7744881718587,73.2827071409911,49.00751765167584,37.399198073167604,114.89185940579668,215.51820100778326,974.9464619881752
2025-08-29,587.5030302982118,73.80148549390546,48.60271876115375,37.449406889568685,114.1689385327051,217.6328288133037,977.6411864880259
2025-09-01,591.259827715769,73.73807351608289,48.55964785893254,37.94021030381293,114.05692885485519,217.91580714774213,975.2535687495858
2025-09-02,592.7507029536858,74.25889182602585,48.6214697416424,36.477149746388505,115.40264236840454,219.0572771264513,971.8339356214191
2025-09-03,594.4523763064805,74.59661334511762,48.40097254387458,36.26119627963728,115.23746158518733,219.20118049517748,958.890541112477
2025-09-04,596.4150903686727,74.57634579008605,48.69711013190641,34.87475811803312,114.32701255795185,220.5008195767836,961.713486879384
2025-09-05,606.8211312513153,75.24938330951072,48.768753037498186,36.63110185306454,114.68157226492814,220.83155069579306,948.531288487407
2025-09-08,606.2918454912549,75.42648811940256,48.9198845221569,36.51978327310879,113.88990544585651,221.7420153802093,938.4262750901413
2025-09-09,606.0569433826214,75.23752288526458,47.75121229290713,34.07670081626695,114.12618151382988,221.79953919115,935.4483782867924
2025-09-10,607.7679154954614,75.8161095981838,47.032255429612206,34.54519542326309,114.7570181732848,221.8014598805988,934.2171075349908
2025-09-11,609.2820075874704,75.99019013583751,46.82913317240053,33.20432143439639,115.18099276020462,221.06593827811204,925.9326163769404
2025-09-12,612.2027702323317,76.34294200373137,46.57842593232378,32.104052482898716,114.35878621740422,222.0022094558457,903.6100321578631
2025-09-15,612.3477577726793,77.91990667693376,46.97115152149041,32.60715184609525,114.58015982381185,218.61923482796536,904.3832986331115
2025-09-16,612.6538261004483,78.2594073277147,47.28755278570372,31.631458114534762,114.4111629308393,218.375653921445,908.7843965460443
2025-09-17,607.9357289998145,78.33185191888126,47.62402228610644,32.686724422687924,114.8732702521197,219.97765098837306,909.4789005498462
2025-09-18,619.7255109110381,78.56303302116656,47.83632383687604,32.363275378971714,114.48713407306532,220.24597289183797,926.0637407505706
2025-09-19,616.0947983588777,77.56668062921388,47.560626716560066,31.72442793257942,115.84271259270751,224.75719777067766,927.4554558421188
2025-09-22,623.8191364010455,79.14041046214653,46.90059505836716,29.005913693668862,116.94186724366402,224.26998928837048,920.0894144959885
2025-09-23,629.499986380542,78.48236934402989,47.346774074050316,32.39127293523601,117.37326025707472,227.75510606756126,927.5343934077358
2025-09-24,632.5949854369579,78.45523439933542,47.37128462501987,32.97652803225546,118.08120847762572,226.28046475736227,931.9716647609185
2025-09-25,633.4534742625606,78.57251812690994,47.65980644203218,36.51075031949649,117.83633263130264,227.84067270637274,940.7447541177015
2025-09-26,633.7075993586935,79.21791215076514,48.310940420350676,41.797436281370736,116.89287081966594,227.43102676875142,942.1708558580751
2025-09-29,633.8116625264499,77.95139323511475,47.98426510624293,44.26182837254783,116.8216031318386,228.01952952538204,936.840214308054
2025-09-30,631.5841374857953,78.17483731886563,48.668561389752256,46.593759915016015,116.49404431488188,227.8179168230092,937.4504748295254
2025-10-01,627.9037148391426,79.06031998278124,48.08457357288124,53.18029447897043,115.03612850574841,228.64889158095826,932.0387299147559
2025-10-02,626.7175081731481,78.73585114285045,47.77182316951159,56.99814193081239,115.71864217564382,227.6879188229925,933.9802880929703
2025-10-03,624.7323491308332,78.34306178602529,47.95615889139937,60.936760736120284,114.80580612403604,227.09365843959134,936.2229498306314
2025-10-06,626.0879394624724,79.81987397059214,47.54537258672613,71.24992881760068,114.68671288266135,227.42130604121502,939.2832856949905
2025-10-07,618.8249602165398,79.68711768132106,47.56103621769284,72.55207352272689,114.84305655503464,227.3677972085031,938.100536109
2025-10-08,622.3244851479262,79.61613265231344,47.64905328819034,73.97363593646222,115.30824518875335,227.8230880457075,931.8479703616442
2025-10-09,619.4900605523122,78.68837195506644,47.57945466269607,69.58331053730072,114.43549638741897,228.59906129017824,947.0363919594448
2025-10-10,620.4265733599402,78.29296329763926,46.998327009733465,69.53537772619758,114.42858592998752,229.51244935917296,952.553039341761
2025-10-13,620.383537833244,78.74080011194506,46.37625201605822,68.32707678461776,114.69338633122965,230.0503622627499,954.1413172540252
2025-10-14,619.4684306391634,79.09904251670174,47.12834072682446,67.6557091329596,114.26022111287743,230.58940629780145,949.6947182903556
2025-10-15,620.0775656999044,78.99277307916691,47.45454269966485,66.7768164612822,114.3236109332508,230.55938614907274,945.5773540681857
2025-10-16,624.0732893343596,79.00365204323106,47.507414749256064,68.21495148995295,113.30332785727508,231.29604528915087,961.5643031408704
2025-10-17,630.1825884171313,77.95917316545493,48.085430537826774,68.20557175921053,113.90383053273906,231.9784874945911,956.262045124241
2025-10-20,632.8966756101289,78.66688352995259,48.31624274123511,71.27850995127802,112.9297055328022,231.25623032088654,961.0851573774607
2025-10-21,628.6869334034208,77.56957664498964,48.45025813880818,72.94896149763073,113.79053285758852,233.73560910001035,968.099799924516
2025-10-22,631.5262807831336,77.53001040339835,48.478441713716364,76.17370434927825,113.42469610600592,235.07388883820863,972.2151765079334
2025-10-23,623.8722024995407,77.07802771805702,49.3518566343153,76.75357473753552,112.96159834772949,234.24880756625151,971.3337650067152
2025-10-24,621.730045479073,76.05643563299607,48.85476662157045,77.71142374825901,112.89408586737662,233.17558119226732,972.7093925642762
2025-10-27,621.4086473388088,74.9228435116312,49.289760167328495,75.91073635095,112.487715605286,232.29325487915418,978.4396243993625
2025-10-28,620.0171108462066,75.01210189198422,49.25787483393492,75.81804326212605,112.66565450670844,228.98350095587352,987.0766548449749
2025-10-29,618.9857901323708,75.74377569599378,48.904639022719834,77.1307782485825,113.11360448462683,226.73454744475103,996.2791112571141
2025-10-30,614.2332025801754,76.61420775189909,48.66671123720061,76.22889152420876,113.79186499143763,223.13947832157282,997.8336860494455
2025-10-31,617.397968869383,76.43296680339712,47.80067096087607,77.60830932894608,114.77153958222887,222.53500010083718,1000.1195149496051
2025-11-03,610.2852754764335,76.01130504111188,47.76639017609594,77.98870335221036,113.82670025545488,221.88749114634942,1015.4934682357293
2025-11-04,614.7545879956715,77.53094968628463,47.77959150261683,74.97670638591137,113.786292974059,222.98475603875144,1010.171141315771
2025-11-05,615.8857725014296,77.45803594674649,48.08969207744686,77.35852774059268,113.91830298361458,226.80774524227786,1015.4092510056415
2025-11-06,615.4425398048754,77.15491031089309,48.24210553542622,78.51285099018244,113.32848185479214,226.22982361214721,1019.4144685188361
2025-11-07,616.3484719057061,77.45455056192453,48.56355619041436,81.55081834513075,112.96344960508738,225.4186453889777,1037.486189286887
2025-11-10,615.0308882827954,78.52849772832286,48.379545810065494,81.55668573941863,113.5194884386593,225.41263693251844,1042.37435613756
2025-11-11,614.8960301207916,78.54986261300009,48.68577426142905,78.09631559134047,113.42340234647449,224.3729918391453,1030.171076735602
2025-11-12,615.1848287313617,78.72317096507999,49.20413969927453,79.72283588792125,113.86051798636642,226.72324660404277,1039.6416792618722
2025-11-13,610.2473272623358,79.7924562668339,48.682572450335606,78.17188568033659,114.15207087901781,227.81631145720752,1044.2300935320163
2025-11-14,615.960370565334,80.67311075288492,48.21479743691586,76.5297118754673,114.50058040701656,230.04879694566728,1034.5689982755218
2025-11-17,614.6110074824168,81.15463069168501,48.11108704558821,78.04824235062435,113.98510123346293,236.06537563414005,1016.3974455472933
2025-11-18,615.3963324342321,81.17305152461795,48.259532759116475,77.27036420120736,114.35518384082812,234.48798782250407,1015.8732604880637
2025-11-19,617.8555300908349,81.92503666891618,48.424690228056186,77.11728953204846,114.23485194702869,233.25366875545345,1005.6298180325418
2025-11-20,617.7266633547636,81.89455226191733,47.14146695929999,77.64006203856647,114.80227196422246,232.24354690806706,1009.7393220506705
2025-11-21,619.1083115868453,82.46655377066162,46.98974900074719,77.18400981145987,114.49285490289427,231.57266723842574,1020.2013473283564
2025-11-24,620.4167210421139,83.59832924079946,46.42333547081176,76.64705477335148,114.09801720947692,232.03837269554688,1004.0891157945445
2025-11-25,620.9088903554649,83.9525741332201,45.70208674033006,76.4391484712065,113.5012502126803,232.8162575595015,1002.6665821741082
2025-11-26,625.6996474137273,83.38928528702928,45.87802945190262,78.63856012798989,113.20471189480193,231.849684971895,982.7665255401059
2025-11-27,625.6985368049559,83.71729336103436,45.93470444522543,78.90907161273367,114.17495121042518,231.9002755488971,1012.5225656124275
2025-11-28,624.5558628678995,83.82292214603659,46.100151298994675,79.7362965764261,113.46587679802226,232.19644754056037,1003.2456368366676
2025-12-01,620.8224950489474,84.1956352562591,45.62909584765145,79.22938916734095,113.80499553630182,230.88452840737153,1011.0717030290789
2025-12-02,617.3306631592418,83.96937314284513,45.46841483034703,78.82496503476195,115.25556621558998,229.5960001917715,1014.0874346133193
2025-12-03,616.5172270131022,84.14546266982474,45.98047510047449,80.34609615690823,114.98438481003764,230.54849742845187,1017.0203576425668
2025-12-04,617.8926469712574,83.77833588562447,46.5069476507835,82.32280025260879,114.61167948649519,230.35252990114125,1005.7439523326892
2025-12-05,617.1445827227363,83.02630783185572,46.69857494660343,81.45355732945858,114.75702689234757,229.5859804343272,999.2255509917203
2025-12-08,615.6977429503135,83.27994044828712,47.45240401133105,82.88682639931628,114.90219631676217,229.74589512637687,959.4909533315655
2025-12-09,609.2512861767551,83.77624947571411,46.91193322807434,83.25194477412865,114.8814210817876,233.15301918730793,917.3988738789722
2025-12-10,613.6876658020996,83.8600116791415,47.08768231563759,82.85551821853035,114.23575089060405,234.7425835115619,906.35644861673
2025-12-11,609.2122908328024,84.59128778219576,46.951254323207905,82.86339058370109,114.53624375520567,234.75653572966203,895.9728434393954
2025-12-12,606.0120556131802,84.37815542802015,46.88432532305369,82.51931313451466,114.57282788809621,235.613946189512,884.8057211298603
2025-12-15,604.309569757774,85.3910261640003,46.86126524806215,83.0147077324392,115.27640760949977,236.50500469084173,881.1046328178968
2025-12-16,601.243041732881,85.69416831913107,46.996731528723245,83.26683512647274,114.61273619952247,232.0064860081806,889.5865314207762
2025-12-17,601.4262365852122,85.80642707855958,46.973195904728534,82.92043608441479,114.44164350328388,232.9276603432747,901.793303026622
2025-12-18,598.1916399267599,84.96594036584007,47.02664843059777,83.2011056177334,114.61093552554881,233.4274503492104,910.341753440209
2025-12-19,597.0099418473659,84.2321932286563,47.09445894937638,84.0732356302733,114.36578544697977,235.78565907444496,918.3609122454068
2025-12-22,595.8143049160866,84.65844364402923,46.78869536794129,84.92350047323244,114.54584017279679,235.11864058422046,915.8752520710104
2025-12-23,600.5968306361956,85.06011104816363,46.805951894788606,85.98993950522534,114.4663104292704,237.4839083975493,912.2554304207562
2025-12-24,597.4952184849418,84.81461763157488,46.67847058244262,85.32957969225824,113.8425863032943,238.0436544167182,912.571417745151
2025-12-25,598.5823422788534,84.50091435903147,46.66415753866849,87.09186579900583,113.51843022350644,238.47606028262263,915.6881757521147
2025-12-26,596.3844341001035,85.24077313175988,46.511296964482376,88.09399187334051,113.39242334160531,241.37541697603965,905.8292609440847
2025-12-29,595.3493433397132,85.21675287253903,46.44121008520996,86.95258149446497,112.62795280584237,240.68855725374624,922.8751575016572
2025-12-30,597.3450456613097,86.00353454558135,46.83540972587835,88.90008125779163,112.50075790377153,239.54193332547487,925.4067720692592
2025-12-31,592.8134855080812,86.51315452025717,46.975516280179114,90.0576961155494,113.09995969846177,240.15600918332876,939.6478228887332
2026-01-01,592.9266781975937,85.48522561222335,47.18324652760623,88.45401312793682,112.84749127704417,241.01720283093996,954.5062021519906
2026-01-02,593.9692077376086,84.6840224390271,47.122728263208984,89.19529213929088,112.55366292917435,239.93514889372275,999.6878693397185
2026-01-05,594.2090063957156,84.4864745295646,47.292378374297236,89.6220312820578,112.66635460352386,239.89858928717143,983.3633876558187
2026-01-06,597.3510877254867,83.77147826763276,47.174450227258134,87.94414138141374,112.90395861852191,239.61388877737662,979.0640052849741
2026-01-07,597.3083240191542,83.58154228541406,47.22768672485291,88.5012739523945,112.70519004289494,240.3610814853873,980.3306415816863
2026-01-08,600.1909646651453,82.86550249032864,47.53311028106237,87.5695959643201,112.45833755235127,240.69273991698805,957.7477626038699
2026-01-09,600.3079758818243,82.34834811284584,47.39977235627555,91.22560231839628,112.65855140596706,240.57795145571916,957.1836096983195
2026-01-12,602.4157770879536,83.71755695422463,47.326636334698904,92.08004831214788,113.14870317162412,241.30307617056945,970.7084358444131
2026-01-13,606.0568347403184,83.672087135208,47.59361042400379,91.99589365392578,112.74174327857015,241.59281215198024,937.4348732465393
2026-01-14,605.5110524489849,83.41415019435267,47.72249049325228,92.27090052322357,112.75270781145895,241.5351796421975,929.796462705048
2026-01-15,605.9967059422371,84.22426603809507,47.57613340190462,91.93053590377971,112.34238139901827,240.1648026124564,929.3327086726225
2026-01-16,608.6223698350308,83.99914491834384,47.74561083853556,91.67599294963745,112.51353914776463,242.3192420050092,897.7979509670112
2026-01-19,608.1465815995415,85.39113517266172,47.543891857633874,92.15083524333279,111.94918276156508,244.28426000787837,919.601234642563
2026-01-20,611.1550083732875,85.3744985371271,48.16635999807882,92.1644127248045,111.51615523156701,242.9803160037882,919.0028018574606
2026-01-21,613.9356435264954,85.63581757954505,48.38595126531046,92.73802432388754,112.23940875121461,240.43601458351935,927.6543161109487
2026-01-22,610.1245570697756,85.54507215577459,48.42197980362517,93.4100878891983,112.8931195129233,239.22919031949948,918.9521346646818
2026-01-23,614.1636866205772,85.59721066634236,48.572392252647084,91.59646883722435,115.63698170456941,240.10491559235956,931.8471440350348
2026-01-26,613.3341398820429,86.1878347463185,48.676611291481606,91.01740321043839,115.6236644630158,240.7860613437029,907.5142736170936
2026-01-27,614.9177817034827,85.80772429657162,48.700699978630844,91.53126427416272,113.97729380322039,240.6518087067976,930.8583361486058
2026-01-28,616.7800460862394,84.96281583449647,48.82534080756546,90.7554191500068,113.97312824348063,242.14032566172014,947.0457341407766
2026-01-29,616.9264191949762,84.99620294655304,48.34170072993932,91.02381862041351,113.62291149481004,241.27064871442698,966.447594733226
2026-01-30,617.2214319510449,84.64969723119628,48.613022379438426,91.35308105257664,113.09611787485977,239.80939931959787,980.5881609227303
2026-02-02,624.5353850683971,83.5793577402255,48.3616986100402,90.30517794257379,110.92095267982825,241.7620690884135,959.6277143915293
2026-02-03,623.2703737238047,82.66851077364558,48.28694785862988,89.74711458337663,109.56209345716542,243.7531771598841,977.7586882305953
2026-02-04,627.7119085733457,83.48662157379265,48.46390731563138,89.75475476758811,108.22736004684381,243.58326729626756,972.0318545184987
2026-02-05,627.5108081953423,83.92865708180464,48.742146313456914,90.28864655060855,108.06860670461886,244.76646192170472,945.3840773823252
2026-02-06,631.7738929919273,83.83181408106768,48.948424082318226,89.69479019396924,108.42722954718015,244.868752615453,937.2207649247453
2026-02-09,626.7252741494825,83.11763910071068,48.778658963720346,89.72662827396513,109.16631611955347,246.29537107710846,928.5729144010368
2026-02-10,625.2064195896816,84.60234299401749,48.68726971706608,90.1098503953742,109.20055841957357,247.55094054668976,955.3025644427856
2026-02-11,628.3506907850432,86.06558096268785,48.76075010304715,90.65268795991192,109.58735705431049,246.15061637052455,956.346373114205
2026-02-12,633.471746080401,84.66674727983441,48.858843245115736,90.64530905092106,109.47991825137514,246.7941917833111,991.3320909892193
2026-02-13,631.7503391132191,85.90982732567392,49.43841360169027,89.59727231229579,108.8598292591273,246.59697817534982,973.5344130237355
2026-02-16,630.7148793516122,84.31327201801732,49.46652430809864,89.42183742851635,108.17207981853109,244.8916625699565,989.8639371443902
2026-02-17,628.0118001860804,83.26379854572207,49.763020024259035,88.52538960254488,108.465353095983,246.5248842065146,987.6783332955603
2026-02-18,626.2535728796715,82.22992710632758,49.95563595991007,89.69765067459916,108.70134447607094,246.94784069500275,990.7278338515919
2026-02-19,624.9231593562794,85.04428665715297,49.714792509542136,89.45469304447455,108.71835826615329,248.38611399911443,973.1405185662682
2026-02-20,618.2674374196414,84.68072911751305,49.25558222114609,90.4831983203366,107.65332784153824,248.18078918521823,1003.5000129464629
2026-02-23,616.0225265879103,83.05432022141541,49.15412574230536,90.18238612445259,108.11088402671764,245.26898986231228,1012.0769156673166
2026-02-24,618.4275427410271,82.3687845652616,49.19669739974634,90.23278854010124,107.50248420319694,244.14057864682883,995.9748929306761
2026-02-25,613.5097969352124,83.02948999856494,49.27719005125479,90.54955771261862,108.00136241222192,243.86245933739093,992.8505746387794
2026-02-26,617.4928904872861,84.25149559115512,49.11843054294215,90.05148991066498,109.33370033987553,244.87637554308517,999.3748770894747
2026-02-27,614.9790826236178,83.86774477817515,49.4902057126739,90.41009076455,109.31043026298735,245.65164875336345,1003.8945149871132
2026-03-02,613.7137357969616,82.94935605312885,49.47621419249311,91.16408122808741,108.89165428546845,245.27643186173904,1004.3939978077443
2026-03-03,616.0938369372718,84.10535921361078,49.42450718124281,91.5561749883592,106.66406247955861,245.39424757393007,1010.1049490034189
2026-03-04,618.5593218271124,83.24795066708546,49.75412995357643,89.82988625683026,107.18410115566085,247.13430366319054,1019.6887641800816
2026-03-05,606.3900768166174,82.97825662617707,49.741963254851676,90.13264950973368,105.3446382314911,245.90061055674522,1006.5408171193284
2026-03-06,597.8207109294615,83.16278726290014,49.79838110526996,88.8675013215095,104.12503479333759,245.89887907520304,1026.1184368538775
2026-03-09,592.9395474861634,82.42827572330565,49.924410194636735,89.17647155548651,102.58910392688831,247.56693525220882,1036.322395661094
2026-03-10,590.8409107606112,82.97159716955908,50.05304982742574,87.12695673583522,104.00193225806991,245.15167650265303,1034.3817465130242
2026-03-11,599.8286236631895,81.88462287240021,50.07128116193863,87.23371839654814,103.77279384835123,245.2813870438647,1032.3324406461697
2026-03-12,596.6113736116349,82.76439377080791,49.74715409210965,89.24339640788853,103.95542093732443,245.47147999984207,1057.3223853580253
2026-03-13,593.6728846329246,82.98110604413563,49.47750178905792,89.58348411117707,103.15850185578128,245.87755600022655,1050.7257150262799
2026-03-16,589.5495084590553,83.94812460253779,49.36708671445099,87.02604234309555,102.44035900396163,243.54073508068694,1039.679962773481
2026-03-17,586.8825616752423,82.96347689092318,49.874430085388184,88.34866034592987,103.0819541864189,247.1013860697723,1044.1902715074673
2026-03-18,589.7192312083357,82.51109643725987,49.53135080963506,89.48409508737218,101.39127104717444,246.21540608654843,1035.3242788636016
2026-03-19,591.7416661464215,82.13803452945817,49.36671177676072,89.91217152202334,100.61931256301379,244.40037446614926,1036.1622990768774
2026-03-20,595.3591220662904,80.53594333085783,49.03763584295731,90.29413988164019,100.95265301573798,244.70295962511548,1030.8381317639496
2026-03-23,599.3978576026104,81.30686980410577,48.73974360804751,89.75703350011281,100.95928355374814,242.4498712264647,1021.0873502698489
2026-03-24,598.9122587212793,80.49855343796646,49.34798429861174,89.01606324322172,100.65537903227029,247.5765521112406,1028.9945566004542
2026-03-25,598.7468695640321,78.23255114763644,49.2255304107351,88.73891427611223,99.4843710868753,247.5788472074203,1033.6145711109984
2026-03-26,598.9100637246498,79.07783661849248,49.0976622297577,89.15352853354747,100.04960568408106,250.00687551105602,1025.9885544200097
2026-03-27,597.3857583862127,78.9615908305772,49.82591215480478,88.84812247442517,101.38898025035807,244.27017952506344,1020.8686709203489
2026-03-30,598.0561347871503,78.02383788843309,49.70351541338024,89.72357139049804,101.86376437509398,244.01640360752833,1018.9759349133523
2026-03-31,598.8284480491141,79.69475841356982,49.46466040147534,89.9399421118508,101.8710254376204,243.97391981312688,1017.6779131917565
2026-04-01,599.439523789601,79.15614805434717,50.07589405597311,90.23055890748155,102.23792136058505,246.9257359781392,1016.6693227507842
2026-04-02,605.2308576836524,78.55835328388686,49.83515039591261,91.05486333241937,101.68041444310302,247.41356939926754,998.667584690285
2026-04-03,605.8053172371511,77.7458596090454,49.81907305250926,91.57512871007698,102.77538794792383,245.2524551708897,1006.4675025927996
2026-04-06,608.0435613680351,77.6778258908603,50.36937951598298,91.5300122103891,102.21382437655728,243.2023845089616,998.4735535851428
2026-04-07,606.3550667036354,76.77719936420863,50.66754764328746,91.52938013764185,101.99652612019884,242.4931241401128,1009.0546935399508
2026-04-08,605.9969791866348,76.77387721978116,51.32361979486062,91.32342616957771,101.674521843186,241.70165699968436,1011.2819860366543
2026-04-09,600.343695121594,77.60366416757768,51.861153911253616,92.14535001767986,101.43212518713436,241.89322984936695,1019.2095313142509
2026-04-10,599.232492583225,77.31182456450951,51.134027959369696,91.0316803876476,102.76791508069836,239.8985118043193,1017.894903372653
2026-04-13,598.8273714775113,76.89339901151136,53.19915964733628,91.20118264931322,103.45528142710101,240.67327567025586,1016.8513639942378
2026-04-14,597.5795871278649,75.99599022543997,52.70611522048536,90.25407253097161,102.8500493680608,240.44154240478352,1018.7287919442917
2026-04-15,596.397035021212,76.24953962672956,51.97717677466449,90.4201986800311,103.19553647274266,244.76947637698794,1013.2516044310935
2026-04-16,597.4150549106089,75.22514948519087,51.08820859923355,90.01513126010816,102.62843334071971,248.4997254339145,1032.4351202213256
2026-04-17,596.2866477753365,75.73249280505168,51.30225011707543,89.84635458740884,101.90227213752483,244.15046424063047,1020.8952326189411
2026-04-20,594.4617270002026,75.76351715343024,51.03361388200188,89.16786145184523,101.9393184577673,251.35936080829148,1028.7870534197425
2026-04-21,592.8928242114835,76.27066804429215,51.335051976544904,88.99764897880947,104.32965955044267,253.34575555382713,1032.0737459064876
2026-04-22,595.3285352992599,76.74215851077984,51.932770779043345,89.18601615441621,104.64419249441974,254.45832911139226,1016.5052677893286
2026-04-23,599.2345587633318,76.59880714083698,51.882921376387934,89.57572925944287,104.75589713898754,255.14479267129963,1010.2829570008671
2026-04-24,598.4185508316438,76.64638608013409,51.57799910362429,89.89536805195361,104.52357925439183,254.32679495514654,1004.3898112582176
2026-04-27,594.2868749041972,76.84949913824151,51.7058331916833,89.97233526367702,104.84587910550496,256.5455239756139,1006.0592277392136
2026-04-28,596.5337062682836,76.25235969897776,52.44727919386778,89.69479483050306,104.16744351064162,257.4709283148657,1006.438571271548
2026-04-29,596.9958833085539,76.243889604077,52.24155801759176,89.76940163171344,104.62496983713379,255.19336204640433,1014.849253970937
2026-04-30,593.7819907841508,76.00503902403865,53.487541671103564,90.35405759901388,105.31133899645212,258.2911490613238,1011.0840087384524
2026-05-01,594.185478887762,76.10951873683852,53.21325252627427,90.36214682488395,105.27145760889867,262.44772233367564,1006.9957066613889
2026-05-04,597.7274770044208,75.26912613226685,52.134314109261915,90.50586196065296,105.13316341213348,259.8002248273128,1002.0466668286973
2026-05-05,599.8891498106199,75.81968438680725,52.57419320796036,90.4220148877162,105.32393401327214,259.55849818933285,1029.2147583291435
2026-05-06,597.7322991201464,76.48821258382944,53.06162119309428,89.95714481804585,105.63307008939171,259.66867048031077,1027.5628265897772
2026-05-07,598.0665687060592,76.8089402094617,53.09209448839402,89.88155675749175,105.04649873367757,256.27813612814674,1030.0573195293998
2026-05-08,599.4152283971669,77.5885088235592,52.344472387908404,89.98703244668347,104.70020639979516,258.1730312332414,1028.42596755966
2026-05-11,602.5042109587587,77.5719665305697,51.580183673284594,90.26302034293919,105.51068741457608,258.2306703598706,1027.219256558876
2026-05-12,605.7698114810631,77.1610829206792,51.099235906947946,91.05604356056409,105.66192411021098,258.9044513032129,1024.0808093815026
2026-05-13,605.8099862447195,77.2120162160861,51.07568270575638,91.37819363440883,104.79031300176872,259.7481326958591,1017.8174099193129
2026-05-14,610.3935040256272,77.00521383081798,51.32492287993473,91.00476937467252,103.68937052316159,261.08934804153023,1025.0571141573762
2026-05-15,619.2740236190493,76.99310743676021,51.28137399664439,90.24243469497254,103.86530568769919,261.33621852347136,1021.1105519564195
2026-05-18,620.5763959766613,76.50895846667714,52.06099524983392,90.77932294206752,104.29788361865631,256.3261735936816,1018.0547387116973
2026-05-19,621.5174924739999,76.67523825071294,52.23442467516138,91.9509261971703,106.63733958571966,254.79248734931045,1022.825808773798
2026-05-20,619.7340704768457,76.9276345964894,52.53884163272669,92.51132110889117,106.92778183371307,255.89436202952575,1029.3839675070449
2026-05-21,628.3663406291544,76.65348629885457,52.455077552184456,92.4830739658878,106.0764393391574,257.85342255745127,1019.121604803075
2026-05-22,626.477432114377,76.40371672268091,52.75444347590446,92.08624553959879,106.86116387985327,258.8939536638012,1014.0322598986651
2026-05-25,632.4434527612807,77.0989649928209,52.591941146419444,92.70130747618326,105.42997317210391,255.8214284732036,1007.8917405224271
2026-05-26,628.9198734936798,76.34929682697087,52.2607904513282,92.70556643122644,104.36215313956312,256.58178911779424,1008.2335179714889
2026-05-27,633.3554127248085,77.94099484087769,51.20101899060814,92.25731975740564,103.66569671921737,257.0130818084926,1033.7406194596697
2026-05-28,634.9566220221366,77.10791675640532,51.198804836671584,92.87411240956773,104.63755625810565,256.0815463894663,1028.2094329475274
2026-05-29,629.6910666376288,78.00811444639656,50.157638777485936,92.49023393903967,104.8900407122822,254.34518017860805,1036.9692117443353
2026-06-01,632.403639116298,77.75579101369381,51.13971649588277,92.628072729642,102.57620588725136,253.08049334577768,1029.9788992917013
2026-06-02,626.2466942946235,78.03661326819493,51.508164946918605,92.52419817097339,102.43556267749665,254.68819551435323,1029.2935629019373
2026-06-03,624.1098068299864,77.97679825513025,51.58642182432112,92.84519544302321,102.59103608038583,252.3087887532134,1022.5554200742424
2026-06-04,629.4374619843418,77.826968319469,50.99629796053956,92.54492716939598,104.0535943089572,251.57939146166152,1050.5066226757147
2026-06-05,627.2215341186978,76.67090832568894,51.567718686811816,92.46192916798837,108.24893305031671,253.8421673815674,1069.1718643624156
2026-06-08,626.0361611237654,77.23466659824561,51.145927259606026,92.76896838934302,109.02112474723644,254.63428720899444,1086.9864186530247
2026-06-09,624.4454550004178,77.0577634194548,50.40913564607783,92.89617911326057,107.43611257875216,252.97940308891964,1090.629373419098
2026-06-10,618.8039976555465,77.38515412648928,49.904480619399806,92.99560502675557,108.63819295152982,253.53432289465601,1096.7539273933928
2026-06-11,622.3355462078176,77.5938116492071,49.61191744197642,92.73103390738133,109.0439754790263,251.13736410285037,1108.3631905777806
2026-06-12,622.297873947435,78.10006777477544,49.666309139149085,93.18342811226522,107.71174239114998,250.57266760794954,1119.004223330002
2026-06-15,618.1898552633303,78.43026965531816,49.59587355736807,92.15058430176755,107.84139252404931,248.97108073997617,1127.8400200202752
2026-06-16,614.7540476822342,78.70776799158446,49.57022508064004,92.72640721328335,108.08619130922561,253.67547202456177,1147.532738854696
2026-06-17,612.7298980896636,78.70856449792657,50.236180740307134,92.37677220437392,106.37492413175055,253.66411972362764,1137.499730087084
2026-06-18,616.7111027858463,78.56912639441742,49.74663472670867,92.78011126306166,106.39527943793277,256.83327481413914,1122.5714025855855
2026-06-19,619.3393461222532,78.66399400137408,49.20132845268984,91.86082425351354,105.9840425898937,257.8633564494876,1131.4599554916779
2026-06-22,615.7206763030727,79.77209548301961,48.387562923363355,91.5485938603225,105.94397138412451,258.16624689719134,1143.361170131721
2026-06-23,619.6961642649472,79.5311534792209,48.18514912756586,91.23040315455033,106.94003573965308,257.55517053634117,1126.074853831886
2026-06-24,620.2544983574849,82.26260113312433,48.73432272925168,91.16438313385935,106.84396460167724,255.743799639184,1140.7909971877111
2026-06-25,622.1717254004151,83.7849935294916,48.45565492348438,90.61176288778034,106.66961942948535,255.45228434499847,1136.486616989535
2026-06-26,619.206747417782,84.56986099084752,48.389706696098905,90.65931193872366,107.14561365005112,252.32073046858991,1131.065319192688
2026-06-29,617.3151116716881,85.65651699009604,48.06263429980653,90.36365146467014,107.11542380556702,254.42964435739967,1116.5091162095375
2026-06-30,618.1896576294363,85.1375942789059,48.3586926666909,90.28079043763194,106.86970015340137,252.74986619093164,1107.1241131145948
2026-07-01,616.8498429482578,84.59683683101304,48.38702776427053,90.29046179304254,106.3041433633204,254.9192773549294,1110.3522598181535
2026-07-02,619.4125748159332,83.66611432507939,48.11232032897531,90.76071744955226,106.2511471210506,253.50884730848597,1099.823070208819
2026-07-03,614.0206205839246,83.50308592953076,48.13305029893456,90.78800574055097,106.11560331356867,253.85921709926757,1076.2963784303204
2026-07-06,606.5967276157901,82.84643317331108,48.58130576073095,91.10263962971253,105.57422178867209,255.1835830342469,1058.5053207850756
2026-07-07,605.0451437439333,84.08059367897518,48.51268158062185,91.59499391566774,105.64644285204429,255.66286762400227,1050.7310720815055
2026-07-08,604.4851826563546,83.98698652372663,48.53358020175506,91.34755236774119,105.57885528294841,256.92064501614874,1050.4148943601497
2026-07-09,599.713775092759,83.00375621769706,49.18226477101982,90.8437967617569,104.47926107525699,258.024661742897,1042.5318226678933
2026-07-10,595.4296617929319,83.15838938980733,49.29041386861381,90.02743595359155,103.92504126317418,261.4877831241632,1014.3871595790154
2026-07-13,598.3106848577,83.47656830180294,49.76264430056646,89.32264679932774,104.09729235111358,262.33738125894945,1017.7841434967869
2026-07-14,604.7475353268356,84.51113761782968,50.36121063231413,88.71388446233867,105.01285399208979,263.246786861686,996.6684644786861
2026-07-15,610.6796334112948,83.43448450182015,50.18799479731715,88.9560041309759,105.24174370204157,264.58488658380776,1010.7150814227681
2026-07-16,613.9857701104611,84.72557112995717,49.72228119412793,89.65440023855751,106.37613496227996,264.3366326218817,1018.3186500177515
2026-07-17,609.8288461193252,84.4300662846706,49.54609960468946,90.14200214132744,106.53915568191861,263.2964164283079,1008.3969711403882
2026-07-20,605.6508289904835,85.82753845518089,50.37616540477625,90.23700236085217,106.90637710448924,262.46566217599553,1018.4860469833891
2026-07-21,607.915829364614,88.40153897276363,51.06748728581592,90.64118530602043,105.5145824612963,263.89763743904035,1024.9211694669375
2026-07-22,605.1549912909251,87.7658120063296,52.14944973564561,90.96432030234715,105.80001784151911,261.45986138809616,1012.230381150166
2026-07-23,603.2960774055214,93.01690121457186,52.894179568522524,90.97076706720101,105.06983784970609,259.27754642800636,1002.6314762343629
2026-07-24,600.9930575016124,92.19919313870231,53.49252359281075,90.44327181965309,104.98192651706223,257.6777080911277,970.3431529143177
2026-07-27,604.7988871773962,91.22141173883738,53.706531171916694,90.19209069349071,104.96631151342902,261.4200767320791,958.789737492926
2026-07-28,604.6208411378864,92.393326774472,53.600613697647695,89.3017693873805,104.19468091653133,258.5661307722592,942.4125643037901
2026-07-29,609.9658896396907,93.67520245082231,53.947909475292505,89.79406931469711,105.77632142977713,259.01445422911445,929.3347068411045
2026-07-30,600.892637513478,94.76033158576644,53.886787962086245,88.81705624184588,106.78720736204521,255.99010205745802,933.9531666439376
2026-07-31,605.1110529343069,96.72522412181299,52.686593311978825,88.79553391384188,106.65729784608196,255.24269066209115,957.2937005793868
2026-08-03,599.7818481591473,97.47997878327365,53.77308953348849,88.24529524642116,108.28725898097456,257.05578896811886,952.82518766072
2026-08-04,603.4217844625863,96.81876673238807,54.11954719530435,88.05824878983223,108.46208282398939,257.0715228616279,940.2077341686484
2026-08-05,607.6562882612112,97.17468565097757,54.245725908118516,88.47183525420927,107.9040316192696,259.0927217980813,961.9930324032398
2026-08-06,620.716453132259,98.1266828536319,55.05852991564477,88.75899520935167,108.26336212105291,257.73422688663175,976.3863777296029
2026-08-07,618.7944440899922,99.0983089699877,54.71956393703149,89.41068715950671,107.0202337826929,254.6849235608285,980.541853686317
2026-08-10,618.308585665771,99.01309891863947,54.96543948092942,89.00936480022332,106.94070397858668,253.43434332688267,982.4916699255378
2026-08-11,623.823913367212,99.27717119491477,54.90266616107707,88.84094345615468,107.48007609977208,249.63024217040936,976.2828143490542
2026-08-12,626.1153266389688,99.05075310798327,55.97150755953909,88.97027636061718,106.43674283984275,250.05413595156278,975.4625412468943
2026-08-13,632.8204258631976,98.64669768212318,56.48168539767001,89.3087100243029,106.28136252130403,251.02954391109319,972.3692756052094
2026-08-14,633.7501556073973,98.90071716662459,55.75053821954599,89.81599300299054,105.4471218734823,249.02001626392752,974.1733814158783
2026-08-17,634.2944500897909,97.57433230434773,56.60328819620328,89.37959450368504,106.76351494833533,250.0579286814273,990.8023655117728
2026-08-18,635.5751823833167,96.48481219038833,56.6803076858498,89.16904830044794,107.95269488744562,249.12463116835178,1004.1275729037718
2026-08-19,636.1075901234383,97.29491003100608,57.17460631806458,88.76360545620565,109.3772091545795,252.45377221148672,1009.5029850132047
2026-08-20,631.6784178248499,96.15977487505403,57.193261891342964,89.11707024114219,109.25860865533218,249.69099247984994,1014.7778618589518
2026-08-21,639.3323243286675,95.33162847758985,56.42469358260219,89.01125161962037,109.15430549272301,250.24115279387152,1012.5558612627137
2026-08-24,638.4610497748441,95.75798680329832,57.21598909455621,88.36272312830503,108.44258372610155,247.31847879998102,1011.6349601953967
2026-08-25,637.9382916129613,95.81889322762142,57.4866984292628,88.6744049976637,108.50922200620478,249.9194185708454,1012.7042711721026
2026-08-26,641.1227037319669,97.47989500607555,56.840641130735236,88.32699613761064,106.96119857723042,250.43852467045627,1002.5262758084592
2026-08-27,640.2664508343975,97.89174106182675,56.829207664841455,86.81952538933257,107.89854813361352,250.1750825814031,1007.7963380230401
2026-08-28,639.3684608080474,96.95394912859457,57.147826430653886,86.90679960953898,108.20421321733363,251.97060460804948,990.672630841729
2026-08-31,639.352445417059,97.31302035995861,57.226772311300024,87.22546326466546,108.49727535542434,253.18769665841538,996.7647053548765
2026-09-01,634.9979964528309,98.76315210406223,57.696854720436235,88.73092096585486,108.5086913158188,253.4555815723407,986.9978309069611
2026-09-02,634.9120995517633,97.10513715048387,57.554453849529814,88.3145578584408,107.0787315855393,255.2039903408744,979.7345522891516
2026-09-03,635.8199429636852,97.3419555278397,57.84958491228742,88.70568047072017,107.60237386795251,254.86864358712984,975.8807780834261
2026-09-04,637.2256321758529,95.91994816184405,57.737482930005676,88.74300283260938,107.342123476364,254.77678587694353,974.1359933895017
2026-09-07,636.0191222997103,95.64946145710627,57.94215011461953,88.60893625877368,108.49367575770441,256.9651863861662,962.804803083558
2026-09-08,634.4589261876458,95.13917629235472,58.06908867428908,88.30995049767543,108.67908164364148,257.0805075040166,960.3204015174388
2026-09-09,634.6225441531733,97.32646064752838,58.247851027331045,88.64452184021661,108.87079709991988,255.66759207122212,970.0017049264937
2026-09-10,631.9440616329628,97.27864289798468,58.43940444295265,88.9946847526228,109.35224457554234,254.42403896086873,964.6061180305302
2026-09-11,630.4263876295522,97.56195965416117,58.307935070889094,89.57494920563798,108.79630574862196,252.750923838673,952.5945608401324
2026-09-14,632.2998089249185,96.78396431737015,58.44326225235471,90.48823363646954,108.28793111217256,251.63399881502275,959.5052807673311
2026-09-15,631.4444161112675,96.15964515118579,58.69588843300194,90.68190884552754,107.81211417369306,252.67409490567684,960.3197816267126
2026-09-16,627.9926721618351,95.68714915186673,58.61472721318144,89.93555937372358,107.15357171468764,250.20368045547104,973.362426549474
2026-09-17,627.6646258246789,94.65670165415536,58.753034465915505,89.73723566055548,106.88752725266139,249.67869041675328,963.6537372323523
2026-09-18,629.0700729531692,95.53432030940033,58.313693931500936,90.16933728321362,106.54292014790482,250.53230172444302,964.4116283510109
2026-09-21,629.1736859755287,94.98730460021187,58.70118665733178,90.56700389516558,105.87865665980507,250.90097068508723,975.9804148267694
2026-09-22,629.667284609578,95.51932926635419,59.11625985838653,91.63723351882571,107.09648222601314,249.6867641643489,980.0344325625249
2026-09-23,632.3034224535697,96.64214200828278,59.110736104753585,90.27594306169186,106.6926660667906,250.58186285539787,966.6675969595725
2026-09-24,634.8772914348536,96.46632795211086,58.216683835391144,90.10483108065088,106.08499810630728,250.91359979345413,954.2155808338626
2026-09-25,634.7600269297355,93.53081914587649,59.231304119637265,90.06345275764951,106.24139082297236,251.6977540342877,946.5534250184032
2026-09-28,636.005714982907,90.58066039050304,59.61966981143691,89.46493132675448,106.02171116162982,252.87426301714328,937.3022343382804
2026-09-29,637.8850174989676,91.11334546506428,59.36998601875093,88.74787041231139,106.42797543933783,254.96768175306408,938.8940980063599
2026-09-30,648.2585923866101,90.62134515534404,59.51870283867837,88.70968657676393,106.08540438457986,252.69501062952781,938.3238559015591
2026-10-01,648.0063987208534,91.27122990898202,59.0748109168811,88.44027122683542,105.88137755466522,251.89912689620104,942.0633925304462
2026-10-02,644.6187275700009,93.44347976078326,59.85436103860603,88.11063935981029,104.38887349163136,254.60453300661132,925.9630182335596
2026-10-05,651.6778479047258,93.02005503725171,60.44234841244967,87.87912806682354,104.21134615887901,254.2065854038798,911.3133070632431
2026-10-06,660.8899440064486,92.70137216661438,60.65042184545634,87.50573772039525,104.59153781385598,254.35745788597802,932.6737364559234
2026-10-07,662.1885097857223,93.71946329586169,60.77896373864411,87.91855625924704,104.02277969090093,254.09076108917935,931.41977019119
2026-10-08,662.2953617152519,96.14306847889787,61.36893338420559,87.89327828952712,103.84531946444866,249.59742307063965,952.0649456006756
2026-10-09,663.1026295614487,93.82007265086187,60.14498297744241,88.43490775518958,103.60555885177622,244.96131055232067,947.2299996746766
2026-10-12,664.0030381186369,93.87227021949731,59.98887727565747,87.77716829522225,103.09870204017018,245.44689802898367,945.5660670247089
2026-10-13,669.220320653422,94.22535927878657,59.71093364112502,87.94772693213686,102.79501316388927,247.05143111765983,939.8081441025835
2026-10-14,674.4804915114211,94.80904567158207,60.645966832185536,87.45231260872248,103.1309898078993,244.60393110231826,943.5677628010033
2026-10-15,676.4013932487806,94.54630196633886,61.43705682316939,87.39162460353583,103.04925083131822,246.7029189456216,938.6619787450778
2026-10-16,683.8180387533876,95.03092624761688,60.68695255616056,87.25551911989963,103.72712986201972,245.5790254093718,927.0837746267724
2026-10-19,679.2017010662921,95.25939266680442,60.71449182432031,87.54652702659351,104.56664797257665,245.8579625048975,940.7251907429392
2026-10-20,680.3589466574286,95.8896950948128,60.72304905807071,87.17294774466053,104.61662765451888,245.36103707502815,940.7061391222672
2026-10-21,682.0859855115973,97.22140836482325,60.8819388720238,86.67412548934333,104.86289940220277,241.81666802460973,937.1016890202438
2026-10-22,678.9172515947271,97.23708148239959,60.731774761923845,86.54481425342924,105.47987355848088,243.50648334380287,933.8030405896542
2026-10-23,682.9480016007701,96.43568776556513,62.85617251456957,86.57926626214424,105.41276497518322,240.35291917811293,947.9545558735363
2026-10-26,686.7945145039461,96.35430881632911,62.67042591418531,86.21913525543582,105.9233049060264,239.1084706909477,951.6972220014875
2026-10-27,690.3813624645239,97.8774306126185,63.04260947386224,86.10365817674699,106.37447394550033,237.36686654774815,958.0214725991383
2026-10-28,691.1603236935536,97.1711974342362,63.244100895658406,85.39923845529346,106.04963856301954,236.0160682687339,957.0869706945997
2026-10-29,691.4842386881035,97.654754843169,62.19136782419761,85.85757720825805,105.86940600529445,237.28180493550002,961.0085856771791
2026-10-30,690.6308201572114,96.83589871552992,61.683268311213375,85.76647297554635,104.3921613965461,235.1377523105632,966.2852471519535
2026-11-02,699.7863980652177,97.16270629736535,62.45310981575677,84.77967113387373,105.29800760602048,238.762008433871,962.782098717088
2026-11-03,696.1389052000563,98.15017128174632,63.06446524328839,84.83000657966467,105.56224912740723,233.85632784957704,959.5927840948057
2026-11-04,697.2596559395602,98.28612650986258,62.99101795227106,84.93669508219006,105.81527761534728,234.06594850540688,964.1183167262614
2026-11-05,704.1042729920273,98.22739486593129,62.58901147922272,85.53582070208508,106.40109871657569,235.19558697411955,965.9871089003467
2026-11-06,711.8557968790271,97.67009226613021,62.423684070429374,85.30545007961733,106.10506479670855,236.48123876263796,961.454122495903
2026-11-09,710.1008250547893,98.14148972605851,62.30943308956098,85.41242714745187,106.0422121278597,235.1377678217145,962.972508044861
2026-11-10,709.5337178281329,98.31046723282977,62.60972737404756,84.81913779974943,105.35612146079349,237.5774162720151,960.9663591488788
2026-11-11,707.0690848769846,97.03635577327111,62.44539364218398,84.58722606210495,105.29346570838395,236.43202787656276,963.431375230101
2026-11-12,707.9372235163302,95.9829710545244,61.72356611682666,84.05450099838967,106.16313937852645,234.92969022359475,963.7716977189854
2026-11-13,710.4608896218488,96.06792218399482,61.61268499510577,84.13808945449567,106.45614313340654,236.75413289562363,975.0354576051267
2026-11-16,711.5246746833259,96.58716512008158,61.92958539584427,83.71293535976083,106.37490308479568,235.59721434301736,983.235418269188
2026-11-17,710.6411588931428,96.178944448214,62.52323076625794,83.78451074253684,106.77191379618526,233.66649628111895,979.4337933612208
2026-11-18,722.9348289216994,95.82635663324162,62.556508409975926,83.27174726379108,108.04277857312421,234.47068112259555,966.1928535444815
2026-11-19,721.5829429431102,96.21112683551544,62.36902683996094,83.34854297446924,107.71077414462779,233.812371713697,965.6979616161079
2026-11-20,718.9672587668432,97.31233287709868,62.06196553933962,83.32208101394708,106.574268850213,231.88245657578392,970.9820642838313
2026-11-23,718.5513824522706,97.0513284312187,62.9938379890816,83.28112194582621,107.13327042505894,231.57879076941714,969.8648437442471
2026-11-24,721.0798336348272,96.74838261306398,62.790849117393705,83.70794612086962,104.82130157596957,231.5214599074073,972.7874007708377
2026-11-25,726.1171317771624,97.21724739908784,62.68228690051211,83.50493471368519,106.77944986106954,232.1653932760539,981.3647350137618
2026-11-26,724.7992435261199,97.48700014618902,62.46558266429812,83.68801160677899,103.93556454977973,232.88237117223372,979.7722338138212
2026-11-27,717.2233312177983,96.70665517157592,63.48399253862007,83.82168418147887,105.07004332689716,231.83449115917745,966.674372947355
2026-11-30,723.8425776992752,96.45674179679837,63.63707997998722,83.95443751754598,104.33628331707715,232.07517778942724,952.6747419856722
2026-12-01,721.5983798559629,96.91727506783202,64.62157206269596,83.81932903238437,104.06713936159458,229.70185719891467,963.3246030998098
2026-12-02,708.3976650361122,96.63361281494205,64.88632940665711,84.76130010921403,100.10520979824365,228.79099374697535,960.2027672410068
2026-12-03,703.2365478942675,97.64545751468128,64.88424669500795,85.31529601443799,98.58902474776586,228.188614040642,966.1837262364348
2026-12-04,698.8136583377169,97.81737425543373,62.767878833649746,85.1263596609672,98.42417001439672,226.8859633902753,965.0040413505574
2026-12-07,691.6473034758735,97.96411265928394,62.343586149635335,85.97702913717941,98.01488206405477,228.99170816907218,956.6032915542933
2026-12-08,695.2949212162727,97.71404769917059,61.80700903507915,86.00795059978634,96.29220489879071,233.40430546846355,948.9125468779168
2026-12-09,692.7277380421368,97.87263149389067,61.76691109387248,85.98584617512832,96.15850133668359,231.30936357588865,954.4068794724566
2026-12-10,686.1137864927681,98.20446099008115,62.680377205731126,85.86218975748449,97.78983527165812,231.83498223019936,970.9739264581762
2026-12-11,683.7022270044416,98.21772746448539,62.587735486310265,85.91026608687062,98.79007180591442,227.8901740471214,967.9246695621226
2026-12-14,672.8939652317732,99.84082641519565,64.96466148351263,85.26173857867384,96.23250691679074,226.86220588785721,975.1676735361815
2026-12-15,679.6296433643727,100.31353967647102,65.32579306569986,85.08483903147867,95.84744299366277,229.13738852277126,965.7605176930637
2026-12-16,678.1102862527092,101.13247411424352,64.67256180054135,86.56346126857268,96.2560308663438,228.0428338420023,955.1117107704852
2026-12-17,680.8425985254753,101.62661229197418,63.87908840127443,86.2572359850252,94.41539402656205,226.7790004891311,939.3231536793551
2026-12-18,683.057764983971,101.83225188788134,63.69547063528282,86.0278187860268,94.9367270749644,228.5493132963971,943.8767101534098
2026-12-21,679.6783087670599,101.34666695144693,63.54663801795287,85.38199676842665,94.45247222933791,229.46050532484122,960.9423332625531
2026-12-22,677.3986011662878,101.65049965835428,64.17275339775006,85.5080092828471,94.55569823842643,230.9871098081799,964.1024873909524
2026-12-23,672.8444614741591,102.28211616845952,64.45222834360624,85.76187671205939,93.44960973041543,232.56744657075436,955.5261607191137
2026-12-24,672.4320916576178,103.52731538491292,64.48442818027543,85.83108966318302,94.46584055893592,233.11709901132815,966.8962396767622
2026-12-25,672.3159566328269,102.86923469617186,64.82966001707541,85.9395972705152,98.32077558834979,232.9696376476105,953.4801932442178
2026-12-28,671.2984240052411,102.12569340797796,64.16803540890047,86.33401487905218,98.62643876517423,232.27753492127692,967.0210657353244
2026-12-29,675.8397233595757,99.49248315616958,65.32207885225961,85.96319527937108,99.70200684078762,232.97621560125995,953.1811765913754
2026-12-30,676.1351672137962,100.70752881628898,65.22026998593638,85.64771271825038,96.03790069806568,232.66176546732714,952.2651090864963
2026-12-31,674.0556789405591,100.68226016661116,65.07638439966227,85.2099507022911,95.25135665443527,232.76516163473013,953.2180052040652
2027-01-01,669.5452099556154,100.31276005874646,65.0743967762122,85.59824652427011,96.31383753012827,232.8448263201184,946.4213229586858
2027-01-04,668.790256668011,99.8140892300105,64.6480053639938,85.71105324470636,93.000601368037,234.86697674956906,956.2814793189402
2027-01-05,666.2815952395538,98.46505316257391,64.27641662146344,86.15916013118132,89.59099934588406,234.7618815838066,957.709842815692
2027-01-06,665.9097923751203,97.82501278887186,63.698245262594774,85.67514827835721,89.84814706172298,233.37745073295815,952.0493265459445
2027-01-07,662.1658107019435,96.48320578620114,62.995525473535174,85.37504932949335,90.52457399198622,233.82351951971987,955.3637466855321
2027-01-08,659.0307002490823,96.33999872079237,62.55593317660772,86.87569117019956,88.32036799135129,232.91756175952028,955.8721388771665
2027-01-11,658.0489086922246,95.45109203383515,63.595998847929316,86.5708859911897,88.31188006092265,232.57575606965506,959.9823623146895
2027-01-12,660.1304724658786,95.82997516640852,63.545905339281425,86.82079568605035,90.239677151722,233.2736277231363,964.21032636206
2027-01-13,663.9582320152176,97.80962267166508,63.868767380863154,86.56203707728868,87.69525741802592,233.70684302034618,967.7241617286331
2027-01-14,663.3405028154326,97.82252213439584,62.59582898816059,87.72808330653588,87.42348009881479,233.34094276993562,979.7730067761382
2027-01-15,660.6138448666557,97.30482783823228,61.27920909101585,87.526723155327,88.06089363560355,233.17612929014015,994.6906265362928
2027-01-18,662.5998206614107,96.97280421510332,60.532123049364486,87.14652543830412,88.9193042840583,233.5641363334446,999.3682709331058
2027-01-19,661.2965811320552,97.93185474679471,60.019878321900634,87.17208115910007,90.3914960233532,235.17525162671134,990.8365877313107
2027-01-20,664.4339693472804,98.34739343414931,58.65171037218247,87.01856083513172,88.92495418138792,234.75434876380513,995.851775698401
2027-01-21,664.4076935497424,98.3116695146061,59.64142959020866,86.6715752101346,88.50587717120973,233.18613596537932,985.6449404179838
2027-01-22,665.5800185924202,98.13630202016671,59.834108974057344,86.55303676386593,90.66007567750475,232.36678700710905,993.165939879409
2027-01-25,670.9830956039934,98.30455857388273,59.78430584486898,86.46981822588467,90.67682045304655,231.15179893751267,999.1581152064584
2027-01-26,673.2118078912555,97.63544099583537,59.79399181961926,86.35513584825819,88.6649619566527,230.32433940945197,990.8477807068737
2027-01-27,686.9006455319708,97.52950924678844,60.439225201055876,86.19171256988996,88.07648841066316,231.664500376946,985.7269287562674
2027-01-28,686.7902946371493,96.0762299457811,61.14717558309781,86.05634645755075,87.50686180403555,231.77890876706365,1000.5076513467031
2027-01-29,687.0878060682419,95.77819216204342,61.26756598498802,85.31119163350425,87.08934359611014,228.28165023616006,1001.7369375017182
2027-02-01,685.7580679974477,94.83128599117258,62.43930744295078,84.7247448060566,87.55970672011932,228.99874870409747,1008.985810965394
2027-02-02,684.0352317358391,94.76198699234772,62.444932868789465,84.69158475549467,87.17560063045028,230.714563129937,999.6331509836047
2027-02-03,681.4867347209832,94.85224792500041,62.07335615290876,84.94016466178665,87.94211767892023,229.73416181052636,1008.4072360336409
2027-02-04,678.365658116598,95.89270034126302,62.88113627253302,84.24612806802308,88.20182495006343,231.40340134868336,1009.9925932045054
2027-02-05,682.9390739205433,95.62745295722077,62.89148371552481,84.69229527768488,90.2220872143162,234.19216659241818,1025.005384030708
2027-02-08,687.1008051592153,93.46652401762057,63.12546589664507,84.82911792584116,89.27813215054353,229.84987180812246,1024.9312943462246
2027-02-09,689.7918208594446,93.21984447999478,64.79506782175912,85.79763568270643,89.5156899311595,228.9788716092417,1021.7443783202459
2027-02-10,688.9840615023269,93.54790757257094,65.44694744716264,85.81004626415388,88.83177361702091,227.14003470631135,1028.2777352879891
2027-02-11,688.4839771502011,93.12742496861773,65.36467561810525,85.78114895787674,89.22576869419869,226.72476720815385,1019.3500982534097
2027-02-12,684.4997591523295,93.47434546072341,65.11587141124356,85.5662047372783,89.33579767800693,226.81432293225063,1013.2227136211054
2027-02-15,679.5887579777002,94.14579808223102,64.75722260001633,85.5497495515795,88.5671181566184,228.61190826117252,1011.7123818770591
2027-02-16,683.307757116207,94.3754225432921,64.79044231323682,85.69838581854901,89.4650396738635,231.87942836459766,999.7790682814418
2027-02-17,676.5474285158454,93.89217719796245,65.19790228387005,85.49213864951497,89.73927860720588,236.66135620322845,1000.9248403676397
2027-02-18,681.1159633431004,93.81862219737384,66.49586550245978,85.63465396084007,90.52646742726209,234.6491919401585,1008.0234995770061
2027-02-19,678.8439792462442,92.9826676754844,67.14496073390761,85.1127841655595,89.34453374459504,237.18079134700292,1003.6908440110593
2027-02-22,677.0223700255834,92.59430321744657,66.72237482125341,85.45282618104282,92.11553245826417,239.00047037992712,1009.571199149589
2027-02-23,680.2431276321166,91.89504939427096,66.76763391371132,85.45250911320872,91.91099647112011,237.94428243021812,1017.2254717070505
2027-02-24,677.4536698444043,92.27547470046086,68.19360190545926,85.38634128501022,92.06424067220917,238.1029641305456,1021.7126569573637
2027-02-25,678.1430185026585,92.3651696735851,68.63798324910366,84.90985969410498,92.38762268770999,235.78876368693182,1023.0373980431131
2027-02-26,678.8385856375106,91.77175125508357,69.13651501166068,84.92288078443765,90.62815088087986,237.40341373605193,1017.4837997831257
2027-03-01,678.3025840955104,91.97557474906094,69.555723187607,84.78932770240203,90.13848608944666,237.34103946275206,1011.9506235986754
2027-03-02,672.4649413447266,91.92368946155568,68.73530850431494,84.06221521674748,89.11206187102614,237.7822393869784,1017.8754932521238
2027-03-03,673.4519274656176,91.56589057867251,68.64498357428928,84.10305817353189,88.73681029280232,238.55471569755716,1010.875324749563
2027-03-04,674.185979639924,89.66812544281525,68.61079492374667,84.39000548346236,88.10730030186413,237.36997508430383,1008.883682600416
2027-03-05,677.7914691229721,87.60212576776719,69.18118770816733,84.49705729531077,88.288406123398,241.4283728520844,1001.6634181984301
2027-03-08,681.9051404349635,87.17315880156862,68.29656607206273,84.70151982414626,88.54178303479458,240.80055022207802,999.8647512809264
2027-03-09,684.3197264655388,87.87398375213597,68.0020967486918,84.29654088624348,87.82493870377262,239.491221211575,1012.4817586512146
2027-03-10,682.9068336127561,87.80115360646012,68.8184149832433,84.21205728900517,87.5362974157079,236.95512349678114,1010.7667737523224
2027-03-11,685.6964854077502,86.54120837901996,68.45337215152064,83.40226690896479,88.04155763944041,237.0095940048738,1019.3197099252016
2027-03-12,683.6979009052332,88.02347042651573,68.55052872578901,82.92484686622606,88.4539260581864,237.07590708081096,1015.8324559430094
2027-03-15,683.3925862201683,86.00441365024126,68.42835462284579,82.91186777010934,88.01971106559826,234.1679454531641,1020.2010785107713
2027-03-16,681.3886072196872,86.52266487301824,67.92853180610503,80.92102329033362,87.36706811659356,234.89129930772586,1010.8022956019585
2027-03-17,677.3227446422579,85.09259510640048,67.53802827260004,80.41868865784207,87.96118805034267,232.09016617331167,1014.4315609513723
2027-03-18,681.4622618133726,83.69402443072204,66.99308583261767,80.3350263914006,87.55233346176207,231.24048946862618,1006.2577832807792
2027-03-19,677.5406317501777,81.1602130270427,66.73008808183819,82.28813464515322,86.88289615463412,232.36613170073358,1007.7918569514679
2027-03-22,670.4417707817797,80.77104795629275,66.51137027286966,81.90245710261637,87.11510565065839,231.30468065220103,998.553086080014
2027-03-23,680.6439379145097,80.92791250939591,67.40994947873546,83.2697148098078,86.6866650570975,232.60023614026406,992.5663965852774
2027-03-24,680.7370790830314,80.84381884499706,66.76028698617775,82.48564146867483,87.72316871539319,228.13889160885574,978.2977335938999
2027-03-25,685.2050970065342,80.34140229830308,66.67072614387233,83.05491070343541,89.5982385359455,229.2839052715061,978.4112762957627
2027-03-26,685.5160145617032,81.80346627254896,66.18086761716025,83.37237863913376,89.30103725641906,230.1804826783036,990.96263179053
2027-03-29,683.1559235341125,80.73335243780672,67.16224956121087,82.85390952412014,88.72089368838591,227.13582587253,992.9807075484814
2027-03-30,680.0227059520672,80.20611545171224,67.45360880202095,82.86953171840568,89.03970803815366,230.46778116656435,986.0017621058216
2027-03-31,677.8694857031556,80.78433712275567,69.16485654515233,82.89928947824576,89.25982683998095,232.01197847004138,995.0664392884246
2027-04-01,676.4102786980453,79.30617051565639,69.1059138976076,83.18163954379395,89.22399297758224,231.04014616052518,978.3393200319157
2027-04-02,671.3130262470756,79.58973472924154,68.40360341602099,84.08968426826983,88.35078208766605,232.08925080043318,975.6595159492512
2027-04-05,669.6730234478499,79.22200078787908,68.24288579339294,84.36253562765492,87.83998548676529,235.70352832362278,959.3332133805674
2027-04-06,666.9768342674508,80.05502151922282,68.72562155183094,83.6492631865065,86.93204407516158,235.3098908488077,953.1174464062493
2027-04-07,666.9613515023676,79.54679541984703,69.23967914222027,83.32697123018345,86.18850474740184,235.2136330226087,944.2172761565912
2027-04-08,670.0104659472149,77.14412444180688,68.59638303028402,83.07883238638134,86.22575929056953,236.18502889983307,947.7193777397812
2027-04-09,672.0715824124386,79.1482865759731,69.34026784156369,82.88472384553592,85.67053085632256,237.19228153455873,941.0789214835536
2027-04-12,673.2788998461469,79.53653417074396,68.87836581187815,82.57454815693602,84.61133921630916,239.01737184624037,945.7177958398399
2027-04-13,675.1823277841982,78.67133280742149,69.53343604551424,83.24568436742354,84.84625065024157,239.6531449050025,941.6044288645184
2027-04-14,670.4824007317678,78.30172873835762,69.31317091612223,83.41992293838557,85.20432937086491,239.2239826023745,926.0252271877304
2027-04-15,667.8525134277799,78.42182186835734,69.30148372325237,83.70274911547638,84.50908421139182,238.6061207585872,926.2091507595577
2027-04-16,664.4307130830382,78.97282748146011,68.56971200253622,84.52505566260092,84.22806467691699,237.74773465110263,924.263896697908
2027-04-19,663.7055579320568,80.4782073274137,68.6647792887007,84.31761780388554,83.91182536806816,245.0597188955521,938.2471820925281
2027-04-20,662.2977700105989,80.19763089004086,69.11820413562702,83.6552145642271,84.13935447403311,242.3142707014608,937.9001271131833
2027-04-21,657.3934139649202,79.44961309665386,68.70311290273858,83.7315794004734,83.52783488996148,240.58590789581453,946.4305691805405
2027-04-22,657.7561062298391,79.65023890277898,67.93508558800407,84.41648050699871,82.75256101468888,238.35245104447355,947.0421508521955
2027-04-23,654.726425086779,78.82167041285736,67.732576174144,84.23717818103636,82.8638920124308,238.8971689592136,941.408363797359
2027-04-26,646.7516232568848,78.8840524082662,67.46594483849628,84.56104366636137,82.61799675569448,237.85353108048434,942.4968390238237
2027-04-27,643.2021525860529,78.88143205402875,68.50546413900707,84.82000183665292,82.73452563562087,239.4911561832523,927.6629091102417
2027-04-28,637.5051331973241,78.4005114472075,68.01829880026261,84.50592704036552,82.19461152900456,236.18688982133827,921.1050504511311
2027-04-29,638.1283701548792,80.47804812164621,69.30656308361718,84.59170004684476,83.21907344858397,239.46535182527157,906.1228603146988
2027-04-30,640.9916985850515,79.58577217548691,69.48554282410322,84.32999676979858,83.60581944548852,237.44189962494195,926.3242119732371
2027-05-03,636.2942793459873,79.99866977374418,68.88271473717766,84.40354492856655,83.12423825600595,238.07325643256564,924.6064697005364
2027-05-04,621.3454605346923,80.71710701661037,68.43294100246585,83.8184768078212,83.09221062454895,240.40357491272135,938.6507848368894
2027-05-05,613.4819079268841,79.76076366035402,68.13068221482497,83.5585976442251,83.37106141198926,239.54639493740893,926.6234875830318
2027-05-06,608.0381283540271,78.50801164090765,68.0563971141217,83.81724254386864,83.36712244452792,235.05897344060074,914.9353060527404
2027-05-07,605.1522256368609,77.92618494298274,68.51207799771011,83.83439478560322,83.09029068845095,233.0353714174964,933.5732589593782
2027-05-10,601.2937725272359,78.76911330899127,66.5428246027896,84.14568382181061,82.88984985818652,240.29873501480333,941.270562388588
2027-05-11,609.5263266857958,80.11016386469196,64.51801391765692,83.56757588239181,82.90701111702157,245.32571540990347,955.3180534149086
2027-05-12,611.5426411562825,80.12893462124384,60.44111265102334,83.5798072016479,82.51366163285905,246.98022108338083,960.2486115079851
2027-05-13,611.5553496484696,80.17639650816761,60.751679513695265,83.4730300115525,82.90399093318716,250.2824344919297,968.7640655113358
2027-05-14,615.9103902268519,82.13659604939855,60.018581878160106,83.64778606014933,82.57108821067487,252.93737677734438,953.1632495615348
2027-05-17,612.7504771269715,81.57646309223789,60.87922266513655,84.25187174262749,82.82150703619077,261.26611963303236,959.3873649513566
2027-05-18,619.1615426959037,80.28217010189432,61.020725279825946,84.01458733343479,83.85252518485552,260.88064049578213,961.5893510760916
2027-05-19,613.7431778233854,79.47731779328967,60.063302369684266,84.09771353462264,83.90743912568912,259.8285964009172,967.2144829639757
2027-05-20,614.8408207709789,79.30369837947802,58.28415847760668,84.54262003546295,83.67286990451885,258.4501554249487,966.9642498880091
2027-05-21,609.907623870831,77.02666545267347,58.74263134943133,85.00477500155641,83.79727053458382,258.0166964194769,963.239923211723
2027-05-24,611.6237376541758,77.39659781618225,59.179341493179365,84.81141362297635,83.7587263863662,259.38077877374155,978.6347333963923
2027-05-25,601.8110909909249,76.31060694735955,60.48043577812284,84.81510533559944,83.46555019739955,259.9068804010091,974.2394283547524
2027-05-26,597.2184601628563,77.55692429328147,61.95354978854158,84.6991753054585,82.78939830462849,261.3015490681169,975.8176448059435
2027-05-27,600.3180385994665,76.63617138891817,60.713761337950096,85.34075240556811,82.78283175332365,262.40188342220694,982.9712129649989
2027-05-28,601.8932388756998,76.286306055397,60.50096432302897,85.56673224400701,83.12646131363908,265.02302698267545,989.820881202832
2027-05-31,603.4450684082053,76.43411679983349,57.79467760960397,85.0546881419102,83.18468445056438,271.41622067384355,986.183455493981
2027-06-01,603.1496560047608,76.30549799043584,59.14108257909996,84.58323299039684,83.49144540791283,271.07356564361135,976.239646608476
2027-06-02,605.0181797261521,76.32935593097336,60.39716342570567,84.0646889425829,83.33489530558822,269.7826383390839,975.597109482327
2027-06-03,608.0044752875393,75.22935116133672,60.24379112852113,84.68759228074529,83.90178207189702,267.6653597491412,972.6538267193359
2027-06-04,609.2781780868809,75.62998610210683,61.38134194698487,84.56787108237307,83.85944011778429,271.0989747598082,970.2879131502006
2027-06-07,610.1314373782525,75.8584827154989,64.53287671801321,85.04729709399248,84.36373221786792,268.7833387779966,992.0546404110133
2027-06-08,610.985958978918,75.35160236122313,64.48993508171708,84.45208024658814,84.66202891876488,268.40104173543403,992.688098477461
2027-06-09,604.5549328841536,75.7427877850252,63.66772216544963,84.25444751969724,85.05746998954433,270.7067900894545,989.9531364594445
2027-06-10,601.9735908029852,75.36615647915036,61.7834022027255,83.95205040417765,85.86287030820174,270.8718145347301,994.0085565445002
2027-06-11,601.9930556285028,76.24255080370996,60.243565502818356,83.4048468080375,85.1298590129648,273.18207191969475,994.3526997699801
2027-06-14,606.5052527945163,76.16701369816552,59.95555964492325,82.45614521601458,85.75768173119552,274.3000081269978,1011.0543356448286
2027-06-15,607.6157958208005,76.61357410745758,58.372417530156234,83.58558129536159,85.71520905649753,271.9171811701975,1010.3098772474617
2027-06-16,608.2478078896015,77.35946708927165,58.293690852652254,84.56430878657446,87.11930564711008,271.51265738966254,1006.5989562050912
2027-06-17,607.6582677744185,78.54843956663021,58.031373544965916,84.79405511498724,86.18599195773912,272.4046337653701,1000.5919882038954
2027-06-18,605.2210710346286,80.92106250358935,57.07751821372071,85.09943996489048,85.78443931750036,267.70305827639396,991.7643827214167
2027-06-21,607.8911524030628,80.12601178632383,57.979658787578046,85.11755818245145,85.87163474848784,266.39819461155287,994.1392583054349
2027-06-22,609.6269528898715,78.67130782995467,58.12711341542284,84.79198670032632,85.27748322650434,267.3643835489432,992.5073815013279
2027-06-23,610.2163325463588,79.45242092012555,58.38306358497922,84.36300612826429,84.54830446375176,265.74439282189405,989.2267044874775
2027-06-24,609.1711352602568,79.27447446500052,59.1012183086057,84.78884292256899,85.20196010004837,267.9394964743355,985.5692854579536
2027-06-25,606.7543216681255,80.08721750938605,61.85770060746831,85.57501560089784,85.66903854286844,271.167109889432,990.1298001357579
2027-06-28,600.0902025201958,80.6685332964928,60.32280242805017,86.05259572861344,85.98883488376704,270.3058043791922,997.214941510363
2027-06-29,604.6282829258328,80.80832578000587,59.03835743749413,85.9722291615898,85.85624722372052,264.9878424646769,1009.8385374891068
2027-06-30,604.2365162785009,81.26446389258088,59.26547398559172,85.7835644260823,85.77478621009091,264.64856254193114,1007.838437374931
2027-07-01,598.4521008942816,81.41433339301311,60.95301189276021,85.45464627576662,85.18718493161182,262.72642031895526,1019.6966378352996
2027-07-02,600.0786516414853,80.85259334801287,62.52142251588831,85.40110364405905,84.32850072045123,262.1292113110487,1032.3972256161169
2027-07-05,605.5731979668521,81.21453332412652,62.15349997894889,86.05240236347345,85.43768257574393,257.99633138526957,1038.1093957548774
2027-07-06,611.7166354707293,81.71534332154346,60.108777350860024,86.90649594479463,85.95184381166625,252.500807237393,1038.1474856492823
2027-07-07,612.1592189197929,81.50290818992328,59.44114412247684,86.14793586050543,84.81376668564808,254.07751880434418,1033.9635914764908
2027-07-08,611.9720582914773,81.279823000319,59.02939838871565,85.73646729432316,84.38876911295354,254.65843208694218,1024.6823546690864
2027-07-09,613.395997030691,81.47964108548562,59.265863994794806,84.5921269406623,83.36255024752944,252.34422969834065,1018.1220826502056
2027-07-12,613.8312429173867,80.30129718114213,58.876595853239415,83.68945752505286,83.18377196971814,249.77184795537175,1005.687949629516
2027-07-13,610.2809821359924,80.6488526491337,58.186800511747265,84.81913102167773,83.11877948766555,248.3657760424081,1003.6466947046003
2027-07-14,609.422472944417,81.26623074557929,57.3118115958543,84.32778504175042,83.4399910405865,246.40509759213987,977.4820105861155
2027-07-15,612.2782950235743,81.10189042942986,57.16117798945138,84.13444215870892,83.01124663290497,249.13335323216413,971.0651520479202
2027-07-16,613.7011412273777,81.40909504018532,57.17556847845079,84.64715673362349,83.59007054781425,249.85142075386966,979.5693451024656
2027-07-19,610.2001288877284,81.45289977505341,56.806588692756335,83.72135046238424,83.73160147785777,250.5420080344678,977.066441376102
2027-07-20,609.9888071037644,81.58082093507022,56.48685960127111,84.43864992209546,83.5907502062809,250.98532923115175,975.8110685987913
2027-07-21,612.0846863565222,82.2083264715948,57.408766417501155,83.6399684832713,83.245720051658,250.2203431340034,975.4485123907322
2027-07-22,606.8269293656906,81.89339747326126,56.922794196487324,84.04972438199445,82.76112342903454,246.00932914364193,977.4756703928522
2027-07-23,601.6361424310159,81.81162430202589,56.25253076752323,84.99611856456934,82.98431999680366,244.28394728824154,984.426900885813
2027-07-26,603.6668666241083,81.88915751706607,56.8115883109114,84.29228477825073,83.09212251623694,245.9716438207738,997.8132619552348
2027-07-27,604.5111907936041,82.23678943049582,56.947737218440196,85.98928075620552,83.11073537121345,250.71151765669828,984.7838126298776
2027-07-28,608.8051342634541,82.4508245429314,57.0847695094099,84.7566137085939,83.44452460092542,248.98951269338014,992.2920353640405
2027-07-29,605.3657192177168,82.47400331972726,56.81694647404803,83.630447511636,83.24010340130833,246.72747457811602,992.2101669047735
2027-07-30,606.8033007134961,81.85641213344832,57.41157692553555,83.55189395714412,83.04784925281166,246.99361567494182,1031.6266747211819
2027-08-02,603.3034336015284,82.06933368096911,56.96296273028093,83.4378526919946,82.77266670968974,248.67893367036322,1036.4967862503534
2027-08-03,604.502750880549,82.91654626439536,56.507258336755235,82.02278169321941,82.8297101078882,253.3941580729568,1052.008070862949
2027-08-04,603.3867076877095,82.99491223398145,56.01356778215805,81.27275617736721,82.74662689468484,254.6693331332937,1079.752299960546
2027-08-05,604.2027550795306,82.61031425310942,55.84048312701746,81.74335787303325,81.92714054091921,256.90657267340407,1062.7603968061258
2027-08-06,608.4105520991451,83.01440014161537,55.6650842910206,82.23242567992213,81.44634279962817,258.2492991027543,1095.5832647733196
2027-08-09,610.3660455154701,83.19084202310441,55.12373519911077,82.17442817631222,81.44348834034972,256.871730320649,1120.124861266819
2027-08-10,611.8283116808416,83.18437676187276,54.60944423815172,82.88036023918362,81.37166644071955,259.1492855518588,1111.5325449120758
2027-08-11,618.8282634300258,82.899990607302,54.87453517654775,82.14022053522916,81.37521289340778,259.7592742309345,1127.8567822868215
2027-08-12,617.6349744801165,82.63306744858488,55.077087988802674,81.80632802949577,81.4735977196304,259.46213189170373,1133.0138085717194
2027-08-13,619.0788989129722,82.39258717298551,54.45542986440589,81.07241797985196,81.38510024166261,258.50687141222085,1128.2376771581196
2027-08-16,622.5070061279315,83.1127257786792,53.57902274116923,80.6785873950449,81.83666264448506,255.51183268543178,1121.1455551132944
2027-08-17,624.1199408603076,83.0725406827919,53.50849830757141,81.38644972789072,81.78643045985373,254.85724717216172,1109.7657582402148
2027-08-18,624.339715240221,82.9698255483922,53.397826796753066,81.34568033398519,82.34321004323611,245.81767004683635,1107.77953514576
2027-08-19,624.2932565100525,82.80389456258517,53.15546031696656,81.60558126022269,82.44334787777332,246.5778787989202,1077.6415068996175
2027-08-20,625.6189759031267,82.62520250688641,54.25146648077457,81.18789932869481,82.70179713070256,247.8572126822378,1078.2316057372466
2027-08-23,622.3635333724168,83.25822593643414,54.807319083481865,81.24039375350924,81.42495996980692,252.71832886755075,1048.511879075263
2027-08-24,627.2607018227444,83.21496314231653,53.967331217902796,81.09296369678276,81.01339281322983,251.33805806988963,1044.6898972819379
2027-08-25,626.05366872172,83.18921065054778,53.74655384726817,81.4874224795304,81.29020206828369,257.894755617682,1039.9841830942082
2027-08-26,626.4552645679162,83.11078774273457,53.881491263576564,81.14374749135332,81.85408663356479,260.2924448298917,1047.8521232416394
2027-08-27,631.569198644233,83.03313783385377,54.628008886621636,81.86298944899251,82.56249553877913,258.4023441646689,1051.7117870119246
2027-08-30,634.804993177081,83.23754769572129,54.91984482037304,81.4334588000757,82.8303648838709,258.4377046955214,1031.6849878661428
2027-08-31,635.6650427603877,83.27103733880624,53.596557241199456,81.52749465873782,82.71992413565388,254.08941402324547,1044.6562782595583
2027-09-01,633.5261083059224,83.51367705326051,53.62516587639291,81.05267756444606,82.2928153949163,253.08158261949814,1068.1164066125973
2027-09-02,630.6290654645818,84.25140811684685,53.88228301887552,81.01404788261547,82.37144066309929,256.4523233221906,1084.6829909616215
2027-09-03,632.5938378090216,84.13955446844302,54.692604994067295,81.44233825134826,82.8653181956795,256.0457231514737,1075.7018449732877
2027-09-06,630.5685103933838,84.29456385451687,55.30446169897847,81.64845941856359,82.88893540234626,256.059014948663,1087.2831706775685
2027-09-07,627.480700846396,84.3554517324914,54.57883530222882,81.6730594237723,83.12674352618372,254.43602341807483,1053.7971061137175
2027-09-08,630.9331544488394,85.38226429883241,54.11294319213781,81.21378610738249,83.73476872984597,253.4575086478181,1075.7575158339027
2027-09-09,631.197380496544,85.8251724199177,53.69743826094834,81.24235132245974,84.18021561242143,252.52122784358568,1094.4912065483265
2027-09-10,629.3821944885046,86.43156612929269,54.41195936790318,80.82891148857436,83.96898520176035,251.4463459123277,1099.1894364205866
2027-09-13,628.584625525728,86.25924265861035,54.761489667506495,80.72898485087977,83.68789342810992,251.34016682885803,1123.3673105769374
2027-09-14,629.0241753663553,85.74882238996544,55.843753390703434,79.55168839218058,84.1949713161673,251.2387239036042,1134.150023421958
2027-09-15,630.3549142893675,84.8919495675636,55.37769513119664,80.14182669572351,84.32115722440712,252.72574348995735,1129.3758691233618
2027-09-16,630.480881699817,84.71352506731546,55.475571511353024,80.24286763262924,84.9735583480527,249.6579037604924,1145.4816749766255
2027-09-17,631.2197977532667,84.01837496407082,55.45494717442424,79.86511693896074,84.65718011192611,248.29198430066663,1133.4996561849734
2027-09-20,632.0472219731583,84.02511561901272,55.887163508641244,80.04582038620894,84.43314530891062,241.3576986711962,1133.360531465382
2027-09-21,628.6899916579722,83.95729082942064,55.79743473553198,79.59219602208165,84.09914125966412,237.55887023366952,1134.0843589934293
2027-09-22,632.0265758480977,84.47600209372126,55.00782357154644,79.53766854989385,84.21815451124043,236.74519763511424,1141.8493521721575
2027-09-23,631.2080813291199,84.200405214816,54.81410180592333,79.46536642561563,84.81677801557723,231.54152763001844,1150.0115971071207
2027-09-24,635.8482089938145,84.00511227139327,56.36472065934312,78.95932992744423,84.62754914925198,231.46397970564828,1144.6437507821322
2027-09-27,633.7095001068888,84.02316824901804,55.83857116343568,78.55183728443703,84.41819203620766,230.17771824866455,1152.6988420359933
2027-09-28,630.7283110646232,84.7307818802666,56.20159689816365,78.84205403997788,85.05561436680668,235.47762039766278,1133.3981490849478
2027-09-29,629.8486644038577,83.91937720008549,56.183634744076805,78.66237507757226,84.90625796229989,232.94716321641073,1133.577101991447
2027-09-30,622.6839272532163,84.09721458124078,56.75513238772349,78.63375150167893,84.7725432628083,230.30156336533767,1138.0546986039315
2027-10-01,621.1068609196776,83.75041912494298,57.02246495895023,79.54383010666065,85.17886289504595,239.4189210988127,1142.2997721040292
2027-10-04,622.6218990255368,83.01187007746947,58.64649947123553,79.46609686067654,85.42088896371638,241.38949599504872,1132.8366694019771
2027-10-05,622.8608460416318,83.24487320088248,58.67187575534114,79.35912893774771,85.28789359824975,238.2237848321575,1149.8787728602604
2027-10-06,627.4120991107413,82.85474936511763,58.68983583399943,79.4154732229795,84.95036432831883,248.38428088419045,1147.4297195710747
2027-10-07,633.4077045592493,82.6707376775842,58.64767907871288,79.58169796128892,85.46382708374077,252.16336211813217,1152.5778980794169
2027-10-08,633.9802005618664,82.77178354610584,58.24507769659697,79.33577249397582,85.56901372887506,251.73829252589064,1126.9725317975551
2027-10-11,634.0772330841029,82.6878928031502,58.341892221336565,79.20278369865716,85.54134647539435,257.88413910956285,1088.005383289863
2027-10-12,628.1905740337658,82.60229591652985,58.650920408149304,79.33115832141881,83.91832302940236,256.82420088736546,1085.7297116557088
2027-10-13,630.749728304351,81.82747627576599,59.04422033743006,78.88263057655297,84.49382268556658,251.8964332226874,1038.0035860808518
2027-10-14,637.5587660542211,81.590689244202,59.410731905313845,78.15820758493626,83.50412920545435,249.45087254709586,1031.5998175618283
2027-10-15,642.840541607239,81.42363259072486,58.363061905535,78.76818605931112,83.53525670356586,240.98602841142497,1044.083965757687
2027-10-18,641.2915472114679,80.92710754364633,58.73549816343884,78.52194677558087,84.26012260234415,236.22252473809388,1076.434253832158
2027-10-19,639.4842379001134,80.10695324269699,59.060226605515865,78.03390108692933,83.96179852666224,234.7246115862646,1079.3071853998888
2027-10-20,638.5620308091313,80.45126251418388,58.82770616315477,77.85198697752665,84.36341804085424,230.04234274382424,1150.6214089410269
2027-10-21,635.9399655011825,79.84794426639039,58.59625752258529,78.50305292676885,82.97389634743895,231.34215626429338,1142.0458966951917
2027-10-22,646.0838239178659,79.53382943089217,58.404757498727356,78.29764850604981,84.42109508645632,231.21901646147492,1130.6839405319013
2027-10-25,646.891656639112,79.52007296746581,58.733280999074545,78.58238766601302,84.06937647365865,229.07190808008787,1149.7347304842106
2027-10-26,645.5242587076191,79.35110336835915,58.05644539143846,78.04085278794179,84.30534108075062,229.19066174576722,1156.8396174988468
2027-10-27,644.419338635837,80.19060253746326,58.80202713076221,78.23574995330189,84.07748564487399,229.38264995903629,1124.746686242489
2027-10-28,645.7951619284102,79.02582381466378,58.48418707628446,78.03758554665501,83.68042193519858,229.00943716287802,1132.6681372262876
2027-10-29,644.9516994880995,79.13610881196645,57.804199090088886,78.1255415770838,83.5876444818643,234.58506535030685,1104.0536042275405
2027-11-01,641.7737523576941,79.02899823902113,58.238745051361526,78.54677159724288,84.41251719147151,235.8490627544962,1125.8508969130833
2027-11-02,636.9641282823927,78.54585748812583,57.890082085183366,78.67337994544322,83.98090092334576,238.0096925803656,1089.8650465469423
2027-11-03,639.4516834508869,78.11923138757273,58.14426012025525,77.65806918637415,83.74208093443191,235.94161385676776,1084.728071851683
2027-11-04,640.1906544008528,78.40698471169564,58.54174455179523,78.42850618426176,84.19257601729306,237.84682548363347,1114.83065939014
2027-11-05,645.0071098802396,79.41119227788292,58.37266245099738,78.42559399187158,83.99181439001462,240.63420360242927,1110.2350651775548
2027-11-08,643.9626465779223,79.57236405186895,58.465588426350166,77.443763799724,84.1537276412619,239.74293946706683,1093.9615391338382
2027-11-09,650.3458378508468,79.32657322610558,58.690461817447975,76.63975745800026,83.93092098962794,240.83830771479057,1076.0618836863505
2027-11-10,647.3549785368206,79.08489391483295,60.215091326016456,75.24481818501245,83.88690891193154,241.80249104824577,1074.4805690413853
2027-11-11,645.9829332318051,79.27067904563296,60.177958785516104,75.10900115581971,83.94643852172482,239.13336395387833,1084.8505177661837
2027-11-12,648.3576694896669,78.43833113293725,60.03671548627667,74.83519498010077,83.81605542073437,236.76817495912505,1097.8402864290044
2027-11-15,649.5122275576814,78.44866863426674,61.56749155668499,75.53030360533155,82.96769700850676,236.0648129454756,1082.933347866383
2027-11-16,657.8510414326828,78.81636933037606,61.491706945735785,74.16005521865286,82.92295369365239,241.8139730509519,1028.3365979315668
2027-11-17,659.5891128766585,78.17349884362338,61.169469045578516,74.32156672262336,82.71537445633021,241.88603687575093,1064.814958931567
2027-11-18,657.5840385733939,78.68521104652427,60.23085374366874,73.80405116013365,82.8822610426195,245.61994937608662,1010.9491602376008
2027-11-19,654.536214550803,78.07839090552716,60.137424760573765,73.37134906263783,83.03999744657497,247.33946883176947,1021.4353714514606
2027-11-22,655.3975044690475,79.06876124878104,60.21793909306329,72.6349067681842,83.72841395207465,246.40386161221886,1028.9962318183339
2027-11-23,657.0052932305123,79.9789746678209,60.65779780634263,71.87162162728124,83.8036127316508,248.3234304061038,999.4988841403363
2027-11-24,650.0769567524808,80.70840862868188,60.03372923593485,71.20275683224678,85.14779265911017,251.747048185289,979.0274307098954
2027-11-25,646.2861036920024,80.6333633109569,59.63483827681561,71.40940846142284,85.55360878293804,250.30393495710044,938.934100428616
2027-11-26,646.9402549662063,81.71087360460521,59.20186466269443,72.0373933615359,85.70465316263531,249.76394515012691,945.6843357670526
2027-11-29,650.6263580066187,81.7308387561854,58.67151356523297,71.72686885931094,84.7923038279404,254.5415434534731,992.7668627077924
2027-11-30,652.9409659424542,81.67969978749122,58.04537190122446,71.59634993774151,83.848370833062,253.7170546104433,952.5306261010568
2027-12-01,649.4214920498237,81.52409688962052,56.3016828189547,72.12283029706646,85.0638635808643,257.4794628760267,930.3161066914624
2027-12-02,646.6731067820799,81.9905615871238,56.49036858378411,72.33878095595993,84.49681730837456,255.84138030904097,965.7995355292916
2027-12-03,649.2607212995341,82.89361032687337,57.53128419298194,72.4990066144876,84.93551515325096,259.3574243654401,950.3285354868283
2027-12-06,651.4683158495232,82.15224414437809,58.378586032725195,72.46802655677746,84.35591030026754,258.3527277095623,914.633484115795
2027-12-07,652.8842871756899,81.93678904078149,58.057201703094115,72.23950989312787,84.79663909067763,258.46374006031004,857.4467996862535
2027-12-08,653.5370324551515,82.34716612288017,57.5511809113559,70.7302574041826,84.80244389313003,257.82777579315444,856.0041029334453
2027-12-09,653.2092764664314,83.22114402142053,59.084066326140736,69.32162685719655,85.74867725178818,258.32742068119467,851.9320676627958
2027-12-10,651.5090049491017,84.57035586260015,59.95633163099377,70.10954343270403,86.04893521733288,258.4232899177719,867.1263103519269
2027-12-13,651.4139347201311,84.48914002602058,60.76555627925595,70.14366399667712,85.95968890152007,261.6577107031777,849.7424062345056
2027-12-14,654.2902590768919,84.76531233325774,61.97965256170117,70.12935420979963,85.16072893248621,259.56516652027676,852.2156599158542
2027-12-15,658.6859517326008,83.97915080492976,62.97799377409769,70.86495990922188,84.70364102806705,261.5403097126228,827.5016336643652
2027-12-16,660.0610496310478,84.8721565629143,63.34488873137256,71.28685625282407,85.07269255701574,259.95617093221637,826.2807936943727
2027-12-17,668.3547790809865,84.6950368299105,62.81712570240713,71.11908576438603,85.10828741233026,260.1738950549185,802.8721329607579
2027-12-20,663.6726881441127,84.70746790732045,62.86487566154936,71.10479803680361,85.00714578476787,255.07562426368673,803.4079779733295
2027-12-21,659.7098952400137,85.10982321877992,63.50888805541396,71.35080810450775,85.37568605387754,254.7368293724659,798.4657476251579
2027-12-22,661.6986756671755,85.12166625039666,64.07281465459671,71.82774623740251,85.01405260169714,254.36930396538057,832.7026355835795
2027-12-23,671.617445825878,84.52328391935981,62.84353023486881,71.74918318581028,85.54508170511777,254.23937178822305,791.6742282816379
2027-12-24,673.0996248352892,85.1992449246607,61.41930845852143,72.234013656211,86.14098844266174,253.91869138822378,795.1033505552952
2027-12-27,670.1878700632349,85.60570190179634,61.4979480917317,72.47681319368671,86.28047034144403,254.24825230749127,751.6151131830646
2027-12-28,670.198209187366,85.05946246544879,60.859453106596106,73.3304810404369,86.26782335819618,253.45731507249994,729.5883988311195
2027-12-29,673.4543749093062,83.92741230662789,61.62913484653245,73.02534634972352,86.47879577799516,252.5603947894573,773.487748455478
2027-12-30,673.4798977295783,82.9455727014974,62.40715791391372,73.90537604337241,85.69571680726555,254.29980797384275,812.3395380018816
2027-12-31,674.5747721922914,82.2107836386171,62.244624832454086,72.29604842397399,85.06932019077261,256.3552247599041,788.8007070068925
